local_time,weekday_Mon0,volume_vehicles_per_hour,weather_labels,temperature_C
2018-01-01 00:00,0,1478.0,Clear,-23.79
2018-01-01 01:00,0,1408.0,Clear,-24.07
2018-01-01 02:00,0,931.0,Clear,-24.29
2018-01-01 03:00,0,585.0,Clear,-24.43
2018-01-01 04:00,0,381.0,Clear,-24.72
2018-01-01 05:00,0,434.0,Clear,-25.08
2018-01-01 06:00,0,686.0,Clear,-25.0
2018-01-01 07:00,0,677.0,Clear,-25.39
2018-01-01 08:00,0,811.0,Clear,-25.7
2018-01-01 09:00,0,1122.0,Clear,-25.72
2018-01-01 10:00,0,1738.0,Clear,-24.24
2018-01-01 11:00,0,2421.0,Clear,-22.5
2018-01-01 12:00,0,2908.0,Clear,-21.16
2018-01-01 13:00,0,2985.0,Clear,-19.86
2018-01-01 14:00,0,3214.0,Clear,-18.36
2018-01-01 15:00,0,3410.0,Clear,-17.69
2018-01-01 16:00,0,3290.0,Clear,-17.36
2018-01-01 17:00,0,3079.0,Clear,-18.0
2018-01-01 18:00,0,2891.0,Clear,-19.29
2018-01-01 19:00,0,2199.0,Clear,-19.84
2018-01-01 20:00,0,1738.0,Clear,-20.72
2018-01-01 21:00,0,1555.0,Clear,-21.43
2018-01-01 22:00,0,1213.0,Clear,-21.62
2018-01-01 23:00,0,830.0,Clear,-22.15
2018-01-02 00:00,1,477.0,Clear,-22.01
2018-01-02 01:00,1,279.0,Mist,-22.08
2018-01-02 02:00,1,205.0,Clear,-22.29
2018-01-02 03:00,1,299.0,Clear,-22.29
2018-01-02 04:00,1,729.0,Clear,-22.43
2018-01-02 05:00,1,2544.0,Clear,-22.72
2018-01-02 06:00,1,4801.0,Clear,-22.77
2018-01-02 07:00,1,5696.0,Clear,-23.22
2018-01-02 08:00,1,4901.0,Clear,-23.14
2018-01-02 09:00,1,4189.0,Clear,-22.85
2018-01-02 10:00,1,4065.0,Clear,-20.65
2018-01-02 11:00,1,4172.0,Clouds,-17.72
2018-01-02 12:00,1,4448.0,Clouds,-15.29
2018-01-02 13:00,1,4537.0,Clouds,-12.51
2018-01-02 14:00,1,4698.0,Clouds,-11.43
2018-01-02 15:00,1,5232.0,Clear,-11.0
2018-01-02 16:00,1,5618.0,Mist;Snow,-10.86
2018-01-02 17:00,1,5178.0,Mist;Snow,-10.78
2018-01-02 18:00,1,3625.0,Haze;Snow,-10.7
2018-01-02 19:00,1,2669.0,Mist;Snow,-10.08
2018-01-02 20:00,1,2056.0,Snow,-9.86
2018-01-02 21:00,1,2834.0,Snow,-9.62
2018-01-02 22:00,1,2785.0,Snow,-10.21
2018-01-02 23:00,1,1118.0,Snow,-10.67
2018-01-03 00:00,2,599.0,Snow,-11.36
2018-01-03 01:00,2,353.0,Haze;Snow,-12.29
2018-01-03 02:00,2,283.0,Haze,-13.09
2018-01-03 03:00,2,358.0,Clouds,-14.43
2018-01-03 04:00,2,811.0,Clear,-15.0
2018-01-03 05:00,2,2739.0,Clear,-16.15
2018-01-03 06:00,2,5225.0,Clear,-16.57
2018-01-03 07:00,2,6017.0,Clouds,-17.22
2018-01-03 08:00,2,5398.0,Clear,-17.72
2018-01-03 09:00,2,5142.0,Clear,-17.92
2018-01-03 10:00,2,4092.0,Clear,-17.07
2018-01-03 11:00,2,4328.0,Clouds,-16.92
2018-01-03 12:00,2,4600.0,Clouds,-15.86
2018-01-03 13:00,2,4591.0,Clouds,-15.22
2018-01-03 14:00,2,4983.0,Clouds,-14.77
2018-01-03 15:00,2,5589.0,Clear,-14.69
2018-01-03 16:00,2,6317.0,Clear,-14.69
2018-01-03 17:00,2,5951.0,Clear,-15.71
2018-01-03 18:00,2,4350.0,Clear,-16.93
2018-01-03 19:00,2,3144.0,Clear,-17.43
2018-01-03 20:00,2,2319.0,Clear,-18.33
2018-01-03 21:00,2,2105.0,Clear,-18.93
2018-01-03 22:00,2,1517.0,Clear,-19.53
2018-01-03 23:00,2,991.0,Clear,-19.64
2018-01-04 00:00,3,529.0,Clear,-20.33
2018-01-04 01:00,3,343.0,Clouds,-19.93
2018-01-04 02:00,3,247.0,Clouds,-19.29
2018-01-04 03:00,3,325.0,Clouds,-19.29
2018-01-04 04:00,3,827.0,Clouds,-19.93
2018-01-04 05:00,3,2757.0,Clear,-20.43
2018-01-04 06:00,3,5323.0,Clear,-21.01
2018-01-04 07:00,3,6420.0,Clouds,-20.43
2018-01-04 08:00,3,4478.0,Clouds,-21.01
2018-01-04 09:00,3,4885.0,Clouds,-19.77
2018-01-04 10:00,3,4259.0,Clouds,-19.3
2018-01-04 11:00,3,4446.0,Clouds,-18.86
2018-01-04 12:00,3,4738.0,Clouds,-18.0
2018-01-04 13:00,3,4656.0,Clouds,-17.14
2018-01-04 14:00,3,5094.0,Clouds,-16.54
2018-01-04 15:00,3,5442.0,Clouds,-16.2
2018-01-04 16:00,3,6450.0,Clouds,-15.87
2018-01-04 17:00,3,5993.0,Clouds,-16.47
2018-01-04 18:00,3,4377.0,Clouds,-17.34
2018-01-04 19:00,3,3071.0,Clouds,-17.72
2018-01-04 20:00,3,2646.0,Clear,-19.14
2018-01-04 21:00,3,3933.0,Clear,-19.94
2018-01-04 22:00,3,2422.0,Clear,-20.94
2018-01-04 23:00,3,1185.0,Clear,-21.8
2018-01-05 00:00,4,630.0,Clear,-22.4
2018-01-05 01:00,4,379.0,Clear,-23.27
2018-01-05 02:00,4,301.0,Clear,-23.07
2018-01-05 03:00,4,335.0,Clear,-23.36
2018-01-05 04:00,4,813.0,Clear,-24.14
2018-01-05 05:00,4,2629.0,Clear,-23.5
2018-01-05 06:00,4,5002.0,Clear,-23.61
2018-01-05 07:00,4,5906.0,Clear,-23.77
2018-01-05 08:00,4,4742.0,Clear,-24.36
2018-01-05 09:00,4,4704.0,Haze,-24.15
2018-01-05 10:00,4,4279.0,Clear,-22.43
2018-01-05 11:00,4,4566.0,Clear,-21.07
2018-01-05 12:00,4,4989.0,Clouds,-19.74
2018-01-05 13:00,4,4968.0,Clouds,-18.14
2018-01-05 14:00,4,5315.0,Clear,-17.21
2018-01-05 15:00,4,5867.0,Clouds,-16.87
2018-01-05 16:00,4,6504.0,Clear,-16.67
2018-01-05 17:00,4,6185.0,Clouds,-17.33
2018-01-05 18:00,4,4611.0,Clouds,-18.15
2018-01-05 19:00,4,3652.0,Clouds,-19.57
2018-01-05 20:00,4,2880.0,Clear,-21.07
2018-01-05 21:00,4,2815.0,Clear,-22.4
2018-01-05 22:00,4,2978.0,Clear,-23.13
2018-01-05 23:00,4,1805.0,Clear,-24.0
2018-01-06 00:00,5,1003.0,Clear,-24.53
2018-01-06 01:00,5,673.0,Mist,-25.5
2018-01-06 02:00,5,483.0,Mist,-25.33
2018-01-06 03:00,5,319.0,Clear,-25.8
2018-01-06 04:00,5,383.0,Clear,-26.0
2018-01-06 05:00,5,694.0,Clear,-26.0
2018-01-06 06:00,5,1129.0,Clear,-26.07
2018-01-06 07:00,5,1728.0,Clear,-25.94
2018-01-06 08:00,5,2487.0,Haze,-25.53
2018-01-06 09:00,5,3046.0,Mist,-25.07
2018-01-06 10:00,5,3593.0,Mist,-22.08
2018-01-06 11:00,5,4092.0,Clouds,-18.14
2018-01-06 12:00,5,4506.0,Clouds,-15.79
2018-01-06 13:00,5,4501.0,Clear,-14.07
2018-01-06 14:00,5,4857.0,Clouds,-12.94
2018-01-06 15:00,5,4519.0,Clouds,-12.36
2018-01-06 16:00,5,4486.0,Clouds,-12.0
2018-01-06 17:00,5,4536.0,Clear,-12.22
2018-01-06 18:00,5,3801.0,Clouds,-12.22
2018-01-06 19:00,5,3174.0,Clouds,-12.27
2018-01-06 20:00,5,2556.0,Clouds,-11.87
2018-01-06 21:00,5,2463.0,Clouds,-11.74
2018-01-06 22:00,5,2801.0,Clouds,-11.4
2018-01-06 23:00,5,2089.0,Snow,-11.2
2018-01-07 00:00,6,1053.0,Snow,-10.8
2018-01-07 01:00,6,648.0,Snow,-10.22
2018-01-07 02:00,6,540.0,Clouds,-10.07
2018-01-07 03:00,6,313.0,Clouds,-9.73
2018-01-07 04:00,6,260.0,Clouds,-9.5
2018-01-07 05:00,6,442.0,Clouds,-9.29
2018-01-07 06:00,6,769.0,Clouds,-9.4
2018-01-07 07:00,6,1024.0,Clouds,-8.6
2018-01-07 08:00,6,1695.0,Clouds,-8.36
2018-01-07 09:00,6,2516.0,Clear,-7.86
2018-01-07 10:00,6,3256.0,Clouds,-7.0
2018-01-07 11:00,6,3670.0,Clear,-5.93
2018-01-07 12:00,6,4070.0,Clouds,-4.47
2018-01-07 13:00,6,4065.0,Clouds,-3.27
2018-01-07 14:00,6,4409.0,Clouds,-2.8
2018-01-07 15:00,6,4082.0,Clouds,-2.36
2018-01-07 16:00,6,4050.0,Clouds,-1.93
2018-01-07 17:00,6,4099.0,Clouds,-1.85
2018-01-07 18:00,6,3388.0,Clouds,-2.43
2018-01-07 19:00,6,2780.0,Clouds,-2.57
2018-01-07 20:00,6,2261.0,Clouds,-2.14
2018-01-07 21:00,6,1800.0,Clouds,-1.28
2018-01-07 22:00,6,1433.0,Clouds,-0.79
2018-01-07 23:00,6,1073.0,Clouds,-0.59
2018-01-08 00:00,0,455.0,Clouds,-0.79
2018-01-08 01:00,0,289.0,Clear,-1.94
2018-01-08 02:00,0,220.0,Clear,-2.93
2018-01-08 03:00,0,361.0,Mist,-3.14
2018-01-08 04:00,0,820.0,Mist,-3.2
2018-01-08 05:00,0,2809.0,Clear,-3.08
2018-01-08 06:00,0,5189.0,Clear,-3.67
2018-01-08 07:00,0,6048.0,Clear,-3.72
2018-01-08 08:00,0,5751.0,Clear,-3.86
2018-01-08 09:00,0,4728.0,Clouds,-4.21
2018-01-08 10:00,0,4138.0,Clear,-3.07
2018-01-08 11:00,0,4324.0,Clouds,-1.01
2018-01-08 12:00,0,4512.0,Clear,-0.57
2018-01-08 13:00,0,4786.0,Clouds,0.86
2018-01-08 14:00,0,4880.0,Clear,1.43
2018-01-08 15:00,0,5406.0,Clouds,2.06
2018-01-08 16:00,0,6458.0,Clouds,2.38
2018-01-08 17:00,0,5732.0,Clouds,1.2
2018-01-08 18:00,0,4446.0,Clouds,-1.0
2018-01-08 19:00,0,2836.0,Clouds,-3.0
2018-01-08 20:00,0,2416.0,Clouds,-4.07
2018-01-08 21:00,0,2076.0,Clear,-4.21
2018-01-08 22:00,0,1481.0,Clear,-4.6
2018-01-08 23:00,0,948.0,Clear,-5.0
2018-01-09 00:00,1,560.0,Clear,-4.38
2018-01-09 01:00,1,342.0,Clouds,-4.6
2018-01-09 02:00,1,239.0,Clouds,-3.67
2018-01-09 03:00,1,334.0,Clouds,-2.74
2018-01-09 04:00,1,832.0,Clouds,-2.07
2018-01-09 05:00,1,2972.0,Mist,-1.5
2018-01-09 06:00,1,5674.0,Clouds,-0.79
2018-01-09 07:00,1,6229.0,Clouds,-0.65
2018-01-09 08:00,1,5965.0,Clouds,-0.36
2018-01-09 09:00,1,5124.0,Clouds,-0.07
2018-01-09 10:00,1,4348.0,Clouds,0.8
2018-01-09 11:00,1,4473.0,Clouds,1.73
2018-01-09 12:00,1,5034.0,Clouds,3.06
2018-01-09 13:00,1,4784.0,Clouds,3.92
2018-01-09 14:00,1,5065.0,Clouds,5.33
2018-01-09 15:00,1,5589.0,Clouds,5.6
2018-01-09 16:00,1,6559.0,Clouds,5.21
2018-01-09 17:00,1,6104.0,Clouds,4.86
2018-01-09 18:00,1,4405.0,Clouds,4.0
2018-01-09 19:00,1,3001.0,Clouds,3.43
2018-01-09 20:00,1,2604.0,Clouds,3.07
2018-01-09 21:00,1,2931.0,Clouds,2.78
2018-01-09 22:00,1,3488.0,Clear,2.72
2018-01-09 23:00,1,1125.0,Clear,2.5
2018-01-10 00:00,2,583.0,Clear,2.0
2018-01-10 01:00,2,327.0,Clear,1.71
2018-01-10 02:00,2,270.0,Clear,1.36
2018-01-10 03:00,2,336.0,Haze;Mist,1.0
2018-01-10 04:00,2,887.0,Haze;Mist,1.36
2018-01-10 05:00,2,2944.0,Haze;Mist,1.53
2018-01-10 06:00,2,5614.0,Haze;Mist,1.67
2018-01-10 07:00,2,6228.0,Haze;Mist,1.6
2018-01-10 08:00,2,5842.0,Haze;Mist,1.8
2018-01-10 09:00,2,5145.0,Haze;Mist,1.8
2018-01-10 10:00,2,4552.0,Haze;Mist,1.93
2018-01-10 11:00,2,4623.0,Mist,2.07
2018-01-10 12:00,2,4911.0,Mist,2.57
2018-01-10 13:00,2,4926.0,Mist,2.64
2018-01-10 14:00,2,5315.0,Haze;Mist,2.8
2018-01-10 15:00,2,5681.0,Haze;Mist,2.8
2018-01-10 16:00,2,6602.0,Haze;Mist,2.61
2018-01-10 17:00,2,6128.0,Haze;Mist,2.79
2018-01-10 18:00,2,4520.0,Drizzle;Mist,2.27
2018-01-10 19:00,2,2986.0,Mist,2.14
2018-01-10 20:00,2,2642.0,Drizzle;Fog;Mist,2.14
2018-01-10 21:00,2,2342.0,Drizzle;Fog;Mist,2.07
2018-01-10 22:00,2,1596.0,Drizzle;Fog;Mist,2.0
2018-01-10 23:00,2,1115.0,Drizzle;Fog;Mist,2.0
2018-01-11 00:00,3,568.0,Drizzle;Fog;Mist,1.79
2018-01-11 01:00,3,352.0,Drizzle;Mist,1.71
2018-01-11 02:00,3,291.0,Drizzle;Fog;Mist,0.93
2018-01-11 03:00,3,391.0,Drizzle;Mist,-0.63
2018-01-11 04:00,3,855.0,Drizzle;Mist;Snow,-2.87
2018-01-11 05:00,3,2869.0,Mist;Snow,-4.21
2018-01-11 06:00,3,4869.0,Haze;Mist;Snow,-5.71
2018-01-11 07:00,3,4601.0,Mist;Snow,-8.24
2018-01-11 08:00,3,4475.0,Mist;Snow,-9.31
2018-01-11 09:00,3,4021.0,Mist;Snow,-10.77
2018-01-11 10:00,3,3559.0,Mist;Snow,-11.62
2018-01-11 11:00,3,3524.0,Mist;Snow,-11.77
2018-01-11 12:00,3,3587.0,Mist;Snow,-12.23
2018-01-11 13:00,3,3293.0,Mist;Snow,-12.69
2018-01-11 14:00,3,3557.0,Mist;Snow,-12.92
2018-01-11 15:00,3,4081.0,Mist;Snow,-13.23
2018-01-11 16:00,3,4269.0,Snow,-13.46
2018-01-11 17:00,3,4178.0,Haze;Snow,-13.23
2018-01-11 18:00,3,3130.0,Snow,-13.08
2018-01-11 19:00,3,2480.0,Clouds,-13.23
2018-01-11 20:00,3,2251.0,Clear,-13.62
2018-01-11 21:00,3,2081.0,Clear,-14.47
2018-01-11 22:00,3,1450.0,Clear,-14.93
2018-01-11 23:00,3,949.0,Clear,-16.26
2018-01-12 00:00,4,566.0,Clear,-17.54
2018-01-12 01:00,4,335.0,Clear,-18.39
2018-01-12 02:00,4,272.0,Clear,-19.47
2018-01-12 03:00,4,353.0,Clear,-20.7
2018-01-12 04:00,4,828.0,Clear,-21.31
2018-01-12 05:00,4,2728.0,Clear,-22.08
2018-01-12 06:00,4,4791.0,Clear,-22.69
2018-01-12 07:00,4,5517.0,Clear,-23.31
2018-01-12 08:00,4,4240.0,Clear,-23.77
2018-01-12 09:00,4,4565.0,Clear,-23.85
2018-01-12 10:00,4,3988.0,Clear,-22.93
2018-01-12 11:00,4,4440.0,Clear,-21.7
2018-01-12 12:00,4,4958.0,Clear,-19.93
2018-01-12 13:00,4,4928.0,Clear,-18.39
2018-01-12 14:00,4,5078.0,Clear,-17.24
2018-01-12 15:00,4,5560.0,Clear,-16.77
2018-01-12 16:00,4,5841.0,Clear,-16.14
2018-01-12 17:00,4,5779.0,Clear,-16.57
2018-01-12 18:00,4,4677.0,Clear,-17.5
2018-01-12 19:00,4,3348.0,Clear,-18.4
2018-01-12 20:00,4,2690.0,Clear,-19.4
2018-01-12 21:00,4,2573.0,Clear,-19.43
2018-01-12 22:00,4,2440.0,Clear,-20.6
2018-01-12 23:00,4,1654.0,Clear,-20.42
2018-01-13 00:00,5,1032.0,Clear,-20.57
2018-01-13 01:00,5,601.0,Clear,-20.64
2018-01-13 02:00,5,467.0,Clear,-21.5
2018-01-13 03:00,5,361.0,Clear,-22.07
2018-01-13 04:00,5,388.0,Clear,-23.07
2018-01-13 05:00,5,647.0,Clear,-23.5
2018-01-13 06:00,5,1175.0,Clear,-23.69
2018-01-13 07:00,5,1720.0,Clear,-24.36
2018-01-13 08:00,5,2582.0,Clear,-24.92
2018-01-13 09:00,5,3473.0,Clear,-24.58
2018-01-13 10:00,5,3916.0,Clear,-22.79
2018-01-13 11:00,5,4155.0,Clear,-21.22
2018-01-13 12:00,5,4379.0,Clear,-19.0
2018-01-13 13:00,5,4595.0,Clear,-17.86
2018-01-13 14:00,5,4212.0,Clear,-17.0
2018-01-13 15:00,5,3941.0,Clear,-16.43
2018-01-13 16:00,5,3601.0,Clear,-16.0
2018-01-13 17:00,5,3374.0,Clear,-16.47
2018-01-13 18:00,5,3141.0,Clear,-17.93
2018-01-13 19:00,5,3479.0,Clear,-20.13
2018-01-13 20:00,5,3429.0,Clear,-21.06
2018-01-13 21:00,5,4055.0,Clear,-22.06
2018-01-13 22:00,5,2990.0,Clear,-22.52
2018-01-13 23:00,5,1872.0,Clear,-23.39
2018-01-14 00:00,6,1210.0,Clear,-23.53
2018-01-14 01:00,6,756.0,Clear,-23.19
2018-01-14 02:00,6,494.0,Clear,-22.99
2018-01-14 03:00,6,313.0,Clear,-22.66
2018-01-14 04:00,6,271.0,Clear,-22.42
2018-01-14 05:00,6,474.0,Clear,-22.93
2018-01-14 06:00,6,735.0,Clouds,-21.86
2018-01-14 07:00,6,1296.0,Clouds,-20.13
2018-01-14 08:00,6,1880.0,Clouds,-18.4
2018-01-14 09:00,6,2567.0,Snow,-17.06
2018-01-14 10:00,6,3338.0,Mist;Snow,-15.8
2018-01-14 11:00,6,3771.0,Mist;Snow,-14.01
2018-01-14 12:00,6,4175.0,Haze;Snow,-12.67
2018-01-14 13:00,6,4567.0,Haze;Snow,-11.36
2018-01-14 14:00,6,3873.0,Mist;Snow,-10.71
2018-01-14 15:00,6,3383.0,Fog;Snow,-10.27
2018-01-14 16:00,6,2769.0,Fog;Mist;Snow,-10.07
2018-01-14 17:00,6,2357.0,Fog;Mist;Snow,-9.54
2018-01-14 18:00,6,1935.0,Mist;Snow,-9.43
2018-01-14 19:00,6,1800.0,Mist;Snow,-8.61
2018-01-14 20:00,6,2218.0,Mist;Snow,-8.57
2018-01-14 21:00,6,2264.0,Mist;Snow,-9.21
2018-01-14 22:00,6,2292.0,Haze;Mist;Snow,-9.74
2018-01-14 23:00,6,979.0,Mist;Snow,-10.48
2018-01-15 00:00,0,600.0,Haze;Mist;Snow,-10.61
2018-01-15 01:00,0,341.0,Mist;Snow,-11.21
2018-01-15 02:00,0,269.0,Mist;Snow,-12.01
2018-01-15 03:00,0,347.0,Haze;Snow,-12.34
2018-01-15 04:00,0,775.0,Haze;Mist;Snow,-13.07
2018-01-15 05:00,0,2183.0,Haze;Mist;Snow,-13.81
2018-01-15 06:00,0,3637.0,Haze;Snow,-14.41
2018-01-15 07:00,0,3651.0,Haze;Mist;Snow,-14.87
2018-01-15 08:00,0,3231.0,Mist;Snow,-15.47
2018-01-15 09:00,0,3410.0,Haze;Snow,-16.21
2018-01-15 10:00,0,3307.0,Haze;Snow,-16.14
2018-01-15 11:00,0,3638.0,Haze;Snow,-15.86
2018-01-15 12:00,0,3970.0,Haze;Snow,-15.47
2018-01-15 13:00,0,4207.0,Haze;Snow,-15.14
2018-01-15 14:00,0,4440.0,Haze,-14.67
2018-01-15 15:00,0,4414.0,Haze;Snow,-14.6
2018-01-15 16:00,0,4800.0,Haze;Snow,-14.79
2018-01-15 17:00,0,4437.0,Snow,-15.29
2018-01-15 18:00,0,3528.0,Snow,-15.58
2018-01-15 19:00,0,2611.0,Snow,-15.43
2018-01-15 20:00,0,2162.0,Snow,-16.13
2018-01-15 21:00,0,1977.0,Snow,-16.14
2018-01-15 22:00,0,1430.0,Snow,-16.43
2018-01-15 23:00,0,888.0,Snow,-16.5
2018-01-16 00:00,1,494.0,Snow,-16.8
2018-01-16 01:00,1,321.0,Snow,-16.87
2018-01-16 02:00,1,255.0,Clear,-17.14
2018-01-16 03:00,1,354.0,Snow,-17.6
2018-01-16 04:00,1,872.0,Snow,-18.0
2018-01-16 05:00,1,2836.0,Snow,-17.53
2018-01-16 06:00,1,5254.0,Snow,-17.34
2018-01-16 07:00,1,5568.0,Snow,-17.54
2018-01-16 08:00,1,5066.0,Snow,-17.74
2018-01-16 09:00,1,5045.0,Mist;Snow,-17.65
2018-01-16 10:00,1,4302.0,Snow,-17.74
2018-01-16 11:00,1,4332.0,Mist;Snow,-16.86
2018-01-16 12:00,1,4602.0,Clear,-16.22
2018-01-16 13:00,1,4608.0,Clear,-15.21
2018-01-16 14:00,1,4625.0,Clear,-14.54
2018-01-16 15:00,1,5424.0,Clear,-14.01
2018-01-16 16:00,1,6186.0,Clear,-13.79
2018-01-16 17:00,1,5809.0,Clear,-14.36
2018-01-16 18:00,1,4066.0,Clear,-15.64
2018-01-16 19:00,1,2924.0,Clear,-16.86
2018-01-16 20:00,1,2574.0,Clear,-17.22
2018-01-16 21:00,1,2330.0,Clear,-17.57
2018-01-16 22:00,1,1522.0,Clear,-17.73
2018-01-16 23:00,1,977.0,Clear,-18.27
2018-01-17 00:00,2,491.0,Clear,-18.37
2018-01-17 01:00,2,303.0,Clear,-18.6
2018-01-17 02:00,2,245.0,Clear,-18.6
2018-01-17 03:00,2,346.0,Clear,-18.53
2018-01-17 04:00,2,882.0,Clear,-18.26
2018-01-17 05:00,2,2856.0,Clear,-17.87
2018-01-17 06:00,2,5351.0,Clear,-17.27
2018-01-17 07:00,2,5684.0,Clear,-16.57
2018-01-17 08:00,2,5345.0,Clouds,-16.14
2018-01-17 09:00,2,4847.0,Clouds,-14.72
2018-01-17 10:00,2,4412.0,Clouds,-12.44
2018-01-17 11:00,2,4497.0,Clear,-10.34
2018-01-17 12:00,2,4653.0,Clear,-8.08
2018-01-17 13:00,2,4917.0,Clouds,-6.54
2018-01-17 14:00,2,5147.0,Clear,-5.29
2018-01-17 15:00,2,3271.0,Clear,-3.57
2018-01-17 16:00,2,5287.0,Clear,-2.79
2018-01-17 17:00,2,5676.0,Clear,-3.36
2018-01-17 18:00,2,4207.0,Clear,-3.28
2018-01-17 19:00,2,3080.0,Clear,-3.29
2018-01-17 20:00,2,2777.0,Clear,-3.43
2018-01-17 21:00,2,2278.0,Clear,-3.14
2018-01-17 22:00,2,1706.0,Clear,-3.36
2018-01-17 23:00,2,2597.0,Clear,-3.86
2018-01-18 00:00,3,756.0,Clear,-4.07
2018-01-18 01:00,3,352.0,Clear,-4.74
2018-01-18 03:00,3,366.0,Clear,-5.08
2018-01-18 04:00,3,883.0,Clear,-5.5
2018-01-18 05:00,3,2952.0,Clear,-4.87
2018-01-18 06:00,3,5369.0,Clear,-4.5
2018-01-18 07:00,3,5848.0,Clear,-5.07
2018-01-18 08:00,3,5751.0,Clouds,-5.57
2018-01-18 09:00,3,5143.0,Clouds,-5.61
2018-01-18 10:00,3,4479.0,Clear,-3.58
2018-01-18 11:00,3,4706.0,Clear,-0.55
2018-01-18 12:00,3,4872.0,Clear,1.53
2018-01-18 13:00,3,4878.0,Clear,2.86
2018-01-18 14:00,3,5056.0,Clouds,4.06
2018-01-18 15:00,3,5834.0,Clouds,4.73
2018-01-18 16:00,3,6527.0,Clouds,4.4
2018-01-18 17:00,3,6039.0,Clouds,3.0
2018-01-18 18:00,3,4502.0,Clouds,1.67
2018-01-18 19:00,3,3289.0,Clouds,0.14
2018-01-18 20:00,3,3096.0,Clouds,-0.92
2018-01-18 21:00,3,2753.0,Clouds,-1.0
2018-01-18 22:00,3,1797.0,Clear,-0.99
2018-01-18 23:00,3,1188.0,Mist,-1.4
2018-01-19 00:00,4,589.0,Mist,-1.66
2018-01-19 01:00,4,333.0,Mist,-1.07
2018-01-19 02:00,4,283.0,Mist,-1.4
2018-01-19 03:00,4,373.0,Mist,-1.33
2018-01-19 04:00,4,886.0,Clear,-1.47
2018-01-19 05:00,4,2795.0,Mist,-1.21
2018-01-19 06:00,4,5340.0,Mist,-1.36
2018-01-19 07:00,4,6309.0,Clouds,-1.13
2018-01-19 08:00,4,5673.0,Clouds,-1.13
2018-01-19 09:00,4,4948.0,Clear,-0.87
2018-01-19 10:00,4,4463.0,Clouds,-0.08
2018-01-19 11:00,4,4936.0,Clouds,1.14
2018-01-19 12:00,4,5218.0,Clouds,2.13
2018-01-19 13:00,4,5101.0,Clouds,3.46
2018-01-19 14:00,4,5302.0,Clouds,4.8
2018-01-19 15:00,4,5810.0,Clouds,5.14
2018-01-19 16:00,4,6305.0,Clouds,5.5
2018-01-19 17:00,4,5657.0,Clouds,5.0
2018-01-19 18:00,4,4503.0,Clouds,3.6
2018-01-19 19:00,4,3516.0,Clouds,2.27
2018-01-19 20:00,4,3094.0,Clouds,2.35
2018-01-19 21:00,4,3370.0,Clouds,2.49
2018-01-19 22:00,4,2819.0,Clear,2.92
2018-01-19 23:00,4,1892.0,Clear,2.08
2018-01-20 00:00,5,1179.0,Clear,1.07
2018-01-20 01:00,5,759.0,Clear,0.85
2018-01-20 02:00,5,528.0,Mist,-0.85
2018-01-20 03:00,5,366.0,Mist,-2.6
2018-01-20 04:00,5,399.0,Fog,-3.93
2018-01-20 05:00,5,703.0,Fog;Haze;Mist,-4.42
2018-01-20 06:00,5,1307.0,Fog;Haze;Mist,-4.8
2018-01-20 07:00,5,1888.0,Mist,-3.94
2018-01-20 08:00,5,2838.0,Clouds,-3.93
2018-01-20 09:00,5,3381.0,Clouds,-2.87
2018-01-20 10:00,5,4033.0,Mist,-1.57
2018-01-20 11:00,5,4425.0,Clouds,0.54
2018-01-20 12:00,5,4886.0,Clouds,2.13
2018-01-20 13:00,5,4693.0,Clouds,2.93
2018-01-20 14:00,5,4986.0,Clouds,3.43
2018-01-20 15:00,5,4811.0,Clouds,4.34
2018-01-20 16:00,5,4757.0,Clouds,4.5
2018-01-20 17:00,5,4754.0,Clouds,4.34
2018-01-20 18:00,5,4530.0,Clear,3.21
2018-01-20 19:00,5,3900.0,Clear,2.34
2018-01-20 20:00,5,3497.0,Clouds,1.71
2018-01-20 21:00,5,3742.0,Clouds,1.27
2018-01-20 22:00,5,3608.0,Clear,0.87
2018-01-20 23:00,5,3427.0,Mist,1.14
2018-01-21 00:00,6,1830.0,Clear,1.39
2018-01-21 01:00,6,1254.0,Mist,1.07
2018-01-21 02:00,6,788.0,Mist,0.74
2018-01-21 03:00,6,367.0,Mist,0.93
2018-01-21 04:00,6,433.0,Mist,0.92
2018-01-21 05:00,6,582.0,Mist,0.43
2018-01-21 06:00,6,1070.0,Mist,0.14
2018-01-21 07:00,6,1343.0,Mist,0.36
2018-01-21 08:00,6,2056.0,Mist,0.78
2018-01-21 09:00,6,2804.0,Clouds,0.72
2018-01-21 10:00,6,3355.0,Clouds,1.29
2018-01-21 11:00,6,3686.0,Clouds,2.07
2018-01-21 12:00,6,4247.0,Clouds,2.47
2018-01-21 13:00,6,4403.0,Clouds,2.87
2018-01-21 14:00,6,4464.0,Clouds,3.07
2018-01-21 15:00,6,4261.0,Clouds,2.93
2018-01-21 16:00,6,4236.0,Clouds,2.79
2018-01-21 17:00,6,3791.0,Clouds,2.74
2018-01-21 18:00,6,2398.0,Clouds,2.36
2018-01-21 19:00,6,1992.0,Clouds,2.35
2018-01-21 20:00,6,2566.0,Clouds,2.28
2018-01-21 21:00,6,2433.0,Clouds,2.2
2018-01-21 22:00,6,1481.0,Clouds,2.0
2018-01-21 23:00,6,848.0,Clouds,2.0
2018-01-22 00:00,0,486.0,Clouds,1.79
2018-01-22 01:00,0,337.0,Clear,1.53
2018-01-22 02:00,0,254.0,Clear,1.13
2018-01-22 03:00,0,325.0,Clouds,0.85
2018-01-22 04:00,0,897.0,Clouds,0.78
2018-01-22 05:00,0,2797.0,Mist;Snow,0.53
2018-01-22 06:00,0,5109.0,Mist;Snow,0.46
2018-01-22 07:00,0,5250.0,Snow,0.21
2018-01-22 08:00,0,4429.0,Snow,-0.13
2018-01-22 09:00,0,3794.0,Snow,-0.36
2018-01-22 10:00,0,3351.0,Mist;Snow,-0.43
2018-01-22 11:00,0,3240.0,Fog;Mist;Snow,-0.57
2018-01-22 12:00,0,3143.0,Fog;Mist;Snow,-0.79
2018-01-22 13:00,0,3066.0,Fog;Mist;Snow,-0.79
2018-01-22 14:00,0,2846.0,Fog;Snow,-0.93
2018-01-22 15:00,0,2132.0,Fog;Snow,-1.13
2018-01-22 16:00,0,1488.0,Fog;Snow,-1.79
2018-01-22 17:00,0,1379.0,Fog;Snow,-1.93
2018-01-22 18:00,0,1086.0,Fog;Mist;Snow,-2.43
2018-01-22 19:00,0,1291.0,Mist;Snow,-2.29
2018-01-22 20:00,0,889.0,Fog;Mist;Snow,-2.29
2018-01-22 21:00,0,1246.0,Mist;Snow,-2.35
2018-01-22 22:00,0,1631.0,Mist;Snow,-2.29
2018-01-22 23:00,0,570.0,Mist;Snow,-2.5
2018-01-23 00:00,1,446.0,Snow,-2.87
2018-01-23 01:00,1,245.0,Snow,-3.28
2018-01-23 02:00,1,211.0,Snow,-3.36
2018-01-23 03:00,1,282.0,Haze,-5.0
2018-01-23 04:00,1,705.0,Clear,-6.07
2018-01-23 05:00,1,2008.0,Clear,-6.78
2018-01-23 06:00,1,3674.0,Clouds,-7.2
2018-01-23 07:00,1,3788.0,Clouds,-7.43
2018-01-23 08:00,1,3196.0,Clouds,-7.53
2018-01-23 09:00,1,3337.0,Clouds,-7.67
2018-01-23 10:00,1,3237.0,Clouds,-7.67
2018-01-23 11:00,1,3299.0,Clouds,-7.07
2018-01-23 12:00,1,3506.0,Clear,-6.5
2018-01-23 13:00,1,3670.0,Clouds,-5.29
2018-01-23 14:00,1,4001.0,Clear,-4.21
2018-01-23 15:00,1,4287.0,Clouds,-3.41
2018-01-23 16:00,1,5068.0,Clear,-2.78
2018-01-23 17:00,1,4650.0,Haze,-3.8
2018-01-23 18:00,1,3467.0,Clouds,-5.28
2018-01-23 19:00,1,2652.0,Clouds,-7.2
2018-01-23 20:00,1,2279.0,Clouds,-8.18
2018-01-23 21:00,1,2175.0,Clear,-8.66
2018-01-23 22:00,1,1412.0,Clear,-8.3
2018-01-23 23:00,1,979.0,Clear,-8.71
2018-01-24 00:00,2,512.0,Clear,-9.14
2018-01-24 01:00,2,350.0,Clear,-10.12
2018-01-24 02:00,2,235.0,Haze,-11.27
2018-01-24 03:00,2,373.0,Clear,-12.39
2018-01-24 04:00,2,893.0,Mist,-12.73
2018-01-24 05:00,2,2915.0,Mist,-12.4
2018-01-24 06:00,2,5445.0,Clouds,-12.0
2018-01-24 07:00,2,5866.0,Clouds,-10.07
2018-01-24 08:00,2,5625.0,Snow,-9.07
2018-01-24 09:00,2,5153.0,Mist,-8.28
2018-01-24 10:00,2,4359.0,Mist,-7.43
2018-01-24 11:00,2,4510.0,Mist,-5.93
2018-01-24 12:00,2,4704.0,Mist,-5.0
2018-01-24 13:00,2,4672.0,Mist,-4.36
2018-01-24 14:00,2,4878.0,Mist,-4.06
2018-01-24 15:00,2,5570.0,Haze,-3.71
2018-01-24 16:00,2,6395.0,Clouds,-3.3
2018-01-24 17:00,2,5836.0,Mist,-3.31
2018-01-24 18:00,2,4270.0,Mist,-3.46
2018-01-24 19:00,2,3104.0,Mist,-3.61
2018-01-24 20:00,2,2720.0,Mist,-3.93
2018-01-24 21:00,2,2567.0,Mist,-4.08
2018-01-24 22:00,2,2254.0,Mist,-4.08
2018-01-24 23:00,2,1074.0,Haze;Mist,-4.14
2018-01-25 00:00,3,578.0,Haze;Mist,-4.2
2018-01-25 01:00,3,345.0,Mist,-4.13
2018-01-25 02:00,3,265.0,Mist,-4.07
2018-01-25 03:00,3,398.0,Mist,-4.07
2018-01-25 04:00,3,929.0,Mist,-3.86
2018-01-25 05:00,3,2932.0,Mist,-3.93
2018-01-25 06:00,3,5498.0,Fog;Mist,-4.07
2018-01-25 07:00,3,5702.0,Fog;Mist,-4.07
2018-01-25 08:00,3,5616.0,Fog;Mist,-4.0
2018-01-25 09:00,3,5177.0,Fog;Mist,-3.8
2018-01-25 10:00,3,4525.0,Fog;Mist,-3.74
2018-01-25 11:00,3,4529.0,Mist;Snow,-3.4
2018-01-25 12:00,3,4646.0,Mist;Snow,-3.2
2018-01-25 13:00,3,4866.0,Mist,-3.13
2018-01-25 14:00,3,5152.0,Mist,-3.2
2018-01-25 15:00,3,5720.0,Mist;Snow,-3.06
2018-01-25 16:00,3,6669.0,Mist,-3.06
2018-01-25 17:00,3,5883.0,Haze;Mist,-3.07
2018-01-25 18:00,3,4449.0,Haze;Mist;Snow,-3.06
2018-01-25 19:00,3,3637.0,Haze;Mist;Snow,-3.07
2018-01-25 20:00,3,3009.0,Mist;Snow,-2.86
2018-01-25 21:00,3,2817.0,Haze;Mist;Snow,-2.57
2018-01-25 22:00,3,2047.0,Haze;Mist,-2.21
2018-01-25 23:00,3,1216.0,Haze;Mist,-2.07
2018-01-26 00:00,4,893.0,Haze;Mist,-2.0
2018-01-26 01:00,4,553.0,Haze;Mist,-1.86
2018-01-26 02:00,4,421.0,Haze;Mist,-1.93
2018-01-26 03:00,4,480.0,Mist,-1.43
2018-01-26 04:00,4,986.0,Clear,-0.64
2018-01-26 05:00,4,2821.0,Clear,1.14
2018-01-26 06:00,4,5179.0,Clear,1.07
2018-01-26 07:00,4,6059.0,Clouds,2.06
2018-01-26 08:00,4,5953.0,Clouds,3.0
2018-01-26 09:00,4,4939.0,Clear,4.06
2018-01-26 10:00,4,4693.0,Clear,5.0
2018-01-26 11:00,4,5029.0,Clouds,6.33
2018-01-26 12:00,4,5401.0,Clouds,7.0
2018-01-26 13:00,4,5380.0,Clouds,7.28
2018-01-26 14:00,4,5464.0,Clouds,7.28
2018-01-26 15:00,4,5810.0,Clouds,6.87
2018-01-26 16:00,4,6561.0,Clear,6.6
2018-01-26 17:00,4,5829.0,Clouds,6.0
2018-01-26 18:00,4,4811.0,Clouds,4.71
2018-01-26 19:00,4,3638.0,Clear,3.72
2018-01-26 20:00,4,3465.0,Clouds,3.0
2018-01-26 21:00,4,3215.0,Clouds,1.41
2018-01-26 22:00,4,2637.0,Clouds,1.13
2018-01-26 23:00,4,1841.0,Clouds,1.2
2018-01-27 00:00,5,1121.0,Clouds,1.5
2018-01-27 01:00,5,672.0,Clouds,0.86
2018-01-27 02:00,5,476.0,Clouds,-0.2
2018-01-27 03:00,5,373.0,Clouds,-1.47
2018-01-27 04:00,5,449.0,Clear,-2.22
2018-01-27 05:00,5,753.0,Clear,-2.79
2018-01-27 06:00,5,1378.0,Clear,-3.36
2018-01-27 07:00,5,2158.0,Clear,-4.29
2018-01-27 08:00,5,2848.0,Clear,-4.57
2018-01-27 09:00,5,3629.0,Clear,-4.72
2018-01-27 10:00,5,4325.0,Clear,-3.79
2018-01-27 11:00,5,4896.0,Clouds,-2.07
2018-01-27 12:00,5,5344.0,Clear,-1.07
2018-01-27 13:00,5,5304.0,Clouds,-0.72
2018-01-27 14:00,5,5132.0,Clouds,-0.36
2018-01-27 15:00,5,5407.0,Clouds,-0.46
2018-01-27 16:00,5,5460.0,Clear,-0.2
2018-01-27 17:00,5,5182.0,Clear,-1.0
2018-01-27 18:00,5,5052.0,Clear,-2.42
2018-01-27 19:00,5,4090.0,Clear,-3.53
2018-01-27 20:00,5,3584.0,Clear,-4.67
2018-01-27 21:00,5,3350.0,Clear,-5.66
2018-01-27 22:00,5,3070.0,Clear,-6.57
2018-01-27 23:00,5,2033.0,Clouds,-7.4
2018-01-28 00:00,6,1260.0,Clouds,-7.21
2018-01-28 01:00,6,791.0,Clouds,-7.15
2018-01-28 02:00,6,653.0,Snow,-7.29
2018-01-28 03:00,6,444.0,Snow,-7.71
2018-01-28 04:00,6,395.0,Snow,-7.79
2018-01-28 05:00,6,643.0,Clouds,-7.93
2018-01-28 06:00,6,1058.0,Snow,-8.67
2018-01-28 07:00,6,1666.0,Snow,-8.47
2018-01-28 08:00,6,2314.0,Snow,-8.93
2018-01-28 09:00,6,3024.0,Snow,-9.47
2018-01-28 10:00,6,3564.0,Snow,-9.28
2018-01-28 11:00,6,4065.0,Snow,-8.54
2018-01-28 12:00,6,4506.0,Haze;Snow,-7.86
2018-01-28 13:00,6,4784.0,Snow,-7.46
2018-01-28 14:00,6,4895.0,Snow,-7.07
2018-01-28 15:00,6,4801.0,Snow,-6.94
2018-01-28 16:00,6,4716.0,Snow,-6.94
2018-01-28 17:00,6,4535.0,Snow,-7.47
2018-01-28 18:00,6,3849.0,Snow,-7.8
2018-01-28 19:00,6,3221.0,Clouds,-8.21
2018-01-28 20:00,6,2554.0,Clouds,-8.61
2018-01-28 21:00,6,2082.0,Clouds,-9.34
2018-01-28 22:00,6,1433.0,Clear,-10.14
2018-01-28 23:00,6,877.0,Clear,-11.21
2018-01-29 00:00,0,482.0,Clear,-11.61
2018-01-29 01:00,0,335.0,Clear,-12.36
2018-01-29 02:00,0,230.0,Clear,-12.72
2018-01-29 03:00,0,353.0,Clear,-13.29
2018-01-29 04:00,0,888.0,Clear,-13.71
2018-01-29 05:00,0,2837.0,Clear,-14.21
2018-01-29 06:00,0,5488.0,Clear,-15.2
2018-01-29 07:00,0,6362.0,Clear,-16.0
2018-01-29 08:00,0,5438.0,Clear,-16.5
2018-01-29 09:00,0,4715.0,Clouds,-16.36
2018-01-29 10:00,0,4287.0,Clear,-15.6
2018-01-29 11:00,0,4409.0,Clear,-14.07
2018-01-29 12:00,0,4725.0,Clear,-12.74
2018-01-29 13:00,0,4578.0,Clear,-11.93
2018-01-29 14:00,0,5030.0,Clear,-10.93
2018-01-29 15:00,0,5527.0,Clear,-10.0
2018-01-29 16:00,0,6285.0,Clear,-9.35
2018-01-29 17:00,0,6023.0,Clear,-9.42
2018-01-29 18:00,0,4286.0,Clear,-10.46
2018-01-29 19:00,0,3448.0,Clear,-12.19
2018-01-29 20:00,0,2957.0,Clear,-13.25
2018-01-29 21:00,0,2657.0,Clear,-14.52
2018-01-29 22:00,0,1955.0,Clear,-15.39
2018-01-29 23:00,0,1185.0,Clear,-16.12
2018-01-30 00:00,1,588.0,Clear,-16.73
2018-01-30 01:00,1,330.0,Clear,-17.2
2018-01-30 02:00,1,249.0,Clear,-17.73
2018-01-30 03:00,1,371.0,Clear,-18.13
2018-01-30 04:00,1,910.0,Clear,-18.39
2018-01-30 05:00,1,2876.0,Clear,-18.66
2018-01-30 06:00,1,5585.0,Clear,-17.85
2018-01-30 07:00,1,6405.0,Snow,-17.57
2018-01-30 08:00,1,5489.0,Snow,-17.46
2018-01-30 09:00,1,4462.0,Clouds,-15.22
2018-01-30 10:00,1,4388.0,Clouds,-13.2
2018-01-30 11:00,1,4432.0,Clouds,-11.54
2018-01-30 12:00,1,4783.0,Clouds,-10.14
2018-01-30 13:00,1,4801.0,Clouds,-8.33
2018-01-30 14:00,1,5195.0,Clear,-7.26
2018-01-30 15:00,1,5701.0,Clouds,-6.2
2018-01-30 16:00,1,6838.0,Clear,-5.57
2018-01-30 17:00,1,5944.0,Clear,-4.53
2018-01-30 18:00,1,4589.0,Clear,-3.77
2018-01-30 19:00,1,3090.0,Clear,-3.43
2018-01-30 20:00,1,2885.0,Clear,-3.06
2018-01-30 21:00,1,2490.0,Clouds,-2.6
2018-01-30 22:00,1,2261.0,Clear,-2.14
2018-01-30 23:00,1,1430.0,Clouds,-1.67
2018-01-31 00:00,2,628.0,Clouds,-1.29
2018-01-31 01:00,2,381.0,Clouds,-0.93
2018-01-31 03:00,2,376.0,Fog;Mist;Snow,-0.93
2018-01-31 04:00,2,982.0,Mist;Snow,-0.86
2018-01-31 05:00,2,2534.0,Mist;Snow,-0.46
2018-01-31 06:00,2,5081.0,Clear,-1.0
2018-01-31 07:00,2,5675.0,Clear,-1.93
2018-01-31 08:00,2,5155.0,Clear,-3.8
2018-01-31 09:00,2,5210.0,Clear,-5.14
2018-01-31 10:00,2,4379.0,Clear,-5.07
2018-01-31 11:00,2,4546.0,Snow,-5.08
2018-01-31 12:00,2,4885.0,Clear,-4.0
2018-01-31 13:00,2,5021.0,Clear,-3.43
2018-01-31 14:00,2,5212.0,Clear,-2.54
2018-01-31 15:00,2,5941.0,Clear,-2.43
2018-01-31 16:00,2,6818.0,Clouds,-2.0
2018-01-31 17:00,2,6351.0,Clouds,-2.35
2018-01-31 18:00,2,4559.0,Clouds,-2.07
2018-01-31 19:00,2,3400.0,Snow,-2.6
2018-01-31 20:00,2,2856.0,Mist;Snow,-3.4
2018-01-31 21:00,2,2564.0,Mist;Snow,-5.34
2018-01-31 22:00,2,1739.0,Haze;Snow,-8.43
2018-01-31 23:00,2,1402.0,Haze,-10.8
2018-02-01 00:00,3,716.0,Clouds,-13.26
2018-02-01 01:00,3,363.0,Haze,-15.0
2018-02-01 02:00,3,285.0,Clouds,-16.28
2018-02-01 03:00,3,362.0,Clear,-17.21
2018-02-01 04:00,3,936.0,Clear,-18.0
2018-02-01 05:00,3,2861.0,Clouds,-18.31
2018-02-01 06:00,3,5410.0,Clouds,-19.07
2018-02-01 07:00,3,6303.0,Clear,-19.23
2018-02-01 08:00,3,5332.0,Clear,-19.71
2018-02-01 09:00,3,5000.0,Clear,-19.5
2018-02-01 10:00,3,4438.0,Clear,-18.67
2018-02-01 11:00,3,4717.0,Clear,-17.65
2018-02-01 12:00,3,4843.0,Clear,-17.07
2018-02-01 13:00,3,5099.0,Clear,-16.27
2018-02-01 14:00,3,5402.0,Clear,-15.22
2018-02-01 15:00,3,5961.0,Clear,-14.73
2018-02-01 16:00,3,6636.0,Clear,-14.07
2018-02-01 17:00,3,6375.0,Clear,-14.46
2018-02-01 18:00,3,4723.0,Clear,-15.46
2018-02-01 19:00,3,3595.0,Clear,-16.07
2018-02-01 20:00,3,3133.0,Clear,-16.64
2018-02-01 21:00,3,2807.0,Clouds,-17.29
2018-02-01 22:00,3,2165.0,Clear,-18.13
2018-02-01 23:00,3,1483.0,Clear,-18.57
2018-02-02 00:00,4,926.0,Clear,-19.23
2018-02-02 01:00,4,521.0,Clear,-20.4
2018-02-02 02:00,4,422.0,Clear,-20.93
2018-02-02 03:00,4,439.0,Clear,-21.72
2018-02-02 04:00,4,922.0,Clear,-22.69
2018-02-02 05:00,4,2731.0,Clear,-22.8
2018-02-02 06:00,4,5041.0,Clear,-22.8
2018-02-02 07:00,4,5843.0,Clear,-23.13
2018-02-02 08:00,4,5149.0,Clear,-22.99
2018-02-02 09:00,4,4963.0,Clear,-23.0
2018-02-02 10:00,4,4379.0,Clouds,-20.08
2018-02-02 11:00,4,4932.0,Clear,-17.93
2018-02-02 12:00,4,5104.0,Clouds,-16.01
2018-02-02 13:00,4,5378.0,Clouds,-14.86
2018-02-02 14:00,4,5487.0,Clouds,-13.85
2018-02-02 15:00,4,6080.0,Clouds,-13.2
2018-02-02 16:00,4,6646.0,Clouds,-12.71
2018-02-02 17:00,4,5891.0,Snow,-12.66
2018-02-02 18:00,4,4691.0,Snow,-12.53
2018-02-02 19:00,4,3790.0,Snow,-12.53
2018-02-02 20:00,4,3216.0,Snow,-12.64
2018-02-02 21:00,4,3818.0,Snow,-12.43
2018-02-02 22:00,4,3788.0,Snow,-11.99
2018-02-02 23:00,4,2020.0,Snow,-11.64
2018-02-03 00:00,5,1368.0,Snow,-11.36
2018-02-03 01:00,5,926.0,Snow,-11.07
2018-02-03 02:00,5,631.0,Clouds,-11.22
2018-02-03 03:00,5,471.0,Clouds,-10.93
2018-02-03 04:00,5,519.0,Clouds,-10.86
2018-02-03 05:00,5,783.0,Clouds,-10.79
2018-02-03 06:00,5,1320.0,Clouds,-10.72
2018-02-03 07:00,5,1839.0,Snow,-10.71
2018-02-03 08:00,5,2552.0,Haze;Mist;Snow,-10.85
2018-02-03 09:00,5,3168.0,Mist;Snow,-10.36
2018-02-03 10:00,5,3572.0,Mist;Snow,-9.93
2018-02-03 11:00,5,3838.0,Mist;Snow,-8.79
2018-02-03 12:00,5,3924.0,Mist;Snow,-8.36
2018-02-03 13:00,5,3562.0,Mist;Snow,-8.29
2018-02-03 14:00,5,3572.0,Fog;Snow,-8.36
2018-02-03 15:00,5,3716.0,Mist;Snow,-8.29
2018-02-03 16:00,5,3752.0,Haze;Mist;Snow,-8.64
2018-02-03 17:00,5,3652.0,Mist;Snow,-9.07
2018-02-03 18:00,5,3763.0,Snow,-9.5
2018-02-03 19:00,5,3301.0,Snow,-9.46
2018-02-03 20:00,5,2632.0,Snow,-10.0
2018-02-03 21:00,5,2454.0,Mist;Snow,-10.71
2018-02-03 22:00,5,2892.0,Mist;Snow,-11.0
2018-02-03 23:00,5,2935.0,Haze;Mist;Snow,-11.66
2018-02-04 00:00,6,1536.0,Haze;Mist;Snow,-12.71
2018-02-04 01:00,6,986.0,Haze;Mist;Snow,-13.57
2018-02-04 02:00,6,670.0,Haze,-14.93
2018-02-04 03:00,6,520.0,Clouds,-16.21
2018-02-04 04:00,6,524.0,Clear,-17.14
2018-02-04 05:00,6,648.0,Clear,-17.53
2018-02-04 06:00,6,1046.0,Clear,-18.14
2018-02-04 07:00,6,1320.0,Clear,-19.33
2018-02-04 08:00,6,1857.0,Clear,-20.73
2018-02-04 09:00,6,2449.0,Clear,-21.43
2018-02-04 10:00,6,3225.0,Clear,-21.22
2018-02-04 11:00,6,3452.0,Clear,-20.14
2018-02-04 12:00,6,3735.0,Haze,-18.86
2018-02-04 13:00,6,3801.0,Clear,-18.07
2018-02-04 14:00,6,3686.0,Clear,-17.2
2018-02-04 15:00,6,3508.0,Haze,-16.79
2018-02-04 16:00,6,3630.0,Clear,-16.29
2018-02-04 17:00,6,2975.0,Clear,-16.21
2018-02-04 18:00,6,2052.0,Clear,-17.13
2018-02-04 19:00,6,1720.0,Clear,-18.06
2018-02-04 20:00,6,1855.0,Clear,-18.8
2018-02-04 21:00,6,2438.0,Clear,-18.92
2018-02-04 22:00,6,2382.0,Clear,-19.0
2018-02-04 23:00,6,1321.0,Clear,-19.5
2018-02-05 00:00,0,836.0,Clear,-19.65
2018-02-05 01:00,0,505.0,Clear,-20.15
2018-02-05 02:00,0,411.0,Clear,-20.78
2018-02-05 03:00,0,429.0,Clear,-21.0
2018-02-05 04:00,0,925.0,Clear,-20.93
2018-02-05 05:00,0,2657.0,Clear,-20.71
2018-02-05 06:00,0,4846.0,Clear,-20.0
2018-02-05 07:00,0,6026.0,Clear,-19.42
2018-02-05 08:00,0,6048.0,Clear,-18.79
2018-02-05 09:00,0,4893.0,Clear,-18.14
2018-02-05 10:00,0,4124.0,Clear,-16.64
2018-02-05 11:00,0,4470.0,Clouds,-14.74
2018-02-05 12:00,0,4450.0,Snow,-12.79
2018-02-05 13:00,0,4303.0,Snow,-11.29
2018-02-05 14:00,0,4884.0,Snow,-10.47
2018-02-05 15:00,0,5441.0,Haze;Snow,-10.2
2018-02-05 16:00,0,6091.0,Haze;Snow,-10.13
2018-02-05 17:00,0,5912.0,Snow,-10.4
2018-02-05 18:00,0,4263.0,Clear,-11.59
2018-02-05 19:00,0,3098.0,Clear,-13.12
2018-02-05 20:00,0,2587.0,Clear,-13.35
2018-02-05 21:00,0,2136.0,Clear,-14.34
2018-02-05 22:00,0,1459.0,Clear,-15.4
2018-02-05 23:00,0,887.0,Clear,-16.57
2018-02-06 00:00,1,468.0,Clear,-17.34
2018-02-06 01:00,1,334.0,Clear,-18.54
2018-02-06 02:00,1,237.0,Clear,-19.34
2018-02-06 03:00,1,339.0,Clear,-20.07
2018-02-06 04:00,1,850.0,Clear,-21.13
2018-02-06 05:00,1,2801.0,Clear,-21.79
2018-02-06 06:00,1,5434.0,Clear,-23.0
2018-02-06 07:00,1,6067.0,Mist,-23.8
2018-02-06 08:00,1,5009.0,Mist,-23.92
2018-02-06 09:00,1,5190.0,Clear,-22.94
2018-02-06 10:00,1,4290.0,Clear,-20.15
2018-02-06 11:00,1,4309.0,Snow,-18.15
2018-02-06 12:00,1,4741.0,Clear,-15.82
2018-02-06 13:00,1,4621.0,Clouds,-13.8
2018-02-06 14:00,1,4987.0,Clear,-13.0
2018-02-06 15:00,1,5710.0,Clear,-12.74
2018-02-06 16:00,1,6770.0,Clear,-12.93
2018-02-06 17:00,1,6207.0,Clouds,-13.47
2018-02-06 18:00,1,4612.0,Clouds,-14.0
2018-02-06 19:00,1,3217.0,Clouds,-13.7
2018-02-06 20:00,1,2634.0,Clouds,-13.86
2018-02-06 21:00,1,2407.0,Clouds,-13.86
2018-02-06 22:00,1,1652.0,Snow,-13.79
2018-02-06 23:00,1,1120.0,Snow,-13.87
2018-02-07 00:00,2,549.0,Snow,-13.93
2018-02-07 01:00,2,346.0,Mist;Snow,-13.94
2018-02-07 02:00,2,259.0,Mist;Snow,-14.0
2018-02-07 03:00,2,337.0,Mist;Snow,-13.94
2018-02-07 04:00,2,865.0,Mist;Snow,-13.93
2018-02-07 05:00,2,2776.0,Mist;Snow,-14.31
2018-02-07 06:00,2,4899.0,Snow,-16.34
2018-02-07 07:00,2,4967.0,Mist;Snow,-18.07
2018-02-07 08:00,2,4915.0,Mist;Snow,-19.6
2018-02-07 09:00,2,5343.0,Mist;Snow,-18.08
2018-02-07 10:00,2,4364.0,Snow,-15.16
2018-02-07 11:00,2,4466.0,Clear,-13.14
2018-02-07 12:00,2,4697.0,Clouds,-11.88
2018-02-07 13:00,2,4833.0,Clouds,-10.94
2018-02-07 14:00,2,5095.0,Clouds,-10.22
2018-02-07 15:00,2,5658.0,Clouds,-9.87
2018-02-07 16:00,2,6531.0,Clouds,-9.86
2018-02-07 17:00,2,6117.0,Clouds,-10.6
2018-02-07 18:00,2,4394.0,Clouds,-12.21
2018-02-07 19:00,2,3307.0,Clouds,-13.58
2018-02-07 20:00,2,3037.0,Clouds,-14.47
2018-02-07 21:00,2,2463.0,Clear,-14.35
2018-02-07 22:00,2,1653.0,Clouds,-14.15
2018-02-07 23:00,2,973.0,Clouds,-13.72
2018-02-08 00:00,3,573.0,Clouds,-13.39
2018-02-08 01:00,3,315.0,Clouds,-13.24
2018-02-08 02:00,3,233.0,Clouds,-13.87
2018-02-08 03:00,3,340.0,Clouds,-14.23
2018-02-08 04:00,3,882.0,Clouds,-15.29
2018-02-08 05:00,3,2830.0,Snow,-17.2
2018-02-08 06:00,3,5449.0,Snow,-16.93
2018-02-08 07:00,3,5954.0,Snow,-17.85
2018-02-08 08:00,3,5395.0,Snow,-18.14
2018-02-08 09:00,3,5192.0,Mist;Snow,-16.8
2018-02-08 10:00,3,4477.0,Haze;Mist,-14.44
2018-02-08 11:00,3,4686.0,Clouds,-12.67
2018-02-08 12:00,3,4896.0,Snow,-11.54
2018-02-08 13:00,3,4907.0,Clouds,-10.4
2018-02-08 14:00,3,4988.0,Clouds,-9.72
2018-02-08 15:00,3,5852.0,Clouds,-9.67
2018-02-08 16:00,3,6883.0,Clouds,-9.93
2018-02-08 17:00,3,6278.0,Clouds,-10.4
2018-02-08 18:00,3,4550.0,Clouds,-10.74
2018-02-08 19:00,3,3494.0,Clouds,-11.15
2018-02-08 20:00,3,3094.0,Clouds,-11.29
2018-02-08 21:00,3,3530.0,Clouds,-11.54
2018-02-08 22:00,3,3197.0,Clouds,-11.93
2018-02-08 23:00,3,1305.0,Haze;Snow,-12.14
2018-02-09 00:00,4,660.0,Snow,-12.43
2018-02-09 01:00,4,389.0,Snow,-12.54
2018-02-09 02:00,4,287.0,Snow,-12.57
2018-02-09 03:00,4,340.0,Snow,-13.43
2018-02-09 04:00,4,826.0,Clear,-13.79
2018-02-09 05:00,4,2651.0,Clear,-15.2
2018-02-09 06:00,4,5319.0,Clear,-16.27
2018-02-09 07:00,4,6499.0,Clouds,-17.14
2018-02-09 08:00,4,5467.0,Clouds,-18.0
2018-02-09 09:00,4,4975.0,Clear,-17.39
2018-02-09 10:00,4,4513.0,Clear,-16.36
2018-02-09 11:00,4,4913.0,Clear,-15.43
2018-02-09 12:00,4,5335.0,Clear,-14.43
2018-02-09 13:00,4,5340.0,Clear,-13.36
2018-02-09 14:00,4,5429.0,Clear,-12.65
2018-02-09 15:00,4,5861.0,Clouds,-12.07
2018-02-09 16:00,4,6347.0,Clouds,-11.94
2018-02-09 17:00,4,5833.0,Clouds,-12.4
2018-02-09 18:00,4,5021.0,Clouds,-13.36
2018-02-09 19:00,4,3804.0,Clouds,-14.72
2018-02-09 20:00,4,3095.0,Clouds,-14.85
2018-02-09 21:00,4,3092.0,Clouds,-16.01
2018-02-09 22:00,4,2485.0,Clear,-15.16
2018-02-09 23:00,4,2126.0,Clear,-15.29
2018-02-10 00:00,5,1102.0,Clear,-15.53
2018-02-10 01:00,5,603.0,Clear,-15.67
2018-02-10 02:00,5,438.0,Clear,-15.58
2018-02-10 03:00,5,330.0,Clear,-16.07
2018-02-10 04:00,5,389.0,Clear,-16.27
2018-02-10 05:00,5,688.0,Clear,-16.79
2018-02-10 06:00,5,1164.0,Clear,-17.72
2018-02-10 07:00,5,1911.0,Clear,-18.57
2018-02-10 08:00,5,3115.0,Clear,-19.47
2018-02-10 09:00,5,3653.0,Clear,-18.65
2018-02-10 10:00,5,4161.0,Clear,-17.16
2018-02-10 11:00,5,4514.0,Clear,-15.51
2018-02-10 12:00,5,5237.0,Clear,-13.34
2018-02-10 13:00,5,4925.0,Clear,-12.72
2018-02-10 14:00,5,5173.0,Clear,-11.72
2018-02-10 15:00,5,5030.0,Clear,-10.86
2018-02-10 16:00,5,4841.0,Clear,-10.54
2018-02-10 17:00,5,4808.0,Clouds,-10.94
2018-02-10 18:00,5,4803.0,Clouds,-12.0
2018-02-10 19:00,5,4346.0,Clouds,-13.87
2018-02-10 20:00,5,3448.0,Clear,-14.93
2018-02-10 21:00,5,3962.0,Clear,-15.5
2018-02-10 22:00,5,4180.0,Clear,-17.34
2018-02-10 23:00,5,2459.0,Clear,-17.72
2018-02-11 00:00,6,1367.0,Clear,-18.0
2018-02-11 01:00,6,761.0,Clear,-18.33
2018-02-11 02:00,6,488.0,Clear,-18.67
2018-02-11 03:00,6,302.0,Clear,-18.93
2018-02-11 04:00,6,254.0,Clear,-19.0
2018-02-11 05:00,6,431.0,Clear,-19.07
2018-02-11 06:00,6,789.0,Clear,-19.67
2018-02-11 07:00,6,1607.0,Clear,-20.0
2018-02-11 08:00,6,2817.0,Clouds,-20.6
2018-02-11 09:00,6,3358.0,Clear,-18.22
2018-02-11 10:00,6,3869.0,Clear,-16.01
2018-02-11 11:00,6,4223.0,Clear,-14.08
2018-02-11 12:00,6,4950.0,Clear,-12.3
2018-02-11 13:00,6,4637.0,Clear,-10.55
2018-02-11 14:00,6,4886.0,Clear,-8.41
2018-02-11 15:00,6,4629.0,Clear,-7.29
2018-02-11 16:00,6,4678.0,Clear,-6.65
2018-02-11 17:00,6,4276.0,Clear,-6.73
2018-02-11 18:00,6,3846.0,Clear,-7.6
2018-02-11 19:00,6,2903.0,Clear,-8.93
2018-02-11 20:00,6,2435.0,Clear,-10.54
2018-02-11 21:00,6,1902.0,Clear,-11.34
2018-02-11 22:00,6,1372.0,Clear,-12.0
2018-02-11 23:00,6,865.0,Clear,-12.47
2018-02-12 00:00,0,502.0,Clear,-13.27
2018-02-12 01:00,0,286.0,Clear,-14.47
2018-02-12 02:00,0,230.0,Clear,-14.86
2018-02-12 03:00,0,311.0,Clear,-15.94
2018-02-12 04:00,0,809.0,Clear,-16.64
2018-02-12 05:00,0,2735.0,Clear,-18.01
2018-02-12 06:00,0,5454.0,Clear,-18.36
2018-02-12 07:00,0,6107.0,Clouds,-19.07
2018-02-12 08:00,0,5876.0,Clouds,-19.29
2018-02-12 09:00,0,4941.0,Clouds,-18.65
2018-02-12 10:00,0,4307.0,Clouds,-17.29
2018-02-12 11:00,0,4367.0,Clouds,-16.07
2018-02-12 12:00,0,4545.0,Clouds,-14.8
2018-02-12 13:00,0,4561.0,Clouds,-13.74
2018-02-12 14:00,0,4998.0,Thunderstorm,-12.61
2018-02-12 15:00,0,5525.0,Clouds,-12.21
2018-02-12 16:00,0,6459.0,Haze,-12.0
2018-02-12 17:00,0,5852.0,Clouds,-12.0
2018-02-12 18:00,0,4245.0,Clouds,-12.43
2018-02-12 19:00,0,3034.0,Clouds,-14.0
2018-02-12 20:00,0,2498.0,Clear,-15.2
2018-02-12 21:00,0,2055.0,Clear,-16.0
2018-02-12 22:00,0,1440.0,Clear,-16.28
2018-02-12 23:00,0,934.0,Clear,-17.0
2018-02-13 00:00,1,498.0,Clear,-16.15
2018-02-13 01:00,1,300.0,Clear,-15.41
2018-02-13 02:00,1,225.0,Clouds,-14.47
2018-02-13 03:00,1,368.0,Clouds,-13.39
2018-02-13 04:00,1,885.0,Clouds,-12.57
2018-02-13 05:00,1,2885.0,Snow,-11.86
2018-02-13 06:00,1,5675.0,Snow,-11.22
2018-02-13 07:00,1,6585.0,Clouds,-11.29
2018-02-13 08:00,1,5915.0,Clouds,-11.22
2018-02-13 09:00,1,5060.0,Clouds,-10.15
2018-02-13 10:00,1,4423.0,Clouds,-8.47
2018-02-13 11:00,1,4722.0,Clouds,-6.51
2018-02-13 12:00,1,4825.0,Clouds,-5.62
2018-02-13 13:00,1,4762.0,Clouds,-3.54
2018-02-13 14:00,1,5007.0,Clear,-2.5
2018-02-13 15:00,1,5647.0,Clear,-1.74
2018-02-13 16:00,1,6587.0,Clear,-1.31
2018-02-13 17:00,1,6308.0,Clear,-1.93
2018-02-13 18:00,1,4917.0,Clear,-2.73
2018-02-13 19:00,1,3424.0,Clear,-3.73
2018-02-13 20:00,1,2979.0,Clear,-4.33
2018-02-13 21:00,1,3680.0,Clear,-4.87
2018-02-13 22:00,1,2908.0,Clear,-5.2
2018-02-13 23:00,1,1107.0,Haze,-5.43
2018-02-14 00:00,2,597.0,Mist,-5.6
2018-02-14 01:00,2,345.0,Mist,-5.8
2018-02-14 02:00,2,283.0,Mist,-6.4
2018-02-14 03:00,2,348.0,Haze;Mist,-6.93
2018-02-14 04:00,2,882.0,Haze;Mist,-6.93
2018-02-14 05:00,2,2837.0,Haze;Mist,-7.53
2018-02-14 06:00,2,5402.0,Mist,-7.6
2018-02-14 07:00,2,5826.0,Haze;Mist,-7.47
2018-02-14 08:00,2,5572.0,Mist,-7.86
2018-02-14 09:00,2,5194.0,Mist,-6.65
2018-02-14 10:00,2,4766.0,Mist,-4.21
2018-02-14 11:00,2,4842.0,Clear,-1.51
2018-02-14 12:00,2,4975.0,Clear,0.35
2018-02-14 13:00,2,5027.0,Haze,2.28
2018-02-14 14:00,2,5221.0,Clear,3.36
2018-02-14 15:00,2,5696.0,Clear,4.06
2018-02-14 16:00,2,6660.0,Clear,4.6
2018-02-14 17:00,2,6154.0,Clear,4.53
2018-02-14 18:00,2,4607.0,Clear,3.43
2018-02-14 19:00,2,3268.0,Clear,2.07
2018-02-14 20:00,2,2775.0,Clear,1.6
2018-02-14 21:00,2,2493.0,Clear,1.47
2018-02-14 22:00,2,1772.0,Clear,1.4
2018-02-14 23:00,2,1122.0,Clear,1.42
2018-02-15 00:00,3,639.0,Clear,1.64
2018-02-15 01:00,3,353.0,Clear,1.2
2018-02-15 02:00,3,253.0,Clouds,0.93
2018-02-15 03:00,3,353.0,Clear,0.27
2018-02-15 04:00,3,889.0,Clouds,-0.72
2018-02-15 05:00,3,2862.0,Clear,-1.15
2018-02-15 06:00,3,5454.0,Clear,-2.08
2018-02-15 07:00,3,6174.0,Clouds,-1.8
2018-02-15 08:00,3,5488.0,Clear,-2.14
2018-02-15 09:00,3,5630.0,Clear,-0.93
2018-02-15 10:00,3,4508.0,Clear,0.78
2018-02-15 11:00,3,4644.0,Clouds,2.13
2018-02-15 12:00,3,5034.0,Clouds,2.27
2018-02-15 13:00,3,4960.0,Clouds,1.87
2018-02-15 14:00,3,5248.0,Clouds,1.5
2018-02-15 15:00,3,5844.0,Clouds,1.36
2018-02-15 16:00,3,6807.0,Clouds,0.94
2018-02-15 17:00,3,6262.0,Clouds,0.53
2018-02-15 18:00,3,4982.0,Clouds,-0.14
2018-02-15 19:00,3,3463.0,Clouds,-0.93
2018-02-15 20:00,3,3144.0,Clouds,-1.57
2018-02-15 21:00,3,3916.0,Snow,-2.86
2018-02-15 22:00,3,2674.0,Snow,-3.57
2018-02-15 23:00,3,1179.0,Haze;Snow,-6.13
2018-02-16 00:00,4,674.0,Clear,-8.19
2018-02-16 01:00,4,387.0,Clear,-10.8
2018-02-16 02:00,4,273.0,Clear,-12.93
2018-02-16 03:00,4,369.0,Clear,-14.6
2018-02-16 04:00,4,831.0,Clear,-15.8
2018-02-16 05:00,4,2676.0,Clear,-16.87
2018-02-16 06:00,4,5122.0,Clear,-17.36
2018-02-16 07:00,4,6444.0,Clear,-17.87
2018-02-16 08:00,4,5589.0,Clear,-17.93
2018-02-16 09:00,4,4764.0,Clear,-17.01
2018-02-16 10:00,4,4646.0,Clear,-15.43
2018-02-16 11:00,4,4947.0,Clear,-13.54
2018-02-16 12:00,4,5337.0,Clear,-11.61
2018-02-16 13:00,4,5333.0,Clear,-10.43
2018-02-16 14:00,4,5224.0,Clear,-9.37
2018-02-16 15:00,4,5921.0,Clouds,-8.43
2018-02-16 16:00,4,6371.0,Clear,-8.0
2018-02-16 17:00,4,5731.0,Clouds,-8.0
2018-02-16 18:00,4,4896.0,Clouds,-8.79
2018-02-16 19:00,4,3687.0,Clouds,-9.65
2018-02-16 20:00,4,3027.0,Clouds,-10.2
2018-02-16 21:00,4,2903.0,Clouds,-10.0
2018-02-16 22:00,4,2591.0,Clear,-9.72
2018-02-16 23:00,4,1725.0,Clear,-8.86
2018-02-17 00:00,5,1068.0,Clear,-8.43
2018-02-17 01:00,5,661.0,Clouds,-8.07
2018-02-17 02:00,5,538.0,Clear,-7.08
2018-02-17 03:00,5,352.0,Clear,-6.67
2018-02-17 04:00,5,386.0,Clouds,-6.15
2018-02-17 05:00,5,627.0,Clear,-5.74
2018-02-17 06:00,5,1226.0,Clouds,-5.07
2018-02-17 07:00,5,1831.0,Snow,-4.67
2018-02-17 08:00,5,2826.0,Mist;Snow,-4.6
2018-02-17 09:00,5,3514.0,Mist;Snow,-4.15
2018-02-17 10:00,5,3977.0,Snow,-3.34
2018-02-17 11:00,5,4526.0,Clouds,-2.15
2018-02-17 12:00,5,4933.0,Clouds,-1.07
2018-02-17 13:00,5,4792.0,Clouds,-0.07
2018-02-17 14:00,5,4881.0,Clear,1.07
2018-02-17 15:00,5,4912.0,Clouds,1.4
2018-02-17 16:00,5,5935.0,Clouds,2.0
2018-02-17 17:00,5,4550.0,Clear,1.21
2018-02-17 18:00,5,4284.0,Clear,0.34
2018-02-17 19:00,5,3489.0,Clear,-1.43
2018-02-17 20:00,5,2947.0,Clear,-2.79
2018-02-17 21:00,5,3089.0,Clear,-3.79
2018-02-17 22:00,5,2945.0,Clear,-5.07
2018-02-17 23:00,5,1858.0,Clear,-7.21
2018-02-18 00:00,6,1169.0,Clear,-8.4
2018-02-18 01:00,6,733.0,Clear,-9.46
2018-02-18 02:00,6,593.0,Clouds,-10.0
2018-02-18 03:00,6,302.0,Clear,-9.54
2018-02-18 04:00,6,284.0,Clouds,-8.74
2018-02-18 05:00,6,444.0,Clouds,-7.34
2018-02-18 06:00,6,742.0,Clear,-6.43
2018-02-18 07:00,6,1210.0,Clouds,-5.72
2018-02-18 08:00,6,1889.0,Clouds,-5.4
2018-02-18 09:00,6,2567.0,Clouds,-4.47
2018-02-18 10:00,6,3505.0,Haze,-3.22
2018-02-18 11:00,6,3826.0,Clouds,-1.27
2018-02-18 12:00,6,4279.0,Clouds,0.79
2018-02-18 13:00,6,4388.0,Clouds,2.99
2018-02-18 14:00,6,4263.0,Clouds,4.26
2018-02-18 15:00,6,4343.0,Clear,5.14
2018-02-18 16:00,6,4424.0,Clouds,5.4
2018-02-18 17:00,6,4136.0,Clouds,5.4
2018-02-18 18:00,6,3587.0,Clear,4.67
2018-02-18 19:00,6,3038.0,Clouds,3.46
2018-02-18 20:00,6,2522.0,Clear,2.58
2018-02-18 21:00,6,2044.0,Clouds,1.2
2018-02-18 22:00,6,1637.0,Clear,-0.19
2018-02-18 23:00,6,1152.0,Clear,-1.42
2018-02-19 00:00,0,623.0,Clouds,-2.42
2018-02-19 01:00,0,360.0,Snow,-3.14
2018-02-19 02:00,0,281.0,Clouds,-3.16
2018-02-19 03:00,0,340.0,Snow,-3.87
2018-02-19 04:00,0,781.0,Snow,-4.2
2018-02-19 05:00,0,2432.0,Snow,-4.87
2018-02-19 06:00,0,4228.0,Snow,-5.47
2018-02-19 07:00,0,4740.0,Snow,-6.13
2018-02-19 08:00,0,3905.0,Clouds,-6.71
2018-02-19 09:00,0,3344.0,Drizzle;Haze;Mist;Snow,-6.73
2018-02-19 10:00,0,3226.0,Mist;Snow,-6.46
2018-02-19 11:00,0,3239.0,Mist;Snow,-6.2
2018-02-19 12:00,0,3484.0,Mist;Snow,-6.0
2018-02-19 13:00,0,3450.0,Mist;Snow,-5.8
2018-02-19 14:00,0,3490.0,Haze;Mist;Snow,-5.72
2018-02-19 15:00,0,3426.0,Mist;Snow,-5.7
2018-02-19 16:00,0,3682.0,Mist;Snow,-5.5
2018-02-19 17:00,0,3585.0,Mist;Snow,-5.87
2018-02-19 18:00,0,2659.0,Mist;Snow,-6.07
2018-02-19 19:00,0,2087.0,Mist;Snow,-6.43
2018-02-19 20:00,0,1821.0,Mist;Snow,-6.57
2018-02-19 21:00,0,1593.0,Mist;Snow,-6.86
2018-02-19 22:00,0,1354.0,Mist;Snow,-6.93
2018-02-19 23:00,0,817.0,Mist,-6.87
2018-02-20 00:00,1,434.0,Mist;Snow,-6.72
2018-02-20 01:00,1,269.0,Clouds,-6.79
2018-02-20 02:00,1,234.0,Clouds,-6.79
2018-02-20 03:00,1,342.0,Mist;Snow,-6.67
2018-02-20 04:00,1,825.0,Mist;Snow,-6.53
2018-02-20 05:00,1,2690.0,Mist;Snow,-6.65
2018-02-20 06:00,1,4705.0,Mist;Snow,-6.62
2018-02-20 07:00,1,4844.0,Mist;Snow,-6.86
2018-02-20 08:00,1,4738.0,Mist,-7.0
2018-02-20 09:00,1,4707.0,Mist;Snow,-7.34
2018-02-20 10:00,1,4062.0,Drizzle;Mist;Snow,-7.66
2018-02-20 11:00,1,4058.0,Mist;Snow,-7.4
2018-02-20 12:00,1,4407.0,Snow,-7.2
2018-02-20 13:00,1,4439.0,Snow,-7.36
2018-02-20 14:00,1,4786.0,Snow,-6.8
2018-02-20 15:00,1,5620.0,Clouds,-6.8
2018-02-20 16:00,1,6471.0,Clouds,-6.72
2018-02-20 17:00,1,5888.0,Snow,-7.14
2018-02-20 18:00,1,4226.0,Snow,-7.19
2018-02-20 19:00,1,3012.0,Clouds,-9.39
2018-02-20 20:00,1,2601.0,Clouds,-10.54
2018-02-20 21:00,1,2591.0,Clear,-11.07
2018-02-20 22:00,1,1592.0,Clouds,-12.27
2018-02-20 23:00,1,965.0,Clear,-12.6
2018-02-21 00:00,2,516.0,Clear,-13.0
2018-02-21 01:00,2,359.0,Clouds,-14.13
2018-02-21 02:00,2,237.0,Clear,-14.73
2018-02-21 03:00,2,354.0,Clear,-15.4
2018-02-21 04:00,2,886.0,Clear,-16.07
2018-02-21 05:00,2,2858.0,Clear,-16.6
2018-02-21 06:00,2,5569.0,Clear,-16.87
2018-02-21 07:00,2,6045.0,Clear,-17.43
2018-02-21 08:00,2,5638.0,Clear,-17.6
2018-02-21 09:00,2,5062.0,Clear,-16.29
2018-02-21 10:00,2,4553.0,Clear,-14.36
2018-02-21 11:00,2,4837.0,Clear,-12.0
2018-02-21 12:00,2,5091.0,Clear,-9.72
2018-02-21 13:00,2,4632.0,Clouds,-8.5
2018-02-21 14:00,2,5130.0,Clear,-8.0
2018-02-21 15:00,2,5364.0,Clouds,-7.2
2018-02-21 16:00,2,6795.0,Clouds,-7.14
2018-02-21 17:00,2,6282.0,Clear,-7.07
2018-02-21 18:00,2,4583.0,Clear,-7.33
2018-02-21 19:00,2,3356.0,Clouds,-9.73
2018-02-21 20:00,2,2959.0,Clouds,-11.07
2018-02-21 21:00,2,2471.0,Clear,-11.6
2018-02-21 22:00,2,1749.0,Clear,-13.21
2018-02-21 23:00,2,1029.0,Clear,-13.38
2018-02-22 00:00,3,528.0,Clear,-14.34
2018-02-22 01:00,3,338.0,Clear,-15.33
2018-02-22 02:00,3,245.0,Clear,-16.0
2018-02-22 03:00,3,339.0,Clear,-16.93
2018-02-22 04:00,3,853.0,Clear,-16.93
2018-02-22 05:00,3,2854.0,Clear,-16.94
2018-02-22 06:00,3,5466.0,Clear,-15.87
2018-02-22 07:00,3,6559.0,Clear,-14.07
2018-02-22 08:00,3,5837.0,Clouds,-12.93
2018-02-22 09:00,3,5428.0,Clouds,-11.22
2018-02-22 10:00,3,4827.0,Clouds,-8.51
2018-02-22 11:00,3,5108.0,Clouds,-6.29
2018-02-22 12:00,3,4980.0,Clouds,-5.34
2018-02-22 13:00,3,5174.0,Clouds,-4.2
2018-02-22 14:00,3,5353.0,Clouds,-2.93
2018-02-22 15:00,3,6263.0,Clouds,-2.0
2018-02-22 16:00,3,6902.0,Clouds,-1.8
2018-02-22 17:00,3,5900.0,Snow,-1.66
2018-02-22 18:00,3,4514.0,Snow,-1.82
2018-02-22 19:00,3,3048.0,Snow,-2.23
2018-02-22 20:00,3,2736.0,Mist;Snow,-3.13
2018-02-22 21:00,3,2247.0,Mist;Snow,-3.29
2018-02-22 22:00,3,1905.0,Mist;Snow,-3.29
2018-02-22 23:00,3,1372.0,Fog;Mist;Snow,-3.13
2018-02-23 00:00,4,632.0,Fog;Mist;Snow,-3.29
2018-02-23 01:00,4,390.0,Fog;Mist;Snow,-3.36
2018-02-23 02:00,4,309.0,Mist;Snow,-3.36
2018-02-23 03:00,4,368.0,Mist;Snow,-3.36
2018-02-23 04:00,4,830.0,Mist;Snow,-3.07
2018-02-23 05:00,4,2451.0,Mist;Snow,-3.14
2018-02-23 06:00,4,4627.0,Mist;Snow,-2.93
2018-02-23 07:00,4,5240.0,Mist;Snow,-2.93
2018-02-23 08:00,4,4595.0,Mist,-3.07
2018-02-23 09:00,4,4413.0,Mist,-2.87
2018-02-23 10:00,4,4140.0,Mist,-2.93
2018-02-23 11:00,4,4183.0,Mist,-2.0
2018-02-23 12:00,4,4732.0,Clouds,-1.8
2018-02-23 13:00,4,4786.0,Clouds,-1.53
2018-02-23 14:00,4,5131.0,Clear,-0.64
2018-02-23 15:00,4,5631.0,Clouds,-0.43
2018-02-23 16:00,4,6368.0,Clear,-0.53
2018-02-23 17:00,4,5681.0,Clouds,-0.72
2018-02-23 18:00,4,4876.0,Clear,-1.71
2018-02-23 19:00,4,3751.0,Clear,-3.71
2018-02-23 20:00,4,3124.0,Clear,-5.0
2018-02-23 21:00,4,3015.0,Mist,-6.47
2018-02-23 22:00,4,2528.0,Mist,-7.43
2018-02-23 23:00,4,2105.0,Fog;Mist,-8.86
2018-02-24 00:00,5,1043.0,Fog;Mist,-10.14
2018-02-24 01:00,5,712.0,Haze;Mist,-12.0
2018-02-24 02:00,5,490.0,Fog;Haze;Mist,-13.74
2018-02-24 03:00,5,425.0,Fog;Haze;Mist,-15.73
2018-02-24 04:00,5,404.0,Fog;Mist,-16.39
2018-02-24 05:00,5,676.0,Fog;Haze;Mist,-17.22
2018-02-24 06:00,5,1119.0,Fog;Haze;Mist,-17.77
2018-02-24 07:00,5,1836.0,Fog;Haze;Mist;Snow,-16.94
2018-02-24 08:00,5,3018.0,Fog;Haze;Mist;Snow,-15.71
2018-02-24 09:00,5,3753.0,Fog;Mist;Snow,-13.25
2018-02-24 10:00,5,4373.0,Mist;Snow,-9.85
2018-02-24 11:00,5,4487.0,Mist,-7.16
2018-02-24 12:00,5,4938.0,Haze;Mist,-5.7
2018-02-24 13:00,5,4744.0,Haze;Mist,-3.62
2018-02-24 14:00,5,4831.0,Haze,-2.79
2018-02-24 15:00,5,3660.0,Haze;Mist;Snow,-2.4
2018-02-24 16:00,5,3247.0,Fog;Snow,-2.6
2018-02-24 17:00,5,2709.0,Fog;Snow,-2.6
2018-02-24 18:00,5,2677.0,Fog;Snow,-2.13
2018-02-24 19:00,5,2338.0,Fog;Mist;Snow,-2.13
2018-02-24 20:00,5,1520.0,Fog;Snow,-1.8
2018-02-24 21:00,5,1686.0,Fog;Mist;Snow,-1.67
2018-02-24 22:00,5,1786.0,Mist;Snow,-1.73
2018-02-24 23:00,5,1162.0,Mist;Snow,-1.71
2018-02-25 00:00,6,779.0,Mist;Snow,-3.33
2018-02-25 01:00,6,510.0,Mist;Snow,-5.31
2018-02-25 02:00,6,381.0,Haze;Mist;Snow,-5.66
2018-02-25 03:00,6,254.0,Haze;Mist;Snow,-7.21
2018-02-25 04:00,6,251.0,Mist,-7.64
2018-02-25 05:00,6,407.0,Mist,-7.93
2018-02-25 06:00,6,723.0,Mist,-7.77
2018-02-25 07:00,6,947.0,Clouds,-7.57
2018-02-25 08:00,6,1343.0,Clouds,-8.4
2018-02-25 09:00,6,2014.0,Clear,-8.33
2018-02-25 10:00,6,2598.0,Snow,-7.6
2018-02-25 11:00,6,3073.0,Snow,-6.54
2018-02-25 12:00,6,3719.0,Clouds,-5.27
2018-02-25 13:00,6,3840.0,Clouds,-3.5
2018-02-25 14:00,6,3865.0,Haze,-2.87
2018-02-25 15:00,6,3974.0,Clouds,-2.07
2018-02-25 16:00,6,4262.0,Clouds,-1.54
2018-02-25 17:00,6,4131.0,Clear,-1.46
2018-02-25 18:00,6,3759.0,Clear,-1.79
2018-02-25 19:00,6,2950.0,Clear,-2.64
2018-02-25 20:00,6,2604.0,Clear,-3.67
2018-02-25 21:00,6,2507.0,Clear,-4.36
2018-02-25 22:00,6,3097.0,Clear,-5.54
2018-02-25 23:00,6,1239.0,Clear,-6.2
2018-02-26 00:00,0,517.0,Clear,-6.93
2018-02-26 01:00,0,348.0,Clear,-7.64
2018-02-26 02:00,0,267.0,Clear,-8.87
2018-02-26 03:00,0,336.0,Mist,-9.36
2018-02-26 04:00,0,902.0,Clear,-9.53
2018-02-26 05:00,0,2665.0,Clear,-10.0
2018-02-26 06:00,0,5186.0,Clear,-10.0
2018-02-26 07:00,0,6034.0,Clear,-9.57
2018-02-26 08:00,0,5602.0,Clear,-9.24
2018-02-26 09:00,0,5033.0,Clear,-7.78
2018-02-26 10:00,0,4472.0,Clouds,-3.15
2018-02-26 11:00,0,4371.0,Clear,-1.87
2018-02-26 12:00,0,4532.0,Clear,0.71
2018-02-26 13:00,0,4602.0,Clear,2.71
2018-02-26 14:00,0,4875.0,Clouds,3.93
2018-02-26 15:00,0,5389.0,Clouds,4.53
2018-02-26 16:00,0,6370.0,Clear,5.0
2018-02-26 17:00,0,5920.0,Clear,4.8
2018-02-26 18:00,0,4442.0,Clear,3.39
2018-02-26 19:00,0,3086.0,Clear,1.87
2018-02-26 20:00,0,2642.0,Clear,1.43
2018-02-26 21:00,0,2197.0,Clear,1.07
2018-02-26 22:00,0,1528.0,Clear,0.43
2018-02-26 23:00,0,1008.0,Clear,-0.57
2018-02-27 00:00,1,529.0,Mist,-2.78
2018-02-27 01:00,1,329.0,Mist,-3.07
2018-02-27 02:00,1,255.0,Mist,-4.51
2018-02-27 03:00,1,370.0,Mist,-4.36
2018-02-27 04:00,1,878.0,Fog;Mist,-4.8
2018-02-27 05:00,1,2884.0,Fog;Haze;Mist,-5.87
2018-02-27 06:00,1,5418.0,Fog;Mist,-6.47
2018-02-27 07:00,1,6318.0,Fog;Mist,-8.22
2018-02-27 08:00,1,5876.0,Fog;Mist,-8.44
2018-02-27 09:00,1,5093.0,Fog;Haze;Mist,-4.59
2018-02-27 10:00,1,4349.0,Fog;Mist,-2.48
2018-02-27 11:00,1,4607.0,Clouds,0.48
2018-02-27 12:00,1,4901.0,Clear,1.85
2018-02-27 13:00,1,4912.0,Clear,3.79
2018-02-27 14:00,1,5221.0,Clouds,5.06
2018-02-27 15:00,1,5755.0,Clear,5.87
2018-02-27 16:00,1,6445.0,Clouds,5.93
2018-02-27 17:00,1,6202.0,Clouds,5.71
2018-02-27 18:00,1,4430.0,Clouds,5.69
2018-02-27 19:00,1,3376.0,Clouds,4.23
2018-02-27 20:00,1,2891.0,Clouds,2.78
2018-02-27 21:00,1,3376.0,Clouds,1.61
2018-02-27 22:00,1,3003.0,Clear,-0.06
2018-02-27 23:00,1,1151.0,Clear,-1.4
2018-02-28 00:00,2,602.0,Clear,-2.14
2018-02-28 01:00,2,340.0,Clear,-2.61
2018-02-28 02:00,2,294.0,Clear,-3.36
2018-02-28 03:00,2,378.0,Mist,-4.6
2018-02-28 04:00,2,887.0,Mist,-5.0
2018-02-28 05:00,2,2873.0,Mist,-5.34
2018-02-28 06:00,2,5649.0,Mist,-5.94
2018-02-28 07:00,2,6351.0,Mist,-7.07
2018-02-28 08:00,2,6007.0,Mist,-7.07
2018-02-28 09:00,2,5230.0,Mist,-4.41
2018-02-28 10:00,2,4561.0,Clear,-0.73
2018-02-28 11:00,2,4860.0,Clouds,2.43
2018-02-28 12:00,2,4936.0,Clouds,3.2
2018-02-28 13:00,2,5036.0,Clouds,4.6
2018-02-28 14:00,2,5255.0,Clouds,5.73
2018-02-28 15:00,2,5729.0,Clouds,6.38
2018-02-28 16:00,2,6563.0,Clear,6.77
2018-02-28 17:00,2,6316.0,Clouds,5.8
2018-02-28 18:00,2,4877.0,Clear,5.21
2018-02-28 19:00,2,3267.0,Clouds,3.47
2018-02-28 20:00,2,2939.0,Clouds,2.08
2018-02-28 21:00,2,2629.0,Clouds,1.72
2018-02-28 22:00,2,1780.0,Clouds,1.6
2018-02-28 23:00,2,1102.0,Clouds,1.53
2018-03-01 00:00,3,600.0,Clouds,1.46
2018-03-01 01:00,3,369.0,Clouds,0.8
2018-03-01 02:00,3,283.0,Clouds,0.07
2018-03-01 03:00,3,385.0,Clouds,-0.57
2018-03-01 04:00,3,919.0,Clouds,-1.64
2018-03-01 05:00,3,2872.0,Clear,-2.93
2018-03-01 06:00,3,5703.0,Clear,-4.4
2018-03-01 07:00,3,6275.0,Clear,-5.14
2018-03-01 08:00,3,5728.0,Clear,-6.01
2018-03-01 09:00,3,5419.0,Clear,-4.37
2018-03-01 10:00,3,4555.0,Clear,-2.08
2018-03-01 11:00,3,4875.0,Clear,-0.58
2018-03-01 12:00,3,5080.0,Clear,1.08
2018-03-01 13:00,3,5210.0,Clear,2.15
2018-03-01 14:00,3,5328.0,Clear,3.2
2018-03-01 15:00,3,5952.0,Clear,3.86
2018-03-01 16:00,3,6565.0,Clear,4.21
2018-03-01 17:00,3,6236.0,Clear,4.14
2018-03-01 18:00,3,4800.0,Clear,3.29
2018-03-01 19:00,3,3709.0,Clear,1.79
2018-03-01 20:00,3,3169.0,Clear,0.36
2018-03-01 21:00,3,2981.0,Clear,-1.06
2018-03-01 22:00,3,2166.0,Clear,-2.36
2018-03-01 23:00,3,1266.0,Clear,-3.5
2018-03-02 00:00,4,644.0,Clear,-4.94
2018-03-02 01:00,4,416.0,Clear,-6.0
2018-03-02 02:00,4,295.0,Mist,-6.64
2018-03-02 03:00,4,364.0,Mist,-8.07
2018-03-02 04:00,4,846.0,Haze;Mist,-9.22
2018-03-02 05:00,4,2670.0,Fog;Mist,-10.15
2018-03-02 06:00,4,5165.0,Haze;Mist,-11.8
2018-03-02 07:00,4,6497.0,Mist,-11.61
2018-03-02 08:00,4,5636.0,Mist,-11.21
2018-03-02 09:00,4,4945.0,Mist,-9.14
2018-03-02 10:00,4,4858.0,Mist,-6.48
2018-03-02 11:00,4,5171.0,Mist,-4.08
2018-03-02 12:00,4,5391.0,Haze,-1.5
2018-03-02 13:00,4,5390.0,Clouds,0.93
2018-03-02 14:00,4,5692.0,Clear,2.67
2018-03-02 15:00,4,6057.0,Clouds,3.53
2018-03-02 16:00,4,6730.0,Clouds,4.2
2018-03-02 17:00,4,6070.0,Clouds,4.0
2018-03-02 18:00,4,4954.0,Clouds,3.64
2018-03-02 19:00,4,3996.0,Clouds,3.07
2018-03-02 20:00,4,3551.0,Clouds,2.86
2018-03-02 21:00,4,3238.0,Clouds,2.47
2018-03-02 22:00,4,2453.0,Clouds,2.64
2018-03-02 23:00,4,1798.0,Clouds,2.35
2018-03-03 00:00,5,1516.0,Clouds,2.28
2018-03-03 01:00,5,751.0,Clouds,1.93
2018-03-03 02:00,5,497.0,Clear,1.29
2018-03-03 03:00,5,365.0,Clouds,1.07
2018-03-03 04:00,5,457.0,Clouds,1.43
2018-03-03 05:00,5,686.0,Clouds,1.71
2018-03-03 06:00,5,1174.0,Clouds,1.78
2018-03-03 07:00,5,2050.0,Clouds,1.71
2018-03-03 08:00,5,3029.0,Clouds,2.21
2018-03-03 09:00,5,3911.0,Clouds,2.93
2018-03-03 10:00,5,4598.0,Clouds,4.0
2018-03-03 11:00,5,4766.0,Clear,4.86
2018-03-03 12:00,5,5023.0,Clouds,5.06
2018-03-03 13:00,5,5240.0,Clouds,6.0
2018-03-03 14:00,5,5040.0,Clear,6.6
2018-03-03 15:00,5,4945.0,Clouds,6.93
2018-03-03 16:00,5,4855.0,Clouds,6.93
2018-03-03 17:00,5,4837.0,Clouds,6.78
2018-03-03 18:00,5,4396.0,Clouds,6.35
2018-03-03 19:00,5,3817.0,Clouds,5.71
2018-03-03 20:00,5,3169.0,Clouds,5.33
2018-03-03 21:00,5,3632.0,Clouds,5.06
2018-03-03 22:00,5,3148.0,Clouds,4.93
2018-03-03 23:00,5,1934.0,Clouds,4.66
2018-03-04 00:00,6,1216.0,Clouds,4.4
2018-03-04 01:00,6,756.0,Clouds,3.73
2018-03-04 02:00,6,543.0,Rain,3.53
2018-03-04 03:00,6,351.0,Clouds,3.29
2018-03-04 04:00,6,299.0,Drizzle;Rain,3.0
2018-03-04 05:00,6,431.0,Rain,2.69
2018-03-04 06:00,6,733.0,Drizzle;Rain;Thunderstorm,2.2
2018-03-04 07:00,6,1149.0,Rain;Thunderstorm,1.93
2018-03-04 08:00,6,1840.0,Rain;Snow;Thunderstorm,1.5
2018-03-04 09:00,6,2434.0,Rain,1.57
2018-03-04 10:00,6,3193.0,Rain;Snow,1.67
2018-03-04 11:00,6,3594.0,Drizzle;Rain,1.8
2018-03-04 12:00,6,4241.0,Rain;Snow,2.73
2018-03-04 13:00,6,4328.0,Clouds,3.28
2018-03-04 14:00,6,4341.0,Clouds,3.8
2018-03-04 15:00,6,4226.0,Clouds,4.07
2018-03-04 16:00,6,4537.0,Clouds,4.43
2018-03-04 17:00,6,4093.0,Clouds,4.67
2018-03-04 18:00,6,3910.0,Clouds,4.07
2018-03-04 19:00,6,2945.0,Rain,4.0
2018-03-04 20:00,6,3258.0,Clouds,3.8
2018-03-04 21:00,6,3017.0,Clouds,3.43
2018-03-04 22:00,6,1747.0,Rain,3.5
2018-03-04 23:00,6,1138.0,Drizzle;Rain,3.47
2018-03-05 00:00,0,703.0,Rain;Snow,2.67
2018-03-05 01:00,0,471.0,Rain;Snow,2.4
2018-03-05 02:00,0,391.0,Rain;Snow,1.85
2018-03-05 03:00,0,486.0,Rain;Snow;Thunderstorm,1.64
2018-03-05 04:00,0,976.0,Rain,1.71
2018-03-05 05:00,0,2704.0,Snow,1.71
2018-03-05 06:00,0,4879.0,Snow,1.86
2018-03-05 07:00,0,5062.0,Snow,1.87
2018-03-05 08:00,0,4211.0,Snow,1.67
2018-03-05 09:00,0,3780.0,Snow,1.53
2018-03-05 10:00,0,3586.0,Haze;Rain;Snow,1.64
2018-03-05 11:00,0,3611.0,Mist;Snow;Thunderstorm,1.4
2018-03-05 12:00,0,3719.0,Rain;Snow,2.0
2018-03-05 13:00,0,3682.0,Clouds,1.69
2018-03-05 14:00,0,3928.0,Clouds,1.71
2018-03-05 15:00,0,4151.0,Drizzle;Haze;Mist;Snow,0.86
2018-03-05 16:00,0,3260.0,Fog;Mist;Snow,-0.43
2018-03-05 17:00,0,1953.0,Fog;Snow,-1.06
2018-03-05 18:00,0,1389.0,Fog;Mist;Snow,-1.22
2018-03-05 19:00,0,1117.0,Mist;Snow,-1.5
2018-03-05 20:00,0,844.0,Mist;Snow,-1.87
2018-03-05 21:00,0,753.0,Mist;Snow,-2.0
2018-03-05 22:00,0,694.0,Mist;Snow,-2.0
2018-03-05 23:00,0,599.0,Mist;Snow,-1.79
2018-03-06 00:00,1,308.0,Mist;Snow,-1.72
2018-03-06 01:00,1,242.0,Mist;Snow,-1.72
2018-03-06 02:00,1,231.0,Mist;Snow,-1.79
2018-03-06 03:00,1,335.0,Mist;Snow,-1.87
2018-03-06 04:00,1,807.0,Mist;Snow,-1.93
2018-03-06 05:00,1,2537.0,Mist;Snow,-1.87
2018-03-06 06:00,1,4601.0,Mist;Snow,-1.8
2018-03-06 07:00,1,4848.0,Mist;Snow,-2.0
2018-03-06 08:00,1,4623.0,Mist;Snow,-1.72
2018-03-06 09:00,1,4085.0,Snow,-1.64
2018-03-06 10:00,1,3602.0,Snow,-1.57
2018-03-06 11:00,1,3781.0,Mist;Rain;Snow,-1.13
2018-03-06 12:00,1,4037.0,Snow,0.14
2018-03-06 13:00,1,4166.0,Snow,0.0
2018-03-06 14:00,1,4671.0,Clouds,0.5
2018-03-06 15:00,1,5260.0,Clouds,0.4
2018-03-06 16:00,1,6420.0,Clouds,0.0
2018-03-06 17:00,1,5874.0,Clouds,-0.27
2018-03-06 18:00,1,4400.0,Clouds,-0.71
2018-03-06 19:00,1,3188.0,Clear,-2.28
2018-03-06 20:00,1,2600.0,Clear,-3.15
2018-03-06 21:00,1,3415.0,Clear,-4.15
2018-03-06 22:00,1,2587.0,Clear,-5.6
2018-03-06 23:00,1,1144.0,Clear,-6.45
2018-03-07 00:00,2,591.0,Clear,-6.07
2018-03-07 01:00,2,376.0,Clear,-6.21
2018-03-07 02:00,2,247.0,Haze,-7.58
2018-03-07 03:00,2,378.0,Haze,-8.35
2018-03-07 04:00,2,921.0,Fog;Mist,-9.78
2018-03-07 05:00,2,2875.0,Mist,-10.89
2018-03-07 06:00,2,5670.0,Mist,-10.44
2018-03-07 07:00,2,6121.0,Mist,-11.15
2018-03-07 08:00,2,5896.0,Mist,-9.94
2018-03-07 09:00,2,5343.0,Mist,-9.65
2018-03-07 10:00,2,4619.0,Clear,-8.47
2018-03-07 11:00,2,4819.0,Clouds,-6.28
2018-03-07 12:00,2,4879.0,Clouds,-5.15
2018-03-07 13:00,2,5093.0,Clouds,-3.65
2018-03-07 14:00,2,5160.0,Clouds,-3.47
2018-03-07 15:00,2,5886.0,Clouds,-2.62
2018-03-07 16:00,2,6849.0,Clouds,-2.62
2018-03-07 17:00,2,5951.0,Clouds,-3.15
2018-03-07 18:00,2,4637.0,Clear,-3.43
2018-03-07 19:00,2,3367.0,Clear,-4.6
2018-03-07 20:00,2,3297.0,Clear,-6.33
2018-03-07 21:00,2,2451.0,Clear,-8.19
2018-03-07 22:00,2,1790.0,Clear,-9.0
2018-03-07 23:00,2,1352.0,Clear,-9.65
2018-03-08 00:00,3,545.0,Clear,-9.92
2018-03-08 01:00,3,368.0,Clear,-10.49
2018-03-08 02:00,3,260.0,Clear,-10.92
2018-03-08 03:00,3,344.0,Clear,-11.5
2018-03-08 04:00,3,887.0,Clear,-11.5
2018-03-08 05:00,3,2788.0,Clear,-11.57
2018-03-08 06:00,3,5661.0,Clear,-12.07
2018-03-08 07:00,3,6280.0,Clear,-13.07
2018-03-08 08:00,3,6042.0,Clear,-12.67
2018-03-08 09:00,3,5221.0,Clear,-10.22
2018-03-08 10:00,3,4669.0,Clear,-7.66
2018-03-08 11:00,3,4922.0,Clear,-5.29
2018-03-08 12:00,3,4946.0,Clear,-4.01
2018-03-08 13:00,3,5117.0,Clear,-2.86
2018-03-08 14:00,3,5349.0,Clear,-2.07
2018-03-08 15:00,3,5983.0,Clear,-1.57
2018-03-08 16:00,3,6738.0,Clear,-1.64
2018-03-08 17:00,3,6200.0,Clear,-2.0
2018-03-08 18:00,3,5136.0,Clear,-2.57
2018-03-08 19:00,3,3509.0,Clear,-3.86
2018-03-08 20:00,3,3565.0,Clear,-5.66
2018-03-08 21:00,3,2951.0,Clouds,-7.06
2018-03-08 22:00,3,2759.0,Clouds,-7.4
2018-03-08 23:00,3,2179.0,Clouds,-7.47
2018-03-09 00:00,4,665.0,Clouds,-7.47
2018-03-09 01:00,4,415.0,Clouds,-6.86
2018-03-09 02:00,4,300.0,Clouds,-7.14
2018-03-09 03:00,4,389.0,Clouds,-7.0
2018-03-09 04:00,4,839.0,Clouds,-8.07
2018-03-09 05:00,4,2711.0,Clouds,-8.5
2018-03-09 06:00,4,5349.0,Mist,-9.86
2018-03-09 07:00,4,6520.0,Mist,-10.36
2018-03-09 08:00,4,5947.0,Haze;Mist,-10.6
2018-03-09 09:00,4,5174.0,Mist,-8.21
2018-03-09 10:00,4,4876.0,Haze;Mist,-5.67
2018-03-09 11:00,4,5160.0,Clear,-3.27
2018-03-09 12:00,4,5257.0,Clear,-1.72
2018-03-09 13:00,4,5602.0,Clear,-0.4
2018-03-09 14:00,4,5763.0,Clear,-0.07
2018-03-09 15:00,4,6001.0,Clear,0.22
2018-03-09 16:00,4,6641.0,Clear,0.86
2018-03-09 17:00,4,6062.0,Clear,0.79
2018-03-09 18:00,4,5207.0,Clouds,0.14
2018-03-09 19:00,4,3864.0,Clouds,-2.0
2018-03-09 20:00,4,3377.0,Clear,-3.64
2018-03-09 21:00,4,3118.0,Clear,-4.66
2018-03-09 22:00,4,2649.0,Clear,-5.53
2018-03-09 23:00,4,2989.0,Clear,-6.59
2018-03-10 00:00,5,1175.0,Clear,-6.35
2018-03-10 01:00,5,685.0,Clouds,-6.35
2018-03-10 03:00,5,358.0,Clouds,-5.99
2018-03-10 04:00,5,404.0,Clouds,-5.56
2018-03-10 05:00,5,696.0,Clouds,-4.99
2018-03-10 06:00,5,1242.0,Clouds,-4.57
2018-03-10 07:00,5,1911.0,Clouds,-4.26
2018-03-10 08:00,5,3100.0,Clouds,-3.71
2018-03-10 09:00,5,4057.0,Snow,-2.64
2018-03-10 10:00,5,4476.0,Snow,-1.93
2018-03-10 11:00,5,4732.0,Snow,-0.67
2018-03-10 12:00,5,5312.0,Snow,0.27
2018-03-10 13:00,5,4990.0,Clouds,1.07
2018-03-10 14:00,5,5404.0,Rain,0.93
2018-03-10 15:00,5,5548.0,Clouds,1.36
2018-03-10 16:00,5,5194.0,Clouds,1.67
2018-03-10 17:00,5,5142.0,Clouds,1.43
2018-03-10 18:00,5,4776.0,Clouds,1.64
2018-03-10 19:00,5,4004.0,Clouds,1.07
2018-03-10 20:00,5,3223.0,Clouds,1.0
2018-03-10 21:00,5,3602.0,Clouds,0.69
2018-03-10 22:00,5,4040.0,Clouds,0.47
2018-03-10 23:00,5,2433.0,Clouds,0.22
2018-03-11 00:00,6,1662.0,Mist;Snow,0.2
2018-03-11 01:00,6,975.0,Mist;Snow,0.29
2018-03-11 03:00,6,420.0,Drizzle;Mist;Snow,-0.15
2018-03-11 04:00,6,419.0,Mist;Rain;Snow,-0.15
2018-03-11 05:00,6,490.0,Mist;Rain;Snow,-0.71
2018-03-11 06:00,6,740.0,Mist;Rain;Snow,-0.65
2018-03-11 07:00,6,1039.0,Mist;Rain;Snow,-0.79
2018-03-11 08:00,6,1607.0,Mist;Snow,-0.64
2018-03-11 09:00,6,2559.0,Mist,-0.43
2018-03-11 10:00,6,3400.0,Mist,0.07
2018-03-11 11:00,6,3810.0,Mist,0.53
2018-03-11 12:00,6,4339.0,Haze;Mist,1.27
2018-03-11 13:00,6,4840.0,Mist,1.64
2018-03-11 14:00,6,4749.0,Mist,2.35
2018-03-11 15:00,6,4396.0,Haze,2.28
2018-03-11 16:00,6,4242.0,Haze;Mist,2.21
2018-03-11 17:00,6,4068.0,Mist,2.0
2018-03-11 18:00,6,3571.0,Mist,1.93
2018-03-11 19:00,6,2939.0,Haze;Mist,1.93
2018-03-11 20:00,6,2546.0,Haze;Mist,1.57
2018-03-11 21:00,6,2118.0,Mist,1.2
2018-03-11 22:00,6,1523.0,Clouds,1.06
2018-03-11 23:00,6,1000.0,Clouds,0.67
2018-03-12 00:00,0,528.0,Clouds,-0.27
2018-03-12 01:00,0,360.0,Clear,-1.13
2018-03-12 02:00,0,228.0,Clear,-2.13
2018-03-12 03:00,0,356.0,Mist,-3.0
2018-03-12 04:00,0,851.0,Clear,-4.0
2018-03-12 05:00,0,2742.0,Clear,-4.33
2018-03-12 06:00,0,5331.0,Clear,-4.86
2018-03-12 07:00,0,6336.0,Clear,-5.72
2018-03-12 08:00,0,5668.0,Clear,-6.0
2018-03-12 09:00,0,4693.0,Clear,-5.65
2018-03-12 10:00,0,4213.0,Clear,-3.51
2018-03-12 11:00,0,4265.0,Clear,-1.41
2018-03-12 12:00,0,4666.0,Clear,0.14
2018-03-12 13:00,0,4748.0,Clear,2.0
2018-03-12 14:00,0,4554.0,Clear,3.0
2018-03-12 15:00,0,5784.0,Clear,3.57
2018-03-12 16:00,0,6655.0,Clear,3.66
2018-03-12 17:00,0,6001.0,Clear,3.93
2018-03-12 18:00,0,4388.0,Clear,3.85
2018-03-12 19:00,0,3346.0,Clear,3.2
2018-03-12 20:00,0,2806.0,Clouds,1.79
2018-03-12 21:00,0,2301.0,Clouds,0.86
2018-03-12 22:00,0,2592.0,Clear,-0.13
2018-03-12 23:00,0,2003.0,Clear,-0.5
2018-03-13 00:00,1,666.0,Clear,-1.2
2018-03-13 01:00,1,414.0,Clear,-1.86
2018-03-13 02:00,1,301.0,Clear,-2.4
2018-03-13 03:00,1,380.0,Clear,-3.0
2018-03-13 04:00,1,865.0,Clear,-4.0
2018-03-13 05:00,1,2872.0,Clear,-4.21
2018-03-13 06:00,1,5420.0,Clear,-4.86
2018-03-13 07:00,1,6404.0,Clear,-5.5
2018-03-13 08:00,1,5880.0,Clouds,-6.07
2018-03-13 09:00,1,5093.0,Clear,-6.0
2018-03-13 10:00,1,4410.0,Clouds,-3.94
2018-03-13 11:00,1,4591.0,Clear,-2.64
2018-03-13 12:00,1,4749.0,Clouds,-1.27
2018-03-13 13:00,1,5062.0,Clear,-0.54
2018-03-13 14:00,1,5187.0,Clouds,0.4
2018-03-13 15:00,1,5895.0,Clear,0.71
2018-03-13 16:00,1,6366.0,Clear,1.46
2018-03-13 17:00,1,5413.0,Clear,1.78
2018-03-13 18:00,1,4470.0,Clear,1.93
2018-03-13 19:00,1,3436.0,Clear,1.43
2018-03-13 20:00,1,2933.0,Clear,0.29
2018-03-13 21:00,1,2736.0,Clear,-0.73
2018-03-13 22:00,1,3761.0,Clear,-1.4
2018-03-13 23:00,1,1287.0,Clear,-2.0
2018-03-14 00:00,2,665.0,Clear,-2.86
2018-03-14 01:00,2,340.0,Clear,-3.33
2018-03-14 02:00,2,285.0,Clear,-3.67
2018-03-14 03:00,2,378.0,Clear,-4.07
2018-03-14 04:00,2,903.0,Clear,-4.5
2018-03-14 05:00,2,2785.0,Clear,-5.28
2018-03-14 06:00,2,5526.0,Clear,-5.8
2018-03-14 07:00,2,6542.0,Clear,-6.0
2018-03-14 08:00,2,5854.0,Clear,-5.4
2018-03-14 09:00,2,5312.0,Clouds,-4.47
2018-03-14 10:00,2,4511.0,Clear,-2.08
2018-03-14 11:00,2,4825.0,Clear,0.4
2018-03-14 12:00,2,4908.0,Clear,2.28
2018-03-14 13:00,2,5044.0,Clear,3.43
2018-03-14 14:00,2,5251.0,Clear,4.53
2018-03-14 15:00,2,5906.0,Clear,5.47
2018-03-14 16:00,2,6789.0,Clear,6.53
2018-03-14 17:00,2,6137.0,Clouds,6.73
2018-03-14 18:00,2,4718.0,Clear,6.8
2018-03-14 19:00,2,3426.0,Clear,6.2
2018-03-14 20:00,2,3115.0,Clear,4.81
2018-03-14 21:00,2,2507.0,Clear,3.08
2018-03-14 22:00,2,1810.0,Clear,1.79
2018-03-14 23:00,2,1094.0,Clear,0.8
2018-03-15 00:00,3,577.0,Clear,0.14
2018-03-15 01:00,3,354.0,Clear,0.38
2018-03-15 02:00,3,259.0,Clear,-0.5
2018-03-15 04:00,3,910.0,Mist,-1.78
2018-03-15 05:00,3,2797.0,Mist,-2.14
2018-03-15 06:00,3,4965.0,Clear,-2.38
2018-03-15 07:00,3,6537.0,Clear,-3.21
2018-03-15 08:00,3,5907.0,Clear,-3.29
2018-03-15 09:00,3,5177.0,Clear,-2.6
2018-03-15 10:00,3,4675.0,Clear,-1.62
2018-03-15 11:00,3,4905.0,Clear,-1.0
2018-03-15 12:00,3,5113.0,Clear,-0.07
2018-03-15 13:00,3,5165.0,Clear,0.8
2018-03-15 14:00,3,5448.0,Clear,1.5
2018-03-15 15:00,3,5960.0,Clear,2.0
2018-03-15 16:00,3,6586.0,Clear,2.57
2018-03-15 17:00,3,6279.0,Clear,2.78
2018-03-15 18:00,3,4771.0,Clear,2.27
2018-03-15 19:00,3,3503.0,Clear,1.67
2018-03-15 20:00,3,3093.0,Clear,0.4
2018-03-15 21:00,3,2685.0,Clear,-0.42
2018-03-15 22:00,3,2157.0,Haze,-1.21
2018-03-15 23:00,3,1205.0,Haze,-1.92
2018-03-16 00:00,4,661.0,Haze,-2.14
2018-03-16 01:00,4,386.0,Haze,-2.77
2018-03-16 02:00,4,287.0,Haze,-4.4
2018-03-16 04:00,4,793.0,Haze,-5.13
2018-03-16 05:00,4,2731.0,Haze,-5.07
2018-03-16 06:00,4,4997.0,Haze,-5.78
2018-03-16 07:00,4,6242.0,Haze,-6.42
2018-03-16 08:00,4,5574.0,Clouds,-6.42
2018-03-16 09:00,4,4900.0,Clear,-5.53
2018-03-16 10:00,4,4578.0,Clouds,-3.15
2018-03-16 11:00,4,5056.0,Clear,-1.79
2018-03-16 12:00,4,5381.0,Clouds,-0.54
2018-03-16 13:00,4,5398.0,Clear,0.69
2018-03-16 14:00,4,5594.0,Clouds,2.0
2018-03-16 15:00,4,5999.0,Clouds,3.0
2018-03-16 16:00,4,6607.0,Clouds,3.57
2018-03-16 17:00,4,6023.0,Clear,3.54
2018-03-16 18:00,4,4952.0,Clear,3.23
2018-03-16 19:00,4,4004.0,Clear,2.65
2018-03-16 20:00,4,3503.0,Clear,1.36
2018-03-16 21:00,4,3111.0,Clear,0.07
2018-03-16 22:00,4,3079.0,Clear,-1.06
2018-03-16 23:00,4,1903.0,Clear,-0.92
2018-03-17 00:00,5,1125.0,Clear,-0.3
2018-03-17 01:00,5,621.0,Clear,-0.85
2018-03-17 02:00,5,498.0,Clear,-1.57
2018-03-17 03:00,5,386.0,Clear,-2.28
2018-03-17 04:00,5,391.0,Clear,-3.86
2018-03-17 05:00,5,681.0,Clear,-4.35
2018-03-17 06:00,5,1167.0,Clear,-5.19
2018-03-17 07:00,5,1895.0,Clear,-5.86
2018-03-17 08:00,5,3095.0,Clear,-6.39
2018-03-17 09:00,5,3956.0,Clear,-4.74
2018-03-17 10:00,5,4651.0,Clear,-1.65
2018-03-17 11:00,5,5278.0,Clear,1.07
2018-03-17 12:00,5,5798.0,Clear,3.2
2018-03-17 13:00,5,5686.0,Clear,4.94
2018-03-17 14:00,5,5616.0,Clear,5.93
2018-03-17 15:00,5,5217.0,Clear,7.07
2018-03-17 16:00,5,4708.0,Clear,7.71
2018-03-17 17:00,5,4954.0,Clear,7.57
2018-03-17 18:00,5,4595.0,Clear,7.87
2018-03-17 19:00,5,3918.0,Clear,7.5
2018-03-17 20:00,5,3534.0,Clear,4.5
2018-03-17 21:00,5,3351.0,Clear,2.8
2018-03-17 22:00,5,3739.0,Clear,0.58
2018-03-17 23:00,5,2596.0,Clear,-0.4
2018-03-18 00:00,6,1642.0,Clear,-1.78
2018-03-18 01:00,6,1075.0,Clear,-2.85
2018-03-18 02:00,6,719.0,Clear,-3.39
2018-03-18 03:00,6,417.0,Clear,-3.99
2018-03-18 04:00,6,321.0,Clear,-4.46
2018-03-18 05:00,6,439.0,Clear,-4.66
2018-03-18 06:00,6,761.0,Clear,-4.93
2018-03-18 07:00,6,1020.0,Clouds,-4.93
2018-03-18 08:00,6,1840.0,Clouds,-5.06
2018-03-18 09:00,6,2776.0,Clouds,-2.6
2018-03-18 10:00,6,3658.0,Clouds,-0.53
2018-03-18 11:00,6,4175.0,Clouds,1.5
2018-03-18 12:00,6,4575.0,Clouds,3.14
2018-03-18 13:00,6,4713.0,Clouds,4.34
2018-03-18 14:00,6,4783.0,Clouds,5.0
2018-03-18 15:00,6,4797.0,Clouds,5.2
2018-03-18 16:00,6,4727.0,Clouds,5.0
2018-03-18 17:00,6,4649.0,Clouds,5.07
2018-03-18 18:00,6,3868.0,Clouds,5.14
2018-03-18 19:00,6,3174.0,Clouds,4.28
2018-03-18 20:00,6,2692.0,Clouds,3.64
2018-03-18 21:00,6,2068.0,Clouds,3.46
2018-03-18 22:00,6,1560.0,Clouds,3.14
2018-03-18 23:00,6,966.0,Clouds,3.0
2018-03-19 00:00,0,540.0,Clouds,2.57
2018-03-19 01:00,0,293.0,Haze,2.69
2018-03-19 02:00,0,254.0,Clouds,2.07
2018-03-19 03:00,0,348.0,Clouds,2.15
2018-03-19 04:00,0,819.0,Clouds,1.66
2018-03-19 05:00,0,2788.0,Clouds,1.0
2018-03-19 06:00,0,5370.0,Clouds,0.93
2018-03-19 07:00,0,6710.0,Clouds,0.22
2018-03-19 08:00,0,5983.0,Clear,-0.07
2018-03-19 09:00,0,4958.0,Clouds,-0.07
2018-03-19 10:00,0,4320.0,Clouds,0.8
2018-03-19 11:00,0,4551.0,Clouds,1.46
2018-03-19 12:00,0,4636.0,Clouds,2.49
2018-03-19 13:00,0,4712.0,Clouds,3.07
2018-03-19 14:00,0,4974.0,Clouds,4.19
2018-03-19 15:00,0,5694.0,Clear,4.67
2018-03-19 16:00,0,6470.0,Clouds,5.0
2018-03-19 17:00,0,5955.0,Clouds,5.01
2018-03-19 18:00,0,4314.0,Clouds,4.54
2018-03-19 19:00,0,3201.0,Clouds,3.74
2018-03-19 20:00,0,2582.0,Clouds,3.0
2018-03-19 21:00,0,2628.0,Clouds,2.2
2018-03-19 22:00,0,3231.0,Clouds,1.6
2018-03-19 23:00,0,1086.0,Clouds,1.07
2018-03-20 00:00,1,556.0,Clouds,0.4
2018-03-20 01:00,1,337.0,Clouds,0.2
2018-03-20 02:00,1,247.0,Clouds,-0.6
2018-03-20 03:00,1,353.0,Clouds,-0.73
2018-03-20 04:00,1,885.0,Clouds,-1.4
2018-03-20 05:00,1,2867.0,Clouds,-1.53
2018-03-20 06:00,1,5619.0,Snow,-1.8
2018-03-20 07:00,1,6426.0,Snow,-2.14
2018-03-20 08:00,1,5876.0,Snow,-2.79
2018-03-20 09:00,1,5130.0,Mist;Snow,-2.47
2018-03-20 10:00,1,4406.0,Haze;Mist;Snow,-2.07
2018-03-20 11:00,1,4427.0,Mist;Snow,-2.07
2018-03-20 12:00,1,4600.0,Mist;Snow,-1.79
2018-03-20 13:00,1,4696.0,Mist;Snow,-1.07
2018-03-20 14:00,1,4958.0,Drizzle;Haze;Mist;Rain;Snow,-0.94
2018-03-20 15:00,1,5690.0,Haze;Mist;Rain;Snow,-0.86
2018-03-20 16:00,1,6609.0,Haze;Snow,-0.69
2018-03-20 17:00,1,6097.0,Haze;Snow,-0.69
2018-03-20 18:00,1,4569.0,Snow,-0.93
2018-03-20 19:00,1,3098.0,Mist;Snow,-1.15
2018-03-20 20:00,1,2741.0,Haze;Mist;Snow,-1.54
2018-03-20 21:00,1,2517.0,Haze;Mist;Snow,-1.93
2018-03-20 22:00,1,1621.0,Haze;Snow,-2.2
2018-03-20 23:00,1,1062.0,Clear,-3.21
2018-03-21 00:00,2,578.0,Clear,-3.71
2018-03-21 01:00,2,335.0,Clear,-4.0
2018-03-21 02:00,2,261.0,Clear,-4.6
2018-03-21 03:00,2,353.0,Mist,-5.14
2018-03-21 04:00,2,893.0,Mist,-5.36
2018-03-21 05:00,2,2950.0,Mist,-5.71
2018-03-21 06:00,2,5538.0,Mist,-5.93
2018-03-21 07:00,2,6840.0,Clouds,-5.5
2018-03-21 08:00,2,6218.0,Mist;Snow,-4.69
2018-03-21 09:00,2,5356.0,Mist;Snow,-3.86
2018-03-21 10:00,2,4551.0,Snow,-3.07
2018-03-21 11:00,2,4807.0,Snow,-1.93
2018-03-21 12:00,2,4993.0,Clouds,-0.47
2018-03-21 13:00,2,4879.0,Clouds,0.5
2018-03-21 14:00,2,5173.0,Clouds,1.07
2018-03-21 15:00,2,5863.0,Clouds,2.0
2018-03-21 16:00,2,6790.0,Clouds,2.36
2018-03-21 17:00,2,6310.0,Clouds,2.43
2018-03-21 18:00,2,4591.0,Clouds,2.34
2018-03-21 19:00,2,3493.0,Clouds,2.13
2018-03-21 20:00,2,2991.0,Clouds,1.72
2018-03-21 21:00,2,2592.0,Clouds,1.43
2018-03-21 22:00,2,1664.0,Clouds,1.31
2018-03-21 23:00,2,1093.0,Clouds,0.93
2018-03-22 00:00,3,609.0,Clouds,0.85
2018-03-22 01:00,3,346.0,Clouds,0.21
2018-03-22 02:00,3,228.0,Clouds,0.46
2018-03-22 03:00,3,330.0,Clouds,0.39
2018-03-22 04:00,3,868.0,Clouds,-0.14
2018-03-22 05:00,3,2903.0,Clouds,-0.07
2018-03-22 06:00,3,5530.0,Clouds,0.08
2018-03-22 07:00,3,6833.0,Clouds,0.16
2018-03-22 08:00,3,6206.0,Clouds,-0.21
2018-03-22 09:00,3,5222.0,Haze,0.21
2018-03-22 10:00,3,4573.0,Haze,0.86
2018-03-22 11:00,3,5059.0,Haze,1.71
2018-03-22 12:00,3,5162.0,Clouds,2.64
2018-03-22 13:00,3,5165.0,Clouds,3.47
2018-03-22 14:00,3,5386.0,Clouds,4.07
2018-03-22 15:00,3,5963.0,Clouds,4.47
2018-03-22 16:00,3,6918.0,Clouds,5.0
2018-03-22 17:00,3,6374.0,Clouds,5.14
2018-03-22 18:00,3,4694.0,Clouds,5.28
2018-03-22 19:00,3,3737.0,Clear,5.15
2018-03-22 20:00,3,3510.0,Clear,3.65
2018-03-22 21:00,3,2896.0,Clear,1.74
2018-03-22 22:00,3,2298.0,Clear,0.21
2018-03-22 23:00,3,1235.0,Clear,-0.86
2018-03-23 00:00,4,645.0,Clear,-2.15
2018-03-23 01:00,4,379.0,Clear,-2.57
2018-03-23 02:00,4,285.0,Clear,-2.99
2018-03-23 03:00,4,382.0,Mist,-3.28
2018-03-23 04:00,4,800.0,Clear,-4.07
2018-03-23 05:00,4,2744.0,Clear,-4.19
2018-03-23 06:00,4,5245.0,Clear,-3.99
2018-03-23 07:00,4,6407.0,Clear,-3.53
2018-03-23 08:00,4,5885.0,Clouds,-3.13
2018-03-23 09:00,4,5294.0,Clouds,-0.79
2018-03-23 10:00,4,4876.0,Clear,0.92
2018-03-23 11:00,4,5230.0,Clouds,2.28
2018-03-23 12:00,4,5405.0,Clouds,3.07
2018-03-23 13:00,4,5369.0,Clouds,3.5
2018-03-23 14:00,4,5525.0,Clouds,3.78
2018-03-23 15:00,4,6042.0,Clear,4.07
2018-03-23 16:00,4,6712.0,Clouds,4.53
2018-03-23 17:00,4,6248.0,Clouds,4.21
2018-03-23 18:00,4,5041.0,Clouds,4.21
2018-03-23 19:00,4,4067.0,Clouds,3.6
2018-03-23 20:00,4,3229.0,Clouds,3.2
2018-03-23 21:00,4,2915.0,Thunderstorm,3.0
2018-03-23 22:00,4,2928.0,Clouds,2.71
2018-03-23 23:00,4,2932.0,Clouds,2.67
2018-03-24 00:00,5,1453.0,Clouds,2.53
2018-03-24 01:00,5,950.0,Clouds,2.27
2018-03-24 08:00,5,3049.0,Clouds,-1.73
2018-03-24 09:00,5,3912.0,Clouds,-2.0
2018-03-24 10:00,5,4466.0,Clouds,-1.67
2018-03-24 11:00,5,6006.0,Clouds,-0.79
2018-03-24 12:00,5,6470.0,Clear,-0.22
2018-03-24 13:00,5,5148.0,Clear,1.07
2018-03-24 14:00,5,4994.0,Clear,2.07
2018-03-24 15:00,5,5019.0,Clear,2.71
2018-03-24 16:00,5,4874.0,Clear,3.21
2018-03-24 17:00,5,4787.0,Clear,3.93
2018-03-24 18:00,5,4511.0,Clear,4.17
2018-03-24 19:00,5,3788.0,Clear,3.85
2018-03-24 20:00,5,3044.0,Clear,2.34
2018-03-24 21:00,5,3602.0,Clouds,2.2
2018-03-24 22:00,5,4409.0,Clouds,0.93
2018-03-24 23:00,5,2104.0,Clear,0.65
2018-03-25 00:00,6,1324.0,Clear,0.36
2018-03-25 01:00,6,795.0,Clear,-0.14
2018-03-25 02:00,6,658.0,Clear,-0.36
2018-03-25 03:00,6,340.0,Clear,-0.93
2018-03-25 04:00,6,274.0,Clear,-1.07
2018-03-25 05:00,6,440.0,Clouds,-1.28
2018-03-25 06:00,6,771.0,Clouds,-1.5
2018-03-25 07:00,6,1158.0,Clouds,-1.78
2018-03-25 08:00,6,1847.0,Clouds,-2.0
2018-03-25 09:00,6,2788.0,Clear,-1.64
2018-03-25 10:00,6,3617.0,Clear,-0.79
2018-03-25 11:00,6,3939.0,Clear,0.47
2018-03-25 12:00,6,4628.0,Clouds,1.57
2018-03-25 13:00,6,4615.0,Clouds,2.92
2018-03-25 14:00,6,4447.0,Clouds,3.93
2018-03-25 15:00,6,4447.0,Clouds,4.86
2018-03-25 16:00,6,4540.0,Clouds,5.72
2018-03-25 17:00,6,4345.0,Clouds,5.71
2018-03-25 18:00,6,3799.0,Clouds,5.33
2018-03-25 19:00,6,2980.0,Clouds,5.33
2018-03-25 20:00,6,2784.0,Clouds,4.67
2018-03-25 21:00,6,3967.0,Clouds,4.26
2018-03-25 22:00,6,1794.0,Clouds,4.2
2018-03-25 23:00,6,984.0,Clouds,4.13
2018-03-26 00:00,0,518.0,Clouds,4.0
2018-03-26 01:00,0,325.0,Clouds,3.8
2018-03-26 02:00,0,248.0,Snow,3.5
2018-03-26 03:00,0,336.0,Mist;Snow,2.41
2018-03-26 04:00,0,851.0,Clouds,-1.02
2018-03-26 05:00,0,2625.0,Mist;Snow,0.0
2018-03-26 06:00,0,5213.0,Rain;Snow,0.08
2018-03-26 07:00,0,6382.0,Snow,0.07
2018-03-26 08:00,0,5654.0,Clouds,0.0
2018-03-26 09:00,0,4843.0,Clouds,0.13
2018-03-26 10:00,0,4129.0,Clouds,0.43
2018-03-26 11:00,0,4370.0,Rain,1.26
2018-03-26 12:00,0,4562.0,Clouds,1.8
2018-03-26 13:00,0,4661.0,Clouds,1.93
2018-03-26 14:00,0,4992.0,Rain;Snow,2.13
2018-03-26 15:00,0,5494.0,Rain,2.27
2018-03-26 16:00,0,6402.0,Drizzle;Rain,2.15
2018-03-26 17:00,0,5956.0,Drizzle;Rain;Snow,1.86
2018-03-26 18:00,0,4041.0,Drizzle;Mist;Rain,1.36
2018-03-26 19:00,0,3000.0,Mist;Rain;Snow,1.21
2018-03-26 20:00,0,2500.0,Drizzle;Mist;Rain,1.07
2018-03-26 21:00,0,2012.0,Drizzle;Mist;Rain;Snow,0.93
2018-03-26 22:00,0,1413.0,Mist;Rain,0.93
2018-03-26 23:00,0,877.0,Drizzle;Mist;Rain,1.0
2018-03-27 00:00,1,516.0,Drizzle;Haze;Mist;Rain,0.93
2018-03-27 01:00,1,313.0,Drizzle;Fog;Haze;Mist,1.0
2018-03-27 02:00,1,249.0,Mist,0.85
2018-03-27 03:00,1,344.0,Mist,0.79
2018-03-27 04:00,1,879.0,Mist,0.85
2018-03-27 05:00,1,2781.0,Mist,0.77
2018-03-27 06:00,1,5421.0,Mist,0.77
2018-03-27 07:00,1,6696.0,Haze;Mist,0.69
2018-03-27 08:00,1,5970.0,Haze;Mist,0.69
2018-03-27 09:00,1,5088.0,Haze;Mist,0.79
2018-03-27 10:00,1,4388.0,Mist,0.93
2018-03-27 11:00,1,4466.0,Clouds,1.14
2018-03-27 12:00,1,5025.0,Mist,1.5
2018-03-27 13:00,1,4793.0,Clouds,2.28
2018-03-27 14:00,1,5374.0,Clouds,3.5
2018-03-27 15:00,1,5801.0,Clouds,4.66
2018-03-27 16:00,1,6868.0,Clouds,6.13
2018-03-27 17:00,1,6139.0,Clear,7.53
2018-03-27 18:00,1,4715.0,Clear,7.85
2018-03-27 19:00,1,3441.0,Clear,7.92
2018-03-27 20:00,1,2952.0,Clear,6.58
2018-03-27 21:00,1,2415.0,Clear,4.4
2018-03-27 22:00,1,2058.0,Clear,3.33
2018-03-27 23:00,1,1060.0,Clear,2.53
2018-03-28 00:00,2,600.0,Clear,1.64
2018-03-28 01:00,2,380.0,Haze,1.5
2018-03-28 02:00,2,263.0,Mist,0.6
2018-03-28 03:00,2,352.0,Mist,0.07
2018-03-28 04:00,2,859.0,Mist,-0.29
2018-03-28 05:00,2,2825.0,Haze;Mist,-0.2
2018-03-28 06:00,2,5355.0,Mist,-0.39
2018-03-28 07:00,2,6650.0,Mist,-0.53
2018-03-28 08:00,2,6014.0,Mist,-0.07
2018-03-28 09:00,2,5082.0,Mist,1.66
2018-03-28 10:00,2,4655.0,Mist,3.57
2018-03-28 11:00,2,4775.0,Clouds,6.46
2018-03-28 12:00,2,5066.0,Clouds,7.79
2018-03-28 13:00,2,5197.0,Clouds,8.66
2018-03-28 14:00,2,5484.0,Clouds,9.29
2018-03-28 15:00,2,5938.0,Clouds,9.53
2018-03-28 16:00,2,6988.0,Clouds,9.33
2018-03-28 17:00,2,6540.0,Drizzle;Rain,8.35
2018-03-28 18:00,2,4918.0,Clouds,8.2
2018-03-28 19:00,2,3392.0,Clouds,7.33
2018-03-28 20:00,2,3105.0,Clouds,5.93
2018-03-28 21:00,2,2616.0,Clouds,4.46
2018-03-28 22:00,2,1736.0,Clear,3.23
2018-03-28 23:00,2,1132.0,Clear,2.15
2018-03-29 00:00,3,553.0,Clear,0.34
2018-03-29 01:00,3,354.0,Clear,-0.73
2018-03-29 03:00,3,353.0,Clear,-2.33
2018-03-29 04:00,3,859.0,Clear,-2.93
2018-03-29 05:00,3,2804.0,Clear,-3.67
2018-03-29 06:00,3,5405.0,Clear,-4.33
2018-03-29 07:00,3,6460.0,Clouds,-4.8
2018-03-29 08:00,3,6002.0,Clear,-5.0
2018-03-29 09:00,3,4995.0,Clouds,-4.0
2018-03-29 10:00,3,4579.0,Clouds,-3.14
2018-03-29 11:00,3,5058.0,Clear,-2.27
2018-03-29 12:00,3,5252.0,Clear,-1.07
2018-03-29 13:00,3,5338.0,Clear,-0.15
2018-03-29 14:00,3,5562.0,Clouds,1.33
2018-03-29 15:00,3,6040.0,Snow,2.21
2018-03-29 16:00,3,6573.0,Clouds,3.28
2018-03-29 17:00,3,6034.0,Clouds,3.73
2018-03-29 18:00,3,5050.0,Clear,4.15
2018-03-29 19:00,3,3656.0,Clear,3.54
2018-03-29 20:00,3,3373.0,Clear,2.43
2018-03-29 21:00,3,3584.0,Clear,1.15
2018-03-29 22:00,3,3691.0,Clear,-0.26
2018-03-29 23:00,3,1484.0,Clear,-0.35
2018-03-30 00:00,4,817.0,Clear,-0.85
2018-03-30 01:00,4,413.0,Clear,-1.22
2018-03-30 02:00,4,329.0,Clear,-1.93
2018-03-30 03:00,4,359.0,Clear,-3.06
2018-03-30 04:00,4,749.0,Clear,-3.5
2018-03-30 05:00,4,2367.0,Clear,-4.0
2018-03-30 06:00,4,4463.0,Clear,-4.26
2018-03-30 07:00,4,5449.0,Clouds,-4.6
2018-03-30 08:00,4,5227.0,Clouds,-4.14
2018-03-30 09:00,4,4964.0,Clouds,-2.41
2018-03-30 10:00,4,4892.0,Snow,-0.47
2018-03-30 11:00,4,5350.0,Snow,1.12
2018-03-30 12:00,4,5783.0,Snow,2.49
2018-03-30 13:00,4,5589.0,Snow,2.57
2018-03-30 14:00,4,5713.0,Snow,3.28
2018-03-30 15:00,4,5936.0,Rain;Snow,2.85
2018-03-30 16:00,4,6137.0,Snow,2.4
2018-03-30 17:00,4,5289.0,Clouds,2.53
2018-03-30 18:00,4,4573.0,Clouds,2.07
2018-03-30 19:00,4,3604.0,Clouds,1.54
2018-03-30 20:00,4,3233.0,Clear,1.0
2018-03-30 21:00,4,3024.0,Clouds,0.14
2018-03-30 22:00,4,2358.0,Clouds,-0.2
2018-03-30 23:00,4,1685.0,Snow,-0.67
2018-03-31 00:00,5,963.0,Mist;Snow,-1.35
2018-03-31 01:00,5,580.0,Fog;Mist;Snow,-1.29
2018-03-31 02:00,5,485.0,Mist;Snow,-1.0
2018-03-31 03:00,5,386.0,Mist;Snow,-0.29
2018-03-31 04:00,5,352.0,Mist;Snow,-0.15
2018-03-31 05:00,5,588.0,Fog;Mist;Rain;Snow,-0.43
2018-03-31 06:00,5,1045.0,Mist;Rain;Snow,-1.43
2018-03-31 07:00,5,1556.0,Mist;Snow,-2.57
2018-03-31 08:00,5,2289.0,Snow,-3.22
2018-03-31 09:00,5,3092.0,Haze;Snow,-3.86
2018-03-31 10:00,5,3629.0,Snow,-4.2
2018-03-31 11:00,5,4051.0,Haze,-4.79
2018-03-31 12:00,5,4348.0,Clouds,-4.31
2018-03-31 13:00,5,4337.0,Clouds,-3.85
2018-03-31 14:00,5,4548.0,Clear,-3.46
2018-03-31 15:00,5,4400.0,Clouds,-3.46
2018-03-31 16:00,5,4222.0,Clear,-3.46
2018-03-31 17:00,5,4155.0,Clouds,-3.31
2018-03-31 18:00,5,3993.0,Clouds,-4.14
2018-03-31 19:00,5,3333.0,Clear,-5.21
2018-03-31 20:00,5,2910.0,Clear,-6.57
2018-03-31 21:00,5,2761.0,Clear,-7.93
2018-03-31 22:00,5,2695.0,Clear,-8.84
2018-03-31 23:00,5,1771.0,Clear,-10.0
2018-04-01 00:00,6,1128.0,Clear,-10.5
2018-04-01 01:00,6,652.0,Clear,-11.0
2018-04-01 02:00,6,520.0,Clear,-11.36
2018-04-01 03:00,6,313.0,Clear,-11.43
2018-04-01 04:00,6,249.0,Clear,-11.5
2018-04-01 05:00,6,426.0,Clear,-11.93
2018-04-01 06:00,6,751.0,Clear,-12.08
2018-04-01 07:00,6,978.0,Clear,-12.16
2018-04-01 08:00,6,1718.0,Clear,-11.93
2018-04-01 09:00,6,2444.0,Clear,-10.29
2018-04-01 10:00,6,3306.0,Clear,-8.78
2018-04-01 11:00,6,3641.0,Clear,-7.32
2018-04-01 12:00,6,3964.0,Clear,-5.86
2018-04-01 13:00,6,4043.0,Clear,-4.36
2018-04-01 14:00,6,3996.0,Clear,-3.22
2018-04-01 15:00,6,4102.0,Clear,-2.36
2018-04-01 16:00,6,4679.0,Clouds,-1.47
2018-04-01 17:00,6,4569.0,Clear,-1.33
2018-04-01 18:00,6,4424.0,Clouds,-1.2
2018-04-01 19:00,6,3892.0,Clear,-1.46
2018-04-01 20:00,6,3320.0,Clear,-2.07
2018-04-01 21:00,6,2545.0,Clear,-3.2
2018-04-01 22:00,6,1682.0,Clear,-3.57
2018-04-01 23:00,6,952.0,Clear,-4.57
2018-04-02 00:00,0,543.0,Clear,-5.23
2018-04-02 01:00,0,311.0,Clear,-5.46
2018-04-02 02:00,0,246.0,Clear,-6.23
2018-04-02 03:00,0,352.0,Clear,-6.16
2018-04-02 04:00,0,807.0,Clear,-6.54
2018-04-02 05:00,0,2683.0,Clear,-7.08
2018-04-02 06:00,0,5147.0,Clear,-7.16
2018-04-02 07:00,0,6148.0,Clouds,-7.42
2018-04-02 08:00,0,5557.0,Clouds,-6.58
2018-04-02 09:00,0,4776.0,Clouds,-3.63
2018-04-02 10:00,0,4397.0,Clouds,-2.22
2018-04-02 11:00,0,4509.0,Clouds,-0.77
2018-04-02 12:00,0,4947.0,Clear,0.57
2018-04-02 13:00,0,4895.0,Snow,0.51
2018-04-02 14:00,0,4750.0,Fog;Mist;Snow,-0.99
2018-04-02 15:00,0,4949.0,Mist;Snow,-1.42
2018-04-02 16:00,0,6000.0,Mist;Snow,-1.13
2018-04-02 17:00,0,5301.0,Mist;Snow,-0.86
2018-04-02 18:00,0,3893.0,Snow,-1.0
2018-04-02 19:00,0,2521.0,Snow,-1.07
2018-04-02 20:00,0,2159.0,Mist;Snow,-1.46
2018-04-02 21:00,0,2702.0,Mist;Snow,-1.77
2018-04-02 22:00,0,2359.0,Mist;Snow,-1.62
2018-04-02 23:00,0,1040.0,Snow,-1.54
2018-04-03 00:00,1,552.0,Snow,-1.54
2018-04-03 01:00,1,346.0,Snow,-1.57
2018-04-03 02:00,1,277.0,Clouds,-1.57
2018-04-03 03:00,1,329.0,Snow,-1.72
2018-04-03 04:00,1,836.0,Mist;Snow,-2.0
2018-04-03 05:00,1,2555.0,Mist;Snow,-1.93
2018-04-03 06:00,1,4311.0,Mist;Snow,-2.07
2018-04-03 07:00,1,4096.0,Mist;Snow,-2.29
2018-04-03 08:00,1,4790.0,Mist;Snow,-2.21
2018-04-03 09:00,1,3893.0,Mist;Snow,-1.79
2018-04-03 10:00,1,3403.0,Mist;Snow,-1.74
2018-04-03 11:00,1,3587.0,Mist;Snow,-1.28
2018-04-03 12:00,1,3822.0,Fog;Mist;Snow,-1.0
2018-04-03 13:00,1,3917.0,Fog;Mist;Snow,-1.0
2018-04-03 14:00,1,4058.0,Fog;Mist;Snow,-1.0
2018-04-03 15:00,1,4689.0,Fog;Mist;Snow,-0.86
2018-04-03 16:00,1,4930.0,Haze;Mist;Snow,-0.74
2018-04-03 17:00,1,4207.0,Mist;Snow,-1.36
2018-04-03 18:00,1,2887.0,Fog;Mist;Snow,-2.0
2018-04-03 19:00,1,1834.0,Fog;Mist;Snow,-2.65
2018-04-03 20:00,1,1703.0,Mist;Snow,-3.28
2018-04-03 21:00,1,1450.0,Mist;Snow,-4.28
2018-04-03 22:00,1,1511.0,Haze;Mist;Snow,-4.93
2018-04-03 23:00,1,1271.0,Haze;Mist;Snow,-5.85
2018-04-04 00:00,2,501.0,Haze;Mist;Snow,-6.43
2018-04-04 01:00,2,327.0,Mist;Snow,-6.79
2018-04-04 02:00,2,259.0,Snow,-7.46
2018-04-04 03:00,2,337.0,Snow,-7.83
2018-04-04 04:00,2,821.0,Snow,-9.43
2018-04-04 05:00,2,2580.0,Snow,-10.86
2018-04-04 06:00,2,4551.0,Snow,-11.58
2018-04-04 07:00,2,4979.0,Clear,-12.87
2018-04-04 08:00,2,4778.0,Clear,-13.15
2018-04-04 09:00,2,5252.0,Clear,-11.51
2018-04-04 10:00,2,4717.0,Clear,-9.44
2018-04-04 11:00,2,4590.0,Clear,-7.08
2018-04-04 12:00,2,4749.0,Clear,-5.39
2018-04-04 13:00,2,4793.0,Haze,-3.74
2018-04-04 14:00,2,4903.0,Clear,-2.74
2018-04-04 15:00,2,5491.0,Clear,-1.79
2018-04-04 16:00,2,6500.0,Clouds,-1.47
2018-04-04 17:00,2,5898.0,Clouds,-1.54
2018-04-04 18:00,2,4539.0,Clear,-1.71
2018-04-04 19:00,2,3400.0,Clear,-2.21
2018-04-04 20:00,2,3022.0,Clouds,-3.2
2018-04-04 21:00,2,2444.0,Clouds,-4.2
2018-04-04 22:00,2,1885.0,Clear,-5.27
2018-04-04 23:00,2,1097.0,Clear,-7.06
2018-04-05 00:00,3,640.0,Clear,-8.79
2018-04-05 01:00,3,384.0,Clear,-9.73
2018-04-05 02:00,3,280.0,Clear,-11.06
2018-04-05 03:00,3,352.0,Clear,-11.46
2018-04-05 04:00,3,910.0,Clear,-12.2
2018-04-05 05:00,3,2815.0,Clear,-12.46
2018-04-05 06:00,3,5560.0,Clear,-12.86
2018-04-05 07:00,3,6297.0,Mist,-13.5
2018-04-05 08:00,3,5887.0,Mist,-13.37
2018-04-05 09:00,3,5389.0,Mist;Snow,-10.72
2018-04-05 10:00,3,4663.0,Clear,-7.08
2018-04-05 11:00,3,5078.0,Clouds,-3.21
2018-04-05 12:00,3,5535.0,Clear,-1.22
2018-04-05 13:00,3,5492.0,Clear,0.21
2018-04-05 14:00,3,5535.0,Clear,1.43
2018-04-05 15:00,3,5705.0,Clear,2.29
2018-04-05 16:00,3,6642.0,Clear,2.93
2018-04-05 17:00,3,6476.0,Clouds,3.2
2018-04-05 18:00,3,4992.0,Clouds,3.31
2018-04-05 19:00,3,3322.0,Snow,2.2
2018-04-05 20:00,3,3288.0,Snow,1.07
2018-04-05 21:00,3,2888.0,Snow,0.26
2018-04-05 22:00,3,2422.0,Clouds,0.0
2018-04-05 23:00,3,2390.0,Snow,-0.46
2018-04-06 00:00,4,932.0,Snow,-1.36
2018-04-06 01:00,4,514.0,Snow,-2.46
2018-04-06 02:00,4,312.0,Snow,-3.5
2018-04-06 03:00,4,363.0,Clear,-4.93
2018-04-06 04:00,4,879.0,Snow,-5.33
2018-04-06 05:00,4,2687.0,Snow,-5.93
2018-04-06 06:00,4,5211.0,Snow,-6.23
2018-04-06 07:00,4,6253.0,Haze,-7.93
2018-04-06 08:00,4,5738.0,Haze,-9.13
2018-04-06 09:00,4,5067.0,Haze,-9.87
2018-04-06 10:00,4,4748.0,Haze;Snow,-8.94
2018-04-06 11:00,4,5022.0,Haze;Snow,-7.94
2018-04-06 12:00,4,5409.0,Haze,-7.27
2018-04-06 13:00,4,5298.0,Clear,-7.0
2018-04-06 14:00,4,5363.0,Clear,-6.72
2018-04-06 15:00,4,5786.0,Clear,-6.69
2018-04-06 16:00,4,6525.0,Clear,-6.13
2018-04-06 17:00,4,5735.0,Clear,-6.2
2018-04-06 18:00,4,4863.0,Clear,-6.66
2018-04-06 19:00,4,3923.0,Clear,-6.83
2018-04-06 20:00,4,3193.0,Clear,-7.93
2018-04-06 21:00,4,3031.0,Clear,-8.72
2018-04-06 22:00,4,2992.0,Clear,-9.15
2018-04-06 23:00,4,2205.0,Clear,-9.8
2018-04-07 00:00,5,1196.0,Snow,-10.27
2018-04-07 01:00,5,657.0,Snow,-10.4
2018-04-07 02:00,5,496.0,Snow,-10.07
2018-04-07 03:00,5,381.0,Snow,-10.13
2018-04-07 04:00,5,342.0,Snow,-10.33
2018-04-07 05:00,5,643.0,Clear,-10.66
2018-04-07 06:00,5,1221.0,Snow,-11.0
2018-04-07 07:00,5,1995.0,Clear,-11.26
2018-04-07 08:00,5,3074.0,Clear,-11.14
2018-04-07 09:00,5,3960.0,Clear,-9.4
2018-04-07 10:00,5,4304.0,Clear,-7.54
2018-04-07 11:00,5,4771.0,Clear,-6.15
2018-04-07 12:00,5,5298.0,Clear,-4.67
2018-04-07 13:00,5,5126.0,Clear,-3.4
2018-04-07 14:00,5,5237.0,Clear,-2.53
2018-04-07 15:00,5,4908.0,Clear,-1.87
2018-04-07 16:00,5,5118.0,Clear,-1.5
2018-04-07 17:00,5,5441.0,Clear,-1.0
2018-04-07 18:00,5,5019.0,Clear,-0.86
2018-04-07 19:00,5,3699.0,Clear,-1.08
2018-04-07 20:00,5,3079.0,Clear,-2.2
2018-04-07 21:00,5,4104.0,Clear,-2.93
2018-04-07 22:00,5,4107.0,Clear,-3.78
2018-04-07 23:00,5,2740.0,Clear,-4.93
2018-04-08 00:00,6,1578.0,Clear,-6.28
2018-04-08 01:00,6,844.0,Clear,-7.79
2018-04-08 02:00,6,649.0,Clear,-9.13
2018-04-08 03:00,6,401.0,Clear,-9.66
2018-04-08 04:00,6,295.0,Clear,-10.33
2018-04-08 05:00,6,441.0,Clear,-10.86
2018-04-08 06:00,6,976.0,Clear,-11.66
2018-04-08 07:00,6,1357.0,Clear,-11.73
2018-04-08 08:00,6,1910.0,Clear,-10.53
2018-04-08 09:00,6,2736.0,Clouds,-7.21
2018-04-08 10:00,6,3401.0,Clouds,-4.22
2018-04-08 11:00,6,3961.0,Clouds,-2.14
2018-04-08 12:00,6,4483.0,Clear,-1.29
2018-04-08 13:00,6,4423.0,Clouds,-0.71
2018-04-08 14:00,6,4272.0,Snow,-0.53
2018-04-08 15:00,6,4083.0,Snow,-0.6
2018-04-08 16:00,6,4389.0,Mist;Snow,-0.99
2018-04-08 17:00,6,3687.0,Mist;Snow,-1.26
2018-04-08 18:00,6,3224.0,Fog;Mist;Snow,-1.5
2018-04-08 19:00,6,2455.0,Haze;Mist;Snow,-1.66
2018-04-08 20:00,6,2145.0,Mist;Snow,-1.78
2018-04-08 21:00,6,1799.0,Mist;Snow,-2.21
2018-04-08 22:00,6,1425.0,Mist;Snow,-2.57
2018-04-08 23:00,6,992.0,Mist;Snow,-2.57
2018-04-09 00:00,0,427.0,Mist;Snow,-2.93
2018-04-09 01:00,0,315.0,Mist;Snow,-3.4
2018-04-09 02:00,0,251.0,Mist;Snow,-3.72
2018-04-09 03:00,0,339.0,Mist;Snow,-4.29
2018-04-09 04:00,0,869.0,Mist,-4.73
2018-04-09 05:00,0,2704.0,Mist,-5.53
2018-04-09 06:00,0,5192.0,Mist;Snow,-5.15
2018-04-09 07:00,0,6110.0,Mist;Snow,-5.6
2018-04-09 08:00,0,5824.0,Mist;Snow,-5.66
2018-04-09 09:00,0,4933.0,Mist;Snow,-4.34
2018-04-09 10:00,0,4149.0,Haze;Mist,-2.15
2018-04-09 11:00,0,4276.0,Clouds,0.07
2018-04-09 12:00,0,4516.0,Clouds,1.13
2018-04-09 13:00,0,4633.0,Clouds,1.71
2018-04-09 14:00,0,5093.0,Clouds,2.2
2018-04-09 15:00,0,5769.0,Clouds,2.33
2018-04-09 16:00,0,6719.0,Clouds,2.43
2018-04-09 17:00,0,6244.0,Clouds,2.5
2018-04-09 18:00,0,4640.0,Snow,2.2
2018-04-09 19:00,0,3073.0,Clouds,1.93
2018-04-09 20:00,0,2635.0,Clouds,1.33
2018-04-09 21:00,0,2048.0,Clouds,0.79
2018-04-09 22:00,0,1521.0,Clouds,0.36
2018-04-09 23:00,0,983.0,Clouds,0.2
2018-04-10 00:00,1,530.0,Clouds,-0.06
2018-04-10 01:00,1,333.0,Clouds,-0.47
2018-04-10 02:00,1,235.0,Clouds,-0.57
2018-04-10 03:00,1,358.0,Clouds,-0.57
2018-04-10 04:00,1,905.0,Clouds,-0.72
2018-04-10 05:00,1,2902.0,Snow,-1.0
2018-04-10 06:00,1,5806.0,Snow,-0.94
2018-04-10 07:00,1,6708.0,Snow,-0.8
2018-04-10 08:00,1,6190.0,Clouds,-0.86
2018-04-10 09:00,1,5221.0,Clouds,-0.57
2018-04-10 10:00,1,4436.0,Snow,-0.36
2018-04-10 11:00,1,4714.0,Clouds,0.78
2018-04-10 12:00,1,4850.0,Clouds,1.0
2018-04-10 13:00,1,5099.0,Clouds,1.4
2018-04-10 14:00,1,5315.0,Clouds,2.1
2018-04-10 15:00,1,5784.0,Snow,2.69
2018-04-10 16:00,1,7013.0,Clouds,3.13
2018-04-10 17:00,1,6304.0,Clouds,3.93
2018-04-10 18:00,1,4606.0,Clouds,3.93
2018-04-10 19:00,1,3190.0,Clouds,4.0
2018-04-10 20:00,1,2829.0,Clouds,3.6
2018-04-10 21:00,1,2337.0,Clear,2.74
2018-04-10 22:00,1,1738.0,Clear,2.22
2018-04-10 23:00,1,1007.0,Mist,1.93
2018-04-11 00:00,2,562.0,Clouds,-3.82
2018-04-11 01:00,2,344.0,Mist,0.19
2018-04-11 02:00,2,259.0,Mist,0.07
2018-04-11 03:00,2,374.0,Fog;Mist,-0.33
2018-04-11 04:00,2,886.0,Fog;Mist,-0.59
2018-04-11 05:00,2,2843.0,Mist,-1.21
2018-04-11 06:00,2,5670.0,Mist,-1.26
2018-04-11 07:00,2,6495.0,Fog;Mist,-2.46
2018-04-11 08:00,2,5887.0,Mist,-1.57
2018-04-11 09:00,2,5581.0,Mist,0.33
2018-04-11 10:00,2,4791.0,Clear,2.33
2018-04-11 11:00,2,5123.0,Clouds,3.79
2018-04-11 12:00,2,4964.0,Clear,5.4
2018-04-11 13:00,2,4982.0,Clouds,6.4
2018-04-11 14:00,2,5169.0,Clouds,6.72
2018-04-11 15:00,2,5768.0,Clouds,7.43
2018-04-11 16:00,2,6988.0,Clouds,7.93
2018-04-11 17:00,2,6744.0,Clouds,7.93
2018-04-11 18:00,2,4955.0,Clouds,7.6
2018-04-11 19:00,2,3308.0,Clouds,7.14
2018-04-11 20:00,2,2804.0,Clouds,6.64
2018-04-11 21:00,2,2418.0,Drizzle;Rain,6.0
2018-04-11 22:00,2,1603.0,Rain,5.33
2018-04-11 23:00,2,1099.0,Drizzle;Rain,5.27
2018-04-12 00:00,3,531.0,Drizzle;Rain,4.79
2018-04-12 01:00,3,310.0,Rain,3.94
2018-04-12 02:00,3,291.0,Drizzle,3.72
2018-04-12 03:00,3,331.0,Mist,3.07
2018-04-12 04:00,3,949.0,Clear,2.41
2018-04-12 05:00,3,2857.0,Clear,1.79
2018-04-12 06:00,3,5772.0,Mist,1.16
2018-04-12 07:00,3,6475.0,Mist,0.57
2018-04-12 08:00,3,6198.0,Mist,1.93
2018-04-12 09:00,3,5391.0,Mist,3.0
2018-04-12 10:00,3,4743.0,Clouds,4.42
2018-04-12 11:00,3,4982.0,Clouds,5.85
2018-04-12 12:00,3,5317.0,Clouds,6.66
2018-04-12 13:00,3,5322.0,Clouds,7.39
2018-04-12 14:00,3,5574.0,Clouds,7.78
2018-04-12 15:00,3,6252.0,Clouds,8.46
2018-04-12 16:00,3,7213.0,Clouds,8.85
2018-04-12 17:00,3,6811.0,Clouds,8.57
2018-04-12 18:00,3,5064.0,Clear,8.0
2018-04-12 19:00,3,3697.0,Clouds,7.27
2018-04-12 20:00,3,3082.0,Clouds,6.13
2018-04-12 21:00,3,2762.0,Clouds,5.47
2018-04-12 22:00,3,2053.0,Clear,5.07
2018-04-12 23:00,3,1168.0,Clouds,4.54
2018-04-13 00:00,4,633.0,Clear,4.0
2018-04-13 01:00,4,387.0,Clouds,3.5
2018-04-13 02:00,4,306.0,Clear,3.27
2018-04-13 03:00,4,356.0,Clear,3.07
2018-04-13 04:00,4,846.0,Clear,2.72
2018-04-13 05:00,4,2721.0,Clouds,2.87
2018-04-13 06:00,4,5426.0,Clouds,2.57
2018-04-13 07:00,4,6585.0,Rain,2.8
2018-04-13 08:00,4,5894.0,Rain,2.79
2018-04-13 09:00,4,5227.0,Drizzle;Rain,3.13
2018-04-13 10:00,4,4853.0,Rain,3.5
2018-04-13 11:00,4,5233.0,Drizzle;Thunderstorm,3.57
2018-04-13 12:00,4,5302.0,Drizzle;Rain,3.84
2018-04-13 13:00,4,5174.0,Mist;Rain;Snow,3.73
2018-04-13 14:00,4,5330.0,Rain,4.0
2018-04-13 15:00,4,5953.0,Rain,4.13
2018-04-13 16:00,4,6686.0,Drizzle;Rain;Thunderstorm,3.8
2018-04-13 17:00,4,5687.0,Drizzle;Rain,2.93
2018-04-13 18:00,4,4167.0,Drizzle;Mist;Rain,2.57
2018-04-13 19:00,4,2882.0,Drizzle;Rain;Snow,2.07
2018-04-13 20:00,4,2320.0,Drizzle;Mist;Rain;Snow,1.36
2018-04-13 21:00,4,2158.0,Drizzle;Mist;Rain;Snow;Thunderstorm,0.64
2018-04-13 22:00,4,1773.0,Fog;Mist;Rain;Snow,0.07
2018-04-13 23:00,4,1143.0,Fog;Mist;Snow,-0.33
2018-04-14 00:00,5,625.0,Mist;Snow,-0.42
2018-04-14 01:00,5,441.0,Mist;Rain;Snow,-0.53
2018-04-14 02:00,5,397.0,Mist;Rain;Snow,-0.93
2018-04-14 03:00,5,309.0,Mist;Snow,-0.85
2018-04-14 04:00,5,300.0,Haze;Mist;Snow,-0.85
2018-04-14 05:00,5,540.0,Rain,-0.79
2018-04-14 06:00,5,986.0,Rain;Snow,-0.79
2018-04-14 07:00,5,1311.0,Rain;Snow,-1.14
2018-04-14 08:00,5,1489.0,Mist;Rain;Snow,-1.28
2018-04-14 09:00,5,1755.0,Fog;Haze;Mist;Rain;Snow,-2.06
2018-04-14 10:00,5,1978.0,Fog;Mist;Rain;Snow,-2.66
2018-04-14 11:00,5,2153.0,Haze;Mist;Rain;Snow,-2.93
2018-04-14 12:00,5,2147.0,Mist;Rain;Snow,-3.0
2018-04-14 13:00,5,1987.0,Fog;Haze;Rain;Snow,-3.14
2018-04-14 14:00,5,1822.0,Fog;Snow,-3.26
2018-04-14 15:00,5,1881.0,Fog;Snow,-3.36
2018-04-14 16:00,5,1461.0,Fog;Snow;Thunderstorm,-3.64
2018-04-14 17:00,5,1478.0,Fog;Snow,-3.8
2018-04-14 18:00,5,1068.0,Fog;Snow,-3.94
2018-04-14 19:00,5,881.0,Fog;Mist;Snow,-4.2
2018-04-14 20:00,5,618.0,Fog;Haze;Mist;Snow,-4.47
2018-04-14 21:00,5,707.0,Fog;Mist;Snow,-4.73
2018-04-14 22:00,5,594.0,Fog;Mist;Snow,-4.8
2018-04-14 23:00,5,526.0,Fog;Mist;Snow,-5.0
2018-04-15 00:00,6,353.0,Fog;Mist;Snow,-5.13
2018-04-15 01:00,6,259.0,Fog;Mist;Snow,-5.07
2018-04-15 02:00,6,198.0,Fog;Mist;Snow,-5.23
2018-04-15 03:00,6,151.0,Fog;Mist;Snow,-5.14
2018-04-15 04:00,6,175.0,Fog;Mist;Snow,-5.07
2018-04-15 05:00,6,301.0,Fog;Mist;Snow,-4.85
2018-04-15 06:00,6,490.0,Fog;Mist;Snow,-4.36
2018-04-15 07:00,6,634.0,Fog;Snow,-3.93
2018-04-15 08:00,6,674.0,Haze;Mist;Snow,-3.79
2018-04-15 09:00,6,984.0,Haze;Mist;Snow,-3.57
2018-04-15 10:00,6,1494.0,Mist;Snow,-3.21
2018-04-15 11:00,6,1794.0,Mist;Snow,-2.87
2018-04-15 12:00,6,2037.0,Snow,-2.27
2018-04-15 13:00,6,2205.0,Haze;Mist;Snow,-2.15
2018-04-15 14:00,6,2406.0,Mist;Snow,-1.8
2018-04-15 15:00,6,2171.0,Mist;Snow,-2.14
2018-04-15 16:00,6,2109.0,Fog;Snow,-2.57
2018-04-15 17:00,6,1849.0,Fog;Mist;Snow,-2.53
2018-04-15 18:00,6,1659.0,Fog;Mist;Snow,-2.67
2018-04-15 19:00,6,1417.0,Fog;Snow,-3.31
2018-04-15 20:00,6,1642.0,Fog;Mist;Snow,-3.43
2018-04-15 21:00,6,2809.0,Mist;Snow,-3.72
2018-04-15 22:00,6,1203.0,Mist;Snow,-4.29
2018-04-15 23:00,6,706.0,Mist;Snow,-4.36
2018-04-16 00:00,0,407.0,Haze;Mist;Snow,-4.36
2018-04-16 01:00,0,272.0,Snow,-4.43
2018-04-16 02:00,0,247.0,Snow,-4.46
2018-04-16 03:00,0,357.0,Snow,-4.46
2018-04-16 04:00,0,779.0,Snow,-4.65
2018-04-16 05:00,0,2238.0,Snow,-4.31
2018-04-16 06:00,0,4364.0,Snow,-4.43
2018-04-16 07:00,0,4963.0,Snow,-4.46
2018-04-16 08:00,0,4463.0,Mist;Snow,-4.38
2018-04-16 09:00,0,4045.0,Haze,-3.72
2018-04-16 10:00,0,3626.0,Clear,-2.79
2018-04-16 11:00,0,3860.0,Snow,-2.0
2018-04-16 12:00,0,4149.0,Snow,-1.14
2018-04-16 13:00,0,4110.0,Clouds,-0.69
2018-04-16 14:00,0,4387.0,Clouds,-0.24
2018-04-16 15:00,0,4942.0,Clouds,0.08
2018-04-16 16:00,0,5788.0,Clouds,0.69
2018-04-16 17:00,0,5567.0,Clouds,1.28
2018-04-16 18:00,0,4061.0,Clouds,1.85
2018-04-16 19:00,0,2979.0,Clouds,2.08
2018-04-16 20:00,0,2556.0,Clouds,1.5
2018-04-16 21:00,0,2100.0,Clouds,1.29
2018-04-16 22:00,0,1489.0,Clouds,0.86
2018-04-16 23:00,0,978.0,Clouds,0.71
2018-04-17 00:00,1,524.0,Clouds,0.62
2018-04-17 01:00,1,336.0,Clear,-0.21
2018-04-17 02:00,1,271.0,Clear,-1.77
2018-04-17 03:00,1,347.0,Clear,-2.5
2018-04-17 04:00,1,898.0,Clear,-2.69
2018-04-17 05:00,1,2848.0,Clear,-3.54
2018-04-17 06:00,1,5516.0,Clear,-3.69
2018-04-17 07:00,1,6208.0,Clear,-4.53
2018-04-17 08:00,1,5892.0,Clear,-4.15
2018-04-17 09:00,1,5677.0,Clear,-2.01
2018-04-17 10:00,1,4456.0,Clear,0.0
2018-04-17 11:00,1,4715.0,Clear,0.85
2018-04-17 12:00,1,4962.0,Clear,1.92
2018-04-17 13:00,1,4913.0,Clear,2.84
2018-04-17 14:00,1,5220.0,Clear,3.46
2018-04-17 15:00,1,5844.0,Clear,4.43
2018-04-17 16:00,1,6657.0,Clear,5.15
2018-04-17 17:00,1,6277.0,Clear,5.69
2018-04-17 18:00,1,4827.0,Clouds,6.08
2018-04-17 19:00,1,3481.0,Clouds,5.85
2018-04-17 20:00,1,2877.0,Clouds,5.0
2018-04-17 21:00,1,3418.0,Clouds,3.86
2018-04-17 22:00,1,3294.0,Clear,2.72
2018-04-17 23:00,1,1297.0,Clear,2.43
2018-04-18 00:00,2,826.0,Clouds,2.46
2018-04-18 01:00,2,594.0,Clear,2.08
2018-04-18 02:00,2,431.0,Clear,1.3
2018-04-18 03:00,2,521.0,Clear,0.46
2018-04-18 04:00,2,975.0,Clear,-0.57
2018-04-18 05:00,2,2986.0,Clear,-0.92
2018-04-18 06:00,2,5943.0,Thunderstorm,-0.69
2018-04-18 07:00,2,6871.0,Thunderstorm,-0.71
2018-04-18 08:00,2,6614.0,Clouds,-0.16
2018-04-18 09:00,2,5378.0,Clouds,0.31
2018-04-18 10:00,2,4751.0,Clouds,0.84
2018-04-18 11:00,2,4824.0,Haze;Snow,1.08
2018-04-18 12:00,2,5013.0,Haze;Snow,1.22
2018-04-18 13:00,2,5017.0,Haze,1.5
2018-04-18 14:00,2,5437.0,Clouds,2.15
2018-04-18 15:00,2,5835.0,Clouds,2.43
2018-04-18 16:00,2,7022.0,Snow,3.08
2018-04-18 17:00,2,6459.0,Rain;Snow,3.37
2018-04-18 18:00,2,4663.0,Clouds,4.58
2018-04-18 19:00,2,3393.0,Clouds,4.86
2018-04-18 20:00,2,3034.0,Clouds,4.65
2018-04-18 21:00,2,2604.0,Clouds,4.23
2018-04-18 22:00,2,1726.0,Clear,3.57
2018-04-18 23:00,2,1085.0,Clear,2.86
2018-04-19 00:00,3,561.0,Clear,1.87
2018-04-19 01:00,3,351.0,Clear,0.36
2018-04-19 02:00,3,275.0,Clear,-1.52
2018-04-19 03:00,3,361.0,Clear,-2.5
2018-04-19 04:00,3,909.0,Clear,-3.39
2018-04-19 05:00,3,2885.0,Clear,-3.8
2018-04-19 06:00,3,5715.0,Clear,-3.93
2018-04-19 07:00,3,6461.0,Clear,-4.0
2018-04-19 08:00,3,6046.0,Clouds,-3.29
2018-04-19 09:00,3,5842.0,Clouds,-0.55
2018-04-19 10:00,3,4882.0,Clouds,3.21
2018-04-19 11:00,3,5035.0,Clear,5.85
2018-04-19 12:00,3,5027.0,Clear,7.06
2018-04-19 13:00,3,5110.0,Clear,7.73
2018-04-19 14:00,3,5444.0,Clear,8.28
2018-04-19 15:00,3,6188.0,Clouds,8.93
2018-04-19 16:00,3,6851.0,Clear,9.57
2018-04-19 17:00,3,6368.0,Clear,9.6
2018-04-19 18:00,3,4978.0,Clear,9.73
2018-04-19 19:00,3,3676.0,Clear,9.47
2018-04-19 20:00,3,3471.0,Clouds,8.34
2018-04-19 21:00,3,3451.0,Clouds,6.0
2018-04-19 22:00,3,2148.0,Clear,3.87
2018-04-19 23:00,3,1273.0,Clear,2.8
2018-04-20 00:00,4,712.0,Clear,1.27
2018-04-20 01:00,4,417.0,Clear,-0.07
2018-04-20 02:00,4,322.0,Clear,-0.86
2018-04-20 03:00,4,393.0,Clear,-1.57
2018-04-20 04:00,4,830.0,Clear,-1.66
2018-04-20 05:00,4,2691.0,Clear,-2.79
2018-04-20 06:00,4,5492.0,Clear,-3.07
2018-04-20 07:00,4,6626.0,Clouds,-3.57
2018-04-20 08:00,4,6126.0,Clear,-2.4
2018-04-20 09:00,4,5141.0,Clouds,0.32
2018-04-20 10:00,4,4670.0,Clouds,2.85
2018-04-20 11:00,4,5200.0,Clouds,5.42
2018-04-20 12:00,4,5433.0,Clear,7.69
2018-04-20 13:00,4,5370.0,Clouds,8.53
2018-04-20 14:00,4,5803.0,Clear,9.21
2018-04-20 15:00,4,6383.0,Clear,9.08
2018-04-20 16:00,4,6900.0,Clear,10.07
2018-04-20 17:00,4,6268.0,Clouds,10.27
2018-04-20 18:00,4,4959.0,Clouds,10.2
2018-04-20 19:00,4,4091.0,Clear,9.34
2018-04-20 20:00,4,3552.0,Clouds,8.14
2018-04-20 21:00,4,3538.0,Clouds,6.54
2018-04-20 22:00,4,2842.0,Clear,5.0
2018-04-20 23:00,4,1977.0,Clear,3.57
2018-04-21 00:00,5,1291.0,Clear,2.64
2018-04-21 01:00,5,732.0,Clear,1.65
2018-04-21 02:00,5,526.0,Clear,0.79
2018-04-21 03:00,5,386.0,Clear,0.21
2018-04-21 04:00,5,369.0,Clear,0.4
2018-04-21 05:00,5,683.0,Clear,0.87
2018-04-21 06:00,5,1418.0,Clear,0.57
2018-04-21 07:00,5,2307.0,Clouds,0.43
2018-04-21 08:00,5,3392.0,Clear,1.13
2018-04-21 09:00,5,4153.0,Haze,2.93
2018-04-21 10:00,5,4464.0,Clear,6.05
2018-04-21 11:00,5,4985.0,Clouds,8.21
2018-04-21 12:00,5,5263.0,Clouds,10.07
2018-04-21 13:00,5,5307.0,Clouds,11.0
2018-04-21 14:00,5,5296.0,Clouds,12.0
2018-04-21 15:00,5,5340.0,Clouds,13.07
2018-04-21 16:00,5,5027.0,Clouds,13.66
2018-04-21 17:00,5,5007.0,Clear,13.93
2018-04-21 18:00,5,4541.0,Clear,13.71
2018-04-21 19:00,5,3892.0,Clouds,13.86
2018-04-21 20:00,5,3346.0,Clouds,12.47
2018-04-21 21:00,5,3199.0,Clear,10.14
2018-04-21 22:00,5,3814.0,Clear,7.2
2018-04-21 23:00,5,2760.0,Clear,5.35
2018-04-22 00:00,6,1447.0,Clear,3.65
2018-04-22 01:00,6,945.0,Clear,2.65
2018-04-22 02:00,6,671.0,Clear,1.57
2018-04-22 03:00,6,465.0,Clear,1.36
2018-04-22 04:00,6,368.0,Clear,0.64
2018-04-22 05:00,6,563.0,Mist,0.36
2018-04-22 06:00,6,904.0,Mist,-0.07
2018-04-22 07:00,6,1289.0,Mist,-0.29
2018-04-22 08:00,6,2200.0,Clear,1.46
2018-04-22 09:00,6,3219.0,Clear,4.86
2018-04-22 10:00,6,4088.0,Clear,9.0
2018-04-22 11:00,6,4541.0,Clear,11.5
2018-04-22 12:00,6,4781.0,Clouds,13.78
2018-04-22 13:00,6,4761.0,Clouds,14.86
2018-04-22 14:00,6,4753.0,Clouds,15.43
2018-04-22 15:00,6,4866.0,Clouds,16.07
2018-04-22 16:00,6,4713.0,Clouds,16.78
2018-04-22 17:00,6,4303.0,Clouds,17.07
2018-04-22 18:00,6,3787.0,Clear,17.07
2018-04-22 19:00,6,3228.0,Clouds,16.62
2018-04-22 20:00,6,3139.0,Clouds,15.7
2018-04-22 21:00,6,2412.0,Clear,11.78
2018-04-22 22:00,6,1906.0,Clear,9.38
2018-04-22 23:00,6,1356.0,Clear,7.23
2018-04-23 00:00,0,614.0,Clear,5.76
2018-04-23 01:00,0,349.0,Clear,4.62
2018-04-23 02:00,0,259.0,Clear,3.67
2018-04-23 03:00,0,373.0,Mist,2.76
2018-04-23 04:00,0,900.0,Clear,2.46
2018-04-23 05:00,0,2864.0,Mist,1.77
2018-04-23 06:00,0,5769.0,Mist,1.38
2018-04-23 07:00,0,6574.0,Mist,1.7
2018-04-23 08:00,0,5970.0,Mist,3.21
2018-04-23 09:00,0,5325.0,Clear,6.71
2018-04-23 10:00,0,4547.0,Clear,10.92
2018-04-23 11:00,0,4577.0,Clear,15.49
2018-04-23 12:00,0,4739.0,Clear,16.57
2018-04-23 13:00,0,4803.0,Clear,17.47
2018-04-23 14:00,0,5243.0,Clear,17.33
2018-04-23 15:00,0,5852.0,Clear,19.05
2018-04-23 16:00,0,6883.0,Clear,19.93
2018-04-23 17:00,0,6188.0,Clear,20.16
2018-04-23 18:00,0,4660.0,Clouds,20.0
2018-04-23 19:00,0,3243.0,Clouds,19.72
2018-04-23 20:00,0,2759.0,Clouds,18.13
2018-04-23 21:00,0,2183.0,Clouds,13.63
2018-04-23 22:00,0,1537.0,Clear,11.93
2018-04-23 23:00,0,963.0,Clear,10.06
2018-04-24 00:00,1,530.0,Clear,8.2
2018-04-24 01:00,1,330.0,Clear,7.13
2018-04-24 02:00,1,248.0,Clear,6.51
2018-04-24 03:00,1,346.0,Clear,5.65
2018-04-24 04:00,1,911.0,Clear,5.53
2018-04-24 05:00,1,2936.0,Clouds,4.46
2018-04-24 06:00,1,5886.0,Mist,4.41
2018-04-24 07:00,1,6535.0,Clouds,4.47
2018-04-24 08:00,1,5905.0,Mist,5.92
2018-04-24 09:00,1,5509.0,Haze,10.12
2018-04-24 10:00,1,4540.0,Clouds,12.99
2018-04-24 11:00,1,4957.0,Clouds,15.06
2018-04-24 12:00,1,4881.0,Clouds,15.72
2018-04-24 13:00,1,4960.0,Clouds,16.13
2018-04-24 14:00,1,5353.0,Clouds,15.59
2018-04-24 15:00,1,6010.0,Drizzle,15.43
2018-04-24 16:00,1,7149.0,Rain,15.86
2018-04-24 17:00,1,6253.0,Clouds,13.14
2018-04-24 18:00,1,4513.0,Clouds,13.0
2018-04-24 19:00,1,3325.0,Clouds,12.78
2018-04-24 20:00,1,3115.0,Clouds,12.43
2018-04-24 21:00,1,2497.0,Clouds,9.73
2018-04-24 22:00,1,1589.0,Clear,8.46
2018-04-24 23:00,1,988.0,Clear,8.21
2018-04-25 00:00,2,532.0,Clear,7.06
2018-04-25 01:00,2,310.0,Clear,5.93
2018-04-25 02:00,2,237.0,Clear,5.43
2018-04-25 03:00,2,341.0,Clear,3.73
2018-04-25 04:00,2,904.0,Clear,2.33
2018-04-25 05:00,2,2917.0,Clear,1.73
2018-04-25 06:00,2,5866.0,Clear,1.14
2018-04-25 07:00,2,6303.0,Clear,0.53
2018-04-25 08:00,2,5850.0,Clear,1.99
2018-04-25 09:00,2,5455.0,Clear,3.57
2018-04-25 10:00,2,4524.0,Clear,6.0
2018-04-25 11:00,2,4891.0,Clear,7.27
2018-04-25 12:00,2,5067.0,Clear,8.5
2018-04-25 13:00,2,5020.0,Clear,10.28
2018-04-25 14:00,2,5276.0,Clear,11.71
2018-04-25 15:00,2,6002.0,Clear,12.86
2018-04-25 16:00,2,6816.0,Clear,13.64
2018-04-25 17:00,2,6420.0,Clear,14.33
2018-04-25 18:00,2,4695.0,Clouds,14.6
2018-04-25 19:00,2,3543.0,Clouds,14.33
2018-04-25 20:00,2,3225.0,Clouds,13.29
2018-04-25 21:00,2,2560.0,Clouds,10.94
2018-04-25 22:00,2,1618.0,Clear,9.41
2018-04-25 23:00,2,1023.0,Clear,8.34
2018-04-26 00:00,3,551.0,Clear,7.07
2018-04-26 01:00,3,358.0,Clear,6.07
2018-04-26 02:00,3,255.0,Clear,5.6
2018-04-26 03:00,3,350.0,Clear,4.94
2018-04-26 04:00,3,899.0,Clear,4.81
2018-04-26 05:00,3,2953.0,Clear,5.22
2018-04-26 06:00,3,5813.0,Clear,4.87
2018-04-26 07:00,3,6493.0,Clear,4.5
2018-04-26 08:00,3,5890.0,Clear,6.0
2018-04-26 09:00,3,5495.0,Clear,9.46
2018-04-26 10:00,3,4675.0,Clouds,12.07
2018-04-26 11:00,3,5110.0,Clear,13.59
2018-04-26 12:00,3,5078.0,Clouds,13.92
2018-04-26 13:00,3,5281.0,Clouds,15.46
2018-04-26 14:00,3,5661.0,Clear,16.53
2018-04-26 15:00,3,6257.0,Clouds,17.27
2018-04-26 16:00,3,7139.0,Clouds,17.57
2018-04-26 17:00,3,6372.0,Clear,17.47
2018-04-26 18:00,3,5068.0,Clouds,17.0
2018-04-26 19:00,3,3813.0,Clear,16.07
2018-04-26 20:00,3,3338.0,Clear,14.29
2018-04-26 21:00,3,3058.0,Clear,12.2
2018-04-26 22:00,3,2171.0,Clear,10.65
2018-04-26 23:00,3,1253.0,Clear,9.07
2018-04-27 00:00,4,683.0,Clear,7.6
2018-04-27 01:00,4,422.0,Clear,6.07
2018-04-27 02:00,4,328.0,Clear,4.94
2018-04-27 03:00,4,380.0,Clouds,4.0
2018-04-27 04:00,4,849.0,Clouds,4.2
2018-04-27 05:00,4,2744.0,Clouds,4.93
2018-04-27 06:00,4,5573.0,Clouds,5.01
2018-04-27 07:00,4,6712.0,Clouds,5.79
2018-04-27 08:00,4,6109.0,Clear,6.57
2018-04-27 09:00,4,5414.0,Clear,9.4
2018-04-27 10:00,4,4946.0,Clouds,11.8
2018-04-27 11:00,4,5365.0,Clear,13.5
2018-04-27 12:00,4,5622.0,Clear,15.4
2018-04-27 13:00,4,5487.0,Clouds,16.43
2018-04-27 14:00,4,6005.0,Clouds,16.14
2018-04-27 15:00,4,6560.0,Clouds,15.58
2018-04-27 16:00,4,6471.0,Clear,14.72
2018-04-27 17:00,4,6459.0,Rain,14.47
2018-04-27 18:00,4,5355.0,Clouds,13.43
2018-04-27 19:00,4,4083.0,Rain,12.4
2018-04-27 20:00,4,3319.0,Clouds,10.54
2018-04-27 21:00,4,3384.0,Clouds,8.34
2018-04-27 22:00,4,2709.0,Clear,6.81
2018-04-27 23:00,4,1942.0,Clouds,5.4
2018-04-28 00:00,5,1097.0,Clouds,4.43
2018-04-28 01:00,5,725.0,Clouds,3.2
2018-04-28 02:00,5,531.0,Clouds,2.8
2018-04-28 03:00,5,382.0,Clouds,2.64
2018-04-28 04:00,5,365.0,Clouds,2.07
2018-04-28 05:00,5,744.0,Clouds,1.46
2018-04-28 06:00,5,1366.0,Clouds,0.73
2018-04-28 07:00,5,2330.0,Clouds,1.0
2018-04-28 08:00,5,3737.0,Clear,2.85
2018-04-28 09:00,5,4509.0,Clouds,5.57
2018-04-28 10:00,5,4752.0,Clouds,7.13
2018-04-28 11:00,5,5130.0,Clouds,8.07
2018-04-28 12:00,5,5453.0,Clouds,9.57
2018-04-28 13:00,5,5529.0,Clouds,10.8
2018-04-28 14:00,5,5191.0,Clear,11.79
2018-04-28 15:00,5,4925.0,Clear,12.36
2018-04-28 16:00,5,5034.0,Clouds,13.0
2018-04-28 17:00,5,4991.0,Clear,13.47
2018-04-28 18:00,5,4300.0,Clear,13.47
2018-04-28 19:00,5,3764.0,Clear,13.33
2018-04-28 20:00,5,3189.0,Clear,12.67
2018-04-28 21:00,5,3076.0,Clear,10.67
2018-04-28 22:00,5,2900.0,Clear,8.47
2018-04-28 23:00,5,3360.0,Clear,6.57
2018-04-29 00:00,6,1532.0,Clear,6.4
2018-04-29 01:00,6,821.0,Clear,5.86
2018-04-29 02:00,6,601.0,Clear,5.27
2018-04-29 03:00,6,347.0,Clear,4.86
2018-04-29 04:00,6,280.0,Clear,4.5
2018-04-29 05:00,6,427.0,Clear,3.65
2018-04-29 06:00,6,839.0,Clear,3.0
2018-04-29 07:00,6,1397.0,Clear,3.29
2018-04-29 08:00,6,2153.0,Clear,5.13
2018-04-29 09:00,6,3258.0,Clear,8.6
2018-04-29 10:00,6,3848.0,Clear,11.46
2018-04-29 11:00,6,4381.0,Clear,13.53
2018-04-29 12:00,6,4886.0,Clear,15.21
2018-04-29 13:00,6,4828.0,Clear,16.31
2018-04-29 14:00,6,4715.0,Clear,17.6
2018-04-29 15:00,6,4570.0,Clear,18.66
2018-04-29 16:00,6,4886.0,Clear,19.47
2018-04-29 17:00,6,4390.0,Clear,19.73
2018-04-29 18:00,6,3903.0,Clear,20.14
2018-04-29 19:00,6,3351.0,Clear,19.8
2018-04-29 20:00,6,3026.0,Clear,18.58
2018-04-29 21:00,6,2367.0,Clear,16.93
2018-04-29 22:00,6,1703.0,Clear,16.0
2018-04-29 23:00,6,1035.0,Clear,15.46
2018-04-30 00:00,0,541.0,Thunderstorm,14.6
2018-04-30 01:00,0,327.0,Thunderstorm,14.07
2018-04-30 02:00,0,275.0,Clear,13.87
2018-04-30 03:00,0,355.0,Thunderstorm,13.47
2018-04-30 04:00,0,891.0,Rain;Thunderstorm,13.57
2018-04-30 05:00,0,2871.0,Rain;Thunderstorm,13.0
2018-04-30 06:00,0,5730.0,Thunderstorm,13.0
2018-04-30 07:00,0,6633.0,Rain,12.71
2018-04-30 08:00,0,5724.0,Rain,13.14
2018-04-30 09:00,0,5171.0,Drizzle;Rain,12.87
2018-04-30 10:00,0,4523.0,Drizzle;Rain,12.5
2018-04-30 11:00,0,4619.0,Drizzle,13.85
2018-04-30 12:00,0,4825.0,Rain,15.35
2018-04-30 13:00,0,4837.0,Drizzle,17.42
2018-04-30 14:00,0,5147.0,Clear,21.28
2018-04-30 15:00,0,5792.0,Clear,23.99
2018-04-30 16:00,0,6901.0,Clear,26.64
2018-04-30 17:00,0,6184.0,Clear,27.43
2018-04-30 18:00,0,4568.0,Clear,28.29
2018-04-30 19:00,0,3259.0,Clear,27.72
2018-04-30 20:00,0,2673.0,Clear,26.54
2018-04-30 21:00,0,2329.0,Clear,24.81
2018-04-30 22:00,0,1594.0,Clouds,23.47
2018-04-30 23:00,0,1061.0,Clouds,22.47
2018-05-01 00:00,1,576.0,Clear,22.0
2018-05-01 01:00,1,395.0,Clouds,21.0
2018-05-01 02:00,1,275.0,Clouds,20.74
2018-05-01 03:00,1,370.0,Clear,20.07
2018-05-01 04:00,1,916.0,Clear,18.87
2018-05-01 05:00,1,2893.0,Rain,17.93
2018-05-01 06:00,1,5653.0,Clear,17.13
2018-05-01 07:00,1,6046.0,Rain,17.0
2018-05-01 08:00,1,6140.0,Rain,15.93
2018-05-01 09:00,1,5420.0,Clear,15.43
2018-05-01 10:00,1,4468.0,Clouds,16.19
2018-05-01 11:00,1,4473.0,Clouds,17.77
2018-05-01 12:00,1,5111.0,Clear,17.99
2018-05-01 13:00,1,4988.0,Clear,18.63
2018-05-01 14:00,1,4926.0,Clear,18.91
2018-05-01 15:00,1,5802.0,Clouds,19.53
2018-05-01 16:00,1,6900.0,Clouds,20.06
2018-05-01 17:00,1,6410.0,Clouds,20.36
2018-05-01 18:00,1,4866.0,Clouds,20.13
2018-05-01 19:00,1,3411.0,Clouds,19.6
2018-05-01 20:00,1,2907.0,Clouds,18.73
2018-05-01 21:00,1,2287.0,Clouds,18.0
2018-05-01 22:00,1,1438.0,Rain,17.15
2018-05-01 23:00,1,1093.0,Rain;Thunderstorm,16.13
2018-05-02 00:00,2,517.0,Drizzle;Mist;Rain;Thunderstorm,14.33
2018-05-02 01:00,2,324.0,Drizzle;Mist;Rain,13.27
2018-05-02 02:00,2,253.0,Drizzle;Mist;Rain,12.36
2018-05-02 03:00,2,351.0,Mist;Rain,11.93
2018-05-02 04:00,2,915.0,Mist;Rain,10.93
2018-05-02 05:00,2,2959.0,Rain,10.29
2018-05-02 06:00,2,5910.0,Rain,9.64
2018-05-02 07:00,2,6606.0,Clouds,8.67
2018-05-02 08:00,2,5676.0,Clouds,8.21
2018-05-02 09:00,2,5638.0,Clouds,9.8
2018-05-02 10:00,2,4815.0,Clouds,11.43
2018-05-02 11:00,2,4999.0,Clouds,12.57
2018-05-02 12:00,2,5088.0,Clear,13.73
2018-05-02 13:00,2,5034.0,Clouds,14.6
2018-05-02 14:00,2,5179.0,Clouds,15.62
2018-05-02 15:00,2,5913.0,Clouds,17.34
2018-05-02 16:00,2,6935.0,Clouds,17.34
2018-05-02 17:00,2,6291.0,Clouds,17.34
2018-05-02 18:00,2,4763.0,Clear,18.83
2018-05-02 19:00,2,3518.0,Clouds,18.34
2018-05-02 20:00,2,3114.0,Clear,17.75
2018-05-02 21:00,2,2634.0,Clear,17.41
2018-05-02 22:00,2,1721.0,Clear,11.75
2018-05-02 23:00,2,1074.0,Clear,11.75
2018-05-03 00:00,3,591.0,Clouds,8.54
2018-05-03 01:00,3,373.0,Clouds,8.54
2018-05-03 02:00,3,259.0,Clear,10.02
2018-05-03 03:00,3,345.0,Clouds,11.0
2018-05-03 04:00,3,937.0,Clouds,11.0
2018-05-03 05:00,3,3025.0,Clouds,7.87
2018-05-03 06:00,3,5893.0,Clouds,8.95
2018-05-03 07:00,3,6457.0,Clouds,8.95
2018-05-03 08:00,3,6084.0,Clouds,8.95
2018-05-03 09:00,3,5289.0,Clear,18.65
2018-05-03 10:00,3,4763.0,Clear,18.65
2018-05-03 11:00,3,4987.0,Clouds,19.4
2018-05-03 12:00,3,5210.0,Haze,20.53
2018-05-03 13:00,3,5332.0,Clear,21.2
2018-05-03 14:00,3,5462.0,Clear,21.87
2018-05-03 15:00,3,6103.0,Clear,22.36
2018-05-03 16:00,3,6977.0,Clear,23.0
2018-05-03 17:00,3,6630.0,Clouds,22.64
2018-05-03 18:00,3,5019.0,Clouds,22.2
2018-05-03 19:00,3,3664.0,Rain,21.57
2018-05-03 20:00,3,3325.0,Clouds,20.5
2018-05-03 21:00,3,2716.0,Clear,19.54
2018-05-03 22:00,3,1918.0,Rain,17.94
2018-05-03 23:00,3,1308.0,Drizzle;Rain,16.58
2018-05-04 00:00,4,655.0,Rain,15.61
2018-05-04 01:00,4,393.0,Drizzle,15.0
2018-05-04 02:00,4,338.0,Clouds,14.47
2018-05-04 03:00,4,409.0,Clear,14.07
2018-05-04 04:00,4,882.0,Clear,12.67
2018-05-04 05:00,4,2841.0,Clear,12.43
2018-05-04 06:00,4,5503.0,Clouds,11.64
2018-05-04 07:00,4,6587.0,Clear,10.94
2018-05-04 08:00,4,5771.0,Clear,12.31
2018-05-04 09:00,4,5156.0,Clear,15.21
2018-05-04 10:00,4,4982.0,Clear,18.6
2018-05-04 11:00,4,5275.0,Clear,20.53
2018-05-04 12:00,4,5528.0,Clear,22.21
2018-05-04 13:00,4,5557.0,Clear,23.0
2018-05-04 14:00,4,5869.0,Clear,23.5
2018-05-04 15:00,4,6262.0,Clear,24.0
2018-05-04 16:00,4,6662.0,Clear,24.23
2018-05-04 17:00,4,6014.0,Clouds,24.8
2018-05-04 18:00,4,5024.0,Clouds,24.21
2018-05-04 19:00,4,4000.0,Clear,24.14
2018-05-04 20:00,4,3541.0,Clouds,23.22
2018-05-04 21:00,4,3323.0,Clouds,20.54
2018-05-04 22:00,4,2718.0,Clouds,17.86
2018-05-04 23:00,4,2103.0,Clear,17.86
2018-05-05 00:00,5,1446.0,Clear,18.07
2018-05-05 01:00,5,691.0,Clear,17.33
2018-05-05 03:00,5,345.0,Clear,16.0
2018-05-05 04:00,5,399.0,Clear,15.39
2018-05-05 05:00,5,687.0,Clear,13.61
2018-05-05 06:00,5,1382.0,Clear,11.4
2018-05-05 07:00,5,2248.0,Clear,9.46
2018-05-05 08:00,5,3095.0,Clouds,12.69
2018-05-05 09:00,5,3848.0,Clouds,16.42
2018-05-05 10:00,5,3915.0,Clear,18.78
2018-05-05 11:00,5,4280.0,Clouds,20.73
2018-05-05 12:00,5,4775.0,Clouds,22.5
2018-05-05 13:00,5,4730.0,Clouds,24.0
2018-05-05 14:00,5,4394.0,Clouds,25.35
2018-05-05 15:00,5,4699.0,Clear,26.14
2018-05-05 16:00,5,4580.0,Clear,27.29
2018-05-05 17:00,5,4539.0,Clouds,26.67
2018-05-05 18:00,5,4156.0,Rain;Thunderstorm,25.29
2018-05-05 19:00,5,3146.0,Drizzle;Rain;Thunderstorm,21.75
2018-05-05 20:00,5,2767.0,Rain;Thunderstorm,18.88
2018-05-05 21:00,5,2922.0,Clear,17.78
2018-05-05 22:00,5,3145.0,Clear,16.01
2018-05-05 23:00,5,2432.0,Clear,14.79
2018-05-06 00:00,6,1674.0,Clear,14.01
2018-05-06 01:00,6,784.0,Mist;Thunderstorm,12.68
2018-05-06 02:00,6,509.0,Clear,11.94
2018-05-06 03:00,6,346.0,Clouds,11.67
2018-05-06 04:00,6,269.0,Mist,11.15
2018-05-06 05:00,6,459.0,Clear,11.78
2018-05-06 06:00,6,998.0,Clear,11.27
2018-05-06 07:00,6,1332.0,Mist,10.94
2018-05-06 08:00,6,2390.0,Mist,12.0
2018-05-06 09:00,6,3000.0,Clear,13.19
2018-05-06 10:00,6,3568.0,Clear,15.39
2018-05-06 11:00,6,3914.0,Clouds,17.59
2018-05-06 12:00,6,4053.0,Clouds,20.71
2018-05-06 13:00,6,4237.0,Clear,21.46
2018-05-06 14:00,6,4295.0,Clouds,22.59
2018-05-06 15:00,6,4332.0,Clear,23.23
2018-05-06 16:00,6,4181.0,Clouds,23.87
2018-05-06 17:00,6,3739.0,Clear,23.87
2018-05-06 18:00,6,3778.0,Clear,23.86
2018-05-06 19:00,6,3041.0,Clear,23.4
2018-05-06 20:00,6,2658.0,Clear,23.08
2018-05-06 21:00,6,2350.0,Clear,20.34
2018-05-06 22:00,6,1717.0,Clouds,17.79
2018-05-06 23:00,6,1248.0,Clouds,17.27
2018-05-07 00:00,0,597.0,Clouds,16.47
2018-05-07 01:00,0,353.0,Clouds,16.01
2018-05-07 02:00,0,244.0,Clouds,15.4
2018-05-07 03:00,0,326.0,Clouds,14.87
2018-05-07 04:00,0,875.0,Clouds,14.27
2018-05-07 05:00,0,2729.0,Clouds,13.94
2018-05-07 06:00,0,5780.0,Clear,13.8
2018-05-07 07:00,0,6339.0,Clouds,13.87
2018-05-07 08:00,0,5793.0,Clear,16.35
2018-05-07 09:00,0,4932.0,Clear,18.57
2018-05-07 10:00,0,4369.0,Clear,21.39
2018-05-07 11:00,0,4608.0,Clear,23.0
2018-05-07 12:00,0,4792.0,Clear,25.3
2018-05-07 13:00,0,4815.0,Clear,26.17
2018-05-07 14:00,0,4969.0,Clear,27.84
2018-05-07 15:00,0,5799.0,Clear,28.86
2018-05-07 16:00,0,6663.0,Clouds,28.92
2018-05-07 17:00,0,6197.0,Clouds,28.79
2018-05-07 18:00,0,4502.0,Clouds,28.74
2018-05-07 19:00,0,3292.0,Clear,28.34
2018-05-07 20:00,0,2791.0,Clouds,27.58
2018-05-07 21:00,0,2494.0,Clear,24.81
2018-05-07 22:00,0,1591.0,Clear,22.22
2018-05-07 23:00,0,1010.0,Clear,22.22
2018-05-08 00:00,1,585.0,Clear,21.34
2018-05-08 01:00,1,356.0,Clear,20.47
2018-05-08 02:00,1,264.0,Clear,19.2
2018-05-08 03:00,1,331.0,Rain,19.33
2018-05-08 04:00,1,868.0,Clear,19.57
2018-05-08 05:00,1,2849.0,Rain,19.36
2018-05-08 06:00,1,5958.0,Rain,18.34
2018-05-08 07:00,1,6651.0,Clear,17.69
2018-05-08 08:00,1,6203.0,Clouds,18.13
2018-05-08 09:00,1,5428.0,Clear,19.86
2018-05-08 10:00,1,4500.0,Clouds,20.71
2018-05-08 11:00,1,4614.0,Rain,20.85
2018-05-08 12:00,1,4601.0,Drizzle;Rain,20.29
2018-05-08 13:00,1,4583.0,Drizzle;Rain,18.73
2018-05-08 14:00,1,5196.0,Drizzle;Rain,18.39
2018-05-08 15:00,1,5855.0,Rain,18.66
2018-05-08 16:00,1,6578.0,Rain,19.06
2018-05-08 17:00,1,6279.0,Rain,19.28
2018-05-08 18:00,1,4545.0,Drizzle;Rain,18.29
2018-05-08 19:00,1,3274.0,Rain;Thunderstorm,17.31
2018-05-08 20:00,1,3044.0,Rain,16.77
2018-05-08 21:00,1,2334.0,Rain;Thunderstorm,16.34
2018-05-08 22:00,1,1513.0,Rain;Thunderstorm,16.36
2018-05-08 23:00,1,1027.0,Drizzle;Rain,16.15
2018-05-09 00:00,2,516.0,Drizzle;Rain;Thunderstorm,16.21
2018-05-09 01:00,2,319.0,Rain,15.25
2018-05-09 02:00,2,261.0,Rain,14.94
2018-05-09 03:00,2,340.0,Drizzle;Rain,13.7
2018-05-09 04:00,2,885.0,Rain,13.79
2018-05-09 05:00,2,2881.0,Rain,12.67
2018-05-09 06:00,2,6008.0,Drizzle,12.13
2018-05-09 07:00,2,6523.0,Drizzle;Mist,11.93
2018-05-09 08:00,2,6254.0,Mist,12.33
2018-05-09 09:00,2,5210.0,Drizzle;Mist;Rain,12.8
2018-05-09 10:00,2,4720.0,Clouds,13.34
2018-05-09 11:00,2,4693.0,Drizzle;Rain,14.5
2018-05-09 12:00,2,4840.0,Rain,15.2
2018-05-09 13:00,2,4933.0,Drizzle;Rain,15.54
2018-05-09 14:00,2,5109.0,Drizzle;Rain,15.79
2018-05-09 15:00,2,6159.0,Rain,15.6
2018-05-09 16:00,2,6844.0,Drizzle;Rain,15.67
2018-05-09 17:00,2,6436.0,Clouds,15.93
2018-05-09 18:00,2,4768.0,Mist,16.54
2018-05-09 19:00,2,3511.0,Clouds,17.0
2018-05-09 20:00,2,3287.0,Clouds,17.4
2018-05-09 21:00,2,2734.0,Clouds,16.14
2018-05-09 22:00,2,1736.0,Clear,14.47
2018-05-09 23:00,2,1466.0,Clear,13.2
2018-05-10 00:00,3,633.0,Clouds,12.49
2018-05-10 01:00,3,364.0,Clear,12.66
2018-05-10 02:00,3,270.0,Clouds,10.9
2018-05-10 03:00,3,374.0,Clouds,11.5
2018-05-10 04:00,3,928.0,Clouds,11.07
2018-05-10 05:00,3,2881.0,Clouds,9.8
2018-05-10 06:00,3,5840.0,Clouds,8.14
2018-05-10 07:00,3,6197.0,Clear,6.87
2018-05-10 08:00,3,5690.0,Clear,6.73
2018-05-10 09:00,3,5568.0,Clear,7.5
2018-05-10 10:00,3,4691.0,Clear,8.87
2018-05-10 11:00,3,5120.0,Clear,10.43
2018-05-10 12:00,3,5268.0,Clear,11.33
2018-05-10 13:00,3,5140.0,Clear,12.71
2018-05-10 14:00,3,5599.0,Clouds,13.53
2018-05-10 15:00,3,6364.0,Clouds,14.14
2018-05-10 16:00,3,7074.0,Clouds,14.78
2018-05-10 17:00,3,6722.0,Clear,14.22
2018-05-10 18:00,3,5110.0,Clouds,14.5
2018-05-10 19:00,3,3824.0,Clear,14.0
2018-05-10 20:00,3,3310.0,Clouds,13.57
2018-05-10 21:00,3,2906.0,Clouds,12.79
2018-05-10 22:00,3,2014.0,Rain,12.0
2018-05-10 23:00,3,1287.0,Clear,11.47
2018-05-11 00:00,4,660.0,Rain,11.0
2018-05-11 01:00,4,379.0,Clear,10.0
2018-05-11 02:00,4,302.0,Clear,9.94
2018-05-11 03:00,4,342.0,Clear,9.54
2018-05-11 04:00,4,814.0,Clear,9.22
2018-05-11 05:00,4,2640.0,Clear,8.4
2018-05-11 06:00,4,5561.0,Rain,8.07
2018-05-11 07:00,4,6472.0,Drizzle;Rain,7.86
2018-05-11 08:00,4,5594.0,Drizzle,7.87
2018-05-11 09:00,4,5189.0,Clouds,8.38
2018-05-11 10:00,4,4978.0,Rain,8.93
2018-05-11 11:00,4,5292.0,Clouds,9.2
2018-05-11 12:00,4,5530.0,Clouds,10.07
2018-05-11 13:00,4,5323.0,Clouds,10.2
2018-05-11 14:00,4,5648.0,Mist,10.33
2018-05-11 15:00,4,6354.0,Mist,10.14
2018-05-11 16:00,4,6858.0,Mist,9.94
2018-05-11 17:00,4,5773.0,Clouds,10.29
2018-05-11 18:00,4,5138.0,Drizzle;Mist,10.79
2018-05-11 19:00,4,3863.0,Drizzle;Rain,10.93
2018-05-11 20:00,4,3108.0,Drizzle;Rain,10.79
2018-05-11 21:00,4,3134.0,Rain,10.85
2018-05-11 22:00,4,2436.0,Clouds,10.71
2018-05-11 23:00,4,1740.0,Clouds,10.2
2018-05-12 00:00,5,1107.0,Clouds,10.0
2018-05-12 01:00,5,642.0,Clouds,9.93
2018-05-12 02:00,5,427.0,Clear,9.0
2018-05-12 03:00,5,482.0,Clear,8.15
2018-05-12 04:00,5,440.0,Clear,7.01
2018-05-12 05:00,5,809.0,Clear,6.93
2018-05-12 06:00,5,1428.0,Clear,6.79
2018-05-12 07:00,5,2113.0,Clouds,6.43
2018-05-12 08:00,5,3110.0,Clouds,7.84
2018-05-12 09:00,5,3792.0,Clouds,9.25
2018-05-12 10:00,5,4455.0,Clouds,11.64
2018-05-12 11:00,5,4818.0,Clear,13.08
2018-05-12 12:00,5,5167.0,Clouds,14.57
2018-05-12 13:00,5,4769.0,Clouds,15.35
2018-05-12 14:00,5,4631.0,Clouds,15.92
2018-05-12 15:00,5,4283.0,Rain,16.08
2018-05-12 16:00,5,4148.0,Drizzle;Rain,15.78
2018-05-12 17:00,5,3972.0,Drizzle;Rain,15.92
2018-05-12 18:00,5,3736.0,Rain,15.5
2018-05-12 19:00,5,3060.0,Rain,14.72
2018-05-12 20:00,5,2718.0,Rain,13.31
2018-05-12 21:00,5,2727.0,Clouds,12.62
2018-05-12 22:00,5,2527.0,Clouds,12.08
2018-05-12 23:00,5,2033.0,Clouds,10.65
2018-05-13 00:00,6,1191.0,Clear,9.08
2018-05-13 01:00,6,756.0,Clear,7.25
2018-05-13 02:00,6,622.0,Clear,6.54
2018-05-13 03:00,6,353.0,Clear,6.0
2018-05-13 04:00,6,342.0,Clear,5.62
2018-05-13 05:00,6,460.0,Clear,4.7
2018-05-13 06:00,6,868.0,Clear,4.54
2018-05-13 07:00,6,1304.0,Mist,5.36
2018-05-13 08:00,6,1965.0,Clear,8.46
2018-05-13 09:00,6,3117.0,Clouds,11.14
2018-05-13 10:00,6,3725.0,Clouds,12.64
2018-05-13 11:00,6,3983.0,Clouds,14.54
2018-05-13 12:00,6,4088.0,Clouds,16.23
2018-05-13 13:00,6,4184.0,Clouds,17.38
2018-05-13 14:00,6,4091.0,Clouds,18.64
2018-05-13 15:00,6,4072.0,Clouds,20.15
2018-05-13 16:00,6,4169.0,Clear,20.93
2018-05-13 17:00,6,3827.0,Clouds,21.36
2018-05-13 18:00,6,3555.0,Clouds,21.78
2018-05-13 19:00,6,3256.0,Clouds,22.17
2018-05-13 20:00,6,3049.0,Clear,21.16
2018-05-13 21:00,6,2586.0,Clear,19.15
2018-05-13 22:00,6,1759.0,Clear,17.54
2018-05-13 23:00,6,1077.0,Clear,16.77
2018-05-14 00:00,0,598.0,Clear,16.0
2018-05-14 01:00,0,366.0,Clear,15.43
2018-05-14 02:00,0,243.0,Clear,14.65
2018-05-14 03:00,0,308.0,Mist,14.22
2018-05-14 04:00,0,875.0,Fog,13.93
2018-05-14 05:00,0,2816.0,Mist,12.67
2018-05-14 06:00,0,5792.0,Haze;Mist,12.0
2018-05-14 07:00,0,6559.0,Mist,12.23
2018-05-14 08:00,0,5870.0,Mist,14.0
2018-05-14 09:00,0,5052.0,Clouds,15.64
2018-05-14 10:00,0,4392.0,Clouds,17.5
2018-05-14 11:00,0,4573.0,Clouds,19.6
2018-05-14 12:00,0,4794.0,Clear,21.8
2018-05-14 13:00,0,4831.0,Clouds,22.92
2018-05-14 14:00,0,5025.0,Clouds,23.07
2018-05-14 15:00,0,5598.0,Drizzle;Rain,22.79
2018-05-14 16:00,0,6463.0,Rain,21.67
2018-05-14 17:00,0,5971.0,Rain,19.94
2018-05-14 18:00,0,4545.0,Rain,17.79
2018-05-14 19:00,0,3113.0,Drizzle;Mist;Rain,17.21
2018-05-14 20:00,0,2681.0,Drizzle;Mist;Rain,16.87
2018-05-14 21:00,0,2293.0,Drizzle;Mist;Rain,16.47
2018-05-14 22:00,0,2107.0,Drizzle;Mist;Rain,16.2
2018-05-14 23:00,0,1022.0,Mist,16.13
2018-05-15 00:00,1,555.0,Fog;Haze;Mist,15.53
2018-05-15 01:00,1,309.0,Fog;Mist,14.66
2018-05-15 02:00,1,248.0,Fog;Mist,13.85
2018-05-15 03:00,1,349.0,Fog;Haze;Mist,13.07
2018-05-15 04:00,1,934.0,Fog;Haze;Mist,12.5
2018-05-15 05:00,1,3020.0,Fog;Mist,11.86
2018-05-15 06:00,1,5914.0,Mist,11.23
2018-05-15 07:00,1,6264.0,Clear,11.14
2018-05-15 08:00,1,5433.0,Clear,12.71
2018-05-15 09:00,1,5399.0,Clear,14.59
2018-05-15 10:00,1,4528.0,Clear,16.57
2018-05-15 11:00,1,4808.0,Haze,17.93
2018-05-15 12:00,1,4967.0,Haze,19.2
2018-05-15 13:00,1,5017.0,Clear,20.66
2018-05-15 14:00,1,5380.0,Clear,21.73
2018-05-15 15:00,1,6033.0,Clear,22.6
2018-05-15 16:00,1,6888.0,Clear,23.21
2018-05-15 17:00,1,6548.0,Clear,24.07
2018-05-15 18:00,1,4953.0,Clear,24.43
2018-05-15 19:00,1,3602.0,Clear,24.2
2018-05-15 20:00,1,3050.0,Haze,23.36
2018-05-15 21:00,1,2773.0,Clear,20.41
2018-05-15 22:00,1,3335.0,Clear,16.44
2018-05-15 23:00,1,2286.0,Clear,14.58
2018-05-16 00:00,2,720.0,Clear,12.79
2018-05-16 01:00,2,442.0,Clear,11.86
2018-05-16 02:00,2,352.0,Clear,12.29
2018-05-16 03:00,2,367.0,Clear,11.22
2018-05-16 04:00,2,895.0,Clear,11.67
2018-05-16 05:00,2,3014.0,Clear,11.86
2018-05-16 06:00,2,5844.0,Clear,11.87
2018-05-16 07:00,2,5988.0,Clear,12.46
2018-05-16 08:00,2,5293.0,Clear,15.85
2018-05-16 09:00,2,5122.0,Clear,19.42
2018-05-16 10:00,2,4941.0,Clear,22.92
2018-05-16 11:00,2,5110.0,Clear,25.14
2018-05-16 12:00,2,5042.0,Clear,26.14
2018-05-16 13:00,2,4952.0,Clouds,27.46
2018-05-16 14:00,2,5286.0,Clear,28.29
2018-05-16 15:00,2,5871.0,Clouds,28.79
2018-05-16 16:00,2,6775.0,Clouds,29.27
2018-05-16 17:00,2,6123.0,Clear,29.15
2018-05-16 18:00,2,4717.0,Clouds,29.72
2018-05-16 19:00,2,3697.0,Clouds,29.4
2018-05-16 20:00,2,3387.0,Clouds,28.28
2018-05-16 21:00,2,3187.0,Clouds,25.48
2018-05-16 22:00,2,2443.0,Clear,21.94
2018-05-16 23:00,2,2291.0,Clear,20.22
2018-05-17 00:00,3,684.0,Clear,20.34
2018-05-17 01:00,3,495.0,Clear,19.01
2018-05-17 02:00,3,294.0,Clouds,18.74
2018-05-17 03:00,3,364.0,Clear,16.43
2018-05-17 04:00,3,929.0,Clouds,16.51
2018-05-17 05:00,3,2935.0,Clear,15.27
2018-05-17 06:00,3,5846.0,Clear,14.2
2018-05-17 07:00,3,6323.0,Clear,13.8
2018-05-17 08:00,3,5494.0,Clouds,14.73
2018-05-17 09:00,3,5299.0,Clouds,16.6
2018-05-17 10:00,3,4444.0,Clouds,18.56
2018-05-17 11:00,3,4913.0,Clouds,21.19
2018-05-17 12:00,3,5120.0,Clear,22.99
2018-05-17 13:00,3,5096.0,Clear,25.2
2018-05-17 14:00,3,5480.0,Clear,26.5
2018-05-17 15:00,3,6289.0,Clear,28.0
2018-05-17 16:00,3,6594.0,Clouds,28.67
2018-05-17 17:00,3,6171.0,Clouds,28.93
2018-05-17 18:00,3,4989.0,Clouds,28.5
2018-05-17 19:00,3,3647.0,Clouds,28.4
2018-05-17 20:00,3,3400.0,Clouds,27.15
2018-05-17 21:00,3,3238.0,Clear,25.44
2018-05-17 22:00,3,2677.0,Clouds,23.58
2018-05-17 23:00,3,1852.0,Clear,22.15
2018-05-18 00:00,4,736.0,Clear,21.08
2018-05-18 01:00,4,453.0,Clear,19.86
2018-05-18 02:00,4,365.0,Clear,18.79
2018-05-18 03:00,4,351.0,Clear,17.65
2018-05-18 04:00,4,846.0,Clear,16.41
2018-05-18 05:00,4,2786.0,Clear,15.07
2018-05-18 06:00,4,5552.0,Clear,14.07
2018-05-18 07:00,4,6583.0,Clear,13.67
2018-05-18 08:00,4,5321.0,Clouds,14.6
2018-05-18 09:00,4,4984.0,Clear,16.06
2018-05-18 10:00,4,4736.0,Clear,18.0
2018-05-18 11:00,4,5133.0,Clouds,20.73
2018-05-18 12:00,4,5337.0,Clouds,22.99
2018-05-18 13:00,4,5316.0,Clouds,24.99
2018-05-18 14:00,4,5810.0,Clear,26.62
2018-05-18 15:00,4,6400.0,Clouds,27.46
2018-05-18 16:00,4,6496.0,Clouds,28.29
2018-05-18 17:00,4,6197.0,Clouds,28.29
2018-05-18 18:00,4,5241.0,Clear,28.23
2018-05-18 19:00,4,3850.0,Clouds,27.47
2018-05-18 20:00,4,3441.0,Clouds,26.22
2018-05-18 21:00,4,3196.0,Rain,24.72
2018-05-18 22:00,4,2728.0,Drizzle;Thunderstorm,23.2
2018-05-18 23:00,4,1797.0,Clear,22.22
2018-05-19 00:00,5,1420.0,Rain,21.47
2018-05-19 01:00,5,855.0,Rain,20.36
2018-05-19 02:00,5,639.0,Clouds,19.57
2018-05-19 03:00,5,494.0,Rain,19.13
2018-05-19 04:00,5,477.0,Rain,17.85
2018-05-19 05:00,5,806.0,Clear,16.2
2018-05-19 06:00,5,1430.0,Haze,15.79
2018-05-19 07:00,5,2062.0,Mist,14.6
2018-05-19 08:00,5,3277.0,Haze,14.27
2018-05-19 09:00,5,3569.0,Haze;Mist,14.2
2018-05-19 10:00,5,3857.0,Haze;Mist,13.61
2018-05-19 11:00,5,4112.0,Clouds,13.78
2018-05-19 12:00,5,4259.0,Mist,14.66
2018-05-19 13:00,5,4542.0,Clouds,15.33
2018-05-19 14:00,5,4802.0,Clouds,15.34
2018-05-19 15:00,5,4598.0,Clouds,14.65
2018-05-19 16:00,5,4398.0,Clouds,14.21
2018-05-19 17:00,5,4133.0,Clouds,14.0
2018-05-19 18:00,5,3640.0,Clouds,13.73
2018-05-19 19:00,5,2979.0,Clouds,13.47
2018-05-19 20:00,5,2706.0,Clouds,12.93
2018-05-19 21:00,5,2705.0,Clouds,12.34
2018-05-19 22:00,5,2714.0,Clouds,11.79
2018-05-19 23:00,5,2047.0,Clear,11.29
2018-05-20 00:00,6,1216.0,Clear,10.61
2018-05-20 01:00,6,761.0,Thunderstorm,9.86
2018-05-20 02:00,6,525.0,Clear,9.36
2018-05-20 03:00,6,324.0,Clear,8.27
2018-05-20 04:00,6,273.0,Clear,7.94
2018-05-20 05:00,6,433.0,Clear,7.43
2018-05-20 06:00,6,850.0,Clear,7.0
2018-05-20 07:00,6,1242.0,Clear,6.43
2018-05-20 08:00,6,1829.0,Clear,7.26
2018-05-20 09:00,6,2638.0,Clear,9.07
2018-05-20 10:00,6,3501.0,Clear,11.43
2018-05-20 11:00,6,4300.0,Clear,13.13
2018-05-20 12:00,6,4661.0,Clouds,15.53
2018-05-20 13:00,6,3956.0,Clouds,17.06
2018-05-20 14:00,6,3932.0,Clouds,18.78
2018-05-20 15:00,6,3920.0,Clouds,20.06
2018-05-20 16:00,6,3938.0,Clouds,21.33
2018-05-20 17:00,6,3768.0,Clouds,21.71
2018-05-20 18:00,6,3378.0,Clouds,22.07
2018-05-20 19:00,6,2842.0,Clouds,21.86
2018-05-20 20:00,6,2692.0,Clouds,21.08
2018-05-20 21:00,6,2194.0,Clouds,18.86
2018-05-20 22:00,6,1696.0,Clouds,15.35
2018-05-20 23:00,6,1107.0,Clear,13.88
2018-05-21 00:00,0,652.0,Clear,13.75
2018-05-21 01:00,0,350.0,Haze,13.05
2018-05-21 02:00,0,321.0,Clear,13.38
2018-05-21 03:00,0,333.0,Clouds,14.62
2018-05-21 04:00,0,860.0,Clouds,14.78
2018-05-21 05:00,0,2796.0,Drizzle,14.65
2018-05-21 06:00,0,5721.0,Rain,14.14
2018-05-21 07:00,0,6799.0,Drizzle;Rain,14.2
2018-05-21 08:00,0,5726.0,Drizzle;Rain,14.6
2018-05-21 09:00,0,4865.0,Clouds,15.4
2018-05-21 10:00,0,4254.0,Clouds,16.46
2018-05-21 11:00,0,4454.0,Rain,16.86
2018-05-21 12:00,0,4810.0,Rain,17.21
2018-05-21 13:00,0,2040.0,Clouds,17.5
2018-05-21 14:00,0,4224.0,Clouds,18.21
2018-05-21 15:00,0,5895.0,Clouds,19.07
2018-05-21 16:00,0,6968.0,Clouds,19.74
2018-05-21 17:00,0,6134.0,Clouds,19.51
2018-05-21 18:00,0,4586.0,Clouds,18.48
2018-05-21 19:00,0,3249.0,Clouds,17.95
2018-05-21 20:00,0,2699.0,Clouds,17.14
2018-05-21 21:00,0,2318.0,Clouds,16.0
2018-05-21 22:00,0,1668.0,Clouds,15.47
2018-05-21 23:00,0,1060.0,Clouds,15.14
2018-05-22 00:00,1,554.0,Clouds,15.0
2018-05-22 01:00,1,333.0,Clouds,14.43
2018-05-22 02:00,1,249.0,Clouds,14.61
2018-05-22 03:00,1,337.0,Haze,14.36
2018-05-22 04:00,1,886.0,Clouds,14.39
2018-05-22 05:00,1,3026.0,Haze;Mist,13.85
2018-05-22 06:00,1,5875.0,Haze;Mist,13.57
2018-05-22 07:00,1,6019.0,Mist,13.43
2018-05-22 08:00,1,5752.0,Mist,14.46
2018-05-22 09:00,1,5085.0,Mist,15.5
2018-05-22 10:00,1,4450.0,Mist,16.47
2018-05-22 11:00,1,4631.0,Haze,17.36
2018-05-22 12:00,1,4760.0,Haze,18.73
2018-05-22 13:00,1,4840.0,Haze,19.99
2018-05-22 14:00,1,5197.0,Clouds,21.36
2018-05-22 15:00,1,5901.0,Clouds,22.14
2018-05-22 16:00,1,6907.0,Clouds,22.71
2018-05-22 17:00,1,6371.0,Clouds,23.0
2018-05-22 18:00,1,4649.0,Clouds,23.85
2018-05-22 19:00,1,3367.0,Clear,23.43
2018-05-22 20:00,1,3028.0,Clouds,22.57
2018-05-22 21:00,1,3047.0,Clouds,20.8
2018-05-22 22:00,1,1953.0,Clouds,18.59
2018-05-22 23:00,1,1084.0,Clouds,17.73
2018-05-23 00:00,2,599.0,Clear,17.36
2018-05-23 01:00,2,363.0,Clear,16.14
2018-05-23 02:00,2,303.0,Clear,16.08
2018-05-23 03:00,2,349.0,Clear,15.79
2018-05-23 04:00,2,919.0,Mist,15.6
2018-05-23 05:00,2,2989.0,Mist,15.8
2018-05-23 06:00,2,5979.0,Mist,15.93
2018-05-23 07:00,2,6641.0,Mist;Thunderstorm,16.57
2018-05-23 08:00,2,5557.0,Clouds,17.86
2018-05-23 09:00,2,5217.0,Clouds,19.28
2018-05-23 10:00,2,4728.0,Clouds,21.22
2018-05-23 11:00,2,4956.0,Clear,22.13
2018-05-23 12:00,2,4760.0,Clouds,22.86
2018-05-23 13:00,2,4912.0,Clouds,23.43
2018-05-23 14:00,2,5221.0,Clouds,24.21
2018-05-23 15:00,2,5959.0,Clear,25.43
2018-05-23 16:00,2,6897.0,Clouds,25.93
2018-05-23 17:00,2,6228.0,Clouds,27.3
2018-05-23 18:00,2,4632.0,Clouds,27.35
2018-05-23 19:00,2,3359.0,Clouds,27.22
2018-05-23 20:00,2,2993.0,Clouds,26.93
2018-05-23 21:00,2,2888.0,Clouds,24.87
2018-05-23 22:00,2,2028.0,Clouds,23.74
2018-05-23 23:00,2,1215.0,Clear,22.94
2018-05-24 00:00,3,628.0,Clear,22.6
2018-05-24 01:00,3,356.0,Clear,22.47
2018-05-24 02:00,3,261.0,Thunderstorm,22.2
2018-05-24 03:00,3,363.0,Clear,21.93
2018-05-24 04:00,3,883.0,Clear,21.19
2018-05-24 05:00,3,3012.0,Clear,21.0
2018-05-24 06:00,3,5763.0,Clear,20.87
2018-05-24 07:00,3,6298.0,Clear,21.07
2018-05-24 08:00,3,5695.0,Clouds,22.13
2018-05-24 09:00,3,5232.0,Clear,23.64
2018-05-24 10:00,3,4532.0,Clear,25.71
2018-05-24 11:00,3,4923.0,Clear,27.73
2018-05-24 12:00,3,4969.0,Clouds,29.43
2018-05-24 13:00,3,5036.0,Clouds,30.73
2018-05-24 14:00,3,5414.0,Clear,31.47
2018-05-24 15:00,3,6184.0,Clear,32.22
2018-05-24 16:00,3,6193.0,Clouds,32.28
2018-05-24 17:00,3,6107.0,Thunderstorm,32.47
2018-05-24 18:00,3,4787.0,Clouds,31.93
2018-05-24 19:00,3,3746.0,Thunderstorm,30.58
2018-05-24 20:00,3,2938.0,Mist;Rain;Thunderstorm,24.94
2018-05-24 21:00,3,2626.0,Mist;Rain;Thunderstorm,21.8
2018-05-24 22:00,3,1938.0,Rain;Thunderstorm,20.54
2018-05-24 23:00,3,1261.0,Rain;Thunderstorm,20.36
2018-05-25 00:00,4,648.0,Rain;Thunderstorm,20.74
2018-05-25 01:00,4,430.0,Drizzle;Rain;Thunderstorm,20.94
2018-05-25 02:00,4,300.0,Thunderstorm,20.67
2018-05-25 03:00,4,329.0,Thunderstorm,20.07
2018-05-25 04:00,4,788.0,Mist;Rain;Thunderstorm,20.07
2018-05-25 05:00,4,2645.0,Rain;Thunderstorm,19.0
2018-05-25 06:00,4,5111.0,Rain;Thunderstorm,18.69
2018-05-25 07:00,4,6075.0,Thunderstorm,18.71
2018-05-25 08:00,4,5206.0,Clouds,19.43
2018-05-25 09:00,4,4859.0,Clouds,21.36
2018-05-25 10:00,4,4534.0,Clouds,23.43
2018-05-25 11:00,4,4928.0,Clouds,24.0
2018-05-25 12:00,4,5139.0,Clouds,25.47
2018-05-25 13:00,4,5148.0,Clear,27.22
2018-05-25 14:00,4,5403.0,Clouds,28.5
2018-05-25 15:00,4,6083.0,Clear,29.78
2018-05-25 16:00,4,5753.0,Rain,30.8
2018-05-25 17:00,4,4904.0,Rain;Thunderstorm,30.29
2018-05-25 18:00,4,4023.0,Rain;Thunderstorm,26.41
2018-05-25 19:00,4,3334.0,Rain,26.07
2018-05-25 20:00,4,3026.0,Thunderstorm,25.93
2018-05-25 21:00,4,2953.0,Rain,23.87
2018-05-25 22:00,4,2863.0,Clouds,21.87
2018-05-25 23:00,4,1828.0,Clear,20.74
2018-05-26 00:00,5,1300.0,Clear,20.07
2018-05-26 01:00,5,719.0,Clear,20.22
2018-05-26 02:00,5,579.0,Clear,19.15
2018-05-26 03:00,5,363.0,Clear,19.15
2018-05-26 04:00,5,376.0,Clear,18.93
2018-05-26 05:00,5,649.0,Clear,18.4
2018-05-26 06:00,5,1263.0,Clear,17.93
2018-05-26 07:00,5,1690.0,Clear,18.36
2018-05-26 08:00,5,2392.0,Clear,20.47
2018-05-26 09:00,5,3360.0,Clear,22.78
2018-05-26 10:00,5,3540.0,Clear,25.07
2018-05-26 11:00,5,3937.0,Clear,27.57
2018-05-26 12:00,5,4176.0,Clear,29.39
2018-05-26 13:00,5,4130.0,Clear,31.14
2018-05-26 14:00,5,3887.0,Clear,32.29
2018-05-26 15:00,5,3761.0,Clouds,33.0
2018-05-26 16:00,5,3970.0,Clouds,33.5
2018-05-26 17:00,5,3858.0,Clear,33.43
2018-05-26 18:00,5,3714.0,Clear,33.36
2018-05-26 19:00,5,2965.0,Clear,32.87
2018-05-26 20:00,5,2855.0,Clear,31.94
2018-05-26 21:00,5,2956.0,Clear,28.74
2018-05-26 22:00,5,3036.0,Clear,24.65
2018-05-26 23:00,5,2141.0,Clear,22.65
2018-05-27 00:00,6,1633.0,Clear,21.46
2018-05-27 01:00,6,829.0,Clear,19.79
2018-05-27 02:00,6,712.0,Clear,18.86
2018-05-27 03:00,6,486.0,Clear,17.93
2018-05-27 04:00,6,401.0,Clear,17.53
2018-05-27 05:00,6,844.0,Clear,16.8
2018-05-27 06:00,6,1192.0,Clear,16.22
2018-05-27 07:00,6,1205.0,Mist,17.28
2018-05-27 08:00,6,1819.0,Clear,20.13
2018-05-27 09:00,6,2660.0,Clear,23.46
2018-05-27 10:00,6,3431.0,Clear,26.57
2018-05-27 11:00,6,3782.0,Clouds,28.56
2018-05-27 12:00,6,4190.0,Clear,29.64
2018-05-27 13:00,6,4139.0,Rain,30.27
2018-05-27 14:00,6,3963.0,Rain,29.93
2018-05-27 15:00,6,3821.0,Clouds,29.92
2018-05-27 16:00,6,3739.0,Clouds,31.0
2018-05-27 17:00,6,3266.0,Clouds,31.46
2018-05-27 18:00,6,3127.0,Clouds,31.64
2018-05-27 19:00,6,2830.0,Clear,32.07
2018-05-27 20:00,6,2825.0,Clear,32.02
2018-05-27 21:00,6,2656.0,Clear,28.74
2018-05-27 22:00,6,2565.0,Clouds,28.0
2018-05-27 23:00,6,1660.0,Clouds,27.39
2018-05-28 00:00,0,1088.0,Clouds,26.34
2018-05-28 01:00,0,559.0,Clouds,26.34
2018-05-28 02:00,0,440.0,Clouds,25.2
2018-05-28 03:00,0,332.0,Clear,24.26
2018-05-28 04:00,0,314.0,Clear,24.26
2018-05-28 05:00,0,488.0,Clear,24.26
2018-05-28 06:00,0,882.0,Clear,22.48
2018-05-28 07:00,0,989.0,Clear,22.47
2018-05-28 08:00,0,1294.0,Clear,26.0
2018-05-28 09:00,0,1873.0,Clear,26.0
2018-05-28 10:00,0,2576.0,Clear,29.15
2018-05-28 11:00,0,3037.0,Clear,29.15
2018-05-28 12:00,0,3375.0,Clouds,32.0
2018-05-28 13:00,0,3611.0,Clouds,32.78
2018-05-28 14:00,0,4032.0,Clouds,34.14
2018-05-28 15:00,0,3812.0,Clouds,35.8
2018-05-28 16:00,0,3810.0,Clouds,36.92
2018-05-28 17:00,0,3822.0,Thunderstorm,34.72
2018-05-28 18:00,0,3749.0,Rain;Thunderstorm,30.86
2018-05-28 19:00,0,3145.0,Rain;Thunderstorm,27.21
2018-05-28 20:00,0,2611.0,Rain;Thunderstorm,26.5
2018-05-28 21:00,0,2338.0,Rain;Thunderstorm,25.92
2018-05-28 22:00,0,1936.0,Rain,24.86
2018-05-28 23:00,0,1141.0,Rain,23.93
2018-05-29 00:00,1,565.0,Clear,23.2
2018-05-29 01:00,1,347.0,Clear,21.93
2018-05-29 02:00,1,239.0,Clear,21.87
2018-05-29 03:00,1,340.0,Clear,22.2
2018-05-29 04:00,1,828.0,Clear,22.14
2018-05-29 05:00,1,2911.0,Clear,21.86
2018-05-29 06:00,1,5723.0,Clear,21.27
2018-05-29 07:00,1,6106.0,Clouds,21.93
2018-05-29 08:00,1,5530.0,Clear,23.14
2018-05-29 09:00,1,5117.0,Clouds,24.66
2018-05-29 10:00,1,4530.0,Clear,26.54
2018-05-29 11:00,1,4436.0,Clouds,28.53
2018-05-29 12:00,1,4866.0,Clouds,30.43
2018-05-29 13:00,1,4973.0,Clouds,31.85
2018-05-29 14:00,1,5159.0,Clear,33.07
2018-05-29 15:00,1,6018.0,Thunderstorm,32.45
2018-05-29 16:00,1,6820.0,Rain;Thunderstorm,29.89
2018-05-29 17:00,1,5990.0,Rain;Thunderstorm,25.81
2018-05-29 18:00,1,4267.0,Rain;Thunderstorm,24.4
2018-05-29 19:00,1,3036.0,Mist;Rain;Thunderstorm,21.72
2018-05-29 20:00,1,2466.0,Mist;Rain;Thunderstorm,20.85
2018-05-29 21:00,1,2154.0,Mist;Rain;Thunderstorm,20.61
2018-05-29 22:00,1,1595.0,Mist;Rain;Thunderstorm,20.2
2018-05-29 23:00,1,969.0,Mist;Rain;Thunderstorm,20.0
2018-05-30 00:00,2,527.0,Mist;Rain;Thunderstorm,19.77
2018-05-30 01:00,2,351.0,Mist;Rain,19.57
2018-05-30 02:00,2,306.0,Drizzle;Mist;Rain,19.36
2018-05-30 03:00,2,329.0,Mist,19.0
2018-05-30 04:00,2,893.0,Mist,19.07
2018-05-30 05:00,2,3023.0,Mist,19.0
2018-05-30 06:00,2,6046.0,Mist,18.62
2018-05-30 07:00,2,6326.0,Mist,18.93
2018-05-30 08:00,2,5716.0,Clouds,19.86
2018-05-30 09:00,2,5283.0,Rain,20.0
2018-05-30 10:00,2,4554.0,Drizzle;Rain,20.93
2018-05-30 11:00,2,4744.0,Rain,21.14
2018-05-30 12:00,2,4923.0,Rain,21.43
2018-05-30 13:00,2,4823.0,Drizzle;Rain,21.33
2018-05-30 14:00,2,5343.0,Mist;Rain,21.21
2018-05-30 15:00,2,6062.0,Drizzle;Mist;Rain,21.64
2018-05-30 16:00,2,7042.0,Haze;Rain,22.2
2018-05-30 17:00,2,6429.0,Drizzle,22.74
2018-05-30 18:00,2,4621.0,Drizzle;Rain,22.8
2018-05-30 19:00,2,3555.0,Clouds,22.6
2018-05-30 20:00,2,2788.0,Clouds,22.33
2018-05-30 21:00,2,2612.0,Clouds,21.5
2018-05-30 22:00,2,1932.0,Clear,20.77
2018-05-30 23:00,2,1233.0,Mist,19.65
2018-05-31 00:00,3,695.0,Mist,19.14
2018-05-31 01:00,3,382.0,Fog;Haze;Mist,18.47
2018-05-31 02:00,3,307.0,Fog;Haze;Mist,18.01
2018-05-31 03:00,3,343.0,Fog;Haze;Mist,18.29
2018-05-31 04:00,3,922.0,Fog;Haze;Mist,17.67
2018-05-31 05:00,3,3013.0,Fog;Haze;Mist,17.72
2018-05-31 06:00,3,6007.0,Fog;Haze;Mist,17.53
2018-05-31 07:00,3,6420.0,Fog;Haze;Mist,17.87
2018-05-31 08:00,3,5912.0,Fog;Haze;Mist,18.6
2018-05-31 09:00,3,5313.0,Haze;Mist,19.28
2018-05-31 10:00,3,4734.0,Mist,21.71
2018-05-31 11:00,3,5008.0,Clouds,23.64
2018-05-31 12:00,3,5031.0,Clouds,25.53
2018-05-31 13:00,3,5199.0,Clouds,26.28
2018-05-31 14:00,3,5407.0,Clouds,27.21
2018-05-31 15:00,3,5950.0,Clouds,27.57
2018-05-31 16:00,3,6860.0,Clouds,28.2
2018-05-31 17:00,3,6358.0,Clouds,28.57
2018-05-31 18:00,3,5042.0,Clouds,28.5
2018-05-31 19:00,3,3671.0,Clouds,28.13
2018-05-31 20:00,3,3037.0,Clouds,27.07
2018-05-31 21:00,3,3102.0,Clouds,25.6
2018-05-31 22:00,3,2222.0,Clear,23.67
2018-05-31 23:00,3,1446.0,Clear,22.13
2018-06-01 00:00,4,786.0,Clear,21.13
2018-06-01 01:00,4,497.0,Clear,20.07
2018-06-01 02:00,4,346.0,Clear,19.07
2018-06-01 03:00,4,395.0,Clear,18.28
2018-06-01 04:00,4,872.0,Clear,18.0
2018-06-01 05:00,4,2965.0,Clear,17.67
2018-06-01 06:00,4,5345.0,Clouds,17.79
2018-06-01 07:00,4,6658.0,Clouds,17.92
2018-06-01 08:00,4,5639.0,Mist,18.0
2018-06-01 09:00,4,5132.0,Clouds,17.6
2018-06-01 10:00,4,4739.0,Clouds,18.73
2018-06-01 11:00,4,5043.0,Clouds,19.79
2018-06-01 12:00,4,5387.0,Clouds,21.71
2018-06-01 13:00,4,5381.0,Clouds,22.86
2018-06-01 14:00,4,5742.0,Clouds,24.14
2018-06-01 15:00,4,6352.0,Clouds,25.14
2018-06-01 16:00,4,6860.0,Clouds,25.8
2018-06-01 17:00,4,5983.0,Clouds,25.67
2018-06-01 18:00,4,4926.0,Clouds,25.71
2018-06-01 19:00,4,3804.0,Clouds,24.92
2018-06-01 20:00,4,3446.0,Clouds,24.08
2018-06-01 21:00,4,3519.0,Clouds,22.43
2018-06-01 22:00,4,2865.0,Clear,20.72
2018-06-01 23:00,4,2218.0,Clear,19.43
2018-06-02 00:00,5,1601.0,Clear,18.22
2018-06-02 01:00,5,830.0,Clear,17.15
2018-06-02 03:00,5,446.0,Clear,15.86
2018-06-02 04:00,5,424.0,Thunderstorm,15.93
2018-06-02 05:00,5,746.0,Clouds,15.98
2018-06-02 06:00,5,1385.0,Clouds,15.39
2018-06-02 07:00,5,1928.0,Clouds,15.13
2018-06-02 08:00,5,2730.0,Mist,14.79
2018-06-02 09:00,5,3707.0,Drizzle;Rain,14.99
2018-06-02 10:00,5,3864.0,Rain,15.59
2018-06-02 11:00,5,4260.0,Drizzle;Rain,15.85
2018-06-02 12:00,5,4671.0,Mist;Rain;Thunderstorm,15.67
2018-06-02 13:00,5,4741.0,Drizzle;Mist;Rain,15.7
2018-06-02 14:00,5,4896.0,Drizzle;Mist;Rain,15.85
2018-06-02 15:00,5,4509.0,Drizzle;Rain,16.28
2018-06-02 16:00,5,4560.0,Mist;Rain,17.43
2018-06-02 17:00,5,4221.0,Drizzle;Mist;Rain,18.73
2018-06-02 18:00,5,4013.0,Rain,19.66
2018-06-02 19:00,5,3480.0,Mist,20.07
2018-06-02 20:00,5,3074.0,Clouds,19.13
2018-06-02 21:00,5,2905.0,Rain,18.2
2018-06-02 22:00,5,2808.0,Mist;Rain,17.4
2018-06-02 23:00,5,2103.0,Rain,16.73
2018-06-03 00:00,6,1516.0,Clouds,15.6
2018-06-03 01:00,6,905.0,Clear,14.29
2018-06-03 02:00,6,647.0,Clouds,13.86
2018-06-03 03:00,6,477.0,Clouds,13.84
2018-06-03 04:00,6,419.0,Clouds,14.13
2018-06-03 05:00,6,643.0,Clouds,14.21
2018-06-03 06:00,6,1103.0,Clouds,14.21
2018-06-03 07:00,6,1519.0,Clouds,14.28
2018-06-03 08:00,6,2380.0,Clouds,14.07
2018-06-03 09:00,6,3350.0,Clouds,14.5
2018-06-03 10:00,6,3820.0,Clouds,14.86
2018-06-03 11:00,6,4453.0,Clouds,15.2
2018-06-03 12:00,6,4858.0,Clouds,15.43
2018-06-03 13:00,6,4563.0,Clouds,15.93
2018-06-03 14:00,6,4458.0,Clouds,16.5
2018-06-03 15:00,6,4554.0,Clouds,17.86
2018-06-03 16:00,6,4547.0,Clouds,19.28
2018-06-03 17:00,6,4262.0,Clear,19.99
2018-06-03 18:00,6,3972.0,Clouds,20.85
2018-06-03 19:00,6,3527.0,Clouds,21.0
2018-06-03 20:00,6,3043.0,Clouds,20.4
2018-06-03 21:00,6,2490.0,Clear,19.14
2018-06-03 22:00,6,2051.0,Clear,17.14
2018-06-03 23:00,6,1166.0,Clear,15.33
2018-06-04 00:00,0,667.0,Clear,13.54
2018-06-04 01:00,0,377.0,Clear,12.57
2018-06-04 02:00,0,285.0,Clear,12.62
2018-06-04 03:00,0,375.0,Clouds,12.5
2018-06-04 04:00,0,928.0,Clear,11.54
2018-06-04 05:00,0,3021.0,Clear,11.07
2018-06-04 06:00,0,5765.0,Clear,9.94
2018-06-04 07:00,0,6081.0,Clear,12.21
2018-06-04 08:00,0,5546.0,Clear,15.19
2018-06-04 09:00,0,5108.0,Clear,17.79
2018-06-04 10:00,0,4334.0,Clear,20.34
2018-06-04 11:00,0,4489.0,Clear,22.5
2018-06-04 12:00,0,4741.0,Clouds,23.99
2018-06-04 13:00,0,4873.0,Clouds,25.28
2018-06-04 14:00,0,5170.0,Clouds,26.14
2018-06-04 15:00,0,5797.0,Clear,27.21
2018-06-04 16:00,0,7024.0,Clear,28.42
2018-06-04 17:00,0,6234.0,Clouds,29.61
2018-06-04 18:00,0,4374.0,Clouds,29.38
2018-06-04 19:00,0,3279.0,Clouds,29.21
2018-06-04 20:00,0,2941.0,Clouds,28.36
2018-06-04 21:00,0,2776.0,Clouds,26.7
2018-06-04 22:00,0,1871.0,Clouds,23.29
2018-06-04 23:00,0,1115.0,Clear,22.15
2018-06-05 00:00,1,635.0,Clear,22.54
2018-06-05 01:00,1,399.0,Clear,21.14
2018-06-05 02:00,1,297.0,Clear,19.75
2018-06-05 03:00,1,355.0,Clear,18.74
2018-06-05 04:00,1,952.0,Clear,17.43
2018-06-05 05:00,1,3078.0,Clear,16.29
2018-06-05 06:00,1,5970.0,Clear,15.58
2018-06-05 07:00,1,5972.0,Clear,15.22
2018-06-05 08:00,1,5645.0,Haze,15.75
2018-06-05 09:00,1,5046.0,Clouds,16.99
2018-06-05 10:00,1,4592.0,Clouds,18.36
2018-06-05 11:00,1,4778.0,Clouds,20.06
2018-06-05 12:00,1,5256.0,Clouds,21.54
2018-06-05 13:00,1,5285.0,Clear,22.73
2018-06-05 14:00,1,5340.0,Clear,23.57
2018-06-05 15:00,1,6102.0,Clear,24.73
2018-06-05 16:00,1,7037.0,Clear,25.57
2018-06-05 17:00,1,6431.0,Clear,25.78
2018-06-05 18:00,1,4582.0,Clear,25.92
2018-06-05 19:00,1,3510.0,Clouds,25.77
2018-06-05 20:00,1,3012.0,Clear,25.07
2018-06-05 21:00,1,2754.0,Clear,23.43
2018-06-05 22:00,1,2212.0,Clear,21.5
2018-06-05 23:00,1,1227.0,Clear,20.29
2018-06-06 00:00,2,663.0,Clear,19.51
2018-06-06 01:00,2,415.0,Clear,18.93
2018-06-06 02:00,2,318.0,Clear,18.94
2018-06-06 03:00,2,362.0,Clear,18.58
2018-06-06 04:00,2,934.0,Thunderstorm,19.22
2018-06-06 05:00,2,2980.0,Thunderstorm,19.08
2018-06-06 06:00,2,5195.0,Rain;Thunderstorm,17.73
2018-06-06 07:00,2,6083.0,Mist;Rain;Thunderstorm,16.2
2018-06-06 08:00,2,5301.0,Mist;Rain,16.33
2018-06-06 09:00,2,5324.0,Rain,17.0
2018-06-06 10:00,2,4621.0,Clouds,17.68
2018-06-06 11:00,2,4915.0,Clouds,18.69
2018-06-06 12:00,2,5098.0,Clouds,20.36
2018-06-06 13:00,2,4799.0,Clouds,21.38
2018-06-06 14:00,2,5226.0,Clouds,23.06
2018-06-06 15:00,2,6264.0,Clouds,23.38
2018-06-06 16:00,2,6925.0,Clear,24.29
2018-06-06 17:00,2,6637.0,Clouds,24.93
2018-06-06 18:00,2,5055.0,Haze,25.13
2018-06-06 19:00,2,3648.0,Clouds,25.69
2018-06-06 20:00,2,3157.0,Clouds,24.93
2018-06-06 21:00,2,2723.0,Clouds,23.27
2018-06-06 22:00,2,2224.0,Clear,21.41
2018-06-06 23:00,2,1303.0,Clear,19.93
2018-06-07 00:00,3,685.0,Clear,18.79
2018-06-07 01:00,3,439.0,Clear,17.35
2018-06-07 02:00,3,328.0,Clear,16.71
2018-06-07 03:00,3,380.0,Clear,16.21
2018-06-07 04:00,3,977.0,Clear,15.53
2018-06-07 05:00,3,3018.0,Clear,15.29
2018-06-07 06:00,3,5885.0,Clear,14.07
2018-06-07 07:00,3,6097.0,Clouds,14.43
2018-06-07 08:00,3,5871.0,Clouds,15.19
2018-06-07 09:00,3,5136.0,Clouds,16.5
2018-06-07 10:00,3,4691.0,Clouds,18.07
2018-06-07 11:00,3,5168.0,Clouds,20.06
2018-06-07 12:00,3,5220.0,Clouds,21.5
2018-06-07 13:00,3,5094.0,Clouds,22.71
2018-06-07 14:00,3,5399.0,Clouds,23.46
2018-06-07 15:00,3,6202.0,Clear,24.5
2018-06-07 16:00,3,6858.0,Clear,25.06
2018-06-07 17:00,3,6286.0,Clouds,24.8
2018-06-07 18:00,3,4858.0,Drizzle;Rain,24.0
2018-06-07 19:00,3,3715.0,Clear,23.6
2018-06-07 20:00,3,3222.0,Rain,23.0
2018-06-07 21:00,3,2912.0,Clouds,22.27
2018-06-07 22:00,3,2215.0,Thunderstorm,21.93
2018-06-07 23:00,3,1398.0,Drizzle,21.0
2018-06-08 00:00,4,800.0,Rain,20.73
2018-06-08 01:00,4,480.0,Drizzle;Rain,20.2
2018-06-08 02:00,4,354.0,Rain,19.54
2018-06-08 03:00,4,364.0,Rain,18.57
2018-06-08 04:00,4,884.0,Drizzle;Rain;Thunderstorm,18.07
2018-06-08 05:00,4,2793.0,Rain,18.0
2018-06-08 06:00,4,5554.0,Drizzle;Rain,18.0
2018-06-08 07:00,4,6584.0,Mist;Rain;Thunderstorm,18.07
2018-06-08 08:00,4,5442.0,Rain,18.5
2018-06-08 09:00,4,5011.0,Drizzle;Rain,19.28
2018-06-08 10:00,4,4681.0,Drizzle,19.92
2018-06-08 11:00,4,4996.0,Clouds,20.07
2018-06-08 12:00,4,5415.0,Thunderstorm,20.58
2018-06-08 13:00,4,5563.0,Clouds,21.45
2018-06-08 14:00,4,5936.0,Clouds,21.92
2018-06-08 15:00,4,6290.0,Clouds,21.92
2018-06-08 16:00,4,6727.0,Drizzle,21.64
2018-06-08 17:00,4,5865.0,Rain,22.14
2018-06-08 18:00,4,4959.0,Clouds,22.43
2018-06-08 19:00,4,3792.0,Clouds,22.61
2018-06-08 20:00,4,3251.0,Clouds,22.2
2018-06-08 21:00,4,3050.0,Clouds,21.22
2018-06-08 22:00,4,3360.0,Clouds,20.69
2018-06-08 23:00,4,2903.0,Clouds,19.77
2018-06-09 00:00,5,1511.0,Clear,18.86
2018-06-09 01:00,5,1110.0,Clear,18.36
2018-06-09 02:00,5,866.0,Clear,17.93
2018-06-09 03:00,5,614.0,Clouds,17.67
2018-06-09 04:00,5,517.0,Clear,17.69
2018-06-09 05:00,5,795.0,Clear,17.22
2018-06-09 06:00,5,1398.0,Thunderstorm,17.5
2018-06-09 07:00,5,2172.0,Thunderstorm,17.78
2018-06-09 08:00,5,2686.0,Rain,18.29
2018-06-09 09:00,5,3367.0,Thunderstorm,19.64
2018-06-09 10:00,5,3684.0,Mist;Rain;Thunderstorm,20.21
2018-06-09 11:00,5,4085.0,Drizzle;Mist;Rain;Thunderstorm,20.57
2018-06-09 12:00,5,4257.0,Drizzle;Mist;Rain;Thunderstorm,20.51
2018-06-09 13:00,5,4186.0,Mist;Rain;Thunderstorm,20.29
2018-06-09 14:00,5,4196.0,Mist;Rain;Thunderstorm,20.21
2018-06-09 15:00,5,3957.0,Mist;Rain;Thunderstorm,20.4
2018-06-09 16:00,5,3940.0,Mist;Rain;Thunderstorm,20.64
2018-06-09 17:00,5,3589.0,Mist;Rain,21.39
2018-06-09 18:00,5,3571.0,Drizzle;Mist;Rain,21.43
2018-06-09 19:00,5,3128.0,Rain,21.94
2018-06-09 20:00,5,2782.0,Rain,22.0
2018-06-09 21:00,5,2835.0,Clouds,21.65
2018-06-09 22:00,5,2863.0,Clouds,21.13
2018-06-09 23:00,5,1928.0,Clear,20.6
2018-06-10 00:00,6,1226.0,Clear,20.8
2018-06-10 01:00,6,777.0,Clear,20.4
2018-06-10 02:00,6,570.0,Clear,19.67
2018-06-10 03:00,6,350.0,Clouds,18.85
2018-06-10 04:00,6,293.0,Clouds,18.47
2018-06-10 05:00,6,427.0,Clear,18.13
2018-06-10 06:00,6,808.0,Clear,17.46
2018-06-10 07:00,6,1012.0,Clouds,17.46
2018-06-10 08:00,6,1617.0,Clouds,18.36
2018-06-10 09:00,6,2417.0,Clouds,18.93
2018-06-10 10:00,6,3075.0,Clouds,19.86
2018-06-10 11:00,6,3656.0,Clouds,20.53
2018-06-10 12:00,6,3993.0,Clouds,20.86
2018-06-10 13:00,6,3888.0,Clouds,21.07
2018-06-10 14:00,6,4125.0,Clouds,21.39
2018-06-10 15:00,6,4062.0,Clouds,21.8
2018-06-10 16:00,6,3901.0,Clouds,22.93
2018-06-10 17:00,6,3584.0,Clouds,23.46
2018-06-10 18:00,6,3477.0,Clouds,23.86
2018-06-10 19:00,6,3010.0,Clouds,23.64
2018-06-10 20:00,6,2979.0,Clouds,23.27
2018-06-10 21:00,6,2353.0,Clouds,22.67
2018-06-10 22:00,6,1834.0,Clouds,22.28
2018-06-10 23:00,6,1101.0,Clouds,22.06
2018-06-11 00:00,0,642.0,Clouds,21.26
2018-06-11 01:00,0,396.0,Clouds,20.33
2018-06-11 02:00,0,291.0,Clear,19.2
2018-06-11 03:00,0,310.0,Clear,18.57
2018-06-11 04:00,0,873.0,Clear,17.64
2018-06-11 05:00,0,2947.0,Clouds,17.36
2018-06-11 06:00,0,5476.0,Clouds,17.27
2018-06-11 07:00,0,6336.0,Clouds,17.67
2018-06-11 08:00,0,5676.0,Clouds,18.0
2018-06-11 09:00,0,4588.0,Clouds,18.66
2018-06-11 10:00,0,4270.0,Thunderstorm,19.33
2018-06-11 11:00,0,4435.0,Thunderstorm,19.46
2018-06-11 12:00,0,4763.0,Rain;Thunderstorm,19.52
2018-06-11 13:00,0,4658.0,Rain,20.6
2018-06-11 14:00,0,4923.0,Rain,21.85
2018-06-11 15:00,0,5691.0,Rain,21.65
2018-06-11 16:00,0,6556.0,Rain,21.53
2018-06-11 17:00,0,5922.0,Rain,21.4
2018-06-11 18:00,0,4512.0,Mist;Rain;Thunderstorm,20.42
2018-06-11 19:00,0,3078.0,Drizzle;Rain,20.27
2018-06-11 20:00,0,2611.0,Rain,20.33
2018-06-11 21:00,0,2240.0,Rain,21.0
2018-06-11 22:00,0,1861.0,Drizzle,21.0
2018-06-11 23:00,0,1109.0,Clouds,20.07
2018-06-12 00:00,1,621.0,Clouds,19.87
2018-06-12 01:00,1,396.0,Clouds,19.4
2018-06-12 02:00,1,314.0,Clouds,19.07
2018-06-12 03:00,1,362.0,Drizzle;Thunderstorm,19.19
2018-06-12 04:00,1,912.0,Drizzle,18.6
2018-06-12 05:00,1,3013.0,Mist,18.93
2018-06-12 06:00,1,5905.0,Mist,18.93
2018-06-12 07:00,1,6283.0,Mist,18.93
2018-06-12 08:00,1,5656.0,Mist,19.92
2018-06-12 09:00,1,4948.0,Mist,20.85
2018-06-12 10:00,1,4574.0,Mist,21.64
2018-06-12 11:00,1,4531.0,Clouds,22.5
2018-06-12 12:00,1,4911.0,Clouds,22.93
2018-06-12 13:00,1,4777.0,Clouds,23.07
2018-06-12 14:00,1,5185.0,Clouds,24.0
2018-06-12 15:00,1,6092.0,Clouds,24.5
2018-06-12 16:00,1,6777.0,Clouds,25.0
2018-06-12 17:00,1,6366.0,Clouds,25.2
2018-06-12 18:00,1,4701.0,Clouds,25.4
2018-06-12 19:00,1,3235.0,Rain,24.54
2018-06-12 20:00,1,2975.0,Rain,23.92
2018-06-12 21:00,1,2990.0,Clouds,22.93
2018-06-12 22:00,1,2332.0,Clouds,22.15
2018-06-12 23:00,1,1250.0,Clouds,21.0
2018-06-13 00:00,2,684.0,Clear,19.57
2018-06-13 01:00,2,439.0,Clear,17.8
2018-06-13 02:00,2,328.0,Clear,16.5
2018-06-13 03:00,2,387.0,Clear,15.5
2018-06-13 04:00,2,922.0,Clear,14.29
2018-06-13 05:00,2,3022.0,Clear,14.01
2018-06-13 06:00,2,5767.0,Clear,13.36
2018-06-13 07:00,2,6127.0,Clear,14.46
2018-06-13 08:00,2,5664.0,Clear,16.66
2018-06-13 09:00,2,5157.0,Clear,19.14
2018-06-13 10:00,2,4579.0,Clear,21.0
2018-06-13 11:00,2,4687.0,Clear,22.93
2018-06-13 12:00,2,5110.0,Haze,23.86
2018-06-13 13:00,2,4998.0,Clear,24.71
2018-06-13 14:00,2,5227.0,Clear,24.93
2018-06-13 15:00,2,6188.0,Clear,25.6
2018-06-13 16:00,2,6781.0,Clear,25.73
2018-06-13 17:00,2,5644.0,Clouds,25.86
2018-06-13 18:00,2,4617.0,Clouds,25.85
2018-06-13 19:00,2,3560.0,Clouds,25.14
2018-06-13 20:00,2,3277.0,Clear,24.14
2018-06-13 21:00,2,2777.0,Clouds,22.15
2018-06-13 22:00,2,2123.0,Clear,20.08
2018-06-13 23:00,2,1283.0,Rain,19.07
2018-06-14 00:00,3,724.0,Clear,18.27
2018-06-14 01:00,3,424.0,Rain,18.13
2018-06-14 02:00,3,308.0,Clouds,18.21
2018-06-14 03:00,3,368.0,Clouds,18.7
2018-06-14 04:00,3,928.0,Clouds,18.36
2018-06-14 05:00,3,3013.0,Rain,17.47
2018-06-14 06:00,3,5824.0,Clear,16.57
2018-06-14 07:00,3,6438.0,Clouds,17.4
2018-06-14 08:00,3,5778.0,Clouds,19.71
2018-06-14 09:00,3,4983.0,Clouds,20.93
2018-06-14 10:00,3,4510.0,Clouds,22.0
2018-06-14 11:00,3,4810.0,Clouds,23.06
2018-06-14 12:00,3,5062.0,Clouds,24.13
2018-06-14 13:00,3,5018.0,Clear,25.2
2018-06-14 14:00,3,5434.0,Clear,25.86
2018-06-14 15:00,3,6192.0,Clear,26.6
2018-06-14 16:00,3,6890.0,Clouds,26.86
2018-06-14 17:00,3,6049.0,Clouds,26.93
2018-06-14 18:00,3,4819.0,Clear,26.6
2018-06-14 19:00,3,3709.0,Thunderstorm,25.74
2018-06-14 20:00,3,3274.0,Clouds,24.74
2018-06-14 21:00,3,2922.0,Rain,24.14
2018-06-14 22:00,3,2284.0,Rain,23.54
2018-06-14 23:00,3,1388.0,Clouds,22.44
2018-06-15 00:00,4,830.0,Clear,21.84
2018-06-15 01:00,4,500.0,Clear,21.07
2018-06-15 02:00,4,358.0,Clear,20.57
2018-06-15 03:00,4,384.0,Clear,20.29
2018-06-15 04:00,4,866.0,Clear,20.06
2018-06-15 05:00,4,2843.0,Clear,20.43
2018-06-15 06:00,4,5432.0,Clear,20.13
2018-06-15 07:00,4,6361.0,Clear,21.0
2018-06-15 08:00,4,5671.0,Clouds,22.2
2018-06-15 09:00,4,4977.0,Clear,23.87
2018-06-15 10:00,4,4801.0,Clouds,25.73
2018-06-15 11:00,4,5025.0,Clouds,27.42
2018-06-15 12:00,4,5396.0,Clear,28.6
2018-06-15 13:00,4,5168.0,Thunderstorm,30.86
2018-06-15 14:00,4,5614.0,Thunderstorm,32.0
2018-06-15 15:00,4,5993.0,Thunderstorm,31.74
2018-06-15 16:00,4,6333.0,Rain;Thunderstorm,30.79
2018-06-15 17:00,4,5165.0,Thunderstorm,30.71
2018-06-15 18:00,4,4369.0,Thunderstorm,30.74
2018-06-15 19:00,4,3688.0,Rain;Thunderstorm,30.44
2018-06-15 20:00,4,3123.0,Thunderstorm,29.08
2018-06-15 21:00,4,3118.0,Clouds,27.15
2018-06-15 22:00,4,2778.0,Clouds,26.73
2018-06-15 23:00,4,2666.0,Clear,26.01
2018-06-16 00:00,5,1386.0,Clear,25.67
2018-06-16 01:00,5,825.0,Clear,25.61
2018-06-16 02:00,5,587.0,Clear,25.47
2018-06-16 03:00,5,391.0,Clear,25.34
2018-06-16 04:00,5,402.0,Rain,25.34
2018-06-16 05:00,5,772.0,Clear,24.61
2018-06-16 06:00,5,1196.0,Clear,24.54
2018-06-16 07:00,5,1651.0,Mist;Thunderstorm,24.65
2018-06-16 08:00,5,2329.0,Drizzle;Rain;Thunderstorm,23.8
2018-06-16 09:00,5,3017.0,Mist;Rain;Thunderstorm,21.93
2018-06-16 10:00,5,3514.0,Mist;Rain;Thunderstorm,21.21
2018-06-16 11:00,5,3907.0,Mist;Rain;Thunderstorm,21.31
2018-06-16 12:00,5,4494.0,Mist;Rain,21.72
2018-06-16 13:00,5,4834.0,Mist;Rain,22.31
2018-06-16 14:00,5,4900.0,Drizzle;Rain,22.93
2018-06-16 15:00,5,4363.0,Rain,25.13
2018-06-16 16:00,5,4495.0,Clouds,27.07
2018-06-16 17:00,5,4053.0,Clear,28.8
2018-06-16 18:00,5,3987.0,Clear,29.6
2018-06-16 19:00,5,3223.0,Clear,29.74
2018-06-16 20:00,5,2928.0,Clouds,29.61
2018-06-16 21:00,5,2887.0,Thunderstorm,28.47
2018-06-16 22:00,5,2606.0,Clouds,27.79
2018-06-16 23:00,5,2047.0,Drizzle,28.34
2018-06-17 00:00,6,1332.0,Rain,28.53
2018-06-17 01:00,6,866.0,Rain,28.54
2018-06-17 02:00,6,659.0,Clear,28.22
2018-06-17 03:00,6,413.0,Rain,27.57
2018-06-17 04:00,6,393.0,Mist;Rain;Thunderstorm,26.34
2018-06-17 05:00,6,552.0,Rain,25.07
2018-06-17 06:00,6,885.0,Drizzle;Rain,24.21
2018-06-17 07:00,6,1185.0,Thunderstorm,23.67
2018-06-17 08:00,6,1724.0,Rain;Thunderstorm,24.2
2018-06-17 09:00,6,2723.0,Rain,25.33
2018-06-17 10:00,6,3488.0,Clear,27.14
2018-06-17 11:00,6,3790.0,Clouds,28.36
2018-06-17 12:00,6,4260.0,Clouds,29.6
2018-06-17 13:00,6,4365.0,Clouds,30.2
2018-06-17 14:00,6,4192.0,Clouds,30.53
2018-06-17 15:00,6,4234.0,Rain,30.79
2018-06-17 16:00,6,4404.0,Rain;Thunderstorm,31.57
2018-06-17 17:00,6,4175.0,Rain;Thunderstorm,31.21
2018-06-17 18:00,6,3843.0,Rain;Thunderstorm,28.81
2018-06-17 19:00,6,3613.0,Rain,26.78
2018-06-17 20:00,6,3185.0,Rain;Thunderstorm,25.67
2018-06-17 21:00,6,2568.0,Rain;Thunderstorm,24.86
2018-06-17 22:00,6,2045.0,Rain,24.01
2018-06-17 23:00,6,1218.0,Drizzle;Rain,23.29
2018-06-18 00:00,0,627.0,Mist;Rain,22.43
2018-06-18 01:00,0,367.0,Drizzle;Mist;Rain;Thunderstorm,22.5
2018-06-18 02:00,0,272.0,Mist;Rain;Thunderstorm,21.77
2018-06-18 03:00,0,365.0,Mist;Rain;Thunderstorm,21.69
2018-06-18 04:00,0,802.0,Rain,21.54
2018-06-18 05:00,0,2891.0,Drizzle;Rain,21.0
2018-06-18 06:00,0,5541.0,Drizzle;Rain,20.67
2018-06-18 07:00,0,6386.0,Drizzle;Rain,19.93
2018-06-18 08:00,0,5765.0,Drizzle,19.5
2018-06-18 09:00,0,4767.0,Mist;Rain,19.73
2018-06-18 10:00,0,4161.0,Drizzle;Mist;Rain,19.73
2018-06-18 11:00,0,4435.0,Mist;Rain,20.6
2018-06-18 12:00,0,4829.0,Mist;Rain,21.21
2018-06-18 13:00,0,4743.0,Drizzle;Mist;Rain,21.43
2018-06-18 14:00,0,4935.0,Mist;Rain,22.42
2018-06-18 15:00,0,5558.0,Clouds,23.14
2018-06-18 16:00,0,6757.0,Clouds,23.43
2018-06-18 17:00,0,6306.0,Clouds,24.26
2018-06-18 18:00,0,4352.0,Clouds,24.34
2018-06-18 19:00,0,3248.0,Rain,24.29
2018-06-18 20:00,0,2762.0,Clouds,23.86
2018-06-18 21:00,0,2460.0,Clouds,23.27
2018-06-18 22:00,0,1710.0,Clouds,22.94
2018-06-18 23:00,0,1012.0,Rain,22.27
2018-06-19 00:00,1,592.0,Rain,21.87
2018-06-19 01:00,1,373.0,Rain,20.74
2018-06-19 02:00,1,269.0,Rain,20.2
2018-06-19 03:00,1,369.0,Rain,19.67
2018-06-19 04:00,1,893.0,Drizzle;Rain,19.77
2018-06-19 05:00,1,3038.0,Drizzle;Mist;Rain,18.93
2018-06-19 06:00,1,5483.0,Drizzle;Mist;Rain,18.27
2018-06-19 07:00,1,5506.0,Drizzle;Rain,17.8
2018-06-19 08:00,1,4851.0,Mist;Rain,17.53
2018-06-19 09:00,1,4792.0,Drizzle;Mist;Rain,17.6
2018-06-19 10:00,1,4244.0,Drizzle;Mist;Rain,17.72
2018-06-19 11:00,1,4346.0,Drizzle;Haze;Mist;Rain,17.6
2018-06-19 12:00,1,4585.0,Drizzle;Mist;Rain,17.31
2018-06-19 13:00,1,4728.0,Mist;Rain,17.39
2018-06-19 14:00,1,5109.0,Drizzle;Mist;Rain,17.85
2018-06-19 15:00,1,5852.0,Drizzle;Haze;Mist;Rain,18.29
2018-06-19 16:00,1,6821.0,Mist;Rain,19.07
2018-06-19 17:00,1,6085.0,Drizzle,19.93
2018-06-19 18:00,1,4546.0,Drizzle;Mist;Rain,19.71
2018-06-19 19:00,1,3263.0,Drizzle;Mist;Rain,19.64
2018-06-19 20:00,1,2804.0,Drizzle;Rain,19.43
2018-06-19 21:00,1,2454.0,Drizzle;Rain,19.07
2018-06-19 22:00,1,1796.0,Drizzle;Rain,18.71
2018-06-19 23:00,1,1190.0,Drizzle;Rain,18.5
2018-06-20 00:00,2,663.0,Drizzle,18.33
2018-06-20 01:00,2,406.0,Drizzle;Rain,18.33
2018-06-20 02:00,2,301.0,Rain,18.29
2018-06-20 03:00,2,385.0,Rain,18.21
2018-06-20 04:00,2,935.0,Mist,18.0
2018-06-20 05:00,2,3134.0,Drizzle,18.0
2018-06-20 06:00,2,5769.0,Rain,17.93
2018-06-20 07:00,2,6295.0,Mist;Rain,17.93
2018-06-20 08:00,2,5540.0,Mist,18.67
2018-06-20 09:00,2,4890.0,Clouds,19.43
2018-06-20 10:00,2,4544.0,Clouds,21.0
2018-06-20 11:00,2,4675.0,Clouds,22.29
2018-06-20 12:00,2,4824.0,Clouds,23.43
2018-06-20 13:00,2,4941.0,Clouds,23.85
2018-06-20 14:00,2,5161.0,Haze,24.64
2018-06-20 15:00,2,5864.0,Clouds,25.43
2018-06-20 16:00,2,6811.0,Clouds,25.5
2018-06-20 17:00,2,6439.0,Clouds,25.74
2018-06-20 18:00,2,4622.0,Clouds,25.54
2018-06-20 19:00,2,3418.0,Clouds,25.0
2018-06-20 20:00,2,3024.0,Clouds,24.34
2018-06-20 21:00,2,2758.0,Clouds,23.65
2018-06-20 22:00,2,1956.0,Clouds,22.67
2018-06-20 23:00,2,1209.0,Clear,22.07
2018-06-21 00:00,3,634.0,Clear,21.2
2018-06-21 01:00,3,462.0,Rain,20.94
2018-06-21 02:00,3,348.0,Rain,20.21
2018-06-21 03:00,3,426.0,Rain,19.8
2018-06-21 04:00,3,938.0,Rain,19.34
2018-06-21 05:00,3,3112.0,Rain,18.6
2018-06-21 06:00,3,5778.0,Rain,17.73
2018-06-21 07:00,3,6557.0,Drizzle;Rain,17.8
2018-06-21 08:00,3,5490.0,Clouds,18.2
2018-06-21 09:00,3,4982.0,Rain,18.93
2018-06-21 10:00,3,4951.0,Clear,19.87
2018-06-21 11:00,3,5167.0,Clouds,21.29
2018-06-21 12:00,3,5083.0,Clear,22.15
2018-06-21 13:00,3,4942.0,Clouds,23.14
2018-06-21 14:00,3,5025.0,Clear,23.36
2018-06-21 15:00,3,5768.0,Clouds,24.07
2018-06-21 16:00,3,6511.0,Clouds,24.36
2018-06-21 17:00,3,5997.0,Clouds,24.93
2018-06-21 18:00,3,4592.0,Clouds,24.43
2018-06-21 19:00,3,3823.0,Haze,24.36
2018-06-21 20:00,3,3385.0,Clear,24.08
2018-06-21 21:00,3,3446.0,Clouds,22.65
2018-06-21 22:00,3,2583.0,Clouds,20.93
2018-06-21 23:00,3,1455.0,Clear,20.0
2018-06-22 00:00,4,805.0,Clear,19.29
2018-06-22 01:00,4,471.0,Clear,18.5
2018-06-22 02:00,4,364.0,Clear,17.87
2018-06-22 03:00,4,384.0,Clear,17.15
2018-06-22 04:00,4,876.0,Clear,16.67
2018-06-22 05:00,4,3056.0,Clear,16.07
2018-06-22 06:00,4,5460.0,Clear,15.8
2018-06-22 07:00,4,6222.0,Clear,16.07
2018-06-22 08:00,4,5604.0,Clear,16.8
2018-06-22 09:00,4,5053.0,Clear,18.42
2018-06-22 10:00,4,4765.0,Clouds,20.4
2018-06-22 11:00,4,5128.0,Clear,21.62
2018-06-22 12:00,4,5225.0,Clear,22.94
2018-06-22 13:00,4,5104.0,Haze,24.0
2018-06-22 14:00,4,5351.0,Clear,25.0
2018-06-22 15:00,4,5843.0,Clear,26.0
2018-06-22 16:00,4,6010.0,Clear,26.47
2018-06-22 17:00,4,5120.0,Clouds,26.33
2018-06-22 18:00,4,4676.0,Clouds,26.57
2018-06-22 19:00,4,3976.0,Clouds,26.43
2018-06-22 20:00,4,3535.0,Clouds,25.6
2018-06-22 21:00,4,3473.0,Clouds,23.36
2018-06-22 22:00,4,3529.0,Clear,21.67
2018-06-22 23:00,4,3654.0,Clear,19.5
2018-06-23 00:00,5,1540.0,Clear,18.72
2018-06-23 01:00,5,872.0,Mist,17.43
2018-06-23 02:00,5,629.0,Mist,16.86
2018-06-23 03:00,5,407.0,Mist,16.07
2018-06-23 04:00,5,513.0,Mist,15.58
2018-06-23 05:00,5,966.0,Fog;Haze;Mist,15.21
2018-06-23 06:00,5,1495.0,Fog;Haze;Mist,14.72
2018-06-23 07:00,5,2474.0,Fog;Mist,15.71
2018-06-23 08:00,5,3353.0,Mist,18.13
2018-06-23 09:00,5,4065.0,Clear,20.57
2018-06-23 10:00,5,4318.0,Haze,22.93
2018-06-23 11:00,5,4621.0,Clear,24.64
2018-06-23 12:00,5,5018.0,Clouds,25.33
2018-06-23 13:00,5,4560.0,Clear,25.93
2018-06-23 14:00,5,4620.0,Clear,26.14
2018-06-23 15:00,5,4417.0,Clear,26.53
2018-06-23 16:00,5,4372.0,Clear,27.0
2018-06-23 17:00,5,4510.0,Clouds,27.29
2018-06-23 18:00,5,3945.0,Clouds,27.0
2018-06-23 19:00,5,3660.0,Clouds,26.2
2018-06-23 20:00,5,3362.0,Clouds,25.4
2018-06-23 21:00,5,3504.0,Clouds,24.2
2018-06-23 22:00,5,3572.0,Clear,22.27
2018-06-23 23:00,5,2484.0,Clouds,21.15
2018-06-24 00:00,6,1515.0,Clouds,20.0
2018-06-24 01:00,6,1016.0,Clear,19.0
2018-06-24 02:00,6,684.0,Clear,18.5
2018-06-24 03:00,6,409.0,Mist,18.27
2018-06-24 04:00,6,373.0,Mist,17.93
2018-06-24 05:00,6,614.0,Mist,17.4
2018-06-24 06:00,6,1091.0,Mist,17.07
2018-06-24 07:00,6,1499.0,Fog;Haze;Mist,17.47
2018-06-24 08:00,6,2362.0,Haze,19.64
2018-06-24 09:00,6,3560.0,Drizzle,21.36
2018-06-24 10:00,6,4187.0,Rain,22.21
2018-06-24 11:00,6,4186.0,Rain,22.93
2018-06-24 12:00,6,4302.0,Drizzle;Rain,23.66
2018-06-24 13:00,6,4235.0,Drizzle;Rain,24.2
2018-06-24 14:00,6,4317.0,Rain,24.5
2018-06-24 15:00,6,4313.0,Rain,24.67
2018-06-24 16:00,6,4256.0,Clear,25.79
2018-06-24 17:00,6,4118.0,Rain,26.21
2018-06-24 18:00,6,4022.0,Clouds,26.36
2018-06-24 19:00,6,3438.0,Clouds,25.67
2018-06-24 20:00,6,3187.0,Clouds,24.87
2018-06-24 21:00,6,2556.0,Clouds,23.61
2018-06-24 22:00,6,1962.0,Clouds,22.4
2018-06-24 23:00,6,1209.0,Rain,21.67
2018-06-25 00:00,0,652.0,Clouds,20.87
2018-06-25 01:00,0,422.0,Clear,20.14
2018-06-25 02:00,0,331.0,Clear,19.34
2018-06-25 03:00,0,406.0,Clear,18.54
2018-06-25 04:00,0,902.0,Clear,18.27
2018-06-25 05:00,0,2982.0,Clear,18.0
2018-06-25 06:00,0,5588.0,Rain,18.29
2018-06-25 07:00,0,6146.0,Rain,18.99
2018-06-25 08:00,0,5383.0,Rain;Thunderstorm,20.07
2018-06-25 09:00,0,4654.0,Rain;Thunderstorm,20.92
2018-06-25 10:00,0,4310.0,Rain,22.22
2018-06-25 11:00,0,4530.0,Rain,23.14
2018-06-25 12:00,0,4748.0,Clouds,24.06
2018-06-25 13:00,0,4673.0,Clouds,25.85
2018-06-25 14:00,0,4877.0,Clouds,26.4
2018-06-25 15:00,0,5605.0,Clear,27.07
2018-06-25 16:00,0,6232.0,Clouds,27.07
2018-06-25 17:00,0,5772.0,Clouds,26.67
2018-06-25 18:00,0,4086.0,Clouds,26.86
2018-06-25 19:00,0,3288.0,Clouds,26.0
2018-06-25 20:00,0,2944.0,Clouds,25.07
2018-06-25 21:00,0,2559.0,Haze,24.14
2018-06-25 22:00,0,1974.0,Clear,23.22
2018-06-25 23:00,0,1136.0,Drizzle;Rain,22.86
2018-06-26 00:00,1,624.0,Drizzle;Rain,22.07
2018-06-26 01:00,1,417.0,Rain,21.87
2018-06-26 02:00,1,297.0,Mist;Rain;Thunderstorm,20.87
2018-06-26 03:00,1,353.0,Drizzle;Mist;Rain;Thunderstorm,19.2
2018-06-26 04:00,1,887.0,Mist;Rain;Thunderstorm,18.4
2018-06-26 05:00,1,2973.0,Mist;Rain,17.93
2018-06-26 06:00,1,5381.0,Mist;Rain,17.8
2018-06-26 07:00,1,6350.0,Mist;Rain,17.64
2018-06-26 08:00,1,5756.0,Rain,17.79
2018-06-26 09:00,1,4872.0,Rain,18.0
2018-06-26 10:00,1,4452.0,Rain,18.92
2018-06-26 11:00,1,4713.0,Rain,19.43
2018-06-26 12:00,1,5083.0,Clouds,20.43
2018-06-26 13:00,1,4849.0,Rain,20.4
2018-06-26 14:00,1,4905.0,Drizzle;Rain,20.73
2018-06-26 15:00,1,5875.0,Rain,20.64
2018-06-26 16:00,1,6765.0,Drizzle;Rain,21.2
2018-06-26 17:00,1,6054.0,Mist,21.15
2018-06-26 18:00,1,4473.0,Mist,21.35
2018-06-26 19:00,1,3316.0,Rain,21.38
2018-06-26 20:00,1,2910.0,Drizzle;Mist,20.93
2018-06-26 21:00,1,2674.0,Clouds,20.6
2018-06-26 22:00,1,2083.0,Drizzle,20.33
2018-06-26 23:00,1,1161.0,Mist,20.28
2018-06-27 00:00,2,678.0,Mist,19.86
2018-06-27 01:00,2,411.0,Mist,19.4
2018-06-27 02:00,2,313.0,Clouds,19.43
2018-06-27 03:00,2,414.0,Mist,19.0
2018-06-27 04:00,2,898.0,Mist,19.0
2018-06-27 05:00,2,3151.0,Mist,18.84
2018-06-27 06:00,2,5883.0,Mist,18.64
2018-06-27 07:00,2,6414.0,Mist,18.86
2018-06-27 08:00,2,5717.0,Mist,19.43
2018-06-27 09:00,2,5134.0,Mist,19.71
2018-06-27 10:00,2,4614.0,Mist,20.33
2018-06-27 11:00,2,4964.0,Clouds,21.33
2018-06-27 12:00,2,5102.0,Clouds,22.21
2018-06-27 13:00,2,4901.0,Clouds,23.2
2018-06-27 14:00,2,5036.0,Clouds,23.78
2018-06-27 15:00,2,5867.0,Clouds,24.66
2018-06-27 16:00,2,6666.0,Clouds,25.47
2018-06-27 17:00,2,6095.0,Clouds,25.93
2018-06-27 18:00,2,4563.0,Clouds,26.0
2018-06-27 19:00,2,3497.0,Clear,26.14
2018-06-27 20:00,2,3126.0,Clear,25.79
2018-06-27 21:00,2,3116.0,Clear,24.94
2018-06-27 22:00,2,2292.0,Clear,22.29
2018-06-27 23:00,2,1339.0,Clear,21.15
2018-06-28 00:00,3,778.0,Mist,20.57
2018-06-28 01:00,3,457.0,Mist,20.21
2018-06-28 02:00,3,309.0,Mist,19.5
2018-06-28 03:00,3,365.0,Mist,19.01
2018-06-28 04:00,3,921.0,Mist,18.22
2018-06-28 05:00,3,3121.0,Fog;Mist,17.65
2018-06-28 06:00,3,5691.0,Haze;Mist,17.36
2018-06-28 07:00,3,6264.0,Mist,18.6
2018-06-28 08:00,3,5683.0,Clear,21.0
2018-06-28 09:00,3,4983.0,Clear,23.38
2018-06-28 10:00,3,4678.0,Clear,25.42
2018-06-28 11:00,3,4866.0,Clear,26.67
2018-06-28 12:00,3,5109.0,Clear,26.7
2018-06-28 13:00,3,5011.0,Clouds,28.29
2018-06-28 14:00,3,5300.0,Clouds,28.73
2018-06-28 15:00,3,5945.0,Clouds,29.0
2018-06-28 16:00,3,6568.0,Clouds,28.86
2018-06-28 17:00,3,5930.0,Clear,29.21
2018-06-28 18:00,3,4668.0,Clouds,29.46
2018-06-28 19:00,3,3794.0,Clear,29.46
2018-06-28 20:00,3,3127.0,Clouds,28.67
2018-06-28 21:00,3,2908.0,Clear,27.4
2018-06-28 22:00,3,2190.0,Clouds,26.5
2018-06-28 23:00,3,1475.0,Clear,25.34
2018-06-29 00:00,4,841.0,Clear,25.0
2018-06-29 01:00,4,510.0,Clear,24.47
2018-06-29 02:00,4,385.0,Clear,24.15
2018-06-29 03:00,4,453.0,Clear,23.72
2018-06-29 04:00,4,984.0,Clear,23.5
2018-06-29 05:00,4,2909.0,Clear,23.57
2018-06-29 06:00,4,5427.0,Clear,23.54
2018-06-29 07:00,4,6051.0,Clear,23.93
2018-06-29 08:00,4,5204.0,Clouds,25.06
2018-06-29 09:00,4,4842.0,Clouds,27.0
2018-06-29 10:00,4,4626.0,Clear,28.69
2018-06-29 11:00,4,5114.0,Clouds,30.33
2018-06-29 12:00,4,5222.0,Clear,31.86
2018-06-29 13:00,4,5236.0,Clear,33.07
2018-06-29 14:00,4,5319.0,Clear,34.54
2018-06-29 15:00,4,5903.0,Clear,35.28
2018-06-29 16:00,4,5902.0,Clouds,36.14
2018-06-29 17:00,4,5314.0,Clouds,35.93
2018-06-29 18:00,4,4798.0,Clouds,35.72
2018-06-29 19:00,4,3705.0,Clouds,34.53
2018-06-29 20:00,4,3340.0,Clouds,33.14
2018-06-29 21:00,4,3247.0,Clear,32.0
2018-06-29 22:00,4,2781.0,Clear,30.93
2018-06-29 23:00,4,2465.0,Clear,30.4
2018-06-30 00:00,5,1423.0,Clear,29.72
2018-06-30 01:00,5,869.0,Clear,29.43
2018-06-30 02:00,5,617.0,Thunderstorm,29.4
2018-06-30 03:00,5,429.0,Rain;Thunderstorm,29.14
2018-06-30 04:00,5,429.0,Rain,28.14
2018-06-30 05:00,5,822.0,Clear,27.33
2018-06-30 06:00,5,1489.0,Clear,26.93
2018-06-30 07:00,5,2048.0,Clouds,26.77
2018-06-30 08:00,5,2840.0,Clear,26.47
2018-06-30 09:00,5,3627.0,Clouds,26.46
2018-06-30 10:00,5,3922.0,Clouds,26.92
2018-06-30 11:00,5,4253.0,Clouds,27.28
2018-06-30 12:00,5,4776.0,Clouds,28.4
2018-06-30 13:00,5,4675.0,Clouds,29.42
2018-06-30 14:00,5,4533.0,Clouds,29.73
2018-06-30 15:00,5,4425.0,Clouds,29.93
2018-06-30 16:00,5,4707.0,Clouds,29.15
2018-06-30 17:00,5,4469.0,Thunderstorm,28.29
2018-06-30 18:00,5,3871.0,Rain,27.67
2018-06-30 19:00,5,3247.0,Clouds,27.53
2018-06-30 20:00,5,2936.0,Clouds,26.73
2018-06-30 21:00,5,2700.0,Clouds,26.33
2018-06-30 22:00,5,2760.0,Clouds,25.33
2018-06-30 23:00,5,2017.0,Clouds,24.47
2018-07-01 00:00,6,1314.0,Clear,24.0
2018-07-01 01:00,6,848.0,Clear,23.5
2018-07-01 02:00,6,703.0,Rain,23.0
2018-07-01 03:00,6,419.0,Drizzle;Rain,22.47
2018-07-01 04:00,6,372.0,Drizzle;Rain,22.21
2018-07-01 05:00,6,529.0,Drizzle;Rain,21.46
2018-07-01 06:00,6,979.0,Mist;Rain,21.29
2018-07-01 07:00,6,1237.0,Rain,21.0
2018-07-01 08:00,6,1682.0,Drizzle;Rain,21.06
2018-07-01 09:00,6,2495.0,Drizzle;Mist;Rain,20.87
2018-07-01 10:00,6,2924.0,Mist;Rain,20.71
2018-07-01 11:00,6,3323.0,Drizzle;Mist;Rain,20.06
2018-07-01 12:00,6,3696.0,Fog;Mist;Rain,19.0
2018-07-01 13:00,6,4084.0,Mist;Rain,17.72
2018-07-01 14:00,6,4187.0,Rain,19.26
2018-07-01 15:00,6,4365.0,Rain,20.26
2018-07-01 16:00,6,4380.0,Clouds,19.93
2018-07-01 17:00,6,4049.0,Clouds,19.78
2018-07-01 18:00,6,3680.0,Clouds,20.53
2018-07-01 19:00,6,3404.0,Clouds,21.57
2018-07-01 20:00,6,3018.0,Clear,21.85
2018-07-01 21:00,6,2640.0,Clear,20.67
2018-07-01 22:00,6,2152.0,Clear,18.47
2018-07-01 23:00,6,3078.0,Haze,17.29
2018-07-02 00:00,0,1043.0,Clear,17.07
2018-07-02 01:00,0,523.0,Clear,17.43
2018-07-02 02:00,0,425.0,Clear,17.58
2018-07-02 03:00,0,398.0,Clear,18.07
2018-07-02 04:00,0,896.0,Clear,18.31
2018-07-02 05:00,0,2931.0,Clear,18.15
2018-07-02 06:00,0,5305.0,Clear,18.0
2018-07-02 07:00,0,5936.0,Clear,19.13
2018-07-02 08:00,0,4859.0,Clear,21.0
2018-07-02 09:00,0,4473.0,Clouds,22.86
2018-07-02 10:00,0,4172.0,Clear,23.92
2018-07-02 11:00,0,4498.0,Clear,25.93
2018-07-02 12:00,0,4617.0,Clear,26.73
2018-07-02 13:00,0,4667.0,Clouds,27.73
2018-07-02 14:00,0,4728.0,Clouds,28.5
2018-07-02 15:00,0,5115.0,Clear,29.21
2018-07-02 16:00,0,5853.0,Clouds,29.8
2018-07-02 17:00,0,5241.0,Clouds,30.06
2018-07-02 18:00,0,3922.0,Clouds,29.87
2018-07-02 19:00,0,3183.0,Clouds,29.14
2018-07-02 20:00,0,2792.0,Clouds,28.07
2018-07-02 21:00,0,2552.0,Clouds,26.36
2018-07-02 22:00,0,2118.0,Rain,25.28
2018-07-02 23:00,0,1461.0,Clouds,24.67
2018-07-03 00:00,1,722.0,Clear,24.2
2018-07-03 01:00,1,455.0,Clear,23.4
2018-07-03 02:00,1,340.0,Thunderstorm,22.8
2018-07-03 03:00,1,391.0,Clear,22.47
2018-07-03 04:00,1,863.0,Rain;Thunderstorm,21.87
2018-07-03 05:00,1,2836.0,Rain,21.5
2018-07-03 06:00,1,5264.0,Rain,20.89
2018-07-03 07:00,1,5737.0,Rain;Thunderstorm,21.07
2018-07-03 08:00,1,5017.0,Drizzle;Rain,20.87
2018-07-03 09:00,1,4373.0,Rain,20.64
2018-07-03 10:00,1,4099.0,Rain,20.71
2018-07-03 11:00,1,4415.0,Rain,21.33
2018-07-03 12:00,1,4775.0,Rain,21.85
2018-07-03 13:00,1,4799.0,Rain,22.85
2018-07-03 14:00,1,4968.0,Drizzle;Rain,23.85
2018-07-03 15:00,1,5526.0,Drizzle;Rain,24.0
2018-07-03 16:00,1,6135.0,Rain,25.64
2018-07-03 17:00,1,5092.0,Clouds,27.79
2018-07-03 18:00,1,4313.0,Clouds,28.99
2018-07-03 19:00,1,3308.0,Clouds,29.0
2018-07-03 20:00,1,3055.0,Clear,28.47
2018-07-03 21:00,1,2700.0,Clouds,27.0
2018-07-03 22:00,1,2176.0,Clouds,25.36
2018-07-03 23:00,1,1741.0,Clear,25.0
2018-07-04 00:00,2,1021.0,Mist,24.4
2018-07-04 01:00,2,605.0,Clear,24.27
2018-07-04 02:00,2,573.0,Clear,23.94
2018-07-04 03:00,2,353.0,Haze,23.57
2018-07-04 04:00,2,354.0,Clear,24.0
2018-07-04 05:00,2,698.0,Clear,23.86
2018-07-04 06:00,2,1141.0,Clear,23.86
2018-07-04 07:00,2,1128.0,Clear,24.07
2018-07-04 08:00,2,1275.0,Clear,25.28
2018-07-04 09:00,2,1687.0,Rain,26.64
2018-07-04 10:00,2,1920.0,Mist;Rain;Thunderstorm,25.46
2018-07-04 11:00,2,2603.0,Rain;Thunderstorm,21.79
2018-07-04 12:00,2,2761.0,Rain,21.79
2018-07-04 13:00,2,2929.0,Clear,23.72
2018-07-04 14:00,2,3318.0,Thunderstorm,25.83
2018-07-04 15:00,2,3070.0,Rain;Thunderstorm,24.47
2018-07-04 16:00,2,3224.0,Rain;Thunderstorm,23.74
2018-07-04 17:00,2,3045.0,Rain;Thunderstorm,23.54
2018-07-04 18:00,2,2664.0,Clouds,25.72
2018-07-04 19:00,2,2596.0,Clouds,26.78
2018-07-04 20:00,2,2503.0,Clear,26.0
2018-07-04 21:00,2,2582.0,Clear,25.15
2018-07-04 22:00,2,2030.0,Clouds,23.47
2018-07-04 23:00,2,1936.0,Mist,22.81
2018-07-05 00:00,3,971.0,Haze;Mist,22.67
2018-07-05 01:00,3,476.0,Mist,22.54
2018-07-05 02:00,3,317.0,Mist,22.43
2018-07-05 03:00,3,338.0,Mist,22.29
2018-07-05 04:00,3,754.0,Mist,22.34
2018-07-05 05:00,3,2412.0,Mist,22.21
2018-07-05 06:00,3,4500.0,Mist,22.34
2018-07-05 07:00,3,4966.0,Clear,22.0
2018-07-05 08:00,3,4440.0,Clouds,22.46
2018-07-05 09:00,3,4205.0,Clouds,22.93
2018-07-05 10:00,3,4154.0,Clouds,23.43
2018-07-05 11:00,3,4201.0,Clouds,23.99
2018-07-05 12:00,3,4416.0,Clouds,24.99
2018-07-05 13:00,3,4491.0,Clear,25.93
2018-07-05 14:00,3,4708.0,Clouds,26.42
2018-07-05 15:00,3,5066.0,Clouds,26.57
2018-07-05 16:00,3,5908.0,Clear,26.87
2018-07-05 17:00,3,5223.0,Clear,26.93
2018-07-05 18:00,3,4115.0,Clear,26.64
2018-07-05 19:00,3,3099.0,Clear,26.57
2018-07-05 20:00,3,2713.0,Clear,25.87
2018-07-05 21:00,3,2633.0,Clear,24.34
2018-07-05 22:00,3,2002.0,Clear,21.68
2018-07-05 23:00,3,1287.0,Clear,19.67
2018-07-06 00:00,4,743.0,Clear,18.8
2018-07-06 01:00,4,435.0,Mist,17.54
2018-07-06 02:00,4,372.0,Clear,17.01
2018-07-06 03:00,4,343.0,Clear,16.4
2018-07-06 04:00,4,752.0,Mist,15.87
2018-07-06 05:00,4,2453.0,Fog,15.4
2018-07-06 06:00,4,4489.0,Clear,14.44
2018-07-06 07:00,4,5069.0,Clear,15.53
2018-07-06 08:00,4,4489.0,Clear,17.92
2018-07-06 09:00,4,4305.0,Clear,20.52
2018-07-06 10:00,4,4215.0,Clear,22.21
2018-07-06 11:00,4,4547.0,Clear,23.54
2018-07-06 12:00,4,4684.0,Clear,24.46
2018-07-06 13:00,4,4594.0,Clear,25.2
2018-07-06 14:00,4,4818.0,Clear,25.73
2018-07-06 15:00,4,5182.0,Clear,26.13
2018-07-06 16:00,4,5353.0,Clear,26.5
2018-07-06 17:00,4,4822.0,Clouds,26.87
2018-07-06 18:00,4,4089.0,Thunderstorm,26.57
2018-07-06 19:00,4,3390.0,Clouds,26.0
2018-07-06 20:00,4,2966.0,Clear,25.15
2018-07-06 21:00,4,2903.0,Clouds,24.0
2018-07-06 22:00,4,2533.0,Clouds,22.09
2018-07-06 23:00,4,2227.0,Clear,20.79
2018-07-07 00:00,5,1233.0,Clear,19.72
2018-07-07 01:00,5,689.0,Clear,19.43
2018-07-07 02:00,5,604.0,Clear,19.14
2018-07-07 03:00,5,382.0,Clear,18.65
2018-07-07 04:00,5,429.0,Clear,18.29
2018-07-07 05:00,5,769.0,Clear,18.07
2018-07-07 06:00,5,1246.0,Clear,17.86
2018-07-07 07:00,5,1710.0,Clear,18.43
2018-07-07 08:00,5,2428.0,Clear,19.93
2018-07-07 09:00,5,3029.0,Clear,21.36
2018-07-07 10:00,5,3386.0,Clear,22.78
2018-07-07 11:00,5,4045.0,Clear,24.43
2018-07-07 12:00,5,4160.0,Clear,25.14
2018-07-07 13:00,5,4118.0,Clear,26.2
2018-07-07 14:00,5,3992.0,Clear,27.14
2018-07-07 15:00,5,4022.0,Clear,27.87
2018-07-07 16:00,5,4289.0,Clear,28.46
2018-07-07 17:00,5,4085.0,Clear,28.86
2018-07-07 18:00,5,3986.0,Clear,28.6
2018-07-07 19:00,5,3416.0,Clear,28.27
2018-07-07 20:00,5,3191.0,Clear,27.47
2018-07-07 21:00,5,3616.0,Clear,26.07
2018-07-07 22:00,5,3055.0,Clear,24.48
2018-07-07 23:00,5,2246.0,Clear,23.15
2018-07-08 00:00,6,1423.0,Clear,22.44
2018-07-08 01:00,6,786.0,Clear,21.93
2018-07-08 02:00,6,693.0,Clear,21.29
2018-07-08 03:00,6,357.0,Clear,20.86
2018-07-08 04:00,6,327.0,Clear,20.72
2018-07-08 05:00,6,476.0,Clear,20.58
2018-07-08 06:00,6,876.0,Clear,20.22
2018-07-08 07:00,6,1084.0,Clear,20.36
2018-07-08 08:00,6,1920.0,Clear,22.0
2018-07-08 09:00,6,2584.0,Clear,23.0
2018-07-08 10:00,6,3236.0,Clear,24.86
2018-07-08 11:00,6,3837.0,Clear,26.23
2018-07-08 12:00,6,4075.0,Clear,27.69
2018-07-08 13:00,6,4211.0,Clear,28.77
2018-07-08 14:00,6,4470.0,Clear,30.0
2018-07-08 15:00,6,4397.0,Clear,31.0
2018-07-08 16:00,6,4514.0,Clouds,31.5
2018-07-08 17:00,6,4297.0,Clouds,31.86
2018-07-08 18:00,6,3953.0,Clouds,31.28
2018-07-08 19:00,6,3969.0,Clouds,30.87
2018-07-08 20:00,6,3571.0,Clouds,29.67
2018-07-08 21:00,6,2948.0,Clouds,27.87
2018-07-08 22:00,6,2039.0,Clouds,26.2
2018-07-08 23:00,6,1339.0,Clear,25.4
2018-07-09 00:00,0,676.0,Clear,24.74
2018-07-09 01:00,0,423.0,Rain,24.0
2018-07-09 02:00,0,320.0,Rain,23.51
2018-07-09 03:00,0,348.0,Rain;Thunderstorm,22.74
2018-07-09 04:00,0,903.0,Rain,22.5
2018-07-09 05:00,0,2977.0,Drizzle;Rain,22.43
2018-07-09 06:00,0,5679.0,Clear,22.22
2018-07-09 07:00,0,6178.0,Clouds,22.14
2018-07-09 08:00,0,5656.0,Clear,22.92
2018-07-09 09:00,0,4586.0,Clouds,24.29
2018-07-09 10:00,0,4266.0,Clouds,25.61
2018-07-09 11:00,0,4448.0,Clouds,26.19
2018-07-09 12:00,0,4689.0,Clouds,27.57
2018-07-09 13:00,0,4621.0,Clouds,28.33
2018-07-09 14:00,0,4836.0,Clouds,29.08
2018-07-09 15:00,0,5429.0,Clouds,30.0
2018-07-09 16:00,0,6311.0,Clouds,30.79
2018-07-09 17:00,0,5805.0,Clouds,30.93
2018-07-09 18:00,0,4290.0,Clouds,31.0
2018-07-09 19:00,0,3240.0,Clouds,30.72
2018-07-09 20:00,0,2861.0,Clear,29.54
2018-07-09 21:00,0,2633.0,Clear,27.67
2018-07-09 22:00,0,2071.0,Haze,25.15
2018-07-09 23:00,0,1189.0,Clear,23.0
2018-07-10 00:00,1,688.0,Clear,21.15
2018-07-10 01:00,1,389.0,Clear,19.75
2018-07-10 02:00,1,295.0,Clear,18.44
2018-07-10 03:00,1,364.0,Fog,18.27
2018-07-10 04:00,1,898.0,Mist,17.88
2018-07-10 05:00,1,3137.0,Mist,17.01
2018-07-10 06:00,1,5886.0,Clear,16.64
2018-07-10 07:00,1,6134.0,Clear,17.22
2018-07-10 08:00,1,5786.0,Clouds,19.79
2018-07-10 09:00,1,4843.0,Clouds,21.4
2018-07-10 10:00,1,4442.0,Drizzle;Rain,22.0
2018-07-10 11:00,1,4586.0,Rain,22.26
2018-07-10 12:00,1,4865.0,Rain,22.76
2018-07-10 13:00,1,4719.0,Rain,23.53
2018-07-10 14:00,1,4789.0,Clouds,25.49
2018-07-10 15:00,1,5681.0,Clear,27.07
2018-07-10 16:00,1,6566.0,Clouds,28.13
2018-07-10 17:00,1,6081.0,Clouds,28.57
2018-07-10 18:00,1,4404.0,Clouds,28.65
2018-07-10 19:00,1,3219.0,Clear,28.39
2018-07-10 20:00,1,3053.0,Clear,27.23
2018-07-10 21:00,1,3060.0,Clouds,25.61
2018-07-10 22:00,1,2203.0,Clouds,23.74
2018-07-10 23:00,1,1311.0,Clear,22.6
2018-07-11 00:00,2,661.0,Clear,21.74
2018-07-11 01:00,2,401.0,Clear,20.94
2018-07-11 02:00,2,321.0,Clear,20.28
2018-07-11 03:00,2,384.0,Mist,19.94
2018-07-11 04:00,2,948.0,Clear,20.0
2018-07-11 05:00,2,3193.0,Clear,19.68
2018-07-11 06:00,2,5179.0,Clear,19.74
2018-07-11 07:00,2,6295.0,Clouds,20.77
2018-07-11 08:00,2,5930.0,Clouds,22.21
2018-07-11 09:00,2,5025.0,Clouds,23.85
2018-07-11 10:00,2,4829.0,Clouds,24.86
2018-07-11 11:00,2,5052.0,Clouds,25.66
2018-07-11 12:00,2,4974.0,Clouds,27.39
2018-07-11 13:00,2,4779.0,Clouds,29.0
2018-07-11 14:00,2,4974.0,Clear,30.2
2018-07-11 15:00,2,5817.0,Clouds,30.93
2018-07-11 16:00,2,6522.0,Clouds,31.8
2018-07-11 17:00,2,5935.0,Clouds,31.64
2018-07-11 18:00,2,4568.0,Clouds,31.0
2018-07-11 19:00,2,3412.0,Clouds,30.57
2018-07-11 20:00,2,3033.0,Clouds,30.0
2018-07-11 21:00,2,2687.0,Thunderstorm,28.78
2018-07-11 22:00,2,1960.0,Rain,28.36
2018-07-11 23:00,2,1294.0,Clear,27.67
2018-07-12 00:00,3,699.0,Clear,27.29
2018-07-12 01:00,3,408.0,Clear,26.67
2018-07-12 02:00,3,296.0,Clear,26.36
2018-07-12 03:00,3,364.0,Clear,25.87
2018-07-12 04:00,3,940.0,Thunderstorm,25.47
2018-07-12 05:00,3,3070.0,Clear,24.77
2018-07-12 06:00,3,5702.0,Thunderstorm,24.57
2018-07-12 07:00,3,6456.0,Clear,24.29
2018-07-12 08:00,3,5583.0,Rain;Thunderstorm,24.47
2018-07-12 09:00,3,4958.0,Thunderstorm,24.93
2018-07-12 10:00,3,4610.0,Thunderstorm,25.8
2018-07-12 11:00,3,4848.0,Thunderstorm,27.43
2018-07-12 12:00,3,4891.0,Rain,28.21
2018-07-12 13:00,3,5188.0,Clouds,29.21
2018-07-12 14:00,3,5139.0,Haze,30.78
2018-07-12 15:00,3,5743.0,Clear,31.71
2018-07-12 16:00,3,6612.0,Clouds,32.56
2018-07-12 17:00,3,5795.0,Thunderstorm,32.07
2018-07-12 18:00,3,3890.0,Mist;Rain;Thunderstorm,27.67
2018-07-12 19:00,3,3237.0,Mist;Rain;Thunderstorm,23.43
2018-07-12 20:00,3,2727.0,Mist;Rain;Thunderstorm,23.22
2018-07-12 21:00,3,2497.0,Mist;Rain;Thunderstorm,23.0
2018-07-12 22:00,3,1870.0,Rain,22.79
2018-07-12 23:00,3,1320.0,Mist;Rain,22.72
2018-07-13 00:00,4,705.0,Mist,22.57
2018-07-13 01:00,4,439.0,Mist;Thunderstorm,22.91
2018-07-13 02:00,4,350.0,Mist;Rain;Thunderstorm,22.57
2018-07-13 03:00,4,373.0,Mist;Rain;Thunderstorm,22.43
2018-07-13 04:00,4,888.0,Mist;Rain,22.07
2018-07-13 05:00,4,2917.0,Mist;Rain,22.0
2018-07-13 06:00,4,5268.0,Drizzle;Mist;Rain,22.15
2018-07-13 07:00,4,5994.0,Drizzle;Mist;Rain,22.0
2018-07-13 08:00,4,5288.0,Drizzle;Mist;Rain,22.13
2018-07-13 09:00,4,4543.0,Mist;Rain,22.27
2018-07-13 10:00,4,4392.0,Drizzle;Mist;Rain,22.07
2018-07-13 11:00,4,4740.0,Mist;Rain,22.07
2018-07-13 12:00,4,5123.0,Mist;Rain,22.5
2018-07-13 13:00,4,5059.0,Rain,23.4
2018-07-13 14:00,4,5363.0,Rain,24.07
2018-07-13 15:00,4,5914.0,Rain,24.74
2018-07-13 16:00,4,6153.0,Rain,24.49
2018-07-13 17:00,4,5257.0,Clouds,25.4
2018-07-13 18:00,4,4664.0,Clouds,26.79
2018-07-13 19:00,4,3664.0,Clouds,26.8
2018-07-13 20:00,4,3260.0,Clear,26.74
2018-07-13 21:00,4,3064.0,Clear,24.75
2018-07-13 22:00,4,2835.0,Clouds,23.28
2018-07-13 23:00,4,1971.0,Haze;Mist;Rain,21.86
2018-07-14 00:00,5,1233.0,Mist,21.15
2018-07-14 01:00,5,696.0,Fog;Mist;Rain,20.16
2018-07-14 02:00,5,646.0,Fog;Mist,19.86
2018-07-14 03:00,5,437.0,Fog;Mist,19.64
2018-07-14 04:00,5,444.0,Fog;Mist,18.69
2018-07-14 05:00,5,858.0,Fog;Mist,18.46
2018-07-14 06:00,5,1422.0,Fog;Mist,17.83
2018-07-14 07:00,5,1991.0,Fog;Mist,18.85
2018-07-14 08:00,5,2714.0,Fog;Mist,20.54
2018-07-14 09:00,5,3471.0,Haze;Mist,23.0
2018-07-14 10:00,5,3718.0,Clear,24.92
2018-07-14 11:00,5,4213.0,Clear,26.31
2018-07-14 12:00,5,4524.0,Clouds,27.66
2018-07-14 13:00,5,4218.0,Clear,28.64
2018-07-14 14:00,5,4242.0,Clouds,29.36
2018-07-14 15:00,5,4306.0,Clouds,29.86
2018-07-14 16:00,5,4317.0,Clouds,30.0
2018-07-14 17:00,5,4354.0,Clouds,30.07
2018-07-14 18:00,5,4109.0,Clouds,30.0
2018-07-14 19:00,5,3446.0,Clouds,29.57
2018-07-14 20:00,5,3192.0,Clouds,28.64
2018-07-14 21:00,5,3272.0,Clouds,27.14
2018-07-14 22:00,5,3074.0,Clear,24.47
2018-07-14 23:00,5,2275.0,Clear,23.0
2018-07-15 00:00,6,1350.0,Clear,22.23
2018-07-15 01:00,6,826.0,Mist,21.54
2018-07-15 02:00,6,699.0,Mist,20.78
2018-07-15 03:00,6,435.0,Mist,20.5
2018-07-15 04:00,6,366.0,Mist,20.4
2018-07-15 05:00,6,508.0,Haze;Mist,19.86
2018-07-15 06:00,6,933.0,Fog;Mist,19.69
2018-07-15 07:00,6,1195.0,Mist,20.28
2018-07-15 08:00,6,1814.0,Mist,22.57
2018-07-15 09:00,6,2911.0,Clear,25.06
2018-07-15 10:00,6,3310.0,Clear,26.57
2018-07-15 11:00,6,3655.0,Clouds,27.62
2018-07-15 12:00,6,4245.0,Clouds,28.46
2018-07-15 13:00,6,4233.0,Clear,28.77
2018-07-15 14:00,6,4129.0,Clouds,29.5
2018-07-15 15:00,6,4063.0,Clouds,29.93
2018-07-15 16:00,6,4438.0,Clouds,30.07
2018-07-15 17:00,6,4321.0,Clouds,30.07
2018-07-15 18:00,6,3836.0,Clear,29.54
2018-07-15 19:00,6,3535.0,Clouds,28.29
2018-07-15 20:00,6,3015.0,Clouds,26.71
2018-07-15 21:00,6,2671.0,Clouds,24.93
2018-07-15 22:00,6,2009.0,Clouds,23.33
2018-07-15 23:00,6,1244.0,Clear,22.69
2018-07-16 00:00,0,721.0,Clear,21.69
2018-07-16 01:00,0,458.0,Clear,20.27
2018-07-16 02:00,0,297.0,Clear,19.6
2018-07-16 03:00,0,368.0,Clear,18.6
2018-07-16 04:00,0,935.0,Clear,17.93
2018-07-16 05:00,0,3048.0,Clear,17.54
2018-07-16 06:00,0,5593.0,Clear,16.36
2018-07-16 07:00,0,5793.0,Clear,16.78
2018-07-16 08:00,0,5647.0,Clear,18.84
2018-07-16 09:00,0,4603.0,Clear,21.07
2018-07-16 10:00,0,4346.0,Clear,23.0
2018-07-16 11:00,0,4504.0,Clear,24.93
2018-07-16 12:00,0,4588.0,Clear,26.36
2018-07-16 13:00,0,4558.0,Clear,27.0
2018-07-16 14:00,0,4794.0,Clear,28.0
2018-07-16 15:00,0,5558.0,Clouds,28.36
2018-07-16 16:00,0,6269.0,Clouds,28.33
2018-07-16 17:00,0,5708.0,Clear,28.57
2018-07-16 18:00,0,4203.0,Clouds,28.29
2018-07-16 19:00,0,3277.0,Clouds,27.86
2018-07-16 20:00,0,2900.0,Clouds,27.07
2018-07-16 21:00,0,2424.0,Clear,25.36
2018-07-16 22:00,0,1965.0,Clouds,23.64
2018-07-16 23:00,0,1096.0,Clouds,22.2
2018-07-17 00:00,1,595.0,Clouds,21.43
2018-07-17 01:00,1,407.0,Clouds,20.85
2018-07-17 02:00,1,274.0,Clouds,19.23
2018-07-17 03:00,1,356.0,Clear,19.0
2018-07-17 04:00,1,930.0,Clear,18.32
2018-07-17 05:00,1,3171.0,Clear,16.86
2018-07-17 06:00,1,5870.0,Clear,16.07
2018-07-17 07:00,1,6417.0,Clouds,16.61
2018-07-17 08:00,1,5455.0,Clouds,18.46
2018-07-17 09:00,1,5030.0,Clouds,20.14
2018-07-17 10:00,1,4346.0,Clear,21.54
2018-07-17 11:00,1,4540.0,Clouds,22.6
2018-07-17 12:00,1,4952.0,Clouds,23.43
2018-07-17 13:00,1,4576.0,Clouds,24.0
2018-07-17 14:00,1,5011.0,Clouds,24.87
2018-07-17 15:00,1,5573.0,Clouds,25.27
2018-07-17 16:00,1,6358.0,Clouds,26.07
2018-07-17 17:00,1,5698.0,Clouds,26.0
2018-07-17 18:00,1,4360.0,Clear,26.0
2018-07-17 19:00,1,3337.0,Clear,25.94
2018-07-17 20:00,1,3113.0,Clouds,25.29
2018-07-17 21:00,1,2754.0,Clouds,23.07
2018-07-17 22:00,1,2209.0,Clouds,20.61
2018-07-17 23:00,1,1242.0,Clear,18.94
2018-07-18 00:00,2,657.0,Clear,18.34
2018-07-18 01:00,2,410.0,Clear,17.21
2018-07-18 02:00,2,313.0,Clear,16.14
2018-07-18 03:00,2,377.0,Clear,16.4
2018-07-18 04:00,2,894.0,Clear,15.74
2018-07-18 05:00,2,3189.0,Clear,15.34
2018-07-18 06:00,2,5769.0,Clear,15.14
2018-07-18 07:00,2,6200.0,Clouds,15.47
2018-07-18 08:00,2,5696.0,Clear,18.29
2018-07-18 09:00,2,5129.0,Clear,20.79
2018-07-18 10:00,2,4560.0,Clouds,22.8
2018-07-18 11:00,2,4752.0,Clouds,24.4
2018-07-18 12:00,2,4916.0,Clouds,25.4
2018-07-18 13:00,2,4714.0,Clouds,26.29
2018-07-18 14:00,2,5138.0,Clouds,26.6
2018-07-18 15:00,2,5677.0,Clouds,26.93
2018-07-18 16:00,2,6606.0,Clouds,26.8
2018-07-18 17:00,2,6084.0,Clouds,26.93
2018-07-18 18:00,2,4941.0,Clear,26.79
2018-07-18 19:00,2,3461.0,Clouds,26.14
2018-07-18 20:00,2,3177.0,Clouds,25.53
2018-07-18 21:00,2,2949.0,Clouds,23.74
2018-07-18 22:00,2,2200.0,Clouds,22.13
2018-07-18 23:00,2,1271.0,Clear,21.79
2018-07-19 00:00,3,697.0,Clear,20.73
2018-07-19 01:00,3,423.0,Clear,20.34
2018-07-19 02:00,3,303.0,Clear,19.94
2018-07-19 03:00,3,369.0,Clear,19.47
2018-07-19 04:00,3,896.0,Clear,19.58
2018-07-19 05:00,3,3110.0,Clear,19.44
2018-07-19 06:00,3,5752.0,Clear,19.51
2018-07-19 07:00,3,6246.0,Clear,20.08
2018-07-19 08:00,3,5702.0,Rain;Thunderstorm,21.07
2018-07-19 09:00,3,4855.0,Rain,21.86
2018-07-19 10:00,3,4492.0,Mist;Rain,22.13
2018-07-19 11:00,3,4677.0,Drizzle;Mist;Rain,22.13
2018-07-19 12:00,3,4861.0,Mist;Rain,21.14
2018-07-19 13:00,3,4734.0,Drizzle;Mist;Rain,21.26
2018-07-19 14:00,3,5135.0,Rain,21.5
2018-07-19 15:00,3,5704.0,Rain,21.5
2018-07-19 16:00,3,6459.0,Rain,20.93
2018-07-19 17:00,3,5872.0,Drizzle;Rain,20.79
2018-07-19 18:00,3,4497.0,Drizzle;Rain,20.07
2018-07-19 19:00,3,3419.0,Drizzle;Rain,19.29
2018-07-19 20:00,3,2991.0,Rain,19.07
2018-07-19 21:00,3,2613.0,Clouds,18.4
2018-07-19 22:00,3,2282.0,Drizzle;Rain,18.27
2018-07-19 23:00,3,1454.0,Drizzle;Rain,18.27
2018-07-20 00:00,4,693.0,Rain,18.36
2018-07-20 01:00,4,460.0,Drizzle;Rain,18.2
2018-07-20 02:00,4,360.0,Drizzle;Mist;Rain,18.36
2018-07-20 03:00,4,376.0,Drizzle;Mist;Rain,18.0
2018-07-20 04:00,4,873.0,Drizzle;Mist;Rain,18.0
2018-07-20 05:00,4,2822.0,Drizzle;Haze;Mist;Rain,18.2
2018-07-20 06:00,4,5266.0,Drizzle;Mist;Rain,18.2
2018-07-20 07:00,4,5821.0,Drizzle;Mist;Rain,18.4
2018-07-20 08:00,4,5339.0,Drizzle;Rain,18.6
2018-07-20 09:00,4,4816.0,Drizzle;Mist;Rain,18.64
2018-07-20 10:00,4,4592.0,Drizzle;Mist;Rain,19.07
2018-07-20 11:00,4,4823.0,Rain,20.35
2018-07-20 12:00,4,5253.0,Drizzle;Rain,21.86
2018-07-20 13:00,4,5169.0,Rain,23.21
2018-07-20 14:00,4,5413.0,Rain,24.26
2018-07-20 15:00,4,5602.0,Rain,25.27
2018-07-20 16:00,4,6086.0,Clouds,25.87
2018-07-20 17:00,4,4987.0,Clouds,25.46
2018-07-20 18:00,4,4465.0,Rain;Thunderstorm,24.47
2018-07-20 19:00,4,3574.0,Rain,22.41
2018-07-20 20:00,4,3124.0,Rain,20.79
2018-07-20 21:00,4,3121.0,Rain,20.13
2018-07-20 22:00,4,3032.0,Clouds,19.57
2018-07-20 23:00,4,2030.0,Clouds,19.07
2018-07-21 00:00,5,1235.0,Clear,18.53
2018-07-21 01:00,5,781.0,Clear,18.36
2018-07-21 02:00,5,648.0,Clouds,17.93
2018-07-21 03:00,5,418.0,Clouds,17.71
2018-07-21 04:00,5,478.0,Clear,17.57
2018-07-21 05:00,5,903.0,Clear,17.07
2018-07-21 06:00,5,1500.0,Clear,16.93
2018-07-21 07:00,5,2236.0,Mist,16.93
2018-07-21 08:00,5,3031.0,Clear,18.13
2018-07-21 09:00,5,3883.0,Clear,19.86
2018-07-21 10:00,5,4045.0,Clear,21.28
2018-07-21 11:00,5,4418.0,Clear,22.71
2018-07-21 12:00,5,4505.0,Clouds,23.93
2018-07-21 13:00,5,4644.0,Clouds,24.93
2018-07-21 14:00,5,4796.0,Clouds,25.73
2018-07-21 15:00,5,4674.0,Clouds,26.27
2018-07-21 16:00,5,4788.0,Clouds,26.47
2018-07-21 17:00,5,4562.0,Clouds,26.79
2018-07-21 18:00,5,4253.0,Clouds,26.87
2018-07-21 19:00,5,3815.0,Clouds,26.5
2018-07-21 20:00,5,3434.0,Clouds,25.8
2018-07-21 21:00,5,3435.0,Clouds,24.4
2018-07-21 22:00,5,3131.0,Clouds,22.74
2018-07-21 23:00,5,2292.0,Clear,21.67
2018-07-22 00:00,6,1408.0,Clear,20.8
2018-07-22 01:00,6,969.0,Clear,20.07
2018-07-22 02:00,6,749.0,Clear,19.36
2018-07-22 03:00,6,344.0,Clear,18.79
2018-07-22 04:00,6,355.0,Clear,18.14
2018-07-22 05:00,6,525.0,Clouds,17.53
2018-07-22 06:00,6,902.0,Clouds,17.07
2018-07-22 07:00,6,1297.0,Clouds,17.2
2018-07-22 08:00,6,2009.0,Clouds,17.57
2018-07-22 09:00,6,2927.0,Clouds,18.0
2018-07-22 10:00,6,3711.0,Clouds,19.07
2018-07-22 11:00,6,4021.0,Clouds,20.92
2018-07-22 12:00,6,4250.0,Clear,21.71
2018-07-22 13:00,6,4491.0,Clear,23.5
2018-07-22 14:00,6,4463.0,Clouds,24.53
2018-07-22 15:00,6,4657.0,Clouds,25.5
2018-07-22 16:00,6,4875.0,Clouds,26.2
2018-07-22 17:00,6,4657.0,Clouds,26.67
2018-07-22 18:00,6,4098.0,Clouds,26.73
2018-07-22 19:00,6,3661.0,Clouds,26.33
2018-07-22 20:00,6,3135.0,Clouds,25.47
2018-07-22 21:00,6,2803.0,Clouds,23.67
2018-07-22 22:00,6,2224.0,Clouds,21.67
2018-07-22 23:00,6,1397.0,Clear,20.4
2018-07-23 00:00,0,714.0,Clear,19.67
2018-07-23 01:00,0,402.0,Mist,18.54
2018-07-23 02:00,0,354.0,Fog;Mist,18.01
2018-07-23 03:00,0,355.0,Fog;Mist,17.07
2018-07-23 04:00,0,957.0,Fog;Mist,16.54
2018-07-23 05:00,0,3008.0,Fog;Mist,16.67
2018-07-23 06:00,0,5617.0,Fog;Mist,16.47
2018-07-23 07:00,0,6306.0,Fog;Mist,16.8
2018-07-23 08:00,0,5522.0,Mist,18.07
2018-07-23 09:00,0,4735.0,Clouds,20.13
2018-07-23 10:00,0,4209.0,Clouds,21.85
2018-07-23 11:00,0,4485.0,Clouds,24.06
2018-07-23 12:00,0,4800.0,Clouds,25.53
2018-07-23 13:00,0,4475.0,Clouds,26.13
2018-07-23 14:00,0,4677.0,Clouds,26.73
2018-07-23 15:00,0,5413.0,Clouds,26.79
2018-07-23 16:00,0,6317.0,Clouds,27.46
2018-07-23 17:00,0,5701.0,Clouds,27.4
2018-07-23 18:00,0,4293.0,Clouds,27.92
2018-07-23 19:00,0,3143.0,Clouds,27.67
2018-07-23 20:00,0,2833.0,Clouds,26.87
2018-07-23 21:00,0,2492.0,Clouds,25.0
2018-07-23 22:00,0,1690.0,Clear,22.87
2018-07-23 23:00,0,1182.0,Clear,21.8
2018-07-24 00:00,1,638.0,Clear,20.73
2018-07-24 01:00,1,391.0,Clear,20.07
2018-07-24 02:00,1,297.0,Clear,19.14
2018-07-24 03:00,1,390.0,Clear,18.27
2018-07-24 04:00,1,891.0,Clear,17.54
2018-07-24 05:00,1,3184.0,Clear,16.67
2018-07-24 06:00,1,5782.0,Clear,16.5
2018-07-24 07:00,1,6409.0,Clear,16.79
2018-07-24 08:00,1,5658.0,Clear,18.73
2018-07-24 09:00,1,4984.0,Clear,21.13
2018-07-24 10:00,1,4386.0,Clear,23.13
2018-07-24 11:00,1,4634.0,Clouds,24.28
2018-07-24 12:00,1,4805.0,Clouds,25.27
2018-07-24 13:00,1,4664.0,Clouds,26.43
2018-07-24 14:00,1,4944.0,Clouds,27.07
2018-07-24 15:00,1,5699.0,Clear,27.29
2018-07-24 16:00,1,6558.0,Clear,28.0
2018-07-24 17:00,1,5636.0,Clouds,28.28
2018-07-24 18:00,1,4430.0,Clear,28.0
2018-07-24 19:00,1,3371.0,Clear,27.46
2018-07-24 20:00,1,3266.0,Clear,26.47
2018-07-24 21:00,1,2727.0,Clear,24.67
2018-07-24 22:00,1,2178.0,Clear,22.47
2018-07-24 23:00,1,1269.0,Clear,20.87
2018-07-25 00:00,2,664.0,Clear,20.0
2018-07-25 01:00,2,388.0,Clear,19.27
2018-07-25 02:00,2,290.0,Clear,18.08
2018-07-25 03:00,2,372.0,Clear,17.64
2018-07-25 04:00,2,955.0,Clear,17.21
2018-07-25 05:00,2,3121.0,Clear,17.34
2018-07-25 06:00,2,5926.0,Clear,17.31
2018-07-25 07:00,2,6595.0,Clouds,17.5
2018-07-25 08:00,2,5651.0,Rain,19.0
2018-07-25 09:00,2,4974.0,Drizzle;Rain,20.13
2018-07-25 10:00,2,4545.0,Rain,20.8
2018-07-25 11:00,2,4879.0,Rain,21.47
2018-07-25 12:00,2,4799.0,Rain,22.66
2018-07-25 13:00,2,4860.0,Rain,24.26
2018-07-25 14:00,2,5032.0,Clouds,25.86
2018-07-25 15:00,2,5826.0,Rain;Thunderstorm,26.13
2018-07-25 16:00,2,6668.0,Rain;Thunderstorm,25.44
2018-07-25 17:00,2,6108.0,Rain,25.07
2018-07-25 18:00,2,4459.0,Clouds,24.36
2018-07-25 19:00,2,3473.0,Clouds,23.93
2018-07-25 20:00,2,3053.0,Clouds,23.07
2018-07-25 21:00,2,3072.0,Clear,21.67
2018-07-25 22:00,2,2422.0,Clear,20.27
2018-07-25 23:00,2,1922.0,Clear,19.2
2018-07-26 00:00,3,750.0,Clear,18.13
2018-07-26 01:00,3,411.0,Clear,17.56
2018-07-26 02:00,3,306.0,Clear,17.15
2018-07-26 03:00,3,409.0,Clear,16.5
2018-07-26 04:00,3,911.0,Clouds,16.36
2018-07-26 05:00,3,3147.0,Clear,15.6
2018-07-26 06:00,3,5813.0,Clear,15.33
2018-07-26 07:00,3,6299.0,Clear,15.43
2018-07-26 08:00,3,5866.0,Clouds,16.14
2018-07-26 09:00,3,4925.0,Clouds,16.4
2018-07-26 10:00,3,4390.0,Clouds,17.0
2018-07-26 11:00,3,4654.0,Clouds,17.5
2018-07-26 12:00,3,4806.0,Clouds,18.14
2018-07-26 13:00,3,5029.0,Rain,18.86
2018-07-26 14:00,3,5264.0,Drizzle;Haze;Rain,19.07
2018-07-26 15:00,3,5752.0,Rain,19.71
2018-07-26 16:00,3,6566.0,Rain,20.5
2018-07-26 17:00,3,5905.0,Rain,20.07
2018-07-26 18:00,3,4555.0,Rain,19.6
2018-07-26 19:00,3,3707.0,Rain,19.6
2018-07-26 20:00,3,3154.0,Rain,19.07
2018-07-26 21:00,3,3206.0,Clouds,18.43
2018-07-26 22:00,3,2959.0,Clouds,17.73
2018-07-26 23:00,3,1412.0,Clouds,17.29
2018-07-27 00:00,4,774.0,Clouds,17.0
2018-07-27 01:00,4,456.0,Clear,16.67
2018-07-27 02:00,4,344.0,Clear,15.74
2018-07-27 03:00,4,390.0,Clear,14.87
2018-07-27 04:00,4,836.0,Clear,14.65
2018-07-27 05:00,4,2945.0,Clear,14.15
2018-07-27 06:00,4,5353.0,Clear,13.29
2018-07-27 07:00,4,5950.0,Clear,13.36
2018-07-27 08:00,4,5232.0,Clear,14.78
2018-07-27 09:00,4,4674.0,Clear,16.85
2018-07-27 10:00,4,4571.0,Clear,18.64
2018-07-27 11:00,4,4813.0,Clear,20.8
2018-07-27 12:00,4,5121.0,Clouds,22.21
2018-07-27 13:00,4,5228.0,Clouds,23.13
2018-07-27 14:00,4,5400.0,Clouds,23.71
2018-07-27 15:00,4,5795.0,Clouds,24.13
2018-07-27 16:00,4,6254.0,Clouds,24.33
2018-07-27 17:00,4,5160.0,Clouds,24.67
2018-07-27 18:00,4,4303.0,Clouds,24.33
2018-07-27 19:00,4,3506.0,Clouds,23.86
2018-07-27 20:00,4,3184.0,Clear,22.79
2018-07-27 21:00,4,3191.0,Clear,20.94
2018-07-27 22:00,4,3112.0,Clear,18.2
2018-07-27 23:00,4,2048.0,Clear,16.87
2018-07-28 00:00,5,1225.0,Clear,15.14
2018-07-28 01:00,5,871.0,Clear,14.15
2018-07-28 02:00,5,581.0,Clear,13.58
2018-07-28 03:00,5,384.0,Mist,13.14
2018-07-28 04:00,5,451.0,Mist,12.14
2018-07-28 05:00,5,902.0,Mist,12.29
2018-07-28 06:00,5,1530.0,Clear,11.64
2018-07-28 07:00,5,1974.0,Clear,11.71
2018-07-28 08:00,5,2713.0,Clear,14.59
2018-07-28 09:00,5,3457.0,Clear,17.92
2018-07-28 10:00,5,3639.0,Clear,20.59
2018-07-28 11:00,5,4009.0,Clear,22.43
2018-07-28 12:00,5,4158.0,Clear,23.73
2018-07-28 13:00,5,4229.0,Clouds,24.2
2018-07-28 14:00,5,4175.0,Clouds,25.08
2018-07-28 15:00,5,3948.0,Clouds,25.53
2018-07-28 16:00,5,3974.0,Clouds,25.67
2018-07-28 17:00,5,4007.0,Clouds,25.73
2018-07-28 18:00,5,3657.0,Clouds,25.72
2018-07-28 19:00,5,3247.0,Thunderstorm,23.94
2018-07-28 20:00,5,2937.0,Rain;Thunderstorm,22.14
2018-07-28 21:00,5,3001.0,Rain,20.21
2018-07-28 22:00,5,3005.0,Rain,18.57
2018-07-28 23:00,5,1968.0,Clear,17.5
2018-07-29 00:00,6,1487.0,Clear,16.29
2018-07-29 01:00,6,924.0,Mist,15.67
2018-07-29 02:00,6,869.0,Mist,14.93
2018-07-29 03:00,6,546.0,Clear,14.15
2018-07-29 04:00,6,378.0,Mist,14.0
2018-07-29 05:00,6,657.0,Mist,13.14
2018-07-29 06:00,6,1210.0,Mist,13.0
2018-07-29 07:00,6,1286.0,Fog;Mist,13.4
2018-07-29 08:00,6,1866.0,Fog;Mist,15.99
2018-07-29 09:00,6,2855.0,Fog,18.71
2018-07-29 10:00,6,3500.0,Clear,21.71
2018-07-29 11:00,6,3824.0,Clear,23.46
2018-07-29 12:00,6,4016.0,Clear,25.0
2018-07-29 13:00,6,4489.0,Clouds,25.93
2018-07-29 14:00,6,4435.0,Clouds,26.64
2018-07-29 15:00,6,4412.0,Rain;Thunderstorm,26.67
2018-07-29 16:00,6,4485.0,Haze;Rain;Thunderstorm,26.36
2018-07-29 17:00,6,4146.0,Rain;Thunderstorm,25.15
2018-07-29 18:00,6,3947.0,Clear,24.34
2018-07-29 19:00,6,3604.0,Thunderstorm,24.67
2018-07-29 20:00,6,3344.0,Thunderstorm,23.94
2018-07-29 21:00,6,2794.0,Rain,21.8
2018-07-29 22:00,6,2084.0,Clouds,20.07
2018-07-29 23:00,6,1224.0,Clear,18.8
2018-07-30 00:00,0,640.0,Clear,17.0
2018-07-30 01:00,0,384.0,Clear,16.07
2018-07-30 02:00,0,317.0,Mist,15.29
2018-07-30 03:00,0,333.0,Clear,15.14
2018-07-30 04:00,0,915.0,Mist,14.47
2018-07-30 05:00,0,3051.0,Mist,14.0
2018-07-30 06:00,0,5560.0,Mist,14.0
2018-07-30 07:00,0,6313.0,Fog;Mist,14.0
2018-07-30 08:00,0,5427.0,Mist,16.26
2018-07-30 09:00,0,4638.0,Clear,19.7
2018-07-30 10:00,0,4233.0,Clear,22.33
2018-07-30 11:00,0,4491.0,Clear,24.99
2018-07-30 12:00,0,4522.0,Clouds,26.42
2018-07-30 13:00,0,4625.0,Clouds,27.0
2018-07-30 14:00,0,4808.0,Clouds,27.42
2018-07-30 15:00,0,5483.0,Clouds,27.66
2018-07-30 16:00,0,5632.0,Clouds,28.07
2018-07-30 17:00,0,5590.0,Thunderstorm,27.71
2018-07-30 18:00,0,4288.0,Thunderstorm,27.85
2018-07-30 19:00,0,3190.0,Thunderstorm,27.23
2018-07-30 20:00,0,2911.0,Clouds,25.86
2018-07-30 21:00,0,2431.0,Clouds,23.71
2018-07-30 22:00,0,1742.0,Clear,19.78
2018-07-30 23:00,0,1116.0,Clear,19.05
2018-07-31 00:00,1,625.0,Clear,17.7
2018-07-31 01:00,1,368.0,Clear,16.7
2018-07-31 02:00,1,299.0,Clear,16.13
2018-07-31 03:00,1,352.0,Clear,15.79
2018-07-31 04:00,1,819.0,Mist,15.59
2018-07-31 05:00,1,2764.0,Mist,14.84
2018-07-31 06:00,1,4240.0,Mist,14.49
2018-07-31 07:00,1,5655.0,Clouds,15.59
2018-07-31 08:00,1,5960.0,Haze,19.19
2018-07-31 09:00,1,4925.0,Clear,22.32
2018-07-31 10:00,1,4455.0,Clear,25.06
2018-07-31 11:00,1,4727.0,Clouds,26.46
2018-07-31 12:00,1,4998.0,Clouds,27.26
2018-07-31 13:00,1,4875.0,Clouds,27.71
2018-07-31 14:00,1,4922.0,Clouds,28.14
2018-07-31 15:00,1,5722.0,Clouds,28.28
2018-07-31 16:00,1,6357.0,Clouds,28.85
2018-07-31 17:00,1,5912.0,Clouds,29.14
2018-07-31 18:00,1,4740.0,Clouds,28.78
2018-07-31 19:00,1,3288.0,Clouds,27.93
2018-07-31 20:00,1,3076.0,Clouds,26.6
2018-07-31 21:00,1,2686.0,Clouds,24.33
2018-07-31 22:00,1,2152.0,Clear,21.71
2018-07-31 23:00,1,1263.0,Clouds,20.59
2018-08-01 00:00,2,662.0,Clouds,20.19
2018-08-01 01:00,2,398.0,Clouds,19.92
2018-08-01 02:00,2,352.0,Clouds,19.39
2018-08-01 03:00,2,409.0,Clouds,19.32
2018-08-01 04:00,2,908.0,Clouds,19.12
2018-08-01 05:00,2,3063.0,Rain;Thunderstorm,18.93
2018-08-01 06:00,2,5431.0,Rain;Thunderstorm,19.06
2018-08-01 07:00,2,5853.0,Rain;Thunderstorm,18.86
2018-08-01 08:00,2,5873.0,Rain,19.0
2018-08-01 09:00,2,5068.0,Mist;Rain,19.5
2018-08-01 10:00,2,4665.0,Rain,21.36
2018-08-01 11:00,2,4986.0,Clouds,21.87
2018-08-01 12:00,2,5141.0,Clouds,23.43
2018-08-01 13:00,2,4874.0,Clouds,23.54
2018-08-01 14:00,2,5044.0,Clouds,23.64
2018-08-01 15:00,2,5655.0,Rain;Thunderstorm,23.46
2018-08-01 16:00,2,6455.0,Rain,22.4
2018-08-01 17:00,2,5773.0,Clouds,21.29
2018-08-01 18:00,2,4500.0,Clouds,19.87
2018-08-01 19:00,2,3389.0,Clouds,19.14
2018-08-01 20:00,2,2992.0,Rain,18.29
2018-08-01 21:00,2,2559.0,Rain,17.27
2018-08-01 22:00,2,2344.0,Rain,16.43
2018-08-01 23:00,2,1320.0,Rain,15.93
2018-08-02 00:00,3,709.0,Drizzle,15.53
2018-08-02 01:00,3,413.0,Clouds,15.07
2018-08-02 02:00,3,324.0,Clouds,14.6
2018-08-02 03:00,3,403.0,Clouds,14.47
2018-08-02 04:00,3,887.0,Clouds,14.07
2018-08-02 05:00,3,3091.0,Clouds,14.14
2018-08-02 06:00,3,5589.0,Clouds,13.67
2018-08-02 07:00,3,6435.0,Clouds,13.53
2018-08-02 08:00,3,5736.0,Clouds,13.54
2018-08-02 09:00,3,4976.0,Clouds,14.47
2018-08-02 10:00,3,4388.0,Clouds,15.64
2018-08-02 11:00,3,4652.0,Clouds,16.33
2018-08-02 12:00,3,4977.0,Clouds,17.0
2018-08-02 13:00,3,4931.0,Clouds,17.71
2018-08-02 14:00,3,5104.0,Clouds,18.78
2018-08-02 15:00,3,5707.0,Clouds,19.67
2018-08-02 16:00,3,6303.0,Clouds,20.53
2018-08-02 17:00,3,5783.0,Clear,21.2
2018-08-02 18:00,3,4569.0,Clear,21.53
2018-08-02 19:00,3,3570.0,Clouds,21.07
2018-08-02 20:00,3,3103.0,Clear,20.4
2018-08-02 21:00,3,3023.0,Clear,17.93
2018-08-02 22:00,3,2303.0,Clear,16.47
2018-08-02 23:00,3,1379.0,Clear,15.67
2018-08-03 00:00,4,778.0,Clear,15.34
2018-08-03 01:00,4,435.0,Clear,14.6
2018-08-03 02:00,4,371.0,Clear,14.87
2018-08-03 03:00,4,398.0,Clear,15.07
2018-08-03 04:00,4,853.0,Clear,15.62
2018-08-03 05:00,4,2900.0,Clear,15.93
2018-08-03 06:00,4,5265.0,Clouds,16.14
2018-08-03 07:00,4,5783.0,Clouds,16.54
2018-08-03 08:00,4,5213.0,Thunderstorm,17.2
2018-08-03 09:00,4,4577.0,Thunderstorm,18.71
2018-08-03 10:00,4,4384.0,Rain;Thunderstorm,18.72
2018-08-03 11:00,4,4820.0,Drizzle;Rain;Thunderstorm,20.06
2018-08-03 12:00,4,5073.0,Clear,21.86
2018-08-03 13:00,4,5067.0,Thunderstorm,23.36
2018-08-03 14:00,4,5456.0,Thunderstorm,24.42
2018-08-03 15:00,4,5646.0,Thunderstorm,26.4
2018-08-03 16:00,4,5888.0,Clouds,27.13
2018-08-03 17:00,4,5135.0,Clouds,28.0
2018-08-03 18:00,4,4753.0,Clear,27.26
2018-08-03 19:00,4,3767.0,Clouds,26.33
2018-08-03 20:00,4,3461.0,Thunderstorm,25.2
2018-08-03 21:00,4,2632.0,Mist;Rain;Thunderstorm,22.8
2018-08-03 22:00,4,2594.0,Mist;Rain;Thunderstorm,20.65
2018-08-03 23:00,4,1833.0,Rain;Thunderstorm,20.8
2018-08-04 00:00,5,1078.0,Rain;Thunderstorm,20.93
2018-08-04 01:00,5,668.0,Rain;Thunderstorm,21.0
2018-08-04 02:00,5,519.0,Thunderstorm,21.36
2018-08-04 03:00,5,362.0,Clear,21.57
2018-08-04 04:00,5,423.0,Clear,22.36
2018-08-04 05:00,5,850.0,Clouds,22.33
2018-08-04 06:00,5,1427.0,Mist;Rain,22.4
2018-08-04 07:00,5,1817.0,Rain,22.07
2018-08-04 08:00,5,2559.0,Mist;Rain,21.64
2018-08-04 09:00,5,3477.0,Rain,21.66
2018-08-04 10:00,5,3962.0,Rain,22.0
2018-08-04 11:00,5,4236.0,Drizzle;Rain,22.5
2018-08-04 12:00,5,4263.0,Drizzle;Rain,22.64
2018-08-04 13:00,5,4552.0,Drizzle;Mist;Rain,22.14
2018-08-04 14:00,5,4379.0,Drizzle;Rain,21.57
2018-08-04 15:00,5,4493.0,Clouds,22.43
2018-08-04 16:00,5,4300.0,Clouds,23.0
2018-08-04 17:00,5,4602.0,Clouds,23.35
2018-08-04 18:00,5,4087.0,Clouds,24.0
2018-08-04 19:00,5,3237.0,Clouds,24.6
2018-08-04 20:00,5,2962.0,Clouds,24.53
2018-08-04 21:00,5,2938.0,Clear,23.85
2018-08-04 22:00,5,2573.0,Clouds,22.93
2018-08-04 23:00,5,2015.0,Clear,22.07
2018-08-05 00:00,6,1323.0,Mist,21.8
2018-08-05 01:00,6,812.0,Thunderstorm,22.21
2018-08-05 02:00,6,689.0,Mist,21.93
2018-08-05 03:00,6,396.0,Mist,21.57
2018-08-05 04:00,6,356.0,Mist;Thunderstorm,21.5
2018-08-05 05:00,6,504.0,Mist,21.27
2018-08-05 06:00,6,962.0,Mist;Thunderstorm,21.4
2018-08-05 07:00,6,1210.0,Mist,21.46
2018-08-05 08:00,6,1903.0,Mist,21.64
2018-08-05 09:00,6,3030.0,Clear,23.5
2018-08-05 10:00,6,3735.0,Clear,25.42
2018-08-05 11:00,6,4072.0,Clear,26.78
2018-08-05 12:00,6,4454.0,Clouds,27.86
2018-08-05 13:00,6,4507.0,Clear,28.36
2018-08-05 14:00,6,4396.0,Clouds,28.28
2018-08-05 15:00,6,4595.0,Clear,28.08
2018-08-05 16:00,6,4875.0,Clear,27.65
2018-08-05 17:00,6,4555.0,Clouds,27.07
2018-08-05 18:00,6,4229.0,Clouds,26.79
2018-08-05 19:00,6,3684.0,Clouds,26.2
2018-08-05 20:00,6,3316.0,Clouds,25.47
2018-08-05 21:00,6,2735.0,Clouds,24.85
2018-08-05 22:00,6,2109.0,Clouds,23.87
2018-08-05 23:00,6,1560.0,Clear,22.78
2018-08-06 00:00,0,703.0,Clear,22.43
2018-08-06 01:00,0,421.0,Clear,21.93
2018-08-06 02:00,0,327.0,Mist,20.93
2018-08-06 03:00,0,375.0,Fog;Mist,20.0
2018-08-06 04:00,0,890.0,Fog;Mist,19.07
2018-08-06 05:00,0,3047.0,Fog;Mist,18.36
2018-08-06 06:00,0,5580.0,Fog;Mist,17.93
2018-08-06 07:00,0,6280.0,Fog;Mist,17.78
2018-08-06 08:00,0,5582.0,Fog;Mist,19.07
2018-08-06 09:00,0,4694.0,Fog;Mist,19.73
2018-08-06 10:00,0,4357.0,Mist,21.07
2018-08-06 11:00,0,4432.0,Clouds,21.47
2018-08-06 12:00,0,4606.0,Clouds,22.78
2018-08-06 13:00,0,4669.0,Clouds,23.99
2018-08-06 14:00,0,4814.0,Clouds,25.35
2018-08-06 15:00,0,5395.0,Clouds,26.53
2018-08-06 16:00,0,6651.0,Clouds,27.0
2018-08-06 17:00,0,5590.0,Clouds,27.5
2018-08-06 18:00,0,4308.0,Clouds,27.43
2018-08-06 19:00,0,3314.0,Clouds,26.5
2018-08-06 20:00,0,2795.0,Clear,24.67
2018-08-06 21:00,0,2330.0,Rain,23.47
2018-08-06 22:00,0,1723.0,Clouds,21.5
2018-08-06 23:00,0,1148.0,Mist,20.36
2018-08-07 00:00,1,606.0,Clear,19.43
2018-08-07 01:00,1,376.0,Mist,18.64
2018-08-07 02:00,1,288.0,Mist,17.85
2018-08-07 03:00,1,362.0,Mist,17.94
2018-08-07 04:00,1,912.0,Mist,17.36
2018-08-07 05:00,1,3153.0,Mist,17.28
2018-08-07 06:00,1,5814.0,Haze;Mist,17.4
2018-08-07 10:00,1,4416.0,Clouds,24.83
2018-08-07 11:00,1,4515.0,Drizzle;Rain,21.4
2018-08-07 12:00,1,4940.0,Drizzle;Rain,22.07
2018-08-07 13:00,1,4726.0,Drizzle;Rain;Thunderstorm,22.86
2018-08-07 14:00,1,5040.0,Drizzle;Rain,23.22
2018-08-07 15:00,1,5555.0,Rain;Thunderstorm,23.65
2018-08-07 16:00,1,6471.0,Clouds,23.99
2018-08-07 17:00,1,5656.0,Clouds,24.21
2018-08-07 18:00,1,4121.0,Clouds,24.85
2018-08-07 19:00,1,3272.0,Clouds,25.07
2018-08-07 20:00,1,2888.0,Clouds,23.87
2018-08-07 21:00,1,2532.0,Clouds,21.93
2018-08-07 22:00,1,1771.0,Mist,20.67
2018-08-07 23:00,1,1168.0,Mist,19.36
2018-08-08 00:00,2,643.0,Mist,18.79
2018-08-08 01:00,2,393.0,Mist,18.07
2018-08-08 02:00,2,295.0,Haze;Mist,18.0
2018-08-08 03:00,2,374.0,Mist,16.86
2018-08-08 04:00,2,912.0,Fog;Mist,16.6
2018-08-08 05:00,2,3119.0,Mist,16.4
2018-08-08 06:00,2,5730.0,Mist,16.57
2018-08-08 07:00,2,6430.0,Mist,16.86
2018-08-08 08:00,2,5864.0,Mist,17.86
2018-08-08 09:00,2,4902.0,Clear,19.85
2018-08-08 10:00,2,4610.0,Clear,22.71
2018-08-08 11:00,2,4838.0,Clear,24.92
2018-08-08 12:00,2,5004.0,Clouds,26.66
2018-08-08 13:00,2,4741.0,Clear,28.21
2018-08-08 14:00,2,5128.0,Clear,29.43
2018-08-08 15:00,2,5798.0,Clouds,30.66
2018-08-08 16:00,2,6652.0,Clear,31.13
2018-08-08 17:00,2,6043.0,Clear,31.07
2018-08-08 18:00,2,4806.0,Clouds,31.0
2018-08-08 19:00,2,3655.0,Clouds,30.47
2018-08-08 20:00,2,3130.0,Clouds,29.27
2018-08-08 21:00,2,3267.0,Clouds,27.14
2018-08-08 22:00,2,2711.0,Clear,25.47
2018-08-08 23:00,2,1478.0,Clear,23.92
2018-08-09 00:00,3,801.0,Clear,23.28
2018-08-09 01:00,3,482.0,Thunderstorm,22.87
2018-08-09 02:00,3,336.0,Mist;Thunderstorm,21.5
2018-08-09 03:00,3,379.0,Mist;Thunderstorm,21.27
2018-08-09 04:00,3,936.0,Fog;Mist,20.6
2018-08-09 05:00,3,3022.0,Fog;Mist,19.21
2018-08-09 06:00,3,5423.0,Fog;Mist,19.13
2018-08-09 07:00,3,6313.0,Fog;Mist,18.86
2018-08-09 08:00,3,5908.0,Fog;Mist,20.19
2018-08-09 09:00,3,4788.0,Clear,22.19
2018-08-09 10:00,3,4517.0,Clear,24.13
2018-08-09 11:00,3,4675.0,Clear,26.59
2018-08-09 12:00,3,4927.0,Clear,28.28
2018-08-09 13:00,3,4990.0,Clouds,29.0
2018-08-09 14:00,3,5155.0,Clouds,29.67
2018-08-09 15:00,3,5654.0,Clouds,29.81
2018-08-09 16:00,3,6532.0,Clouds,30.4
2018-08-09 17:00,3,5871.0,Clouds,30.22
2018-08-09 18:00,3,4426.0,Clouds,29.54
2018-08-09 19:00,3,3530.0,Clouds,28.43
2018-08-09 20:00,3,3290.0,Clouds,27.34
2018-08-09 21:00,3,3176.0,Clear,24.94
2018-08-09 22:00,3,2420.0,Clear,23.13
2018-08-09 23:00,3,1406.0,Haze,22.07
2018-08-10 00:00,4,731.0,Clear,21.0
2018-08-10 01:00,4,471.0,Clear,20.27
2018-08-10 02:00,4,374.0,Mist,19.53
2018-08-10 03:00,4,404.0,Mist,18.94
2018-08-10 04:00,4,818.0,Mist,18.2
2018-08-10 05:00,4,2854.0,Fog;Mist,17.67
2018-08-10 06:00,4,5227.0,Mist,17.07
2018-08-10 07:00,4,5950.0,Mist,17.26
2018-08-10 08:00,4,5211.0,Mist,18.85
2018-08-10 09:00,4,4584.0,Clear,21.77
2018-08-10 10:00,4,4512.0,Clear,23.46
2018-08-10 11:00,4,4796.0,Clear,25.77
2018-08-10 12:00,4,4941.0,Clear,27.5
2018-08-10 13:00,4,5053.0,Clear,28.6
2018-08-10 14:00,4,5367.0,Clouds,29.26
2018-08-10 15:00,4,5684.0,Clouds,29.8
2018-08-10 16:00,4,5868.0,Clouds,29.82
2018-08-10 17:00,4,5309.0,Clouds,30.27
2018-08-10 18:00,4,4616.0,Clear,29.87
2018-08-10 19:00,4,3713.0,Clouds,28.57
2018-08-10 20:00,4,3344.0,Clear,27.41
2018-08-10 21:00,4,3374.0,Clear,24.61
2018-08-10 22:00,4,3117.0,Clear,22.22
2018-08-10 23:00,4,2271.0,Clear,20.79
2018-08-11 00:00,5,1412.0,Clear,20.14
2018-08-11 01:00,5,831.0,Clear,19.5
2018-08-11 02:00,5,665.0,Mist,18.79
2018-08-11 03:00,5,423.0,Haze;Mist,18.35
2018-08-11 04:00,5,459.0,Clear,17.71
2018-08-11 05:00,5,876.0,Fog;Haze;Mist,17.43
2018-08-11 06:00,5,1560.0,Mist,17.14
2018-08-11 07:00,5,2004.0,Fog;Mist,17.07
2018-08-11 08:00,5,2806.0,Mist,18.0
2018-08-11 09:00,5,3514.0,Mist,21.0
2018-08-11 10:00,5,3971.0,Haze,23.14
2018-08-11 11:00,5,4198.0,Clear,25.99
2018-08-11 12:00,5,4310.0,Clear,27.33
2018-08-11 13:00,5,4262.0,Clear,28.71
2018-08-11 14:00,5,4280.0,Haze,29.21
2018-08-11 15:00,5,4188.0,Clear,30.0
2018-08-11 16:00,5,4305.0,Clear,30.14
2018-08-11 17:00,5,4134.0,Clouds,30.13
2018-08-11 18:00,5,3920.0,Clouds,29.73
2018-08-11 19:00,5,3567.0,Clear,28.94
2018-08-11 20:00,5,3362.0,Clear,27.36
2018-08-11 21:00,5,3378.0,Clear,25.47
2018-08-11 22:00,5,3167.0,Clouds,23.22
2018-08-11 23:00,5,2511.0,Fog;Mist,21.43
2018-08-12 00:00,6,1406.0,Mist,20.64
2018-08-12 01:00,6,868.0,Haze;Mist,19.79
2018-08-12 02:00,6,678.0,Mist,19.28
2018-08-12 03:00,6,392.0,Fog;Mist,18.65
2018-08-12 04:00,6,365.0,Fog;Mist,18.43
2018-08-12 05:00,6,529.0,Mist,18.07
2018-08-12 06:00,6,984.0,Fog;Mist,18.01
2018-08-12 07:00,6,1196.0,Fog;Mist,17.42
2018-08-12 08:00,6,1850.0,Haze;Mist,19.0
2018-08-12 09:00,6,2713.0,Haze;Mist,21.78
2018-08-12 10:00,6,3534.0,Clear,24.53
2018-08-12 11:00,6,3856.0,Clear,26.29
2018-08-12 12:00,6,4037.0,Clear,27.73
2018-08-12 13:00,6,4522.0,Clear,28.71
2018-08-12 14:00,6,4468.0,Clear,29.6
2018-08-12 15:00,6,4351.0,Clear,30.0
2018-08-12 16:00,6,4466.0,Clear,30.73
2018-08-12 17:00,6,4313.0,Clear,30.73
2018-08-12 18:00,6,4012.0,Clouds,30.67
2018-08-12 19:00,6,3658.0,Clear,29.43
2018-08-12 20:00,6,3151.0,Clear,28.27
2018-08-12 21:00,6,2708.0,Clear,26.21
2018-08-12 22:00,6,1930.0,Clear,24.07
2018-08-12 23:00,6,1282.0,Clear,23.2
2018-08-13 00:00,0,651.0,Clear,22.6
2018-08-13 01:00,0,434.0,Clear,22.42
2018-08-13 02:00,0,355.0,Clear,22.2
2018-08-13 03:00,0,348.0,Clear,22.14
2018-08-13 04:00,0,924.0,Clear,21.54
2018-08-13 05:00,0,3025.0,Clear,20.92
2018-08-13 06:00,0,5546.0,Clear,20.78
2018-08-13 07:00,0,6383.0,Clear,20.85
2018-08-13 08:00,0,5642.0,Clear,21.47
2018-08-13 09:00,0,4714.0,Clear,23.21
2018-08-13 10:00,0,4216.0,Clear,25.28
2018-08-13 11:00,0,4440.0,Clear,27.6
2018-08-13 12:00,0,4673.0,Haze,29.0
2018-08-13 13:00,0,4494.0,Clear,30.8
2018-08-13 14:00,0,4811.0,Clouds,31.46
2018-08-13 15:00,0,5245.0,Clear,31.87
2018-08-13 16:00,0,6163.0,Clear,31.85
2018-08-13 17:00,0,5603.0,Clouds,31.93
2018-08-13 18:00,0,4077.0,Clouds,31.67
2018-08-13 19:00,0,3247.0,Clear,30.73
2018-08-13 20:00,0,2835.0,Clear,29.27
2018-08-13 21:00,0,2615.0,Clear,26.65
2018-08-13 22:00,0,1823.0,Clear,24.93
2018-08-13 23:00,0,1117.0,Clear,24.36
2018-08-14 00:00,1,571.0,Clear,24.4
2018-08-14 01:00,1,394.0,Clouds,23.71
2018-08-14 02:00,1,284.0,Clear,23.36
2018-08-14 03:00,1,340.0,Clouds,22.73
2018-08-14 04:00,1,940.0,Clouds,22.53
2018-08-14 05:00,1,3184.0,Clouds,22.0
2018-08-14 06:00,1,5702.0,Mist,21.53
2018-08-14 07:00,1,6573.0,Mist,20.86
2018-08-14 08:00,1,5841.0,Clear,22.33
2018-08-14 09:00,1,4766.0,Clouds,24.33
2018-08-14 10:00,1,4478.0,Clouds,25.64
2018-08-14 11:00,1,4741.0,Clouds,26.8
2018-08-14 12:00,1,4996.0,Clouds,28.14
2018-08-14 13:00,1,4832.0,Clear,29.0
2018-08-14 14:00,1,4985.0,Clouds,29.5
2018-08-14 15:00,1,5672.0,Clouds,30.35
2018-08-14 16:00,1,6373.0,Thunderstorm,30.2
2018-08-14 17:00,1,6014.0,Clouds,29.08
2018-08-14 18:00,1,4525.0,Thunderstorm,28.5
2018-08-14 19:00,1,3423.0,Haze,26.6
2018-08-14 20:00,1,3046.0,Clouds,25.59
2018-08-14 21:00,1,2784.0,Clouds,24.6
2018-08-14 22:00,1,2287.0,Clear,23.27
2018-08-14 23:00,1,2772.0,Clouds,22.53
2018-08-15 00:00,2,793.0,Rain,22.0
2018-08-15 01:00,2,492.0,Clear,21.64
2018-08-15 02:00,2,335.0,Clouds,20.64
2018-08-15 03:00,2,403.0,Clear,20.4
2018-08-15 04:00,2,948.0,Clear,19.8
2018-08-15 05:00,2,3181.0,Clear,18.78
2018-08-15 06:00,2,5767.0,Clear,18.29
2018-08-15 07:00,2,6561.0,Mist,18.27
2018-08-15 08:00,2,5930.0,Clear,19.33
2018-08-15 09:00,2,4672.0,Clouds,20.79
2018-08-15 10:00,2,4638.0,Clear,22.8
2018-08-15 11:00,2,4979.0,Clouds,24.53
2018-08-15 12:00,2,5016.0,Clear,26.46
2018-08-15 13:00,2,4841.0,Clear,27.13
2018-08-15 14:00,2,4968.0,Clouds,27.78
2018-08-15 15:00,2,5428.0,Clear,28.67
2018-08-15 16:00,2,5541.0,Clouds,28.85
2018-08-15 17:00,2,5920.0,Clouds,28.72
2018-08-15 18:00,2,4545.0,Clouds,28.73
2018-08-15 19:00,2,3358.0,Clear,27.86
2018-08-15 20:00,2,3133.0,Clouds,26.73
2018-08-15 21:00,2,2687.0,Clear,24.94
2018-08-15 22:00,2,1742.0,Haze,23.14
2018-08-15 23:00,2,1051.0,Clear,22.07
2018-08-16 00:00,3,652.0,Clear,21.6
2018-08-16 01:00,3,399.0,Clouds,20.45
2018-08-16 02:00,3,300.0,Clear,20.06
2018-08-16 03:00,3,412.0,Clear,19.73
2018-08-16 04:00,3,977.0,Clear,19.54
2018-08-16 05:00,3,3150.0,Clouds,18.72
2018-08-16 06:00,3,5386.0,Mist,18.73
2018-08-16 07:00,3,6494.0,Mist,18.4
2018-08-16 08:00,3,5847.0,Clouds,19.4
2018-08-16 09:00,3,4976.0,Clouds,21.99
2018-08-16 10:00,3,4466.0,Clouds,24.49
2018-08-16 11:00,3,4574.0,Clear,26.07
2018-08-16 12:00,3,4961.0,Clear,27.64
2018-08-16 13:00,3,4785.0,Clouds,28.13
2018-08-16 14:00,3,4927.0,Clouds,28.64
2018-08-16 15:00,3,5729.0,Thunderstorm,27.51
2018-08-16 16:00,3,6272.0,Rain;Thunderstorm,26.54
2018-08-16 17:00,3,5928.0,Rain,26.08
2018-08-16 18:00,3,4580.0,Rain,26.14
2018-08-16 19:00,3,3725.0,Rain,26.13
2018-08-16 20:00,3,3205.0,Clear,25.86
2018-08-16 21:00,3,3090.0,Clouds,23.46
2018-08-16 22:00,3,2377.0,Mist,23.14
2018-08-16 23:00,3,1380.0,Mist,21.84
2018-08-17 00:00,4,809.0,Rain,20.78
2018-08-17 01:00,4,449.0,Mist,19.63
2018-08-17 02:00,4,363.0,Haze;Mist,19.22
2018-08-17 03:00,4,408.0,Mist,18.92
2018-08-17 04:00,4,899.0,Mist,18.87
2018-08-17 05:00,4,2821.0,Mist,18.4
2018-08-17 06:00,4,5243.0,Mist,17.92
2018-08-17 07:00,4,5994.0,Fog;Mist,17.42
2018-08-17 08:00,4,5406.0,Mist,18.13
2018-08-17 09:00,4,4719.0,Clouds,21.05
2018-08-17 10:00,4,4510.0,Clouds,22.66
2018-08-17 11:00,4,4948.0,Clouds,24.47
2018-08-17 12:00,4,5076.0,Clouds,25.4
2018-08-17 13:00,4,5027.0,Clouds,26.36
2018-08-17 14:00,4,5289.0,Clouds,26.54
2018-08-17 15:00,4,5581.0,Clouds,27.2
2018-08-17 16:00,4,5734.0,Clear,27.8
2018-08-17 17:00,4,5141.0,Clouds,28.07
2018-08-17 18:00,4,4536.0,Clear,28.21
2018-08-17 19:00,4,3703.0,Clear,27.33
2018-08-17 20:00,4,3279.0,Clear,26.14
2018-08-17 21:00,4,3177.0,Clear,23.41
2018-08-17 22:00,4,2903.0,Mist,21.08
2018-08-17 23:00,4,2126.0,Mist,19.64
2018-08-18 00:00,5,1569.0,Mist,19.07
2018-08-18 01:00,5,806.0,Mist,18.5
2018-08-18 02:00,5,598.0,Haze;Mist,18.0
2018-08-18 03:00,5,448.0,Fog;Mist,17.28
2018-08-18 04:00,5,523.0,Fog;Mist,16.86
2018-08-18 05:00,5,940.0,Fog;Mist,16.74
2018-08-18 06:00,5,1648.0,Fog;Mist,16.64
2018-08-18 07:00,5,2229.0,Fog;Mist,16.0
2018-08-18 08:00,5,2987.0,Fog;Mist,17.49
2018-08-18 09:00,5,3922.0,Fog;Mist,18.57
2018-08-18 10:00,5,5146.0,Haze;Mist,20.57
2018-08-18 11:00,5,4916.0,Clear,22.85
2018-08-18 12:00,5,4448.0,Smoke,25.19
2018-08-18 13:00,5,4438.0,Smoke,26.99
2018-08-18 14:00,5,4710.0,Clear,27.66
2018-08-18 15:00,5,4893.0,Haze,28.33
2018-08-18 16:00,5,4897.0,Clear,28.47
2018-08-18 17:00,5,4664.0,Clear,28.22
2018-08-18 18:00,5,4157.0,Clouds,27.86
2018-08-18 19:00,5,3619.0,Clouds,27.13
2018-08-18 20:00,5,3543.0,Clouds,25.54
2018-08-18 21:00,5,3442.0,Clouds,23.2
2018-08-18 22:00,5,3128.0,Clear,21.72
2018-08-18 23:00,5,2044.0,Clear,20.86
2018-08-19 00:00,6,1346.0,Clear,20.2
2018-08-19 01:00,6,997.0,Clear,19.67
2018-08-19 02:00,6,726.0,Clear,19.34
2018-08-19 03:00,6,386.0,Clear,18.94
2018-08-19 04:00,6,388.0,Clear,18.43
2018-08-19 05:00,6,552.0,Mist,18.29
2018-08-19 06:00,6,994.0,Clear,18.07
2018-08-19 07:00,6,1277.0,Mist,17.93
2018-08-19 08:00,6,1971.0,Haze,18.85
2018-08-19 09:00,6,2895.0,Clear,20.46
2018-08-19 10:00,6,3766.0,Clouds,22.71
2018-08-19 11:00,6,4384.0,Clear,24.14
2018-08-19 12:00,6,4624.0,Clouds,26.26
2018-08-19 13:00,6,4596.0,Clouds,27.21
2018-08-19 14:00,6,4742.0,Clouds,27.8
2018-08-19 15:00,6,4779.0,Clouds,28.27
2018-08-19 16:00,6,4989.0,Clouds,28.53
2018-08-19 17:00,6,4870.0,Clear,28.54
2018-08-19 18:00,6,4287.0,Clouds,27.87
2018-08-19 19:00,6,3792.0,Clear,27.07
2018-08-19 20:00,6,3213.0,Clear,25.87
2018-08-19 21:00,6,2682.0,Clear,24.94
2018-08-19 22:00,6,1973.0,Clear,24.27
2018-08-19 23:00,6,2369.0,Rain,23.61
2018-08-20 00:00,0,922.0,Rain,23.07
2018-08-20 01:00,0,473.0,Clear,22.47
2018-08-20 02:00,0,346.0,Clouds,21.67
2018-08-20 03:00,0,369.0,Clouds,21.54
2018-08-20 04:00,0,941.0,Clouds,21.34
2018-08-20 05:00,0,3005.0,Haze;Mist;Rain;Thunderstorm,20.8
2018-08-20 06:00,0,5352.0,Mist,20.53
2018-08-20 07:00,0,6077.0,Mist,20.36
2018-08-20 08:00,0,5349.0,Mist;Rain,20.4
2018-08-20 09:00,0,4777.0,Haze;Mist;Rain,20.4
2018-08-20 10:00,0,4375.0,Drizzle;Mist;Rain;Thunderstorm,20.93
2018-08-20 11:00,0,4532.0,Drizzle;Haze;Mist,21.57
2018-08-20 12:00,0,4842.0,Mist,22.78
2018-08-20 13:00,0,4690.0,Clouds,23.61
2018-08-20 14:00,0,5001.0,Haze;Rain,23.27
2018-08-20 15:00,0,5388.0,Haze,23.78
2018-08-20 16:00,0,6423.0,Drizzle;Rain,23.86
2018-08-20 17:00,0,5848.0,Haze;Rain,24.39
2018-08-20 18:00,0,4285.0,Rain,23.48
2018-08-20 19:00,0,3231.0,Drizzle;Rain,22.42
2018-08-20 20:00,0,2726.0,Mist;Rain,20.88
2018-08-20 21:00,0,2240.0,Rain,19.88
2018-08-20 22:00,0,1617.0,Rain,19.21
2018-08-20 23:00,0,1005.0,Mist,18.65
2018-08-21 00:00,1,659.0,Clouds,18.5
2018-08-21 01:00,1,416.0,Mist,18.33
2018-08-21 02:00,1,316.0,Clouds,17.29
2018-08-21 03:00,1,336.0,Mist,18.01
2018-08-21 04:00,1,996.0,Mist,17.72
2018-08-21 05:00,1,3136.0,Mist,17.86
2018-08-21 06:00,1,5701.0,Drizzle,17.57
2018-08-21 07:00,1,6837.0,Clouds,17.36
2018-08-21 08:00,1,6123.0,Clouds,17.43
2018-08-21 09:00,1,5053.0,Mist,17.8
2018-08-21 10:00,1,4540.0,Clouds,18.45
2018-08-21 11:00,1,4652.0,Mist,19.0
2018-08-21 12:00,1,4794.0,Clouds,19.0
2018-08-21 13:00,1,4762.0,Clouds,19.29
2018-08-21 14:00,1,4994.0,Clouds,20.59
2018-08-21 15:00,1,5660.0,Haze,21.35
2018-08-21 16:00,1,6229.0,Clouds,22.06
2018-08-21 17:00,1,5875.0,Clouds,22.07
2018-08-21 18:00,1,4435.0,Clouds,22.33
2018-08-21 19:00,1,3410.0,Clouds,22.07
2018-08-21 20:00,1,3003.0,Clouds,20.47
2018-08-21 21:00,1,2504.0,Clear,18.01
2018-08-21 22:00,1,1747.0,Clear,15.71
2018-08-21 23:00,1,1117.0,Clear,14.87
2018-08-22 00:00,2,635.0,Clear,14.06
2018-08-22 01:00,2,425.0,Mist,13.79
2018-08-22 02:00,2,279.0,Clear,13.87
2018-08-22 03:00,2,393.0,Mist,13.27
2018-08-22 04:00,2,994.0,Mist,12.67
2018-08-22 05:00,2,3163.0,Clear,14.0
2018-08-22 06:00,2,5766.0,Mist,11.93
2018-08-22 07:00,2,6589.0,Fog,11.27
2018-08-22 08:00,2,6056.0,Clear,12.98
2018-08-22 09:00,2,5116.0,Clear,15.26
2018-08-22 10:00,2,4583.0,Clear,18.46
2018-08-22 11:00,2,4734.0,Clear,21.53
2018-08-22 12:00,2,5043.0,Clear,24.0
2018-08-22 13:00,2,4938.0,Clouds,25.49
2018-08-22 14:00,2,5216.0,Clouds,25.8
2018-08-22 15:00,2,5707.0,Clear,26.46
2018-08-22 16:00,2,6470.0,Clouds,26.73
2018-08-22 17:00,2,5819.0,Clouds,26.83
2018-08-22 18:00,2,4446.0,Clouds,26.48
2018-08-22 19:00,2,3444.0,Clear,25.58
2018-08-22 20:00,2,3154.0,Clear,23.79
2018-08-22 21:00,2,2627.0,Clear,20.59
2018-08-22 22:00,2,1928.0,Clear,18.2
2018-08-22 23:00,2,1169.0,Clear,16.45
2018-08-23 00:00,3,596.0,Clear,15.87
2018-08-23 01:00,3,402.0,Clear,15.51
2018-08-23 03:00,3,381.0,Clear,15.16
2018-08-23 04:00,3,976.0,Clear,14.39
2018-08-23 05:00,3,3163.0,Clear,14.22
2018-08-23 06:00,3,5860.0,Clear,13.02
2018-08-23 07:00,3,6815.0,Clear,12.82
2018-08-23 08:00,3,6162.0,Mist,14.5
2018-08-23 09:00,3,5583.0,Clear,16.8
2018-08-23 10:00,3,4837.0,Clear,19.76
2018-08-23 11:00,3,5015.0,Clear,22.33
2018-08-23 12:00,3,5136.0,Clear,23.58
2018-08-23 13:00,3,5051.0,Clouds,24.75
2018-08-23 14:00,3,5312.0,Clouds,25.43
2018-08-23 15:00,3,5848.0,Clouds,25.54
2018-08-23 16:00,3,6586.0,Clouds,25.82
2018-08-23 17:00,3,5780.0,Clouds,25.2
2018-08-23 18:00,3,4750.0,Clouds,24.77
2018-08-23 19:00,3,3519.0,Clouds,24.1
2018-08-23 20:00,3,2996.0,Clouds,23.46
2018-08-23 21:00,3,2717.0,Clouds,22.56
2018-08-23 22:00,3,2107.0,Clouds,22.18
2018-08-23 23:00,3,1904.0,Clouds,22.36
2018-08-24 00:00,4,790.0,Thunderstorm,21.74
2018-08-24 01:00,4,505.0,Rain;Thunderstorm,21.28
2018-08-24 02:00,4,387.0,Rain;Thunderstorm,20.51
2018-08-24 03:00,4,424.0,Drizzle;Rain;Thunderstorm,20.04
2018-08-24 04:00,4,916.0,Rain;Thunderstorm,19.94
2018-08-24 05:00,4,2950.0,Mist;Rain;Thunderstorm,19.52
2018-08-24 06:00,4,5259.0,Drizzle;Mist;Rain,18.74
2018-08-24 07:00,4,6243.0,Drizzle;Haze;Mist;Rain;Thunderstorm,18.64
2018-08-24 08:00,4,5687.0,Mist;Rain;Thunderstorm,18.63
2018-08-24 09:00,4,4971.0,Drizzle;Mist;Rain;Thunderstorm,18.7
2018-08-24 10:00,4,4539.0,Mist;Rain;Thunderstorm,18.64
2018-08-24 11:00,4,4391.0,Drizzle;Mist;Rain;Thunderstorm,18.59
2018-08-24 12:00,4,4971.0,Mist;Rain;Thunderstorm,18.63
2018-08-24 13:00,4,5149.0,Drizzle;Mist;Rain;Thunderstorm,18.94
2018-08-24 14:00,4,5499.0,Mist;Rain;Thunderstorm,19.41
2018-08-24 15:00,4,5879.0,Mist;Rain,19.57
2018-08-24 16:00,4,6088.0,Mist;Rain;Thunderstorm,19.24
2018-08-24 17:00,4,5750.0,Mist;Rain;Thunderstorm,19.47
2018-08-24 18:00,4,4755.0,Mist;Rain;Thunderstorm,19.75
2018-08-24 19:00,4,3467.0,Rain,19.17
2018-08-24 20:00,4,3076.0,Rain,18.95
2018-08-24 21:00,4,3164.0,Rain,18.13
2018-08-24 22:00,4,2435.0,Rain,17.88
2018-08-24 23:00,4,1860.0,Rain,17.73
2018-08-25 00:00,5,1089.0,Mist;Rain,17.82
2018-08-25 01:00,5,725.0,Mist;Rain,17.81
2018-08-25 02:00,5,495.0,Fog;Mist;Rain,17.79
2018-08-25 03:00,5,366.0,Mist;Rain,17.75
2018-08-25 04:00,5,500.0,Mist;Rain,17.81
2018-08-25 05:00,5,875.0,Mist;Rain,17.86
2018-08-25 06:00,5,1837.0,Mist;Rain,17.94
2018-08-25 07:00,5,2672.0,Fog;Mist;Rain,17.88
2018-08-25 08:00,5,3503.0,Fog;Mist;Rain,17.93
2018-08-25 09:00,5,4100.0,Fog;Mist;Rain,18.33
2018-08-25 10:00,5,4509.0,Mist;Rain,19.14
2018-08-25 11:00,5,4647.0,Mist;Rain,20.17
2018-08-25 12:00,5,4846.0,Rain,20.75
2018-08-25 13:00,5,4585.0,Rain,21.79
2018-08-25 14:00,5,4696.0,Rain,22.82
2018-08-25 15:00,5,5015.0,Rain,23.09
2018-08-25 16:00,5,4677.0,Rain,24.5
2018-08-25 17:00,5,4541.0,Rain,24.85
2018-08-25 18:00,5,3914.0,Rain,24.66
2018-08-25 19:00,5,3371.0,Rain,24.01
2018-08-25 20:00,5,3071.0,Rain,22.67
2018-08-25 21:00,5,3156.0,Mist;Rain,20.71
2018-08-25 22:00,5,2713.0,Fog;Mist;Rain,18.99
2018-08-25 23:00,5,2134.0,Fog;Mist;Rain,18.0
2018-08-26 00:00,6,1375.0,Mist;Rain,17.58
2018-08-26 01:00,6,855.0,Fog;Mist;Rain,17.02
2018-08-26 02:00,6,614.0,Fog;Mist;Rain,17.06
2018-08-26 03:00,6,382.0,Fog;Mist;Rain,17.63
2018-08-26 04:00,6,325.0,Mist;Rain,18.07
2018-08-26 05:00,6,551.0,Mist;Rain,18.65
2018-08-26 06:00,6,1106.0,Mist;Rain;Thunderstorm,19.19
2018-08-26 07:00,6,1657.0,Mist;Rain;Thunderstorm,19.41
2018-08-26 08:00,6,2467.0,Mist;Rain,20.0
2018-08-26 09:00,6,3408.0,Mist;Rain,21.02
2018-08-26 10:00,6,4017.0,Rain,22.05
2018-08-26 11:00,6,4394.0,Rain,22.89
2018-08-26 12:00,6,4638.0,Rain,23.54
2018-08-26 13:00,6,4494.0,Haze;Rain;Thunderstorm,25.24
2018-08-26 14:00,6,4565.0,Rain;Thunderstorm,25.68
2018-08-26 15:00,6,4289.0,Rain;Thunderstorm,26.24
2018-08-26 16:00,6,4259.0,Rain,27.24
2018-08-26 17:00,6,3998.0,Rain;Thunderstorm,28.95
2018-08-26 18:00,6,3688.0,Rain,28.09
2018-08-26 19:00,6,3165.0,Rain,27.55
2018-08-26 20:00,6,2840.0,Rain,26.1
2018-08-26 21:00,6,2330.0,Rain,24.63
2018-08-26 22:00,6,1913.0,Rain,24.42
2018-08-26 23:00,6,1208.0,Rain,23.74
2018-08-27 00:00,0,666.0,Rain,23.69
2018-08-27 01:00,0,337.0,Mist;Rain,23.8
2018-08-27 02:00,0,292.0,Rain;Thunderstorm,23.83
2018-08-27 03:00,0,358.0,Rain,23.32
2018-08-27 04:00,0,933.0,Rain,23.19
2018-08-27 05:00,0,3129.0,Rain,23.47
2018-08-27 06:00,0,5575.0,Rain,23.14
2018-08-27 07:00,0,6493.0,Rain,23.19
2018-08-27 08:00,0,6125.0,Rain,23.85
2018-08-27 09:00,0,5094.0,Rain,24.7
2018-08-27 10:00,0,4672.0,Rain,25.54
2018-08-27 11:00,0,4775.0,Rain,26.62
2018-08-27 12:00,0,4880.0,Rain,26.85
2018-08-27 13:00,0,4890.0,Rain,27.1
2018-08-27 14:00,0,5048.0,Rain,27.27
2018-08-27 15:00,0,5661.0,Rain,27.38
2018-08-27 16:00,0,6535.0,Rain,27.69
2018-08-27 17:00,0,5298.0,Rain,27.36
2018-08-27 18:00,0,3629.0,Mist;Rain;Thunderstorm,24.33
2018-08-27 19:00,0,2922.0,Rain;Thunderstorm,21.19
2018-08-27 20:00,0,2536.0,Rain,20.48
2018-08-27 21:00,0,2139.0,Rain,19.66
2018-08-27 22:00,0,1503.0,Rain,19.35
2018-08-27 23:00,0,1014.0,Rain,19.0
2018-08-28 00:00,1,576.0,Rain,18.31
2018-08-28 01:00,1,364.0,Mist;Rain,17.74
2018-08-28 02:00,1,234.0,Mist;Rain,17.42
2018-08-28 03:00,1,367.0,Mist;Rain,17.29
2018-08-28 04:00,1,986.0,Mist;Rain,17.11
2018-08-28 05:00,1,3161.0,Haze;Mist;Rain,16.95
2018-08-28 06:00,1,5611.0,Mist;Rain,16.52
2018-08-28 07:00,1,6147.0,Mist;Rain,16.15
2018-08-28 08:00,1,5692.0,Drizzle;Haze;Rain,16.13
2018-08-28 09:00,1,5153.0,Drizzle;Mist;Rain,16.31
2018-08-28 10:00,1,4624.0,Drizzle;Mist;Rain,16.45
2018-08-28 11:00,1,4678.0,Drizzle;Mist;Rain,17.03
2018-08-28 12:00,1,4954.0,Mist;Rain,17.08
2018-08-28 13:00,1,5032.0,Mist;Rain,17.17
2018-08-28 14:00,1,5273.0,Rain,17.34
2018-08-28 15:00,1,5865.0,Rain,17.56
2018-08-28 16:00,1,6657.0,Rain,17.73
2018-08-28 17:00,1,5716.0,Rain,17.86
2018-08-28 18:00,1,4363.0,Rain,17.89
2018-08-28 19:00,1,3406.0,Drizzle;Rain,17.53
2018-08-28 20:00,1,2896.0,Rain,17.02
2018-08-28 21:00,1,2576.0,Rain,16.39
2018-08-28 22:00,1,1733.0,Rain,15.65
2018-08-28 23:00,1,1153.0,Rain,15.04
2018-08-29 00:00,2,623.0,Rain,14.26
2018-08-29 01:00,2,335.0,Rain,13.39
2018-08-29 02:00,2,299.0,Rain,12.47
2018-08-29 03:00,2,372.0,Mist;Rain,12.16
2018-08-29 04:00,2,981.0,Rain,11.63
2018-08-29 05:00,2,3103.0,Rain,11.62
2018-08-29 06:00,2,5902.0,Mist;Rain,11.09
2018-08-29 07:00,2,6775.0,Mist;Rain,10.72
2018-08-29 08:00,2,6164.0,Mist;Rain,11.65
2018-08-29 09:00,2,5421.0,Rain,12.86
2018-08-29 10:00,2,4871.0,Rain,14.82
2018-08-29 11:00,2,4969.0,Clouds,16.32
2018-08-29 12:00,2,5134.0,Rain,17.28
2018-08-29 13:00,2,4999.0,Rain,17.92
2018-08-29 14:00,2,5349.0,Rain,18.96
2018-08-29 15:00,2,5814.0,Rain,19.76
2018-08-29 16:00,2,6578.0,Clouds,20.76
2018-08-29 17:00,2,5860.0,Rain,20.72
2018-08-29 18:00,2,4554.0,Rain,20.89
2018-08-29 19:00,2,3487.0,Rain,20.39
2018-08-29 20:00,2,3205.0,Rain,18.76
2018-08-29 21:00,2,2800.0,Rain,15.94
2018-08-29 22:00,2,2106.0,Rain,14.44
2018-08-29 23:00,2,1272.0,Rain,13.44
2018-08-30 00:00,3,670.0,Rain,13.09
2018-08-30 01:00,3,456.0,Rain,12.38
2018-08-30 02:00,3,326.0,Rain,12.2
2018-08-30 03:00,3,388.0,Mist;Rain,12.18
2018-08-30 04:00,3,1008.0,Mist;Rain,12.34
2018-08-30 05:00,3,3070.0,Rain,12.26
2018-08-30 06:00,3,5886.0,Rain,12.09
2018-08-30 07:00,3,6466.0,Mist;Rain,12.09
2018-08-30 08:00,3,5995.0,Rain,12.95
2018-08-30 09:00,3,5467.0,Rain,15.28
2018-08-30 10:00,3,4911.0,Rain,17.41
2018-08-30 11:00,3,5095.0,Rain,19.66
2018-08-30 12:00,3,5308.0,Rain,20.96
2018-08-30 13:00,3,5213.0,Rain,21.77
2018-08-30 14:00,3,5680.0,Rain,22.71
2018-08-30 15:00,3,6238.0,Rain,23.52
2018-08-30 16:00,3,6453.0,Rain,24.13
2018-08-30 17:00,3,5775.0,Rain,24.28
2018-08-30 18:00,3,4531.0,Rain,24.09
2018-08-30 19:00,3,3884.0,Rain,23.23
2018-08-30 20:00,3,3332.0,Rain,22.57
2018-08-30 21:00,3,3049.0,Rain,22.22
2018-08-30 22:00,3,2221.0,Rain,21.99
2018-08-30 23:00,3,1396.0,Rain,21.78
2018-08-31 00:00,4,764.0,Rain,21.61
2018-08-31 01:00,4,456.0,Rain,21.46
2018-08-31 02:00,4,358.0,Rain;Thunderstorm,21.39
2018-08-31 03:00,4,378.0,Mist;Rain;Thunderstorm,20.89
2018-08-31 04:00,4,851.0,Drizzle;Rain;Thunderstorm,20.22
2018-08-31 05:00,4,2754.0,Rain;Thunderstorm,20.36
2018-08-31 06:00,4,5200.0,Rain,20.89
2018-08-31 07:00,4,6270.0,Rain,20.68
2018-08-31 08:00,4,5687.0,Rain;Thunderstorm,20.85
2018-08-31 09:00,4,5328.0,Rain,21.32
2018-08-31 10:00,4,5102.0,Rain,22.53
2018-08-31 11:00,4,5359.0,Rain,23.71
2018-08-31 12:00,4,5587.0,Clouds,23.53
2018-08-31 13:00,4,5400.0,Mist;Rain,23.97
2018-08-31 14:00,4,5705.0,Rain,26.1
2018-08-31 15:00,4,5998.0,Rain,27.12
2018-08-31 16:00,4,5925.0,Rain,28.01
2018-08-31 17:00,4,5418.0,Rain,27.64
2018-08-31 18:00,4,4935.0,Rain,27.25
2018-08-31 19:00,4,3945.0,Rain;Thunderstorm,26.32
2018-08-31 20:00,4,3233.0,Rain,25.31
2018-08-31 21:00,4,2910.0,Rain,24.29
2018-08-31 22:00,4,2830.0,Rain,23.8
2018-08-31 23:00,4,2147.0,Rain,23.53
2018-09-01 00:00,5,1335.0,Rain,23.12
2018-09-01 01:00,5,785.0,Rain,22.3
2018-09-01 02:00,5,569.0,Rain,22.01
2018-09-01 03:00,5,425.0,Rain,21.99
2018-09-01 04:00,5,419.0,Rain,21.77
2018-09-01 05:00,5,741.0,Rain,21.55
2018-09-01 06:00,5,1529.0,Rain,21.46
2018-09-01 07:00,5,2477.0,Mist;Rain,21.38
2018-09-01 08:00,5,3476.0,Mist;Rain,21.38
2018-09-01 09:00,5,4212.0,Mist,21.9
2018-09-01 10:00,5,4578.0,Mist;Rain,22.76
2018-09-01 11:00,5,4897.0,Rain,23.91
2018-09-01 12:00,5,4854.0,Rain,25.28
2018-09-01 13:00,5,4972.0,Rain,26.37
2018-09-01 14:00,5,5056.0,Haze;Rain,27.36
2018-09-01 15:00,5,4719.0,Rain,28.32
2018-09-01 16:00,5,4649.0,Rain,28.83
2018-09-01 17:00,5,4622.0,Rain,29.34
2018-09-01 18:00,5,4261.0,Rain,28.82
2018-09-01 19:00,5,3518.0,Rain,28.21
2018-09-01 20:00,5,3196.0,Rain,25.97
2018-09-01 21:00,5,2880.0,Rain,23.24
2018-09-01 22:00,5,2815.0,Rain,22.43
2018-09-01 23:00,5,1945.0,Mist;Rain,21.86
2018-09-02 00:00,6,1273.0,Rain,21.59
2018-09-02 01:00,6,801.0,Mist;Rain,21.34
2018-09-02 02:00,6,565.0,Rain,21.35
2018-09-02 03:00,6,386.0,Rain,21.44
2018-09-02 04:00,6,316.0,Mist;Rain,21.42
2018-09-02 05:00,6,532.0,Mist;Rain,22.04
2018-09-02 06:00,6,1003.0,Mist;Rain,21.95
2018-09-02 07:00,6,1607.0,Rain,21.54
2018-09-02 08:00,6,2334.0,Rain,21.26
2018-09-02 09:00,6,2929.0,Rain,21.22
2018-09-02 10:00,6,3571.0,Mist;Rain,20.62
2018-09-02 11:00,6,4040.0,Mist;Rain,21.1
2018-09-02 12:00,6,4549.0,Rain,21.68
2018-09-02 13:00,6,4414.0,Rain,22.38
2018-09-02 14:00,6,4299.0,Rain,24.18
2018-09-02 15:00,6,4330.0,Rain,25.51
2018-09-02 16:00,6,4197.0,Rain,26.29
2018-09-02 17:00,6,3833.0,Rain,26.85
2018-09-02 18:00,6,3601.0,Rain,26.44
2018-09-02 19:00,6,3098.0,Rain,25.77
2018-09-02 20:00,6,3115.0,Rain,24.02
2018-09-02 21:00,6,2669.0,Rain,22.31
2018-09-02 22:00,6,2066.0,Fog;Rain,20.7
2018-09-02 23:00,6,1475.0,Mist;Rain,19.68
2018-09-03 00:00,0,962.0,Mist;Rain,19.28
2018-09-03 01:00,0,694.0,Haze;Mist;Rain,18.5
2018-09-03 02:00,0,421.0,Fog;Rain,18.59
2018-09-03 03:00,0,310.0,Rain,18.48
2018-09-03 04:00,0,325.0,Mist;Rain,18.44
2018-09-03 05:00,0,590.0,Fog;Haze;Mist;Rain,18.33
2018-09-03 06:00,0,1141.0,Haze;Rain,18.61
2018-09-03 07:00,0,1556.0,Mist;Rain,18.46
2018-09-03 08:00,0,1995.0,Mist;Rain,18.66
2018-09-03 09:00,0,2524.0,Rain,19.36
2018-09-03 10:00,0,3050.0,Mist;Rain,20.53
2018-09-03 11:00,0,3616.0,Mist;Rain,21.62
2018-09-03 12:00,0,3901.0,Rain,22.61
2018-09-03 13:00,0,4110.0,Rain,23.61
2018-09-03 14:00,0,4446.0,Rain,23.44
2018-09-03 15:00,0,4411.0,Rain,23.5
2018-09-03 16:00,0,4017.0,Drizzle;Rain,23.61
2018-09-03 17:00,0,3900.0,Rain,23.45
2018-09-03 18:00,0,3487.0,Rain,23.09
2018-09-03 19:00,0,3006.0,Drizzle;Mist;Rain,22.12
2018-09-03 20:00,0,2627.0,Drizzle;Rain,21.67
2018-09-03 21:00,0,2081.0,Rain,21.65
2018-09-03 22:00,0,1588.0,Mist;Rain,21.34
2018-09-03 23:00,0,1012.0,Drizzle;Rain,21.31
2018-09-04 00:00,1,528.0,Rain,21.17
2018-09-04 01:00,1,321.0,Drizzle;Mist;Rain,21.16
2018-09-04 02:00,1,254.0,Mist;Rain,21.12
2018-09-04 03:00,1,332.0,Rain,21.18
2018-09-04 04:00,1,901.0,Rain,21.18
2018-09-04 05:00,1,2863.0,Drizzle;Haze;Mist;Rain,21.13
2018-09-04 06:00,1,5280.0,Drizzle;Mist;Rain,21.09
2018-09-04 07:00,1,6379.0,Drizzle;Rain,20.87
2018-09-04 08:00,1,5856.0,Mist;Rain;Thunderstorm,20.95
2018-09-04 09:00,1,5242.0,Drizzle;Mist;Rain;Thunderstorm,21.28
2018-09-04 10:00,1,4403.0,Drizzle;Mist;Rain;Thunderstorm,21.63
2018-09-04 11:00,1,4477.0,Mist;Rain,22.13
2018-09-04 12:00,1,4583.0,Rain;Thunderstorm,22.76
2018-09-04 13:00,1,4652.0,Mist;Rain,23.26
2018-09-04 14:00,1,4785.0,Mist;Rain,23.01
2018-09-04 15:00,1,5436.0,Mist;Rain,22.67
2018-09-04 16:00,1,5667.0,Mist;Rain,22.45
2018-09-04 17:00,1,5494.0,Drizzle;Mist;Rain,21.86
2018-09-04 18:00,1,4383.0,Drizzle;Mist;Rain;Thunderstorm,20.97
2018-09-04 19:00,1,3017.0,Drizzle;Mist;Rain,20.64
2018-09-04 20:00,1,2385.0,Drizzle;Mist;Rain,20.51
2018-09-04 21:00,1,2105.0,Drizzle;Mist;Rain,20.49
2018-09-04 22:00,1,1351.0,Drizzle;Mist;Rain,20.47
2018-09-04 23:00,1,921.0,Drizzle;Rain,19.72
2018-09-05 00:00,2,522.0,Drizzle;Rain,19.47
2018-09-05 01:00,2,304.0,Drizzle;Rain,19.29
2018-09-05 02:00,2,254.0,Rain,19.12
2018-09-05 03:00,2,323.0,Drizzle;Rain,19.03
2018-09-05 04:00,2,882.0,Drizzle;Rain,19.03
2018-09-05 05:00,2,3013.0,Drizzle;Rain,18.8
2018-09-05 06:00,2,5633.0,Drizzle;Mist;Rain,18.64
2018-09-05 07:00,2,6668.0,Drizzle;Rain,18.41
2018-09-05 08:00,2,6327.0,Clouds,18.06
2018-09-05 09:00,2,5237.0,Clouds,17.14
2018-09-05 10:00,2,4599.0,Clouds,17.16
2018-09-05 11:00,2,4635.0,Clouds,17.37
2018-09-05 12:00,2,5001.0,Clouds,17.98
2018-09-05 13:00,2,4781.0,Clear,18.81
2018-09-05 14:00,2,4816.0,Clear,19.81
2018-09-05 15:00,2,5661.0,Clouds,20.89
2018-09-05 16:00,2,6555.0,Clouds,21.45
2018-09-05 17:00,2,5938.0,Clear,21.64
2018-09-05 18:00,2,4426.0,Clear,21.52
2018-09-05 19:00,2,3414.0,Rain,20.85
2018-09-05 20:00,2,3130.0,Rain,18.81
2018-09-05 21:00,2,2532.0,Rain,16.29
2018-09-05 22:00,2,1629.0,Rain,14.82
2018-09-05 23:00,2,993.0,Rain,13.1
2018-09-06 00:00,3,570.0,Mist;Rain,12.93
2018-09-06 01:00,3,350.0,Mist;Rain,12.23
2018-09-06 02:00,3,281.0,Mist;Rain,11.99
2018-09-06 03:00,3,337.0,Mist;Rain,11.88
2018-09-06 04:00,3,909.0,Fog;Rain,11.14
2018-09-06 05:00,3,3036.0,Mist;Rain,10.73
2018-09-06 06:00,3,5868.0,Rain,9.69
2018-09-06 07:00,3,6526.0,Mist;Rain,9.09
2018-09-06 08:00,3,5996.0,Rain,11.08
2018-09-06 09:00,3,5328.0,Rain,12.52
2018-09-06 10:00,3,4579.0,Rain,15.59
2018-09-06 11:00,3,4727.0,Clear,17.7
2018-09-06 12:00,3,4765.0,Rain,18.89
2018-09-06 13:00,3,4853.0,Clear,19.98
2018-09-06 14:00,3,4947.0,Clouds,20.82
2018-09-06 15:00,3,5786.0,Clear,21.75
2018-09-06 16:00,3,6396.0,Clouds,22.35
2018-09-06 17:00,3,6008.0,Clouds,22.43
2018-09-06 18:00,3,4373.0,Clouds,22.22
2018-09-06 19:00,3,3382.0,Clouds,21.02
2018-09-06 20:00,3,3223.0,Clear,18.28
2018-09-06 21:00,3,2712.0,Clouds,15.81
2018-09-06 22:00,3,2096.0,Clear,13.7
2018-09-06 23:00,3,1248.0,Clear,12.86
2018-09-07 00:00,4,550.0,Clear,12.34
2018-09-07 01:00,4,417.0,Clear,11.94
2018-09-07 02:00,4,307.0,Clear,11.76
2018-09-07 03:00,4,338.0,Clear,11.7
2018-09-07 04:00,4,892.0,Clear,11.61
2018-09-07 05:00,4,2942.0,Clear,11.26
2018-09-07 06:00,4,5542.0,Clear,10.98
2018-09-07 07:00,4,6675.0,Mist,11.06
2018-09-07 08:00,4,5923.0,Clear,11.89
2018-09-07 09:00,4,5061.0,Clear,13.97
2018-09-07 10:00,4,4720.0,Clear,16.45
2018-09-07 11:00,4,4700.0,Clouds,19.75
2018-09-07 12:00,4,5073.0,Clouds,21.11
2018-09-07 13:00,4,4832.0,Clouds,22.15
2018-09-07 14:00,4,5163.0,Clouds,23.06
2018-09-07 15:00,4,4831.0,Clear,23.57
2018-09-07 16:00,4,6148.0,Clouds,24.06
2018-09-07 17:00,4,5426.0,Clear,24.0
2018-09-07 18:00,4,4699.0,Clear,23.48
2018-09-07 19:00,4,3734.0,Clear,22.79
2018-09-07 20:00,4,3360.0,Clouds,20.34
2018-09-07 21:00,4,2803.0,Clouds,18.07
2018-09-07 22:00,4,2669.0,Clouds,16.65
2018-09-07 23:00,4,1957.0,Clear,15.86
2018-09-08 00:00,5,1131.0,Clear,14.91
2018-09-08 01:00,5,690.0,Clear,14.25
2018-09-08 02:00,5,488.0,Fog,13.45
2018-09-08 03:00,5,393.0,Mist,12.91
2018-09-08 04:00,5,459.0,Mist,12.22
2018-09-08 05:00,5,830.0,Clear,11.67
2018-09-08 06:00,5,1504.0,Clear,11.62
2018-09-08 07:00,5,2063.0,Mist,11.03
2018-09-08 08:00,5,3043.0,Clear,11.66
2018-09-08 09:00,5,3588.0,Clear,14.77
2018-09-08 10:00,5,4039.0,Clear,16.81
2018-09-08 11:00,5,4249.0,Clear,18.55
2018-09-08 12:00,5,4690.0,Clear,20.19
2018-09-08 13:00,5,4550.0,Clear,21.38
2018-09-08 14:00,5,4612.0,Clear,22.02
2018-09-08 15:00,5,4756.0,Clear,22.61
2018-09-08 16:00,5,4848.0,Clear,22.89
2018-09-08 17:00,5,4125.0,Clear,22.69
2018-09-08 18:00,5,3745.0,Clear,22.52
2018-09-08 19:00,5,3399.0,Clear,21.35
2018-09-08 20:00,5,3245.0,Clouds,18.52
2018-09-08 21:00,5,2814.0,Clouds,16.21
2018-09-08 22:00,5,2478.0,Clear,15.36
2018-09-08 23:00,5,1916.0,Clear,14.57
2018-09-09 00:00,6,1286.0,Clear,14.08
2018-09-09 01:00,6,794.0,Clear,13.99
2018-09-09 02:00,6,620.0,Clear,13.67
2018-09-09 03:00,6,345.0,Clear,12.84
2018-09-09 04:00,6,353.0,Clear,12.4
2018-09-09 05:00,6,541.0,Clear,11.72
2018-09-09 06:00,6,1140.0,Mist,11.5
2018-09-09 07:00,6,1806.0,Mist,10.96
2018-09-09 08:00,6,2224.0,Mist,11.51
2018-09-09 09:00,6,3449.0,Clear,13.39
2018-09-09 10:00,6,4322.0,Rain,15.93
2018-09-09 11:00,6,4273.0,Clouds,17.63
2018-09-09 12:00,6,3990.0,Clouds,19.37
2018-09-09 13:00,6,3993.0,Clear,20.38
2018-09-09 14:00,6,3852.0,Clouds,21.35
2018-09-09 15:00,6,3888.0,Clouds,21.91
2018-09-09 16:00,6,4126.0,Clear,22.21
2018-09-09 17:00,6,3959.0,Clouds,22.23
2018-09-09 18:00,6,3692.0,Clear,21.81
2018-09-09 19:00,6,3258.0,Clear,21.01
2018-09-09 20:00,6,2755.0,Clouds,18.59
2018-09-09 21:00,6,2140.0,Clouds,17.02
2018-09-09 22:00,6,1534.0,Clouds,15.85
2018-09-09 23:00,6,996.0,Clear,14.86
2018-09-10 00:00,0,534.0,Clear,13.53
2018-09-10 01:00,0,303.0,Clear,12.45
2018-09-10 02:00,0,286.0,Clear,12.19
2018-09-10 03:00,0,329.0,Clear,11.9
2018-09-10 04:00,0,861.0,Clear,11.71
2018-09-10 05:00,0,2963.0,Clear,11.71
2018-09-10 06:00,0,5721.0,Clear,11.4
2018-09-10 07:00,0,6561.0,Clear,11.2
2018-09-10 08:00,0,6009.0,Clouds,11.93
2018-09-10 09:00,0,5236.0,Clear,13.93
2018-09-10 10:00,0,4201.0,Clouds,16.49
2018-09-10 11:00,0,4498.0,Clear,19.31
2018-09-10 12:00,0,4724.0,Clear,21.86
2018-09-10 13:00,0,4462.0,Clear,23.13
2018-09-10 14:00,0,5016.0,Clear,24.63
2018-09-10 15:00,0,5688.0,Clouds,25.11
2018-09-10 16:00,0,6344.0,Clouds,25.42
2018-09-10 17:00,0,5857.0,Clouds,25.6
2018-09-10 18:00,0,4245.0,Clouds,25.17
2018-09-10 19:00,0,3184.0,Clear,24.5
2018-09-10 20:00,0,2732.0,Clouds,22.4
2018-09-10 21:00,0,2235.0,Clear,20.91
2018-09-10 22:00,0,1389.0,Clouds,19.83
2018-09-10 23:00,0,887.0,Clear,19.33
2018-09-11 00:00,1,516.0,Clear,18.73
2018-09-11 01:00,1,330.0,Clear,18.19
2018-09-11 02:00,1,265.0,Clear,17.86
2018-09-11 03:00,1,332.0,Clear,17.52
2018-09-11 04:00,1,891.0,Clear,16.81
2018-09-11 05:00,1,3055.0,Clear,16.61
2018-09-11 06:00,1,5927.0,Clear,16.46
2018-09-11 07:00,1,6496.0,Clear,16.21
2018-09-11 08:00,1,6123.0,Clear,16.6
2018-09-11 09:00,1,5471.0,Clear,18.71
2018-09-11 10:00,1,4257.0,Clear,21.03
2018-09-11 11:00,1,5074.0,Clear,23.03
2018-09-11 12:00,1,4734.0,Clear,24.76
2018-09-11 13:00,1,4875.0,Clear,25.91
2018-09-11 14:00,1,4922.0,Rain,26.9
2018-09-11 15:00,1,5636.0,Clear,27.53
2018-09-11 16:00,1,6601.0,Clear,28.11
2018-09-11 17:00,1,5859.0,Rain,27.99
2018-09-11 18:00,1,4372.0,Rain,27.41
2018-09-11 19:00,1,3427.0,Clouds,26.44
2018-09-11 20:00,1,3114.0,Clouds,24.59
2018-09-11 21:00,1,2501.0,Clear,24.05
2018-09-11 22:00,1,1860.0,Clouds,23.05
2018-09-11 23:00,1,2682.0,Clear,22.3
2018-09-12 00:00,2,750.0,Clear,22.14
2018-09-12 01:00,2,344.0,Clear,21.5
2018-09-12 02:00,2,314.0,Clear,21.09
2018-09-12 03:00,2,371.0,Clear,20.54
2018-09-12 04:00,2,937.0,Clear,19.76
2018-09-12 05:00,2,3085.0,Clear,19.46
2018-09-12 06:00,2,5908.0,Rain,19.49
2018-09-12 07:00,2,6677.0,Clear,19.04
2018-09-12 08:00,2,6297.0,Thunderstorm,19.1
2018-09-12 09:00,2,5551.0,Rain;Thunderstorm,20.05
2018-09-12 10:00,2,4499.0,Rain;Thunderstorm,21.34
2018-09-12 11:00,2,4598.0,Thunderstorm,23.15
2018-09-12 12:00,2,4759.0,Clear,24.78
2018-09-12 13:00,2,4733.0,Clear,26.39
2018-09-12 14:00,2,5056.0,Clouds,27.48
2018-09-12 15:00,2,5739.0,Clouds,28.34
2018-09-12 16:00,2,6450.0,Clouds,28.73
2018-09-12 17:00,2,6245.0,Clear,28.53
2018-09-12 18:00,2,4668.0,Clouds,28.05
2018-09-12 19:00,2,3510.0,Clouds,26.99
2018-09-12 20:00,2,3064.0,Clear,24.67
2018-09-12 21:00,2,2705.0,Clear,22.95
2018-09-12 22:00,2,1813.0,Clear,22.17
2018-09-12 23:00,2,2842.0,Clear,21.31
2018-09-13 00:00,3,699.0,Clear,20.76
2018-09-13 01:00,3,413.0,Clear,20.04
2018-09-13 02:00,3,332.0,Clear,19.58
2018-09-13 03:00,3,383.0,Clear,19.01
2018-09-13 04:00,3,914.0,Clear,17.93
2018-09-13 05:00,3,3052.0,Clear,17.91
2018-09-13 06:00,3,5830.0,Clear,17.59
2018-09-13 07:00,3,6433.0,Clear,17.25
2018-09-13 08:00,3,6162.0,Clear,17.55
2018-09-13 09:00,3,5092.0,Clouds,19.86
2018-09-13 10:00,3,4584.0,Clear,21.41
2018-09-13 11:00,3,4767.0,Clouds,23.65
2018-09-13 12:00,3,4851.0,Clouds,25.41
2018-09-13 13:00,3,4826.0,Clouds,26.56
2018-09-13 14:00,3,5014.0,Clouds,27.69
2018-09-13 15:00,3,5617.0,Clouds,28.5
2018-09-13 16:00,3,6514.0,Clouds,28.71
2018-09-13 17:00,3,5701.0,Clouds,28.7
2018-09-13 18:00,3,4443.0,Clouds,28.47
2018-09-13 19:00,3,3669.0,Clouds,27.65
2018-09-13 20:00,3,3282.0,Clouds,25.86
2018-09-13 21:00,3,2676.0,Rain,24.75
2018-09-13 22:00,3,1921.0,Rain,23.84
2018-09-13 23:00,3,1167.0,Rain,23.19
2018-09-14 00:00,4,603.0,Clouds,22.51
2018-09-14 01:00,4,376.0,Clear,21.95
2018-09-14 02:00,4,333.0,Clear,21.76
2018-09-14 03:00,4,377.0,Clear,21.36
2018-09-14 04:00,4,892.0,Rain,21.06
2018-09-14 05:00,4,2899.0,Clouds,21.29
2018-09-14 06:00,4,5569.0,Clouds,21.2
2018-09-14 07:00,4,6728.0,Clouds,21.29
2018-09-14 08:00,4,5934.0,Clouds,21.38
2018-09-14 09:00,4,5025.0,Rain,21.69
2018-09-14 10:00,4,4566.0,Clear,22.7
2018-09-14 11:00,4,4836.0,Clouds,24.64
2018-09-14 12:00,4,5019.0,Clouds,25.84
2018-09-14 13:00,4,4830.0,Clouds,27.4
2018-09-14 14:00,4,5231.0,Clouds,28.11
2018-09-14 15:00,4,5953.0,Clouds,28.97
2018-09-14 16:00,4,6196.0,Clouds,29.41
2018-09-14 17:00,4,5358.0,Clouds,29.62
2018-09-14 18:00,4,4687.0,Clouds,29.41
2018-09-14 19:00,4,3880.0,Clouds,28.04
2018-09-14 20:00,4,3329.0,Clouds,26.44
2018-09-14 21:00,4,3169.0,Clouds,24.88
2018-09-14 22:00,4,2810.0,Clear,24.5
2018-09-14 23:00,4,2024.0,Clear,24.26
2018-09-15 00:00,5,1179.0,Clouds,23.75
2018-09-15 01:00,5,808.0,Clouds,23.38
2018-09-15 02:00,5,584.0,Clear,23.04
2018-09-15 03:00,5,428.0,Clear,22.95
2018-09-15 04:00,5,502.0,Thunderstorm,22.58
2018-09-15 05:00,5,871.0,Clear,22.33
2018-09-15 06:00,5,1469.0,Clear,22.11
2018-09-15 07:00,5,2117.0,Rain;Thunderstorm,21.8
2018-09-15 08:00,5,3442.0,Clouds,21.91
2018-09-15 09:00,5,3999.0,Clear,23.32
2018-09-15 10:00,5,4448.0,Clouds,25.42
2018-09-15 11:00,5,4772.0,Clouds,27.64
2018-09-15 12:00,5,4990.0,Clouds,29.42
2018-09-15 13:00,5,4848.0,Clouds,31.13
2018-09-15 14:00,5,4343.0,Clouds,31.76
2018-09-15 15:00,5,4296.0,Clouds,32.73
2018-09-15 16:00,5,4219.0,Clouds,32.92
2018-09-15 17:00,5,3953.0,Clouds,32.93
2018-09-15 18:00,5,3826.0,Clouds,32.29
2018-09-15 19:00,5,3455.0,Clear,31.32
2018-09-15 20:00,5,3208.0,Clear,28.19
2018-09-15 21:00,5,3055.0,Clear,26.11
2018-09-15 22:00,5,2741.0,Clear,25.06
2018-09-15 23:00,5,2123.0,Clear,24.68
2018-09-16 00:00,6,1353.0,Clear,24.42
2018-09-16 01:00,6,786.0,Clear,23.96
2018-09-16 02:00,6,607.0,Clear,23.62
2018-09-16 03:00,6,401.0,Clear,23.27
2018-09-16 04:00,6,313.0,Clear,22.68
2018-09-16 05:00,6,467.0,Clouds,22.26
2018-09-16 06:00,6,850.0,Clouds,22.15
2018-09-16 07:00,6,1302.0,Clouds,21.8
2018-09-16 08:00,6,2090.0,Clear,21.8
2018-09-16 09:00,6,3039.0,Clouds,23.47
2018-09-16 10:00,6,3278.0,Clouds,25.18
2018-09-16 11:00,6,4352.0,Clouds,27.72
2018-09-16 12:00,6,3978.0,Clear,29.08
2018-09-16 13:00,6,3935.0,Clouds,30.1
2018-09-16 14:00,6,3829.0,Clouds,31.26
2018-09-16 15:00,6,4101.0,Clouds,31.4
2018-09-16 16:00,6,4539.0,Clouds,31.75
2018-09-16 17:00,6,4154.0,Clear,31.67
2018-09-16 18:00,6,3701.0,Clouds,30.94
2018-09-16 19:00,6,3400.0,Clear,29.87
2018-09-16 20:00,6,3092.0,Clear,27.63
2018-09-16 21:00,6,2623.0,Clear,25.75
2018-09-16 22:00,6,1725.0,Clear,24.7
2018-09-16 23:00,6,1088.0,Clear,24.29
2018-09-17 00:00,0,550.0,Clear,23.43
2018-09-17 01:00,0,280.0,Clear,23.04
2018-09-17 02:00,0,260.0,Clear,22.67
2018-09-17 03:00,0,344.0,Clouds,22.68
2018-09-17 04:00,0,880.0,Clouds,22.53
2018-09-17 05:00,0,2965.0,Clouds,22.2
2018-09-17 06:00,0,5667.0,Clouds,21.75
2018-09-17 07:00,0,6533.0,Clouds,20.3
2018-09-17 08:00,0,6070.0,Clouds,20.76
2018-09-17 09:00,0,5145.0,Clear,21.51
2018-09-17 10:00,0,4201.0,Clear,22.3
2018-09-17 11:00,0,4371.0,Clear,23.45
2018-09-17 12:00,0,4533.0,Clouds,24.25
2018-09-17 13:00,0,4680.0,Thunderstorm,24.39
2018-09-17 14:00,0,4930.0,Rain;Thunderstorm,21.31
2018-09-17 15:00,0,5327.0,Drizzle;Mist;Rain;Thunderstorm,16.61
2018-09-17 16:00,0,6354.0,Mist;Rain;Thunderstorm,15.47
2018-09-17 17:00,0,5412.0,Drizzle;Mist;Rain,15.48
2018-09-17 18:00,0,4000.0,Rain;Thunderstorm,16.3
2018-09-17 19:00,0,2897.0,Mist;Rain,16.66
2018-09-17 20:00,0,2466.0,Mist;Rain,16.23
2018-09-17 21:00,0,2090.0,Rain,15.51
2018-09-17 22:00,0,1434.0,Rain,15.3
2018-09-17 23:00,0,869.0,Clear,14.99
2018-09-18 00:00,1,536.0,Rain;Thunderstorm,14.7
2018-09-18 01:00,1,351.0,Mist;Rain;Thunderstorm,14.78
2018-09-18 02:00,1,227.0,Rain;Thunderstorm,14.81
2018-09-18 03:00,1,340.0,Mist;Rain;Thunderstorm,15.05
2018-09-18 04:00,1,858.0,Mist;Rain;Thunderstorm,15.14
2018-09-18 05:00,1,3027.0,Mist;Rain;Thunderstorm,15.06
2018-09-18 06:00,1,5642.0,Mist;Rain;Thunderstorm,15.39
2018-09-18 07:00,1,6516.0,Mist;Rain,15.39
2018-09-18 08:00,1,5873.0,Mist;Rain;Thunderstorm,15.28
2018-09-18 09:00,1,5123.0,Mist;Rain;Thunderstorm,15.31
2018-09-18 10:00,1,4527.0,Mist;Rain;Thunderstorm,15.45
2018-09-18 11:00,1,4593.0,Rain,15.38
2018-09-18 12:00,1,4725.0,Clouds,15.87
2018-09-18 13:00,1,4737.0,Rain,16.53
2018-09-18 14:00,1,4931.0,Clouds,17.3
2018-09-18 15:00,1,5623.0,Clouds,17.66
2018-09-18 16:00,1,6623.0,Clouds,17.68
2018-09-18 17:00,1,5916.0,Clouds,17.48
2018-09-18 18:00,1,4423.0,Mist;Rain,17.04
2018-09-18 19:00,1,3309.0,Drizzle;Rain,16.81
2018-09-18 20:00,1,2805.0,Rain,16.56
2018-09-18 21:00,1,2400.0,Rain,16.3
2018-09-18 22:00,1,2631.0,Mist;Rain,15.92
2018-09-18 23:00,1,1501.0,Clouds,16.17
2018-09-19 00:00,2,617.0,Rain;Thunderstorm,16.18
2018-09-19 01:00,2,401.0,Rain;Thunderstorm,15.9
2018-09-19 02:00,2,282.0,Rain;Thunderstorm,15.93
2018-09-19 03:00,2,358.0,Mist;Rain,15.79
2018-09-19 04:00,2,913.0,Haze;Mist;Rain,15.71
2018-09-19 05:00,2,3074.0,Haze;Mist,15.52
2018-09-19 06:00,2,5803.0,Haze;Mist,15.42
2018-09-19 07:00,2,6510.0,Drizzle;Mist;Rain,15.22
2018-09-19 08:00,2,6101.0,Fog;Mist,15.16
2018-09-19 09:00,2,5331.0,Drizzle;Fog;Mist;Rain,15.02
2018-09-19 10:00,2,4266.0,Drizzle;Fog;Mist;Rain,14.92
2018-09-19 11:00,2,4567.0,Drizzle;Mist;Rain,14.09
2018-09-19 12:00,2,4734.0,Mist;Rain,14.96
2018-09-19 13:00,2,4675.0,Drizzle;Mist;Rain,15.69
2018-09-19 14:00,2,4980.0,Haze;Rain,16.12
2018-09-19 15:00,2,5718.0,Mist,16.58
2018-09-19 16:00,2,6382.0,Mist;Rain,17.18
2018-09-19 17:00,2,5647.0,Drizzle;Mist;Rain,16.41
2018-09-19 18:00,2,4469.0,Drizzle;Mist;Rain,16.35
2018-09-19 19:00,2,3460.0,Haze;Mist,15.92
2018-09-19 20:00,2,2865.0,Rain,15.64
2018-09-19 21:00,2,2576.0,Drizzle;Mist,15.11
2018-09-19 22:00,2,1693.0,Drizzle;Mist;Rain,14.76
2018-09-19 23:00,2,994.0,Mist,14.58
2018-09-20 00:00,3,583.0,Mist,14.38
2018-09-20 01:00,3,349.0,Haze;Mist,14.33
2018-09-20 02:00,3,265.0,Drizzle;Mist;Rain,14.24
2018-09-20 03:00,3,344.0,Haze;Mist;Rain,14.22
2018-09-20 04:00,3,914.0,Mist;Rain,14.33
2018-09-20 05:00,3,2924.0,Drizzle;Haze;Mist;Rain,14.45
2018-09-20 06:00,3,5417.0,Drizzle;Haze;Mist;Rain,14.69
2018-09-20 07:00,3,5766.0,Mist;Rain,14.85
2018-09-20 08:00,3,5331.0,Mist;Rain,14.84
2018-09-20 09:00,3,5264.0,Mist;Rain,15.07
2018-09-20 10:00,3,4326.0,Drizzle;Mist;Rain,15.56
2018-09-20 11:00,3,4592.0,Drizzle;Mist;Rain,15.85
2018-09-20 12:00,3,4695.0,Drizzle;Rain,16.59
2018-09-20 13:00,3,4459.0,Rain,17.16
2018-09-20 14:00,3,4517.0,Fog;Mist;Rain;Thunderstorm,17.62
2018-09-20 15:00,3,5257.0,Mist;Rain;Thunderstorm,17.69
2018-09-20 16:00,3,6331.0,Mist;Rain;Thunderstorm,17.82
2018-09-20 17:00,3,5065.0,Mist;Rain;Thunderstorm,17.95
2018-09-20 18:00,3,3898.0,Fog;Haze;Mist;Rain;Thunderstorm,17.75
2018-09-20 19:00,3,2957.0,Haze;Mist;Rain;Thunderstorm,17.73
2018-09-20 20:00,3,2740.0,Drizzle;Mist;Rain;Thunderstorm,18.05
2018-09-20 21:00,3,3497.0,Rain,18.06
2018-09-20 22:00,3,2356.0,Drizzle;Rain,18.2
2018-09-20 23:00,3,1633.0,Rain,18.68
2018-09-21 00:00,4,698.0,Clouds,18.99
2018-09-21 01:00,4,407.0,Rain,18.18
2018-09-21 02:00,4,304.0,Rain,16.9
2018-09-21 03:00,4,377.0,Clouds,16.06
2018-09-21 04:00,4,867.0,Drizzle;Mist;Rain,15.03
2018-09-21 05:00,4,2919.0,Drizzle;Mist;Rain,13.74
2018-09-21 06:00,4,5457.0,Drizzle,13.16
2018-09-21 07:00,4,6539.0,Drizzle,12.21
2018-09-21 08:00,4,5653.0,Drizzle;Mist;Rain,11.06
2018-09-21 09:00,4,4981.0,Drizzle;Mist;Rain,10.81
2018-09-21 10:00,4,4548.0,Rain,10.8
2018-09-21 11:00,4,4937.0,Clouds,10.99
2018-09-21 12:00,4,5039.0,Rain,11.01
2018-09-21 13:00,4,4901.0,Clouds,11.46
2018-09-21 14:00,4,5185.0,Clouds,12.01
2018-09-21 15:00,4,5973.0,Clouds,12.54
2018-09-21 16:00,4,6007.0,Clouds,13.52
2018-09-21 17:00,4,5489.0,Clouds,14.25
2018-09-21 18:00,4,4607.0,Clouds,14.28
2018-09-21 19:00,4,3958.0,Clouds,13.29
2018-09-21 20:00,4,3255.0,Clear,10.76
2018-09-21 21:00,4,2931.0,Clear,9.1
2018-09-21 22:00,4,2570.0,Clear,7.66
2018-09-21 23:00,4,2179.0,Clear,6.97
2018-09-22 00:00,5,1516.0,Clear,6.17
2018-09-22 01:00,5,1273.0,Clear,5.79
2018-09-22 02:00,5,1207.0,Clear,5.66
2018-09-22 03:00,5,611.0,Clear,5.42
2018-09-22 04:00,5,647.0,Clear,5.34
2018-09-22 05:00,5,960.0,Clear,5.43
2018-09-22 06:00,5,1635.0,Clear,5.69
2018-09-22 07:00,5,2445.0,Clear,6.19
2018-09-22 08:00,5,3415.0,Clear,6.54
2018-09-22 09:00,5,3770.0,Clear,8.25
2018-09-22 10:00,5,4308.0,Clear,10.85
2018-09-22 11:00,5,4638.0,Clear,12.82
2018-09-22 12:00,5,4831.0,Clear,14.57
2018-09-22 13:00,5,4565.0,Clouds,15.76
2018-09-22 14:00,5,4654.0,Rain,16.86
2018-09-22 15:00,5,4589.0,Clouds,17.84
2018-09-22 16:00,5,4582.0,Clear,18.64
2018-09-22 17:00,5,4847.0,Clouds,19.21
2018-09-22 18:00,5,4620.0,Clouds,19.04
2018-09-22 19:00,5,4347.0,Clouds,18.17
2018-09-22 20:00,5,3602.0,Clouds,15.6
2018-09-22 21:00,5,2985.0,Clouds,14.64
2018-09-22 22:00,5,2480.0,Clouds,14.07
2018-09-22 23:00,5,1871.0,Clouds,13.6
2018-09-23 00:00,6,1249.0,Clouds,12.56
2018-09-23 01:00,6,690.0,Clouds,12.91
2018-09-23 02:00,6,565.0,Clouds,12.48
2018-09-23 03:00,6,319.0,Clouds,11.84
2018-09-23 04:00,6,339.0,Clear,11.14
2018-09-23 05:00,6,514.0,Clear,10.41
2018-09-23 06:00,6,910.0,Clear,10.14
2018-09-23 07:00,6,1402.0,Clouds,10.45
2018-09-23 08:00,6,2203.0,Clouds,10.87
2018-09-23 09:00,6,3562.0,Clouds,13.09
2018-09-23 10:00,6,4594.0,Clear,15.35
2018-09-23 11:00,6,4252.0,Clear,17.76
2018-09-23 12:00,6,3945.0,Clouds,19.45
2018-09-23 13:00,6,4107.0,Rain,21.31
2018-09-23 14:00,6,4091.0,Clouds,22.29
2018-09-23 15:00,6,4195.0,Clear,22.97
2018-09-23 16:00,6,4413.0,Clear,23.46
2018-09-23 17:00,6,4117.0,Clouds,23.75
2018-09-23 18:00,6,3997.0,Clouds,23.0
2018-09-23 19:00,6,3516.0,Haze,22.08
2018-09-23 20:00,6,2846.0,Clouds,19.79
2018-09-23 21:00,6,2346.0,Clear,19.12
2018-09-23 22:00,6,1635.0,Clouds,18.29
2018-09-23 23:00,6,934.0,Clear,17.97
2018-09-24 00:00,0,509.0,Clear,17.2
2018-09-24 01:00,0,344.0,Clear,16.6
2018-09-24 02:00,0,219.0,Clear,15.87
2018-09-24 03:00,0,328.0,Clear,15.63
2018-09-24 04:00,0,888.0,Clear,15.03
2018-09-24 05:00,0,2954.0,Thunderstorm,14.76
2018-09-24 06:00,0,5747.0,Thunderstorm,14.18
2018-09-24 07:00,0,6591.0,Clouds,14.03
2018-09-24 08:00,0,5900.0,Clouds,14.04
2018-09-24 09:00,0,4936.0,Clear,15.1
2018-09-24 10:00,0,4351.0,Clouds,16.88
2018-09-24 11:00,0,4468.0,Clouds,19.03
2018-09-24 12:00,0,4531.0,Clouds,20.36
2018-09-24 13:00,0,4433.0,Clouds,22.15
2018-09-24 14:00,0,4816.0,Clouds,22.85
2018-09-24 15:00,0,5443.0,Clouds,23.37
2018-09-24 16:00,0,6307.0,Clear,23.89
2018-09-24 17:00,0,5562.0,Clear,23.64
2018-09-24 18:00,0,4167.0,Clouds,22.91
2018-09-24 19:00,0,3253.0,Clouds,21.37
2018-09-24 20:00,0,2559.0,Rain,19.54
2018-09-24 21:00,0,2084.0,Rain,17.82
2018-09-24 22:00,0,1392.0,Drizzle;Mist;Rain,16.86
2018-09-24 23:00,0,826.0,Mist;Rain;Thunderstorm,15.47
2018-09-25 00:00,1,527.0,Mist;Rain,14.5
2018-09-25 01:00,1,302.0,Mist;Rain,13.87
2018-09-25 02:00,1,234.0,Mist;Rain,13.5
2018-09-25 03:00,1,366.0,Drizzle,13.16
2018-09-25 04:00,1,880.0,Clouds,12.17
2018-09-25 05:00,1,3063.0,Clouds,11.81
2018-09-25 06:00,1,5833.0,Clouds,11.17
2018-09-25 07:00,1,6568.0,Mist,11.35
2018-09-25 08:00,1,6080.0,Haze,11.34
2018-09-25 09:00,1,5083.0,Rain,11.12
2018-09-25 10:00,1,4385.0,Rain,11.12
2018-09-25 11:00,1,4458.0,Rain,11.0
2018-09-25 12:00,1,4580.0,Drizzle;Mist;Rain,10.91
2018-09-25 13:00,1,4716.0,Rain,10.87
2018-09-25 14:00,1,4973.0,Drizzle;Rain,10.79
2018-09-25 15:00,1,5748.0,Rain,10.83
2018-09-25 16:00,1,6597.0,Drizzle;Rain,11.1
2018-09-25 17:00,1,5734.0,Rain,11.92
2018-09-25 18:00,1,4320.0,Rain,12.11
2018-09-25 19:00,1,3058.0,Clouds,11.79
2018-09-25 20:00,1,2765.0,Clouds,10.93
2018-09-25 21:00,1,2282.0,Drizzle,9.94
2018-09-25 22:00,1,1571.0,Clouds,8.78
2018-09-25 23:00,1,924.0,Clear,8.25
2018-09-26 00:00,2,543.0,Clear,7.66
2018-09-26 01:00,2,358.0,Clear,7.74
2018-09-26 02:00,2,227.0,Clouds,8.1
2018-09-26 03:00,2,358.0,Clouds,8.56
2018-09-26 04:00,2,890.0,Clouds,8.37
2018-09-26 05:00,2,3052.0,Clouds,7.54
2018-09-26 06:00,2,5930.0,Clear,6.18
2018-09-26 07:00,2,6193.0,Clear,5.92
2018-09-26 08:00,2,6032.0,Rain,6.28
2018-09-26 09:00,2,5320.0,Haze,7.77
2018-09-26 10:00,2,4523.0,Clouds,9.36
2018-09-26 11:00,2,4721.0,Clouds,11.55
2018-09-26 12:00,2,4793.0,Clouds,12.7
2018-09-26 13:00,2,4624.0,Clouds,13.73
2018-09-26 14:00,2,4928.0,Clouds,14.31
2018-09-26 15:00,2,5693.0,Clouds,15.28
2018-09-26 16:00,2,6334.0,Clear,15.58
2018-09-26 17:00,2,5954.0,Clouds,15.91
2018-09-26 18:00,2,4661.0,Clouds,15.97
2018-09-26 19:00,2,3639.0,Clear,14.79
2018-09-26 20:00,2,3197.0,Clouds,12.67
2018-09-26 21:00,2,3475.0,Clear,11.26
2018-09-26 22:00,2,1973.0,Clear,11.36
2018-09-26 23:00,2,1209.0,Clear,11.71
2018-09-27 00:00,3,654.0,Clouds,12.11
2018-09-27 01:00,3,421.0,Clouds,12.65
2018-09-27 02:00,3,312.0,Clouds,13.01
2018-09-27 03:00,3,373.0,Clouds,13.59
2018-09-27 04:00,3,919.0,Drizzle,13.6
2018-09-27 05:00,3,3002.0,Rain,13.34
2018-09-27 06:00,3,5685.0,Rain,12.22
2018-09-27 07:00,3,6589.0,Drizzle;Rain,12.02
2018-09-27 08:00,3,5946.0,Clear,11.9
2018-09-27 09:00,3,5181.0,Clouds,12.35
2018-09-27 10:00,3,4500.0,Clouds,13.24
2018-09-27 11:00,3,4670.0,Rain,13.73
2018-09-27 12:00,3,4849.0,Clouds,14.09
2018-09-27 13:00,3,4787.0,Clouds,14.46
2018-09-27 14:00,3,4943.0,Clouds,15.23
2018-09-27 15:00,3,5892.0,Drizzle,15.13
2018-09-27 16:00,3,6451.0,Clouds,15.53
2018-09-27 17:00,3,5968.0,Clouds,14.89
2018-09-27 18:00,3,4498.0,Clouds,14.35
2018-09-27 19:00,3,3419.0,Clouds,13.76
2018-09-27 20:00,3,2856.0,Clouds,12.6
2018-09-27 21:00,3,2649.0,Clear,11.62
2018-09-27 22:00,3,2003.0,Clouds,10.71
2018-09-27 23:00,3,1278.0,Clear,9.81
2018-09-28 00:00,4,699.0,Clear,9.05
2018-09-28 01:00,4,461.0,Clear,8.74
2018-09-28 02:00,4,301.0,Clear,8.16
2018-09-28 03:00,4,367.0,Clouds,7.5
2018-09-28 04:00,4,870.0,Clear,6.98
2018-09-28 05:00,4,2751.0,Clear,6.93
2018-09-28 06:00,4,5521.0,Clouds,6.31
2018-09-28 07:00,4,6401.0,Clear,5.88
2018-09-28 08:00,4,5798.0,Clear,5.68
2018-09-28 09:00,4,4791.0,Clear,6.38
2018-09-28 10:00,4,4574.0,Clear,7.79
2018-09-28 11:00,4,4863.0,Clouds,9.28
2018-09-28 12:00,4,5066.0,Clouds,10.39
2018-09-28 13:00,4,4898.0,Clouds,10.59
2018-09-28 14:00,4,5193.0,Clouds,11.85
2018-09-28 15:00,4,5838.0,Clouds,11.99
2018-09-28 16:00,4,6188.0,Clouds,12.18
2018-09-28 17:00,4,5695.0,Clouds,12.09
2018-09-28 18:00,4,5104.0,Clouds,11.24
2018-09-28 19:00,4,4286.0,Clouds,10.02
2018-09-28 20:00,4,3538.0,Clouds,8.08
2018-09-28 21:00,4,3058.0,Clouds,6.17
2018-09-28 22:00,4,2713.0,Clouds,4.94
2018-09-28 23:00,4,3544.0,Clear,4.3
2018-09-29 00:00,5,1733.0,Rain,3.03
2018-09-29 01:00,5,867.0,Clear,2.09
2018-09-29 02:00,5,524.0,Clear,2.11
2018-09-29 03:00,5,359.0,Clear,1.45
2018-09-29 04:00,5,425.0,Clear,1.1
2018-09-29 05:00,5,743.0,Clear,1.51
2018-09-29 06:00,5,1359.0,Clear,1.47
2018-09-29 07:00,5,2036.0,Clear,1.64
2018-09-29 08:00,5,3073.0,Clouds,2.28
2018-09-29 09:00,5,3725.0,Clouds,3.02
2018-09-29 10:00,5,4059.0,Clear,4.06
2018-09-29 11:00,5,4378.0,Drizzle,4.93
2018-09-29 12:00,5,4657.0,Rain,5.74
2018-09-29 13:00,5,4553.0,Clouds,6.51
2018-09-29 14:00,5,4618.0,Clouds,7.16
2018-09-29 15:00,5,4564.0,Clouds,7.84
2018-09-29 16:00,5,4735.0,Drizzle,8.26
2018-09-29 17:00,5,4878.0,Clouds,8.29
2018-09-29 18:00,5,4569.0,Clouds,7.87
2018-09-29 19:00,5,3818.0,Clouds,7.53
2018-09-29 20:00,5,3338.0,Clouds,7.4
2018-09-29 21:00,5,2950.0,Clouds,7.25
2018-09-29 22:00,5,2607.0,Clouds,7.39
2018-09-29 23:00,5,3856.0,Clouds,7.17
2018-09-30 00:00,6,1826.0,Clouds,7.15
2018-09-30 01:00,6,920.0,Clouds,7.04
2018-09-30 02:00,6,696.0,Clouds,6.92
2018-09-30 03:00,6,364.0,Clouds,6.93
2018-09-30 04:00,6,335.0,Clouds,6.73
2018-09-30 05:00,6,444.0,Clouds,6.81
2018-09-30 06:00,6,802.0,Clouds,7.02
2018-09-30 07:00,6,1175.0,Clouds,7.01
2018-09-30 08:00,6,2002.0,Clouds,7.13
2018-09-30 09:00,6,2882.0,Clouds,7.47
2018-09-30 10:00,6,3701.0,Clouds,8.23
2018-09-30 11:00,6,4049.0,Clouds,9.03
2018-09-30 12:00,6,4429.0,Clouds,9.54
2018-09-30 13:00,6,4547.0,Rain,9.88
2018-09-30 14:00,6,4380.0,Drizzle;Rain,10.33
2018-09-30 15:00,6,4302.0,Drizzle;Rain,10.69
2018-09-30 16:00,6,4283.0,Rain,11.23
2018-09-30 17:00,6,4132.0,Clouds,11.64
2018-09-30 18:00,6,3947.0,Rain,11.05
2018-09-30 19:00,6,3543.0,Clouds,10.3
2018-09-30 20:00,6,2781.0,Clouds,9.61
2018-09-30 21:00,6,2159.0,Thunderstorm,9.58
2018-09-30 22:00,6,1450.0,Clouds,8.94
2018-09-30 23:00,6,954.0,Clouds,8.97
