model,MAE,RMSE
historical_mean,4.582379997716674,5.885497973755232
VAR,1.318615389126524,1.7358138260315141
XGBoost,1.2660307751551299,1.603296856564479
