id,date,borough,latitude,longitude,injured,killed,valid_coordinates
4691606,2024-01-01,QUEENS,40.672382,-73.78574,1,0,True
4691610,2024-01-01,UNKNOWN,40.65953,-73.73261,1,0,True
4691618,2024-01-01,BROOKLYN,40.65317,-73.91128,0,0,True
4691620,2024-01-01,BROOKLYN,40.671017,-73.88097,0,0,True
4691623,2024-01-01,BRONX,40.833836,-73.91586,4,0,True
4691645,2024-01-01,QUEENS,40.67897,-73.75985,0,0,True
4691656,2024-01-01,UNKNOWN,,,5,0,False
4691659,2024-01-01,MANHATTAN,40.75645,-73.97032,1,0,True
4691668,2024-01-01,MANHATTAN,40.75248,-73.99419,0,0,True
4691672,2024-01-01,UNKNOWN,40.84046,-73.88596,7,0,True
4691680,2024-01-01,QUEENS,40.722267,-73.90134,0,0,True
4691681,2024-01-01,BRONX,40.84104,-73.92195,1,0,True
4691682,2024-01-01,QUEENS,40.76947,-73.84397,2,0,True
4691696,2024-01-01,UNKNOWN,40.734497,-73.72287,0,0,True
4691697,2024-01-01,QUEENS,40.71204,-73.73646,2,0,True
4691704,2024-01-01,UNKNOWN,40.748848,-73.872375,2,0,True
4691708,2024-01-01,BRONX,40.862873,-73.84917,2,0,True
4691709,2024-01-01,UNKNOWN,40.81108,-73.9273,1,0,True
4691726,2024-01-01,UNKNOWN,40.767372,-73.950066,4,0,True
4691729,2024-01-01,UNKNOWN,40.636024,-74.13477,1,0,True
4691740,2024-01-01,QUEENS,40.75595,-73.88165,0,0,True
4691741,2024-01-01,QUEENS,40.770317,-73.87079,2,0,True
4691742,2024-01-01,UNKNOWN,40.753143,-73.89062,1,0,True
4691746,2024-01-01,MANHATTAN,40.72493,-73.99035,0,0,True
4691747,2024-01-01,UNKNOWN,40.67244,-73.73534,0,0,True
4691751,2024-01-01,BROOKLYN,40.632633,-74.01254,1,0,True
4691752,2024-01-01,BROOKLYN,40.707752,-73.96842,1,0,True
4691753,2024-01-01,UNKNOWN,40.75595,-73.99074,0,0,True
4691758,2024-01-01,BROOKLYN,40.63002,-74.01438,0,0,True
4691773,2024-01-01,UNKNOWN,40.65591,-73.89191,0,0,True
4691774,2024-01-01,BROOKLYN,40.678757,-73.8928,0,0,True
4691778,2024-01-01,BROOKLYN,40.656116,-73.89666,1,0,True
4691784,2024-01-01,BROOKLYN,40.668407,-73.888306,0,0,True
4691785,2024-01-01,BROOKLYN,40.67189,-73.895874,0,0,True
4691786,2024-01-01,UNKNOWN,40.651974,-73.86542,0,0,True
4691788,2024-01-01,BROOKLYN,40.67883,-73.88816,0,0,True
4691794,2024-01-01,UNKNOWN,40.61149,-74.13123,0,0,True
4691801,2024-01-01,BRONX,40.88302,-73.85325,2,0,True
4691806,2024-01-01,BRONX,,,0,0,False
4691809,2024-01-01,UNKNOWN,40.744892,-73.77022,2,0,True
4691810,2024-01-01,UNKNOWN,40.849453,-73.906006,1,0,True
4691811,2024-01-01,BROOKLYN,40.64213,-73.92936,3,0,True
4691812,2024-01-01,BROOKLYN,40.650856,-73.94843,1,0,True
4691816,2024-01-01,BROOKLYN,40.65295,-73.911026,0,0,True
4691821,2024-01-01,BROOKLYN,40.639725,-74.01046,0,0,True
4691822,2024-01-01,BROOKLYN,40.651894,-74.014015,0,0,True
4691826,2024-01-01,BRONX,40.87157,-73.90022,0,0,True
4691828,2024-01-01,BROOKLYN,40.669086,-73.95956,0,0,True
4691829,2024-01-01,BROOKLYN,40.667496,-73.93682,0,0,True
4691831,2024-01-01,UNKNOWN,40.74091,-73.83727,1,0,True
4691832,2024-01-01,QUEENS,40.70807,-73.80999,1,0,True
4691833,2024-01-01,MANHATTAN,40.710697,-73.984634,0,0,True
4691834,2024-01-01,MANHATTAN,40.71738,-73.99131,0,0,True
4691835,2024-01-01,MANHATTAN,40.718792,-73.98902,0,0,True
4691838,2024-01-01,UNKNOWN,,,3,0,False
4691839,2024-01-01,UNKNOWN,40.687546,-73.8208,0,0,True
4691840,2024-01-01,QUEENS,40.679283,-73.83263,1,0,True
4691844,2024-01-01,BROOKLYN,40.60954,-73.94653,0,0,True
4691846,2024-01-02,BROOKLYN,40.585922,-73.93085,0,0,True
4691847,2024-01-02,BROOKLYN,40.59861,-73.938644,1,0,True
4691848,2024-01-01,UNKNOWN,40.586117,-73.93604,0,0,True
4691850,2024-01-01,MANHATTAN,40.762177,-73.96613,0,0,True
4691851,2024-01-01,BROOKLYN,40.593323,-73.964645,1,0,True
4691853,2024-01-01,BRONX,40.83,-73.93173,0,0,True
4691864,2024-01-01,UNKNOWN,40.861862,-73.91275,4,0,True
4691869,2024-01-01,UNKNOWN,40.682194,-74.00239,1,0,True
4691870,2024-01-01,BROOKLYN,40.6737,-74.00444,0,0,True
4691871,2024-01-01,UNKNOWN,40.690308,-73.99881,2,0,True
4691872,2024-01-01,QUEENS,40.729084,-73.93104,0,0,True
4691877,2024-01-01,QUEENS,40.747105,-73.92266,1,0,True
4691880,2024-01-01,UNKNOWN,,,0,0,False
4691881,2024-01-01,UNKNOWN,40.730442,-73.91367,1,0,True
4691882,2024-01-01,UNKNOWN,40.553833,-74.214584,1,0,True
4691883,2024-01-01,UNKNOWN,,,0,0,False
4691885,2024-01-02,UNKNOWN,,,0,0,False
4691886,2024-01-01,MANHATTAN,40.715046,-73.9837,0,0,True
4691887,2024-01-02,QUEENS,40.713463,-73.828995,0,0,True
4691888,2024-01-01,UNKNOWN,,,0,0,False
4691890,2024-01-01,UNKNOWN,40.701275,-73.88887,0,0,True
4691891,2024-01-01,UNKNOWN,40.72514,-73.93381,1,0,True
4691892,2024-01-01,QUEENS,40.702328,-73.90441,1,0,True
4691897,2024-01-01,BROOKLYN,40.57636,-73.96854,0,0,True
4691901,2024-01-01,UNKNOWN,40.585335,-73.98749,1,0,True
4691907,2024-01-01,UNKNOWN,,,0,0,False
4691908,2024-01-01,BRONX,40.822178,-73.9309,0,0,True
4691909,2024-01-01,BRONX,40.83164,-73.930115,1,0,True
4691911,2024-01-01,UNKNOWN,40.66578,-73.91942,0,0,True
4691912,2024-01-01,BRONX,40.855267,-73.86292,0,0,True
4691915,2024-01-01,MANHATTAN,40.72369,-74.00543,1,0,True
4691916,2024-01-02,MANHATTAN,40.726494,-74.00236,0,0,True
4691917,2024-01-01,UNKNOWN,40.73181,-73.866646,0,0,True
4691918,2024-01-02,QUEENS,40.732582,-73.86806,1,0,True
4691919,2024-01-01,QUEENS,40.72218,-73.84406,0,0,True
4691922,2024-01-01,BROOKLYN,40.637897,-73.90085,1,0,True
4691924,2024-01-01,BROOKLYN,40.61368,-74.00715,0,0,True
4691925,2024-01-01,UNKNOWN,,,0,0,False
4691927,2024-01-01,BROOKLYN,40.69383,-73.937225,0,0,True
4691929,2024-01-01,UNKNOWN,40.788555,-73.78234,0,0,True
4691930,2024-01-01,UNKNOWN,40.787197,-73.78,0,0,True
4691933,2024-01-02,UNKNOWN,40.72621,-73.920525,0,0,True
4691934,2024-01-01,QUEENS,40.757523,-73.82914,1,0,True
4691936,2024-01-01,UNKNOWN,40.7879,-73.77701,5,0,True
4691937,2024-01-02,UNKNOWN,40.68708,-73.913895,1,0,True
4691938,2024-01-01,QUEENS,40.75406,-73.808624,1,0,True
4691939,2024-01-01,BROOKLYN,40.69216,-73.914764,0,0,True
4691941,2024-01-01,QUEENS,40.7925,-73.84077,0,0,True
4691945,2024-01-02,QUEENS,,,0,0,False
4691947,2024-01-01,UNKNOWN,40.69078,-73.72728,2,0,True
4691950,2024-01-01,BROOKLYN,40.638103,-73.90108,0,0,True
4691951,2024-01-01,UNKNOWN,40.68535,-73.8587,1,0,True
4691952,2024-01-01,QUEENS,40.68592,-73.846924,0,0,True
4691954,2024-01-01,QUEENS,40.72784,-73.83284,1,0,True
4691955,2024-01-02,BROOKLYN,40.63747,-73.91918,0,0,True
4691959,2024-01-01,QUEENS,40.741104,-73.85382,1,0,True
4691962,2024-01-01,MANHATTAN,40.753555,-73.996735,1,0,True
4691963,2024-01-01,MANHATTAN,40.73975,-74.00253,1,0,True
4691964,2024-01-02,UNKNOWN,,,2,0,False
4691967,2024-01-02,BROOKLYN,40.652794,-73.946884,0,0,True
4691968,2024-01-01,UNKNOWN,40.69832,-73.962265,1,0,True
4691975,2024-01-01,BROOKLYN,40.706707,-73.942024,0,0,True
4691977,2024-01-01,BROOKLYN,40.62774,-73.981575,3,0,True
4691978,2024-01-01,UNKNOWN,40.732384,-74.01036,1,0,True
4691979,2024-01-01,UNKNOWN,,,0,0,False
4691982,2024-01-02,UNKNOWN,40.70504,-73.959045,1,0,True
4691986,2024-01-02,BROOKLYN,40.637768,-73.95868,1,0,True
4691988,2024-01-01,UNKNOWN,40.66684,-73.78941,5,0,True
4691993,2024-01-02,BROOKLYN,40.61269,-73.982666,1,0,True
4691997,2024-01-02,QUEENS,40.736885,-73.87506,0,0,True
4691998,2024-01-02,UNKNOWN,40.602947,-73.89932,0,0,True
4691999,2024-01-01,QUEENS,40.746,-73.869354,0,0,True
4692000,2024-01-01,BRONX,40.82962,-73.87943,0,0,True
4692002,2024-01-01,BRONX,,,1,0,False
4692003,2024-01-01,UNKNOWN,40.61135,-74.09847,0,0,True
4692004,2024-01-01,BRONX,40.81846,-73.866135,0,0,True
4692005,2024-01-01,BRONX,40.827354,-73.84645,0,0,True
4692006,2024-01-01,UNKNOWN,,,0,0,False
4692007,2024-01-01,STATEN ISLAND,40.64479,-74.08029,0,0,True
4692009,2024-01-02,BRONX,40.824654,-73.89194,0,0,True
4692010,2024-01-02,QUEENS,40.756287,-73.860725,1,0,True
4692012,2024-01-01,BROOKLYN,40.69862,-73.920135,0,0,True
4692013,2024-01-01,UNKNOWN,40.702255,-73.92008,0,0,True
4692014,2024-01-01,UNKNOWN,40.698452,-73.92176,0,0,True
4692015,2024-01-02,UNKNOWN,40.643917,-74.0008,0,0,True
4692021,2024-01-01,UNKNOWN,,,0,0,False
4692023,2024-01-01,MANHATTAN,40.796005,-73.93542,0,0,True
4692027,2024-01-02,MANHATTAN,40.777996,-73.95614,0,0,True
4692028,2024-01-02,MANHATTAN,40.756123,-73.991165,0,0,True
4692029,2024-01-01,MANHATTAN,40.70638,-74.009514,0,0,True
4692031,2024-01-02,MANHATTAN,40.718266,-74.00706,0,0,True
4692032,2024-01-01,UNKNOWN,40.774155,-73.984886,1,0,True
4692033,2024-01-02,UNKNOWN,40.731983,-73.91912,0,0,True
4692034,2024-01-02,QUEENS,,,1,0,False
4692041,2024-01-01,UNKNOWN,40.58396,-73.9253,0,1,True
4692042,2024-01-01,QUEENS,40.581184,-73.825096,0,0,True
4692043,2024-01-01,UNKNOWN,,,1,5,False
4692049,2024-01-01,STATEN ISLAND,40.578377,-74.09404,0,0,True
4692050,2024-01-01,STATEN ISLAND,40.564972,-74.13331,1,0,True
4692051,2024-01-02,STATEN ISLAND,,,0,0,False
4692052,2024-01-02,STATEN ISLAND,40.54534,-74.160576,0,0,True
4692055,2024-01-01,BRONX,40.89204,-73.85814,3,0,True
4692056,2024-01-02,BROOKLYN,40.619164,-73.93419,0,0,True
4692058,2024-01-01,STATEN ISLAND,40.564323,-74.098434,1,0,True
4692059,2024-01-01,BROOKLYN,40.621056,-73.92611,0,0,True
4692060,2024-01-02,BROOKLYN,40.616436,-73.92953,0,0,True
4692061,2024-01-02,BROOKLYN,40.62192,-73.936134,0,0,True
4692062,2024-01-01,BROOKLYN,40.618137,-73.935745,0,0,True
4692064,2024-01-01,BROOKLYN,40.63376,-73.947754,0,0,True
4692065,2024-01-02,BROOKLYN,40.692307,-73.99551,0,0,True
4692066,2024-01-02,BRONX,40.897625,-73.85625,0,0,True
4692073,2024-01-01,UNKNOWN,40.646927,-73.88074,0,0,True
4692075,2024-01-02,BROOKLYN,40.663456,-73.89757,0,0,True
4692076,2024-01-02,BROOKLYN,40.668785,-73.87758,0,0,True
4692077,2024-01-02,BROOKLYN,40.671738,-73.86815,1,0,True
4692079,2024-01-01,BROOKLYN,40.66643,-73.882835,2,0,True
4692080,2024-01-01,BROOKLYN,40.65945,-73.89847,0,0,True
4692082,2024-01-02,BROOKLYN,40.63776,-73.99516,1,0,True
4692083,2024-01-02,BROOKLYN,40.6266,-73.98271,1,0,True
4692085,2024-01-02,BRONX,40.83455,-73.829414,0,0,True
4692086,2024-01-02,UNKNOWN,40.856625,-73.8319,2,0,True
4692099,2024-01-01,QUEENS,40.59512,-73.751595,0,0,True
4692101,2024-01-01,UNKNOWN,,,0,0,False
4692104,2024-01-02,BROOKLYN,40.678978,-73.98501,0,0,True
4692105,2024-01-02,BRONX,40.89341,-73.85737,1,0,True
4692106,2024-01-02,UNKNOWN,40.70806,-73.8073,1,0,True
4692107,2024-01-01,UNKNOWN,40.814144,-73.95571,0,0,True
4692109,2024-01-02,UNKNOWN,40.609886,-73.98556,1,0,True
4692110,2024-01-01,UNKNOWN,,,0,0,False
4692111,2024-01-02,BROOKLYN,40.62806,-74.02029,1,0,True
4692112,2024-01-02,BRONX,40.890156,-73.85746,0,0,True
4692113,2024-01-02,MANHATTAN,40.813553,-73.95639,0,0,True
4692114,2024-01-02,QUEENS,40.74623,-73.89037,0,0,True
4692115,2024-01-02,BROOKLYN,40.69613,-73.987114,0,0,True
4692116,2024-01-02,BROOKLYN,40.690346,-73.99206,1,0,True
4692117,2024-01-01,BRONX,40.887127,-73.83333,0,0,True
4692119,2024-01-02,QUEENS,40.733074,-73.80467,0,0,True
4692120,2024-01-01,MANHATTAN,40.714054,-73.9902,1,0,True
4692121,2024-01-02,QUEENS,40.714035,-73.78281,1,0,True
4692122,2024-01-02,UNKNOWN,40.66895,-73.9339,1,0,True
4692123,2024-01-02,BROOKLYN,,,0,0,False
4692124,2024-01-01,UNKNOWN,40.63082,-73.88636,0,0,True
4692125,2024-01-02,QUEENS,40.73508,-73.7769,0,0,True
4692127,2024-01-03,BROOKLYN,40.67337,-73.96188,0,0,True
4692128,2024-01-01,BROOKLYN,40.64036,-74.00396,0,0,True
4692129,2024-01-02,BROOKLYN,40.643517,-73.99865,0,0,True
4692132,2024-01-01,QUEENS,40.679108,-73.81057,1,0,True
4692134,2024-01-02,QUEENS,40.681522,-73.82473,1,0,True
4692135,2024-01-02,BROOKLYN,40.6406,-73.99434,1,0,True
4692136,2024-01-01,UNKNOWN,,,0,0,False
4692137,2024-01-02,QUEENS,40.674557,-73.859604,1,0,True
4692138,2024-01-02,UNKNOWN,40.849403,-73.871445,0,0,True
4692139,2024-01-02,QUEENS,40.6759,-73.81205,0,0,True
4692140,2024-01-02,QUEENS,,,0,0,False
4692145,2024-01-02,UNKNOWN,40.826553,-73.93466,0,0,True
4692149,2024-01-01,UNKNOWN,,,2,0,False
4692150,2024-01-02,QUEENS,40.764267,-73.9158,0,0,True
4692151,2024-01-02,UNKNOWN,40.76197,-73.92539,0,0,True
4692152,2024-01-02,QUEENS,40.75201,-73.93016,0,0,True
4692153,2024-01-01,QUEENS,40.749924,-73.935905,0,0,True
4692154,2024-01-02,BROOKLYN,40.597683,-73.96686,1,0,True
4692155,2024-01-02,BROOKLYN,40.599957,-73.961334,1,0,True
4692156,2024-01-02,BROOKLYN,40.598923,-73.94546,1,0,True
4692159,2024-01-02,QUEENS,40.712757,-73.90225,1,0,True
4692160,2024-01-02,UNKNOWN,40.861862,-73.91275,0,0,True
4692161,2024-01-03,QUEENS,40.749733,-73.936104,0,0,True
4692163,2024-01-02,UNKNOWN,40.861862,-73.91275,0,0,True
4692165,2024-01-01,QUEENS,40.690342,-73.78243,1,0,True
4692166,2024-01-02,QUEENS,40.743507,-73.92628,0,0,True
4692167,2024-01-02,QUEENS,40.743454,-73.91484,0,0,True
4692168,2024-01-03,UNKNOWN,40.73736,-73.934074,0,0,True
4692169,2024-01-02,UNKNOWN,40.730366,-73.91388,0,0,True
4692171,2024-01-03,UNKNOWN,40.602734,-74.16307,2,0,True
4692172,2024-01-02,QUEENS,40.726696,-73.92293,0,0,True
4692173,2024-01-02,UNKNOWN,40.753986,-73.87215,0,0,True
4692174,2024-01-01,BRONX,40.84478,-73.90095,0,0,True
4692175,2024-01-02,UNKNOWN,40.84441,-73.90117,0,0,True
4692177,2024-01-02,UNKNOWN,40.868282,-73.90108,1,0,True
4692178,2024-01-02,BROOKLYN,40.608562,-73.99414,0,0,True
4692179,2024-01-02,UNKNOWN,40.73594,-73.85887,0,0,True
4692181,2024-01-02,QUEENS,40.741104,-73.85382,1,0,True
4692182,2024-01-02,STATEN ISLAND,40.632526,-74.10854,1,0,True
4692183,2024-01-02,BRONX,40.882217,-73.88046,2,0,True
4692185,2024-01-02,BROOKLYN,40.713036,-73.93616,1,0,True
4692186,2024-01-01,BROOKLYN,40.691353,-73.92142,1,0,True
4692188,2024-01-03,UNKNOWN,40.680035,-73.9055,0,0,True
4692189,2024-01-02,UNKNOWN,40.77277,-73.804184,1,0,True
4692190,2024-01-03,QUEENS,40.76661,-73.88644,0,0,True
4692191,2024-01-02,UNKNOWN,40.628662,-74.13675,1,0,True
4692193,2024-01-02,UNKNOWN,40.777714,-73.82406,1,0,True
4692195,2024-01-02,BRONX,40.83955,-73.91595,1,0,True
4692196,2024-01-03,QUEENS,40.743317,-73.81564,0,0,True
4692198,2024-01-02,UNKNOWN,40.71795,-73.94769,1,0,True
4692199,2024-01-01,UNKNOWN,40.805077,-73.91092,0,0,True
4692201,2024-01-01,QUEENS,40.697052,-73.75734,0,0,True
4692202,2024-01-02,BRONX,40.80671,-73.91728,0,0,True
4692203,2024-01-02,QUEENS,40.750565,-73.95227,0,0,True
4692204,2024-01-01,UNKNOWN,40.638657,-74.1433,0,0,True
4692205,2024-01-02,UNKNOWN,40.598213,-74.180466,1,0,True
4692206,2024-01-02,BRONX,40.838238,-73.876686,0,0,True
4692207,2024-01-01,BROOKLYN,40.701862,-73.94383,1,0,True
4692210,2024-01-02,UNKNOWN,40.685368,-73.9109,1,0,True
4692211,2024-01-02,UNKNOWN,40.697407,-73.93601,1,0,True
4692212,2024-01-02,UNKNOWN,40.60862,-74.14824,0,0,True
4692213,2024-01-02,BROOKLYN,40.69069,-73.91621,0,0,True
4692214,2024-01-02,UNKNOWN,40.616608,-74.14234,0,0,True
4692215,2024-01-02,UNKNOWN,40.60719,-74.16243,2,0,True
4692217,2024-01-02,QUEENS,40.716145,-73.73118,1,0,True
4692218,2024-01-02,UNKNOWN,,,0,0,False
4692222,2024-01-03,MANHATTAN,40.74763,-73.986664,1,0,True
4692223,2024-01-01,QUEENS,40.73225,-73.92452,0,0,True
4692225,2024-01-03,UNKNOWN,,,0,0,False
4692228,2024-01-02,BRONX,40.82998,-73.882385,1,0,True
4692229,2024-01-03,QUEENS,40.704403,-73.89392,0,0,True
4692230,2024-01-03,QUEENS,40.756508,-73.937164,0,0,True
4692233,2024-01-02,BROOKLYN,40.66427,-73.9303,0,0,True
4692234,2024-01-02,BROOKLYN,40.659946,-73.94185,0,0,True
4692236,2024-01-01,BRONX,40.86016,-73.87073,0,0,True
4692237,2024-01-02,QUEENS,40.722622,-73.849144,0,0,True
4692238,2024-01-02,MANHATTAN,40.74109,-73.990555,1,0,True
4692239,2024-01-03,QUEENS,40.769817,-73.87603,1,0,True
4692240,2024-01-02,QUEENS,40.731144,-73.86937,1,0,True
4692243,2024-01-03,UNKNOWN,40.60036,-74.12828,1,0,True
4692244,2024-01-03,MANHATTAN,40.861256,-73.925674,0,0,True
4692246,2024-01-01,UNKNOWN,40.60831,-74.12113,0,0,True
4692247,2024-01-02,UNKNOWN,40.61423,-74.15608,0,0,True
4692249,2024-01-03,QUEENS,40.72936,-73.92856,0,0,True
4692250,2024-01-02,MANHATTAN,40.85618,-73.92872,0,0,True
4692255,2024-01-02,MANHATTAN,40.741646,-74.00487,0,0,True
4692262,2024-01-03,BROOKLYN,40.624596,-73.9445,1,0,True
4692266,2024-01-02,BROOKLYN,40.643776,-73.913765,0,0,True
4692269,2024-01-03,MANHATTAN,40.738304,-73.9856,0,0,True
4692270,2024-01-02,UNKNOWN,40.669044,-73.87578,0,0,True
4692271,2024-01-03,BROOKLYN,40.674404,-73.86976,1,0,True
4692272,2024-01-03,BROOKLYN,40.669456,-73.86284,0,0,True
4692275,2024-01-01,BROOKLYN,40.645992,-73.926834,1,0,True
4692278,2024-01-03,QUEENS,40.749844,-73.883385,1,0,True
4692279,2024-01-02,BROOKLYN,40.660927,-73.892426,0,0,True
4692280,2024-01-03,BROOKLYN,40.66841,-73.90167,0,0,True
4692281,2024-01-02,MANHATTAN,40.760624,-73.99103,1,0,True
4692282,2024-01-01,BROOKLYN,40.640236,-73.90598,0,0,True
4692283,2024-01-01,MANHATTAN,40.85221,-73.933235,0,0,True
4692284,2024-01-01,MANHATTAN,40.799576,-73.935905,3,0,True
4692286,2024-01-01,MANHATTAN,40.852127,-73.93783,0,0,True
4692287,2024-01-02,UNKNOWN,40.862602,-73.92028,0,0,True
4692288,2024-01-02,MANHATTAN,40.803127,-73.93625,0,0,True
4692289,2024-01-02,MANHATTAN,40.80256,-73.943,1,0,True
4692290,2024-01-02,MANHATTAN,40.762394,-73.97861,1,0,True
4692291,2024-01-02,MANHATTAN,40.76177,-73.979065,0,0,True
4692292,2024-01-02,UNKNOWN,,,1,0,False
4692294,2024-01-02,STATEN ISLAND,40.62782,-74.12126,1,0,True
4692295,2024-01-02,STATEN ISLAND,40.615623,-74.105354,0,0,True
4692296,2024-01-02,BROOKLYN,40.57533,-73.99661,0,0,True
4692297,2024-01-02,UNKNOWN,40.582977,-73.98042,0,0,True
4692299,2024-01-02,UNKNOWN,40.587265,-73.983475,1,0,True
4692302,2024-01-03,UNKNOWN,40.60595,-74.07601,1,0,True
4692303,2024-01-01,QUEENS,40.767754,-73.83193,0,0,True
4692305,2024-01-01,QUEENS,40.704594,-73.90826,2,0,True
4692306,2024-01-02,BROOKLYN,40.693256,-73.93494,0,0,True
4692308,2024-01-02,UNKNOWN,40.856743,-73.89527,8,0,True
4692310,2024-01-01,UNKNOWN,40.872314,-73.91274,1,0,True
4692311,2024-01-03,QUEENS,40.702873,-73.817055,1,0,True
4692312,2024-01-03,UNKNOWN,40.846878,-73.920616,1,0,True
4692313,2024-01-02,QUEENS,40.679432,-73.86308,0,0,True
4692314,2024-01-03,BROOKLYN,40.683743,-73.99524,1,0,True
4692315,2024-01-02,QUEENS,40.666695,-73.767136,0,0,True
4692317,2024-01-03,UNKNOWN,40.607864,-74.179184,0,0,True
4692320,2024-01-02,BROOKLYN,40.695705,-73.94637,1,0,True
4692321,2024-01-02,UNKNOWN,40.698326,-73.96106,0,0,True
4692323,2024-01-01,UNKNOWN,40.68651,-73.954544,0,0,True
4692325,2024-01-03,UNKNOWN,40.680214,-73.94628,0,0,True
4692327,2024-01-02,UNKNOWN,40.900925,-73.88852,1,0,True
4692328,2024-01-02,BRONX,40.88874,-73.839836,1,0,True
4692329,2024-01-03,UNKNOWN,40.903057,-73.91017,0,0,True
4692330,2024-01-02,MANHATTAN,,,0,0,False
4692339,2024-01-01,UNKNOWN,,,0,0,False
4692340,2024-01-02,BRONX,40.882385,-73.90408,0,0,True
4692341,2024-01-01,UNKNOWN,,,0,0,False
4692342,2024-01-02,UNKNOWN,40.900925,-73.88852,6,0,True
4692343,2024-01-02,UNKNOWN,,,0,0,False
4692347,2024-01-03,MANHATTAN,40.729797,-73.97481,0,0,True
4692348,2024-01-01,BROOKLYN,40.676445,-73.92762,1,0,True
4692349,2024-01-01,STATEN ISLAND,40.575806,-74.123505,1,0,True
4692351,2024-01-03,STATEN ISLAND,40.55695,-74.138855,3,0,True
4692353,2024-01-03,UNKNOWN,40.563915,-74.11637,0,0,True
4692355,2024-01-03,BROOKLYN,40.70862,-73.95848,0,0,True
4692356,2024-01-02,UNKNOWN,,,0,0,False
4692357,2024-01-01,UNKNOWN,40.888596,-73.89068,0,0,True
4692359,2024-01-02,BRONX,40.82751,-73.92495,1,0,True
4692361,2024-01-01,BROOKLYN,40.60143,-73.91334,0,0,True
4692363,2024-01-01,BRONX,40.888092,-73.8614,0,0,True
4692368,2024-01-03,BRONX,40.883858,-73.855896,1,0,True
4692369,2024-01-02,BROOKLYN,40.629047,-74.01159,2,0,True
4692370,2024-01-02,BROOKLYN,40.624744,-74.029274,0,0,True
4692371,2024-01-02,BROOKLYN,40.627846,-74.01529,0,0,True
4692372,2024-01-02,UNKNOWN,,,2,0,False
4692373,2024-01-02,MANHATTAN,40.838127,-73.946526,1,0,True
4692376,2024-01-02,BRONX,40.890545,-73.84087,0,0,True
4692377,2024-01-03,BRONX,40.839596,-73.86957,0,0,True
4692378,2024-01-02,QUEENS,40.603497,-73.74514,0,0,True
4692379,2024-01-02,MANHATTAN,40.84623,-73.943085,0,0,True
4692380,2024-01-02,BRONX,40.872494,-73.88147,0,1,True
4692381,2024-01-01,UNKNOWN,40.689842,-73.850075,0,1,True
4692382,2024-01-02,UNKNOWN,40.59602,-73.74303,1,0,True
4692383,2024-01-02,BROOKLYN,40.694923,-73.98602,0,0,True
4692386,2024-01-03,BROOKLYN,40.629597,-74.00136,0,0,True
4692389,2024-01-03,BROOKLYN,40.674488,-73.93058,1,0,True
4692390,2024-01-03,BROOKLYN,40.677834,-74.00617,0,0,True
4692391,2024-01-02,QUEENS,40.606804,-73.75956,0,0,True
4692392,2024-01-02,UNKNOWN,40.718018,-73.99996,1,0,True
4692393,2024-01-03,QUEENS,40.727985,-73.8315,1,0,True
4692394,2024-01-03,UNKNOWN,40.725346,-73.77139,0,0,True
4692395,2024-01-03,UNKNOWN,40.716312,-73.81938,0,0,True
4692396,2024-01-03,UNKNOWN,40.617676,-73.9432,0,0,True
4692398,2024-01-03,QUEENS,40.74816,-73.87902,1,0,True
4692399,2024-01-03,QUEENS,40.75866,-73.876465,1,0,True
4692400,2024-01-03,QUEENS,40.748962,-73.89176,1,0,True
4692401,2024-01-03,UNKNOWN,40.75777,-73.854164,0,0,True
4692402,2024-01-02,UNKNOWN,40.870987,-73.84726,0,0,True
4692403,2024-01-02,UNKNOWN,40.763344,-73.75791,1,0,True
4692406,2024-01-03,QUEENS,40.761887,-73.767395,0,0,True
4692407,2024-01-02,MANHATTAN,40.758488,-73.97514,0,0,True
4692408,2024-01-02,UNKNOWN,40.762707,-73.98322,0,0,True
4692409,2024-01-03,QUEENS,40.774647,-73.78401,0,0,True
4692410,2024-01-03,MANHATTAN,40.758663,-73.98721,1,0,True
4692412,2024-01-03,MANHATTAN,40.758488,-73.97514,0,0,True
4692413,2024-01-02,UNKNOWN,40.761204,-73.75539,1,0,True
4692414,2024-01-02,QUEENS,40.751297,-73.73986,0,0,True
4692415,2024-01-02,QUEENS,40.7555,-73.792725,0,0,True
4692416,2024-01-02,QUEENS,40.766075,-73.74514,0,0,True
4692417,2024-01-03,QUEENS,40.752613,-73.7923,0,0,True
4692418,2024-01-02,UNKNOWN,40.763046,-73.768265,0,0,True
4692419,2024-01-03,QUEENS,40.76895,-73.74024,0,0,True
4692420,2024-01-02,UNKNOWN,,,0,0,False
4692421,2024-01-02,BROOKLYN,40.612934,-73.97268,1,0,True
4692422,2024-01-03,BROOKLYN,40.62193,-73.987366,0,0,True
4692423,2024-01-03,UNKNOWN,40.63082,-73.88636,1,0,True
4692424,2024-01-03,UNKNOWN,40.64609,-73.89691,1,0,True
4692425,2024-01-02,BROOKLYN,40.612934,-73.97268,1,0,True
4692426,2024-01-02,BROOKLYN,40.619396,-73.969574,0,0,True
4692427,2024-01-03,UNKNOWN,40.69922,-73.98687,0,0,True
4692428,2024-01-03,BROOKLYN,40.593323,-73.964645,0,0,True
4692430,2024-01-03,BROOKLYN,40.611477,-73.94883,1,0,True
4692431,2024-01-03,UNKNOWN,40.62438,-74.13936,1,0,True
4692432,2024-01-03,UNKNOWN,40.59633,-74.1338,0,0,True
4692435,2024-01-02,MANHATTAN,40.70518,-74.0074,1,0,True
4692437,2024-01-02,UNKNOWN,40.785786,-73.978546,1,0,True
4692440,2024-01-03,BRONX,40.884575,-73.89889,1,0,True
4692442,2024-01-03,BRONX,40.87754,-73.90026,4,0,True
4692448,2024-01-01,MANHATTAN,40.790905,-73.93914,0,0,True
4692450,2024-01-02,MANHATTAN,40.79293,-73.94791,0,0,True
4692451,2024-01-03,BROOKLYN,40.6258,-74.00889,1,0,True
4692452,2024-01-03,BROOKLYN,40.634197,-74.02669,1,0,True
4692453,2024-01-03,MANHATTAN,40.72029,-73.987305,1,0,True
4692454,2024-01-03,QUEENS,40.746044,-73.727516,0,0,True
4692455,2024-01-03,STATEN ISLAND,40.572895,-74.137215,1,0,True
4692456,2024-01-03,UNKNOWN,40.58988,-73.9566,1,0,True
4692457,2024-01-03,BROOKLYN,40.660366,-73.94261,1,0,True
4692458,2024-01-03,UNKNOWN,40.760933,-73.73113,0,0,True
4692459,2024-01-04,UNKNOWN,40.774563,-73.94309,1,0,True
4692460,2024-01-02,UNKNOWN,40.737278,-73.85246,0,0,True
4692461,2024-01-03,UNKNOWN,40.734566,-73.72269,0,0,True
4692462,2024-01-03,QUEENS,40.745117,-73.904495,1,0,True
4692463,2024-01-03,QUEENS,40.73572,-73.93677,0,0,True
4692464,2024-01-03,STATEN ISLAND,40.54706,-74.17224,0,0,True
4692466,2024-01-03,STATEN ISLAND,40.553085,-74.19174,0,0,True
4692468,2024-01-03,BRONX,40.8634,-73.89769,0,0,True
4692471,2024-01-02,UNKNOWN,40.679565,-73.92882,0,0,True
4692472,2024-01-03,UNKNOWN,40.676937,-73.92183,0,0,True
4692473,2024-01-03,BROOKLYN,40.662483,-73.948555,0,0,True
4692474,2024-01-01,QUEENS,40.65358,-73.83851,1,0,True
4692476,2024-01-02,QUEENS,40.68811,-73.819336,0,0,True
4692479,2024-01-04,UNKNOWN,40.679054,-73.76184,0,0,True
4692480,2024-01-03,BROOKLYN,40.684486,-73.9175,1,0,True
4692481,2024-01-03,BROOKLYN,40.587692,-73.96038,0,0,True
4692482,2024-01-03,BROOKLYN,40.627872,-73.98481,1,0,True
4692483,2024-01-03,UNKNOWN,,,2,0,False
4692484,2024-01-01,BROOKLYN,40.60312,-73.960556,0,0,True
4692486,2024-01-03,MANHATTAN,40.78257,-73.94522,1,0,True
4692487,2024-01-03,QUEENS,40.760284,-73.769356,1,0,True
4692488,2024-01-03,QUEENS,40.73356,-73.88382,1,0,True
4692489,2024-01-03,UNKNOWN,40.787735,-73.78986,0,0,True
4692490,2024-01-02,QUEENS,40.737537,-73.929955,0,0,True
4692491,2024-01-04,UNKNOWN,40.74478,-73.93262,0,0,True
4692492,2024-01-03,UNKNOWN,40.73641,-73.92855,0,0,True
4692494,2024-01-04,MANHATTAN,40.82062,-73.93666,0,0,True
4692497,2024-01-02,BROOKLYN,40.686115,-73.925354,0,0,True
4692498,2024-01-03,UNKNOWN,40.676132,-73.81924,1,0,True
4692499,2024-01-04,UNKNOWN,40.66632,-73.83481,1,0,True
4692500,2024-01-03,QUEENS,40.660847,-73.8403,2,0,True
4692501,2024-01-03,BROOKLYN,40.62202,-73.98726,1,0,True
4692502,2024-01-03,UNKNOWN,40.72671,-73.889305,6,0,True
4692503,2024-01-03,STATEN ISLAND,,,0,0,False
4692504,2024-01-02,UNKNOWN,40.793198,-73.82414,0,0,True
4692505,2024-01-03,BROOKLYN,40.68242,-73.922646,0,0,True
4692506,2024-01-04,QUEENS,40.756493,-73.85881,0,0,True
4692507,2024-01-02,BROOKLYN,40.60164,-73.95184,1,0,True
4692508,2024-01-03,BROOKLYN,40.637444,-74.00215,0,0,True
4692509,2024-01-03,QUEENS,40.781693,-73.82225,0,0,True
4692510,2024-01-02,BROOKLYN,40.69069,-73.91621,0,0,True
4692511,2024-01-03,QUEENS,,,1,0,False
4692512,2024-01-03,QUEENS,40.76213,-73.80375,1,0,True
4692513,2024-01-03,UNKNOWN,,,1,0,False
4692514,2024-01-02,BROOKLYN,40.68969,-73.933395,1,0,True
4692515,2024-01-03,UNKNOWN,40.766403,-73.8153,0,0,True
4692518,2024-01-02,QUEENS,40.7856,-73.83936,0,0,True
4692519,2024-01-03,QUEENS,40.778614,-73.83887,0,0,True
4692520,2024-01-03,UNKNOWN,,,0,0,False
4692521,2024-01-01,UNKNOWN,40.862923,-73.92777,0,0,True
4692522,2024-01-02,QUEENS,40.750706,-73.82322,1,0,True
4692523,2024-01-01,MANHATTAN,,,1,0,False
4692526,2024-01-04,BRONX,40.864254,-73.88813,1,0,True
4692529,2024-01-01,MANHATTAN,40.737873,-73.98485,0,0,True
4692530,2024-01-04,BROOKLYN,40.617645,-74.00304,1,0,True
4692531,2024-01-03,UNKNOWN,40.726044,-73.90204,2,0,True
4692534,2024-01-01,QUEENS,40.66696,-73.77078,1,0,True
4692537,2024-01-03,BROOKLYN,40.58591,-73.95678,0,0,True
4692538,2024-01-03,QUEENS,40.726624,-73.906456,1,0,True
4692539,2024-01-03,MANHATTAN,40.73271,-73.98145,0,0,True
4692541,2024-01-04,UNKNOWN,40.666405,-73.802635,0,0,True
4692542,2024-01-03,BROOKLYN,40.675545,-73.91101,0,0,True
4692544,2024-01-02,BROOKLYN,40.634663,-73.88435,0,0,True
4692545,2024-01-03,QUEENS,40.70086,-73.893845,1,0,True
4692546,2024-01-02,QUEENS,40.703663,-73.90152,0,0,True
4692547,2024-01-02,QUEENS,40.70059,-73.89696,0,0,True
4692549,2024-01-04,UNKNOWN,40.624912,-74.146706,1,0,True
4692550,2024-01-03,BROOKLYN,40.629986,-73.97157,1,0,True
4692551,2024-01-04,BROOKLYN,40.641468,-73.95938,1,0,True
4692552,2024-01-02,BROOKLYN,40.624763,-73.96518,1,0,True
4692553,2024-01-04,BROOKLYN,40.644825,-73.958,0,0,True
4692555,2024-01-02,BRONX,40.826794,-73.89192,1,0,True
4692558,2024-01-01,BRONX,40.836506,-73.90536,2,0,True
4692559,2024-01-04,BRONX,40.842167,-73.90404,1,0,True
4692560,2024-01-03,UNKNOWN,40.831707,-73.901886,0,0,True
4692561,2024-01-01,QUEENS,40.780785,-73.90782,0,0,True
4692562,2024-01-01,BRONX,40.832447,-73.89998,0,0,True
4692563,2024-01-02,BRONX,40.83056,-73.903244,1,0,True
4692564,2024-01-04,QUEENS,40.76398,-73.910515,1,0,True
4692565,2024-01-04,UNKNOWN,40.70313,-73.816795,0,0,True
4692566,2024-01-04,UNKNOWN,40.704494,-73.81743,0,0,True
4692567,2024-01-01,QUEENS,40.73812,-73.86092,0,0,True
4692568,2024-01-04,QUEENS,40.739964,-73.89424,0,0,True
4692573,2024-01-02,UNKNOWN,40.8285,-73.93779,0,0,True
4692576,2024-01-01,UNKNOWN,40.815327,-73.93576,0,0,True
4692577,2024-01-02,BROOKLYN,40.670265,-73.99763,0,0,True
4692578,2024-01-02,BRONX,40.82112,-73.848526,1,0,True
4692579,2024-01-03,BRONX,40.828197,-73.86939,0,0,True
4692580,2024-01-03,BRONX,40.82833,-73.85021,3,0,True
4692581,2024-01-04,BRONX,40.8401,-73.868034,0,0,True
4692582,2024-01-01,BROOKLYN,40.66478,-73.939865,0,0,True
4692584,2024-01-04,QUEENS,40.754776,-73.85376,0,0,True
4692586,2024-01-04,QUEENS,40.730118,-73.86232,2,0,True
4692587,2024-01-04,MANHATTAN,40.80047,-73.94239,1,0,True
4692589,2024-01-03,UNKNOWN,40.85432,-73.92826,1,0,True
4692591,2024-01-03,BRONX,40.861675,-73.84731,0,0,True
4692592,2024-01-03,UNKNOWN,40.865128,-73.838875,2,0,True
4692597,2024-01-03,BRONX,40.85098,-73.855774,0,0,True
4692598,2024-01-04,BRONX,40.84232,-73.85472,0,0,True
4692602,2024-01-03,UNKNOWN,,,3,0,False
4692604,2024-01-01,UNKNOWN,40.824562,-73.948105,1,0,True
4692605,2024-01-03,BRONX,40.800896,-73.91552,0,0,True
4692606,2024-01-03,MANHATTAN,40.737457,-73.97781,0,0,True
4692607,2024-01-03,BROOKLYN,40.62788,-73.93251,0,0,True
4692608,2024-01-02,BRONX,40.856594,-73.84036,0,0,True
4692610,2024-01-02,BROOKLYN,40.628586,-73.92113,0,0,True
4692611,2024-01-04,UNKNOWN,40.691822,-73.92223,0,0,True
4692612,2024-01-03,BROOKLYN,40.66115,-73.98018,1,0,True
4692613,2024-01-03,UNKNOWN,,,3,0,False
4692614,2024-01-01,MANHATTAN,40.824196,-73.94224,0,0,True
4692615,2024-01-01,BRONX,40.898903,-73.850624,0,0,True
4692616,2024-01-04,BRONX,40.895374,-73.86356,2,0,True
4692617,2024-01-03,BROOKLYN,40.71173,-73.943054,0,0,True
4692618,2024-01-03,QUEENS,40.717594,-73.90646,0,0,True
4692619,2024-01-04,BRONX,40.8733,-73.853645,1,0,True
4692620,2024-01-04,UNKNOWN,40.71127,-73.903046,2,0,True
4692621,2024-01-01,UNKNOWN,40.847965,-73.87145,1,0,True
4692624,2024-01-02,UNKNOWN,40.84487,-73.92068,1,0,True
4692625,2024-01-04,QUEENS,40.702312,-73.893715,0,0,True
4692626,2024-01-03,UNKNOWN,40.670887,-73.93649,2,0,True
4692627,2024-01-04,BRONX,40.842953,-73.905945,0,0,True
4692628,2024-01-03,UNKNOWN,40.669712,-73.94774,0,0,True
4692629,2024-01-03,UNKNOWN,40.676094,-73.94992,0,0,True
4692630,2024-01-04,MANHATTAN,40.742077,-73.97727,0,0,True
4692632,2024-01-04,BROOKLYN,40.671875,-73.91414,0,0,True
4692633,2024-01-02,BROOKLYN,40.593323,-73.964645,0,0,True
4692634,2024-01-04,BRONX,40.869232,-73.89799,0,0,True
4692638,2024-01-04,BRONX,40.835968,-73.87,1,0,True
4692640,2024-01-03,BRONX,40.86135,-73.89774,0,0,True
4692642,2024-01-04,UNKNOWN,40.88415,-73.82607,0,0,True
4692644,2024-01-01,UNKNOWN,40.850643,-73.93737,0,0,True
4692645,2024-01-01,QUEENS,40.74664,-73.891396,0,0,True
4692646,2024-01-04,UNKNOWN,40.75218,-73.85201,2,0,True
4692648,2024-01-03,QUEENS,40.748123,-73.87929,1,0,True
4692649,2024-01-03,BRONX,40.85429,-73.90027,0,0,True
4692650,2024-01-04,UNKNOWN,40.634785,-74.14578,0,0,True
4692651,2024-01-04,UNKNOWN,40.582207,-74.169075,0,0,True
4692652,2024-01-04,UNKNOWN,40.624912,-74.146706,1,0,True
4692653,2024-01-03,BRONX,40.85142,-73.8273,0,0,True
4692655,2024-01-03,BRONX,40.817795,-73.89319,4,0,True
4692656,2024-01-04,BRONX,40.82592,-73.81795,1,0,True
4692657,2024-01-03,QUEENS,40.762722,-73.86946,1,0,True
4692658,2024-01-04,QUEENS,40.590656,-73.803154,1,0,True
4692659,2024-01-03,MANHATTAN,40.83427,-73.94537,0,0,True
4692660,2024-01-03,QUEENS,40.75037,-73.87848,1,0,True
4692662,2024-01-04,QUEENS,40.753315,-73.85928,2,0,True
4692663,2024-01-03,BROOKLYN,40.637295,-73.96823,0,0,True
4692664,2024-01-02,BROOKLYN,40.63376,-73.947754,0,0,True
4692665,2024-01-04,UNKNOWN,,,0,0,False
4692666,2024-01-03,BROOKLYN,40.643547,-73.970024,1,0,True
4692667,2024-01-04,UNKNOWN,40.68473,-74.00102,0,0,True
4692668,2024-01-04,MANHATTAN,40.745228,-74.00597,0,0,True
4692669,2024-01-03,QUEENS,40.59936,-73.75552,0,0,True
4692670,2024-01-02,QUEENS,40.664017,-73.7686,1,0,True
4692671,2024-01-04,UNKNOWN,40.665848,-73.75187,0,0,True
4692672,2024-01-03,UNKNOWN,40.673992,-73.73508,2,0,True
4692673,2024-01-03,UNKNOWN,0.0,0.0,1,0,False
4692676,2024-01-04,UNKNOWN,40.879242,-73.86536,0,0,True
4692677,2024-01-03,BROOKLYN,40.65185,-73.946785,0,0,True
4692679,2024-01-04,BROOKLYN,40.656002,-73.94054,1,0,True
4692680,2024-01-03,BROOKLYN,40.63874,-73.8952,8,0,True
4692681,2024-01-04,QUEENS,40.7178,-73.80358,0,0,True
4692682,2024-01-04,QUEENS,40.70824,-73.818085,0,0,True
4692683,2024-01-04,QUEENS,40.736984,-73.78162,0,0,True
4692684,2024-01-04,BROOKLYN,40.62149,-74.02622,1,0,True
4692685,2024-01-04,QUEENS,40.729855,-73.81853,0,0,True
4692686,2024-01-04,QUEENS,40.71035,-73.7939,0,0,True
4692687,2024-01-04,QUEENS,40.730362,-73.80929,0,0,True
4692688,2024-01-04,MANHATTAN,40.713516,-73.98137,0,0,True
4692689,2024-01-04,UNKNOWN,,,0,0,False
4692691,2024-01-03,BROOKLYN,40.677498,-73.91055,0,0,True
4692692,2024-01-04,UNKNOWN,,,1,0,False
4692693,2024-01-03,BROOKLYN,40.676342,-73.910934,1,0,True
4692695,2024-01-01,BROOKLYN,40.682014,-73.95993,0,0,True
4692696,2024-01-04,BROOKLYN,40.69977,-73.98294,2,0,True
4692697,2024-01-02,BROOKLYN,40.694206,-73.97312,0,0,True
4692698,2024-01-02,UNKNOWN,,,1,0,False
4692699,2024-01-03,BROOKLYN,40.684544,-73.96509,1,0,True
4692700,2024-01-03,BROOKLYN,40.68787,-73.978355,0,0,True
4692701,2024-01-04,QUEENS,40.751396,-73.888405,1,0,True
4692702,2024-01-03,UNKNOWN,40.69593,-73.96548,0,0,True
4692703,2024-01-03,BROOKLYN,40.688965,-73.977776,0,0,True
4692704,2024-01-04,UNKNOWN,40.64,-73.90194,1,0,True
4692705,2024-01-03,BROOKLYN,40.64221,-74.004036,1,0,True
4692706,2024-01-04,UNKNOWN,,,1,0,False
4692707,2024-01-03,BROOKLYN,40.642673,-73.90869,1,0,True
4692708,2024-01-03,UNKNOWN,40.785294,-73.969345,0,0,True
4692710,2024-01-04,UNKNOWN,40.843678,-73.871956,0,0,True
4692711,2024-01-01,UNKNOWN,40.88756,-73.866394,0,0,True
4692712,2024-01-05,UNKNOWN,40.632294,-73.96678,0,0,True
4692714,2024-01-04,BROOKLYN,40.658577,-73.89063,2,0,True
4692715,2024-01-04,UNKNOWN,40.66077,-73.89551,2,0,True
4692716,2024-01-04,QUEENS,40.705032,-73.909,2,0,True
4692717,2024-01-03,QUEENS,40.667114,-73.834656,1,0,True
4692718,2024-01-04,UNKNOWN,40.729996,-73.91187,0,0,True
4692719,2024-01-03,QUEENS,40.666332,-73.81056,1,0,True
4692720,2024-01-04,QUEENS,40.70202,-73.85721,0,0,True
4692721,2024-01-05,UNKNOWN,40.66613,-73.82615,0,0,True
4692722,2024-01-04,UNKNOWN,40.66669,-73.81173,0,0,True
4692723,2024-01-04,UNKNOWN,40.66929,-73.842445,0,0,True
4692724,2024-01-03,UNKNOWN,40.570835,-74.16983,1,0,True
4692725,2024-01-03,UNKNOWN,40.640236,-74.1359,0,0,True
4692726,2024-01-03,UNKNOWN,40.608433,-74.15544,0,0,True
4692727,2024-01-05,UNKNOWN,40.64048,-74.17043,0,0,True
4692728,2024-01-04,UNKNOWN,40.649155,-74.01293,1,0,True
4692729,2024-01-04,BROOKLYN,40.639076,-73.90337,4,0,True
4692730,2024-01-03,BROOKLYN,40.6338,-73.8897,2,0,True
4692731,2024-01-03,MANHATTAN,40.775276,-73.9556,0,0,True
4692732,2024-01-04,UNKNOWN,40.76635,-73.95103,2,0,True
4692733,2024-01-05,UNKNOWN,40.7605,-73.95699,0,0,True
4692736,2024-01-03,QUEENS,40.705147,-73.7957,0,0,True
4692739,2024-01-02,QUEENS,40.716423,-73.760376,0,0,True
4692742,2024-01-04,BROOKLYN,40.584126,-73.95743,0,0,True
4692744,2024-01-03,UNKNOWN,40.703556,-73.78805,0,0,True
4692745,2024-01-03,QUEENS,40.69697,-73.80556,1,0,True
4692746,2024-01-04,UNKNOWN,,,1,0,False
4692747,2024-01-03,BROOKLYN,40.589996,-73.94859,1,0,True
4692748,2024-01-03,QUEENS,40.697247,-73.78965,3,0,True
4692749,2024-01-04,UNKNOWN,40.84366,-73.92005,0,0,True
4692750,2024-01-02,BROOKLYN,40.629055,-73.9787,0,0,True
4692751,2024-01-04,UNKNOWN,40.842358,-73.91223,0,0,True
4692752,2024-01-01,BROOKLYN,40.62501,-73.972046,0,0,True
4692753,2024-01-03,QUEENS,40.755344,-73.90799,0,0,True
4692755,2024-01-03,UNKNOWN,40.74348,-73.921486,1,0,True
4692756,2024-01-04,UNKNOWN,40.7432,-73.89589,0,0,True
4692757,2024-01-04,UNKNOWN,40.67948,-73.75741,3,0,True
4692758,2024-01-04,QUEENS,40.749054,-73.95222,1,0,True
4692759,2024-01-04,BROOKLYN,40.71617,-73.95952,0,0,True
4692760,2024-01-04,QUEENS,40.747105,-73.92266,0,0,True
4692761,2024-01-01,QUEENS,40.68628,-73.77701,0,0,True
4692762,2024-01-04,UNKNOWN,40.725243,-73.933914,1,0,True
4692763,2024-01-04,QUEENS,40.7014,-73.816315,3,0,True
4692764,2024-01-04,QUEENS,40.694775,-73.84774,2,0,True
4692765,2024-01-03,BROOKLYN,40.607067,-74.00232,0,0,True
4692766,2024-01-01,MANHATTAN,40.76552,-73.98004,0,0,True
4692767,2024-01-04,BROOKLYN,40.608593,-74.00486,0,0,True
4692769,2024-01-04,BROOKLYN,40.594086,-73.98883,0,0,True
4692770,2024-01-04,BROOKLYN,40.597477,-73.97572,0,0,True
4692771,2024-01-03,UNKNOWN,40.592484,-73.99494,1,0,True
4692772,2024-01-04,BROOKLYN,40.597446,-73.98771,0,0,True
4692774,2024-01-02,UNKNOWN,40.86804,-73.879105,0,0,True
4692775,2024-01-03,UNKNOWN,40.86906,-73.88914,0,0,True
4692776,2024-01-04,UNKNOWN,40.86475,-73.8889,0,0,True
4692777,2024-01-03,BRONX,40.858524,-73.90435,0,0,True
4692779,2024-01-04,BRONX,40.839897,-73.88584,0,0,True
4692782,2024-01-04,MANHATTAN,40.810173,-73.937416,1,0,True
4692783,2024-01-04,QUEENS,40.759346,-73.91981,1,0,True
4692784,2024-01-04,BROOKLYN,40.647594,-73.97351,0,0,True
4692785,2024-01-04,QUEENS,40.77032,-73.89469,1,0,True
4692786,2024-01-04,BROOKLYN,40.615356,-73.976234,1,0,True
4692790,2024-01-03,MANHATTAN,40.79183,-73.94533,1,0,True
4692793,2024-01-05,BRONX,40.819946,-73.86648,0,0,True
4692794,2024-01-03,UNKNOWN,40.76531,-73.96385,0,0,True
4692795,2024-01-04,QUEENS,40.74668,-73.90072,1,0,True
4692796,2024-01-04,STATEN ISLAND,40.601,-74.07645,2,0,True
4692797,2024-01-04,STATEN ISLAND,40.601,-74.07645,1,0,True
4692798,2024-01-04,BRONX,40.8313,-73.85316,0,0,True
4692799,2024-01-01,BRONX,40.833923,-73.863785,2,0,True
4692800,2024-01-02,BRONX,40.829685,-73.87393,0,0,True
4692801,2024-01-04,BRONX,40.83259,-73.87629,0,0,True
4692802,2024-01-04,QUEENS,40.71512,-73.83224,0,0,True
4692803,2024-01-03,UNKNOWN,40.73182,-73.868904,0,0,True
4692804,2024-01-04,UNKNOWN,,,0,0,False
4692806,2024-01-03,UNKNOWN,40.722816,-73.993095,0,0,True
4692807,2024-01-04,BRONX,,,1,0,False
4692808,2024-01-04,UNKNOWN,,,1,0,False
4692809,2024-01-04,BRONX,40.861862,-73.91275,1,0,True
4692810,2024-01-04,QUEENS,40.734657,-73.86482,1,0,True
4692811,2024-01-04,UNKNOWN,40.765324,-73.816185,1,0,True
4692812,2024-01-04,QUEENS,40.764915,-73.812164,1,0,True
4692813,2024-01-04,QUEENS,40.76242,-73.82752,0,0,True
4692814,2024-01-05,QUEENS,40.69815,-73.9029,0,0,True
4692816,2024-01-05,UNKNOWN,40.667236,-73.770004,0,0,True
4692817,2024-01-05,BRONX,40.88641,-73.853455,0,0,True
4692818,2024-01-03,QUEENS,40.698013,-73.90039,0,0,True
4692820,2024-01-04,QUEENS,40.717827,-73.8724,0,0,True
4692821,2024-01-04,UNKNOWN,40.725918,-73.89535,0,0,True
4692822,2024-01-05,MANHATTAN,40.760113,-73.99662,0,0,True
4692823,2024-01-04,UNKNOWN,40.758453,-73.800476,1,0,True
4692824,2024-01-04,QUEENS,40.7856,-73.83936,1,0,True
4692825,2024-01-05,UNKNOWN,40.709305,-73.84369,1,0,True
4692826,2024-01-05,QUEENS,40.691246,-73.85088,0,0,True
4692827,2024-01-05,UNKNOWN,,,0,0,False
4692828,2024-01-04,QUEENS,40.71958,-73.83978,0,0,True
4692829,2024-01-03,BRONX,40.811398,-73.89135,0,0,True
4692830,2024-01-05,BROOKLYN,40.687416,-73.91843,0,0,True
4692831,2024-01-03,BROOKLYN,40.672832,-73.96908,0,0,True
4692832,2024-01-04,BROOKLYN,40.67177,-73.99693,0,0,True
4692833,2024-01-05,BROOKLYN,40.665363,-73.933815,0,0,True
4692834,2024-01-05,QUEENS,40.750343,-73.94199,0,0,True
4692835,2024-01-04,STATEN ISLAND,40.638252,-74.078835,1,0,True
4692836,2024-01-04,STATEN ISLAND,40.629913,-74.084854,0,0,True
4692837,2024-01-04,BRONX,40.865128,-73.838875,0,0,True
4692838,2024-01-04,QUEENS,40.715004,-73.73674,0,0,True
4692839,2024-01-05,UNKNOWN,40.667236,-73.770004,0,0,True
4692840,2024-01-04,MANHATTAN,40.766777,-73.996765,0,0,True
4692841,2024-01-04,UNKNOWN,40.772877,-73.993416,1,0,True
4692842,2024-01-05,UNKNOWN,,,1,0,False
4692844,2024-01-05,BROOKLYN,40.631752,-74.01725,0,0,True
4692848,2024-01-05,BROOKLYN,40.592182,-73.924416,0,1,True
4692849,2024-01-03,BROOKLYN,40.614273,-73.98098,1,0,True
4692850,2024-01-05,BROOKLYN,40.67112,-73.913506,0,0,True
4692851,2024-01-05,UNKNOWN,40.76747,-73.75961,0,0,True
4692852,2024-01-05,QUEENS,40.76136,-73.78613,0,0,True
4692853,2024-01-05,QUEENS,40.74796,-73.745026,0,0,True
4692854,2024-01-04,UNKNOWN,40.76347,-73.79111,0,0,True
4692855,2024-01-03,UNKNOWN,40.76669,-73.78777,0,0,True
4692856,2024-01-05,UNKNOWN,,,0,0,False
4692857,2024-01-05,UNKNOWN,40.83599,-73.914825,1,0,True
4692859,2024-01-01,UNKNOWN,40.87091,-73.881,0,0,True
4692860,2024-01-05,BROOKLYN,40.61913,-73.99019,0,0,True
4692861,2024-01-01,STATEN ISLAND,40.640717,-74.08635,0,0,True
4692862,2024-01-04,BROOKLYN,0.0,0.0,0,0,False
4692863,2024-01-05,BROOKLYN,40.611782,-73.99949,0,0,True
4692864,2024-01-03,UNKNOWN,40.611797,-74.00553,0,0,True
4692865,2024-01-05,QUEENS,40.720165,-73.844795,0,0,True
4692866,2024-01-04,BROOKLYN,40.67786,-73.93863,1,0,True
4692867,2024-01-03,BROOKLYN,40.669735,-73.93104,0,0,True
4692868,2024-01-02,BROOKLYN,40.673798,-73.92406,0,0,True
4692869,2024-01-04,BROOKLYN,40.673843,-73.92509,0,0,True
4692870,2024-01-03,QUEENS,40.6872,-73.84245,1,0,True
4692871,2024-01-05,UNKNOWN,40.700436,-73.81534,0,0,True
4692872,2024-01-05,STATEN ISLAND,40.637196,-74.07799,0,0,True
4692873,2024-01-05,QUEENS,40.721676,-73.835976,0,0,True
4692874,2024-01-05,QUEENS,40.69612,-73.746185,0,0,True
4692875,2024-01-03,QUEENS,40.605244,-73.75508,0,0,True
4692876,2024-01-04,QUEENS,40.606297,-73.75063,0,0,True
4692877,2024-01-05,QUEENS,40.592644,-73.787346,1,0,True
4692878,2024-01-04,QUEENS,40.598198,-73.765594,0,0,True
4692879,2024-01-05,BROOKLYN,40.626183,-73.994156,1,0,True
4692880,2024-01-03,MANHATTAN,40.81339,-73.95627,0,0,True
4692881,2024-01-05,MANHATTAN,40.81326,-73.95637,0,0,True
4692882,2024-01-04,MANHATTAN,40.821484,-73.94855,1,0,True
4692883,2024-01-02,BROOKLYN,40.62973,-73.922226,0,0,True
4692884,2024-01-05,BROOKLYN,40.61466,-73.92351,1,0,True
4692885,2024-01-03,BROOKLYN,40.622593,-73.93632,0,0,True
4692886,2024-01-04,BROOKLYN,40.62135,-73.91747,2,0,True
4692887,2024-01-05,QUEENS,40.76605,-73.87587,1,0,True
4692888,2024-01-02,QUEENS,40.75937,-73.861275,1,0,True
4692889,2024-01-05,BROOKLYN,40.63626,-74.025826,1,0,True
4692890,2024-01-05,MANHATTAN,40.715622,-73.99428,2,0,True
4692891,2024-01-04,UNKNOWN,40.794052,-73.970375,0,0,True
4692892,2024-01-01,MANHATTAN,40.79046,-73.97753,0,0,True
4692893,2024-01-05,BROOKLYN,40.62685,-73.97643,0,0,True
4692894,2024-01-01,BROOKLYN,,,0,0,False
4692895,2024-01-05,BROOKLYN,40.611954,-73.96817,1,0,True
4692896,2024-01-05,BROOKLYN,40.62202,-73.98726,2,0,True
4692897,2024-01-05,QUEENS,40.725113,-73.8107,0,0,True
4692898,2024-01-03,BROOKLYN,40.67229,-73.913124,1,0,True
4692899,2024-01-03,BROOKLYN,40.65864,-73.91374,2,0,True
4692901,2024-01-05,BROOKLYN,40.638424,-73.90396,1,0,True
4692902,2024-01-05,BROOKLYN,40.6338,-73.8897,0,0,True
4692903,2024-01-04,BROOKLYN,40.6784,-73.91308,1,0,True
4692904,2024-01-05,BROOKLYN,40.68368,-74.00052,0,0,True
4692905,2024-01-05,BROOKLYN,40.670895,-73.91405,1,0,True
4692906,2024-01-04,BROOKLYN,40.668373,-73.92264,1,0,True
4692907,2024-01-03,UNKNOWN,40.676895,-73.93593,1,0,True
4692908,2024-01-05,UNKNOWN,40.67342,-73.95017,0,0,True
4692909,2024-01-05,BROOKLYN,40.575783,-73.99004,0,0,True
4692910,2024-01-05,UNKNOWN,40.6665,-73.9962,0,0,True
4692911,2024-01-05,UNKNOWN,40.700737,-73.99499,2,0,True
4692912,2024-01-05,UNKNOWN,40.8451,-73.91878,1,0,True
4692913,2024-01-03,BRONX,40.846733,-73.90649,1,0,True
4692914,2024-01-05,QUEENS,40.764748,-73.72533,6,0,True
4692915,2024-01-05,QUEENS,40.77067,-73.7355,1,0,True
4692916,2024-01-05,QUEENS,40.714645,-73.78083,0,0,True
4692917,2024-01-05,QUEENS,40.71653,-73.80487,0,0,True
4692918,2024-01-05,MANHATTAN,40.776382,-73.98697,0,0,True
4692920,2024-01-05,BROOKLYN,40.62216,-73.93925,0,0,True
4692921,2024-01-05,MANHATTAN,40.793705,-73.937836,0,0,True
4692922,2024-01-05,BROOKLYN,40.63063,-74.00923,0,0,True
4692923,2024-01-05,BRONX,40.820023,-73.92663,0,0,True
4692924,2024-01-05,UNKNOWN,40.82499,-73.91662,1,0,True
4692925,2024-01-05,QUEENS,40.745697,-73.88642,1,0,True
4692926,2024-01-05,QUEENS,40.7338,-73.871414,1,0,True
4692927,2024-01-05,QUEENS,40.736893,-73.85932,0,0,True
4692928,2024-01-04,BROOKLYN,,,1,0,False
4692929,2024-01-05,QUEENS,40.739883,-73.868996,1,0,True
4692930,2024-01-05,QUEENS,40.765377,-73.88906,1,0,True
4692931,2024-01-05,QUEENS,40.70849,-73.81829,1,0,True
4692932,2024-01-05,BROOKLYN,40.578033,-73.94639,0,0,True
4692933,2024-01-05,BROOKLYN,40.60507,-73.96435,1,0,True
4692934,2024-01-06,BROOKLYN,40.601135,-73.97266,0,0,True
4692935,2024-01-05,UNKNOWN,40.58573,-74.16865,0,0,True
4692936,2024-01-05,UNKNOWN,40.62557,-74.176575,0,0,True
4692937,2024-01-04,UNKNOWN,40.586296,-74.162994,1,0,True
4692938,2024-01-05,UNKNOWN,40.612118,-74.13688,0,0,True
4692939,2024-01-05,BROOKLYN,40.58383,-73.94073,0,0,True
4692940,2024-01-05,BROOKLYN,40.576984,-73.95192,1,0,True
4692941,2024-01-05,BROOKLYN,40.60678,-73.94111,0,0,True
4692942,2024-01-05,STATEN ISLAND,40.55436,-74.151695,0,0,True
4692943,2024-01-05,BROOKLYN,40.637676,-73.8925,1,0,True
4692944,2024-01-04,BROOKLYN,40.637108,-73.89338,1,0,True
4692945,2024-01-01,UNKNOWN,40.628567,-73.888794,5,0,True
4692946,2024-01-04,UNKNOWN,40.853462,-73.88939,0,0,True
4692947,2024-01-05,BRONX,40.855186,-73.869705,0,0,True
4692951,2024-01-02,QUEENS,40.690212,-73.76338,3,0,True
4692952,2024-01-01,QUEENS,40.67159,-73.77981,0,0,True
4692954,2024-01-04,QUEENS,40.683914,-73.76787,0,0,True
4692955,2024-01-05,UNKNOWN,40.700424,-73.9444,1,0,True
4692956,2024-01-05,UNKNOWN,40.687668,-73.951035,0,0,True
4692957,2024-01-05,BRONX,40.84519,-73.900734,0,0,True
4692958,2024-01-04,BROOKLYN,40.603573,-73.99653,1,0,True
4692959,2024-01-05,UNKNOWN,40.59455,-73.997574,0,0,True
4692960,2024-01-05,UNKNOWN,40.601948,-73.99382,1,0,True
4692961,2024-01-05,BROOKLYN,40.6022,-74.00914,0,0,True
4692962,2024-01-04,BROOKLYN,40.69343,-73.96591,1,0,True
4692963,2024-01-04,UNKNOWN,40.696175,-73.98036,1,0,True
4692964,2024-01-04,UNKNOWN,40.696205,-73.97249,0,0,True
4692965,2024-01-01,BROOKLYN,40.699707,-73.95718,2,0,True
4692966,2024-01-05,BROOKLYN,40.680798,-73.958405,1,0,True
4692967,2024-01-05,BROOKLYN,40.71082,-73.96853,0,0,True
4692968,2024-01-05,BROOKLYN,40.701324,-73.94293,0,0,True
4692969,2024-01-05,BROOKLYN,40.709328,-73.955894,1,0,True
4692970,2024-01-05,BROOKLYN,40.711643,-73.94392,0,0,True
4692971,2024-01-05,UNKNOWN,40.769993,-73.915825,2,0,True
4692972,2024-01-03,QUEENS,40.77191,-73.93022,0,0,True
4692973,2024-01-04,BROOKLYN,40.609154,-73.9799,0,0,True
4692974,2024-01-06,QUEENS,40.765213,-73.91391,1,0,True
4692975,2024-01-05,UNKNOWN,40.749958,-73.93675,0,0,True
4692976,2024-01-03,QUEENS,,,1,0,False
4692977,2024-01-02,QUEENS,40.779728,-73.90631,0,0,True
4692978,2024-01-06,BROOKLYN,40.593937,-73.95932,0,0,True
4692979,2024-01-01,QUEENS,40.77474,-73.914276,0,0,True
4692980,2024-01-06,STATEN ISLAND,40.572754,-74.11404,0,0,True
4692981,2024-01-06,STATEN ISLAND,40.600857,-74.081345,0,0,True
4692983,2024-01-05,QUEENS,40.75984,-73.906334,1,0,True
4692984,2024-01-05,UNKNOWN,40.607685,-74.13892,0,0,True
4692985,2024-01-04,BROOKLYN,40.635983,-73.97411,0,0,True
4692986,2024-01-05,UNKNOWN,40.602657,-74.130455,0,0,True
4692987,2024-01-04,UNKNOWN,40.61853,-74.144875,0,0,True
4692988,2024-01-05,UNKNOWN,40.862614,-73.890114,0,0,True
4692989,2024-01-02,UNKNOWN,40.827812,-73.925934,0,0,True
4692991,2024-01-06,QUEENS,40.670494,-73.78359,2,0,True
4692993,2024-01-04,BROOKLYN,40.642326,-74.023964,0,0,True
4692994,2024-01-06,BROOKLYN,40.647346,-74.007996,0,0,True
4692995,2024-01-05,BROOKLYN,40.646786,-74.008575,0,0,True
4692996,2024-01-05,BROOKLYN,40.64342,-74.006004,1,0,True
4692997,2024-01-06,BROOKLYN,40.653572,-74.012276,2,0,True
4692998,2024-01-06,QUEENS,40.760464,-73.826546,0,0,True
4692999,2024-01-05,BROOKLYN,40.639183,-74.01108,0,0,True
4693001,2024-01-06,UNKNOWN,40.757725,-73.86372,1,0,True
4693002,2024-01-06,QUEENS,40.76546,-73.8638,3,0,True
4693003,2024-01-06,UNKNOWN,40.759407,-73.85713,0,0,True
4693004,2024-01-01,QUEENS,40.668156,-73.79726,0,0,True
4693006,2024-01-04,UNKNOWN,40.743374,-73.83591,0,0,True
4693008,2024-01-06,MANHATTAN,40.71983,-73.98755,0,0,True
4693009,2024-01-02,UNKNOWN,,,0,0,False
4693011,2024-01-05,QUEENS,40.706436,-73.747246,1,0,True
4693012,2024-01-06,QUEENS,40.73902,-73.70061,1,0,True
4693013,2024-01-05,UNKNOWN,40.721233,-73.73634,0,0,True
4693014,2024-01-05,UNKNOWN,,,0,0,False
4693018,2024-01-06,UNKNOWN,40.621994,-73.99493,1,0,True
4693019,2024-01-05,MANHATTAN,40.758537,-73.97721,1,0,True
4693020,2024-01-05,MANHATTAN,40.765522,-73.99117,0,0,True
4693021,2024-01-01,MANHATTAN,40.766254,-73.9955,0,0,True
4693022,2024-01-06,MANHATTAN,40.767185,-73.98997,1,0,True
4693023,2024-01-05,MANHATTAN,40.767918,-73.985725,1,0,True
4693024,2024-01-04,QUEENS,40.755882,-73.874054,0,0,True
4693025,2024-01-06,QUEENS,40.75687,-73.85706,0,0,True
4693026,2024-01-06,UNKNOWN,40.745728,-73.97813,0,0,True
4693027,2024-01-04,UNKNOWN,40.772045,-73.87623,1,0,True
4693028,2024-01-02,QUEENS,40.755264,-73.88817,0,0,True
4693029,2024-01-06,BROOKLYN,40.633835,-73.982605,1,0,True
4693030,2024-01-06,UNKNOWN,40.65073,-73.9719,0,0,True
4693031,2024-01-06,BROOKLYN,40.682423,-73.97069,0,0,True
4693032,2024-01-05,QUEENS,40.75585,-73.88259,1,0,True
4693033,2024-01-06,BROOKLYN,40.674465,-73.97547,0,0,True
4693034,2024-01-06,QUEENS,40.763283,-73.88393,0,0,True
4693035,2024-01-06,UNKNOWN,40.720726,-73.94336,0,0,True
4693036,2024-01-06,UNKNOWN,40.60459,-74.02212,0,0,True
4693037,2024-01-03,QUEENS,40.70898,-73.80418,1,0,True
4693038,2024-01-04,QUEENS,40.755997,-73.8634,1,0,True
4693039,2024-01-03,QUEENS,0.0,0.0,1,0,False
4693040,2024-01-02,UNKNOWN,40.646515,-73.974655,1,0,True
4693041,2024-01-06,UNKNOWN,40.853813,-73.90851,1,0,True
4693042,2024-01-04,BRONX,40.8518,-73.909225,0,0,True
4693043,2024-01-06,BRONX,40.860996,-73.89643,1,0,True
4693044,2024-01-06,BRONX,40.862297,-73.89842,1,0,True
4693046,2024-01-06,BROOKLYN,40.611603,-73.91971,1,0,True
4693047,2024-01-06,BROOKLYN,40.62106,-73.93196,0,0,True
4693048,2024-01-06,QUEENS,40.705124,-73.81191,1,0,True
4693049,2024-01-06,BROOKLYN,40.62556,-73.94664,0,0,True
4693050,2024-01-07,BROOKLYN,40.64703,-74.012,0,0,True
4693052,2024-01-06,MANHATTAN,,,1,0,False
4693053,2024-01-07,BROOKLYN,40.693874,-73.91777,2,0,True
4693054,2024-01-05,BROOKLYN,40.65777,-73.93962,1,0,True
4693055,2024-01-03,UNKNOWN,40.65671,-73.95648,0,0,True
4693056,2024-01-05,BROOKLYN,40.659725,-73.95681,0,0,True
4693057,2024-01-06,BROOKLYN,40.663902,-73.93993,3,0,True
4693058,2024-01-05,UNKNOWN,,,0,0,False
4693059,2024-01-06,BROOKLYN,40.658306,-73.95666,1,0,True
4693061,2024-01-06,BRONX,40.829136,-73.9114,1,0,True
4693062,2024-01-06,BRONX,40.833836,-73.91586,2,0,True
4693063,2024-01-07,UNKNOWN,40.583534,-73.984184,4,0,True
4693064,2024-01-04,UNKNOWN,40.57576,-73.96209,0,0,True
4693066,2024-01-06,UNKNOWN,40.625103,-74.14877,1,0,True
4693067,2024-01-06,UNKNOWN,40.62307,-74.149315,0,0,True
4693068,2024-01-07,UNKNOWN,40.607628,-74.15947,1,0,True
4693069,2024-01-04,UNKNOWN,40.58309,-73.98637,0,0,True
4693070,2024-01-05,BROOKLYN,40.584663,-73.96345,2,0,True
4693071,2024-01-05,BROOKLYN,40.578236,-73.99157,0,0,True
4693072,2024-01-05,MANHATTAN,40.829597,-73.94814,0,0,True
4693073,2024-01-06,BROOKLYN,40.57706,-73.99136,0,0,True
4693074,2024-01-02,MANHATTAN,40.822643,-73.953224,0,0,True
4693075,2024-01-06,BROOKLYN,40.58038,-73.967606,1,0,True
4693076,2024-01-07,BROOKLYN,40.586246,-73.96626,0,0,True
4693077,2024-01-06,BROOKLYN,40.62731,-73.941826,1,0,True
4693078,2024-01-05,BROOKLYN,40.696983,-73.935234,1,0,True
4693080,2024-01-06,BROOKLYN,40.69889,-73.91753,0,0,True
4693081,2024-01-05,UNKNOWN,40.681515,-73.90412,0,0,True
4693083,2024-01-02,MANHATTAN,40.757145,-73.99357,0,0,True
4693085,2024-01-07,BROOKLYN,40.699165,-73.914925,0,0,True
4693086,2024-01-06,MANHATTAN,40.749706,-73.99157,0,0,True
4693087,2024-01-06,MANHATTAN,40.757233,-73.9898,0,0,True
4693088,2024-01-04,BROOKLYN,40.689407,-73.913956,0,0,True
4693089,2024-01-06,MANHATTAN,,,0,0,False
4693091,2024-01-06,MANHATTAN,40.757153,-73.99164,0,0,True
4693093,2024-01-02,MANHATTAN,40.75484,-73.98412,1,0,True
4693094,2024-01-03,MANHATTAN,40.746403,-73.97973,0,0,True
4693095,2024-01-06,MANHATTAN,40.84552,-73.93469,0,0,True
4693096,2024-01-06,UNKNOWN,40.63665,-73.96805,1,0,True
4693097,2024-01-02,BROOKLYN,40.61256,-73.95709,0,0,True
4693098,2024-01-06,BROOKLYN,40.650387,-73.95872,1,0,True
4693099,2024-01-04,BROOKLYN,40.643745,-73.97009,0,0,True
4693100,2024-01-04,BROOKLYN,40.609985,-73.96239,1,0,True
4693101,2024-01-03,UNKNOWN,40.631275,-73.97606,0,0,True
4693102,2024-01-03,MANHATTAN,40.853714,-73.92681,0,0,True
4693103,2024-01-04,MANHATTAN,40.864403,-73.923775,0,0,True
4693104,2024-01-05,UNKNOWN,40.859093,-73.93745,0,0,True
4693105,2024-01-06,UNKNOWN,40.85787,-73.93842,0,0,True
4693106,2024-01-06,UNKNOWN,40.85787,-73.93842,1,0,True
4693107,2024-01-04,UNKNOWN,40.689274,-73.92398,1,0,True
4693108,2024-01-05,UNKNOWN,40.679276,-73.92906,2,0,True
4693109,2024-01-06,BROOKLYN,40.69691,-73.93593,1,0,True
4693110,2024-01-04,UNKNOWN,40.62994,-74.14128,1,0,True
4693111,2024-01-06,QUEENS,40.74916,-73.86296,0,0,True
4693112,2024-01-05,QUEENS,40.74124,-73.869514,1,0,True
4693113,2024-01-06,QUEENS,40.743954,-73.87423,1,0,True
4693114,2024-01-06,UNKNOWN,,,2,0,False
4693115,2024-01-03,BROOKLYN,40.66003,-73.92179,0,0,True
4693116,2024-01-04,BROOKLYN,40.642384,-73.92539,1,0,True
4693117,2024-01-01,BROOKLYN,40.651196,-73.93032,0,0,True
4693118,2024-01-04,BROOKLYN,40.651566,-73.94007,0,0,True
4693120,2024-01-05,UNKNOWN,40.640945,-73.94852,0,0,True
4693122,2024-01-06,BROOKLYN,40.648014,-73.95252,0,0,True
4693123,2024-01-04,UNKNOWN,40.758526,-73.80141,0,0,True
4693125,2024-01-05,UNKNOWN,40.789017,-73.81865,0,0,True
4693127,2024-01-05,BROOKLYN,40.66323,-73.93161,0,0,True
4693128,2024-01-06,UNKNOWN,40.73264,-74.008644,0,0,True
4693129,2024-01-05,QUEENS,40.74125,-73.81912,0,0,True
4693130,2024-01-06,MANHATTAN,40.73262,-74.00883,0,0,True
4693131,2024-01-06,MANHATTAN,40.729008,-73.99375,1,0,True
4693132,2024-01-03,BROOKLYN,40.63717,-73.96173,0,0,True
4693133,2024-01-02,BROOKLYN,40.621887,-73.946976,1,0,True
4693134,2024-01-06,BROOKLYN,40.64169,-73.963356,1,0,True
4693135,2024-01-07,UNKNOWN,40.70978,-73.82043,2,0,True
4693136,2024-01-05,BROOKLYN,40.646297,-73.91274,0,0,True
4693137,2024-01-02,MANHATTAN,,,0,0,False
4693138,2024-01-03,UNKNOWN,40.717445,-74.00354,0,0,True
4693139,2024-01-03,MANHATTAN,40.71552,-74.00925,1,0,True
4693140,2024-01-03,UNKNOWN,40.707966,-73.99975,0,0,True
4693141,2024-01-05,BRONX,40.888588,-73.849884,1,0,True
4693142,2024-01-07,UNKNOWN,40.702686,-73.92084,0,0,True
4693143,2024-01-04,MANHATTAN,40.762966,-73.973976,0,0,True
4693144,2024-01-07,BROOKLYN,40.672512,-73.98098,0,0,True
4693145,2024-01-06,MANHATTAN,40.71075,-74.00068,1,0,True
4693146,2024-01-06,MANHATTAN,40.72032,-73.99405,1,0,True
4693147,2024-01-06,BRONX,40.89876,-73.85294,0,0,True
4693148,2024-01-06,BROOKLYN,40.69083,-73.9244,0,0,True
4693149,2024-01-06,BROOKLYN,40.62621,-73.927666,1,0,True
4693150,2024-01-07,BRONX,40.887306,-73.85893,1,0,True
4693151,2024-01-02,UNKNOWN,40.856625,-73.93936,0,0,True
4693152,2024-01-05,UNKNOWN,40.85372,-73.928696,1,0,True
4693153,2024-01-06,MANHATTAN,40.868496,-73.92173,0,0,True
4693154,2024-01-07,UNKNOWN,40.68892,-73.99915,0,0,True
4693155,2024-01-05,BROOKLYN,40.67147,-73.89576,0,0,True
4693156,2024-01-02,BROOKLYN,40.6476,-73.881485,0,0,True
4693157,2024-01-01,BROOKLYN,40.684956,-73.86761,1,0,True
4693158,2024-01-05,BROOKLYN,40.65734,-73.88003,0,0,True
4693159,2024-01-05,BROOKLYN,40.66278,-73.88086,1,0,True
4693160,2024-01-05,BROOKLYN,40.661167,-73.87969,4,0,True
4693161,2024-01-05,UNKNOWN,40.67944,-73.89714,2,0,True
4693162,2024-01-05,BROOKLYN,40.675663,-73.901695,2,0,True
4693163,2024-01-04,BROOKLYN,40.668774,-73.877716,0,0,True
4693164,2024-01-02,BROOKLYN,40.675625,-73.89879,0,0,True
4693165,2024-01-06,BROOKLYN,40.665203,-73.89519,0,0,True
4693166,2024-01-06,BROOKLYN,40.642708,-73.87845,0,0,True
4693167,2024-01-06,BROOKLYN,40.65393,-73.86744,1,0,True
4693169,2024-01-06,BROOKLYN,40.683186,-73.86631,2,0,True
4693170,2024-01-06,BROOKLYN,40.66475,-73.89405,1,0,True
4693171,2024-01-07,UNKNOWN,40.678234,-73.89753,0,0,True
4693172,2024-01-04,MANHATTAN,40.709835,-74.014885,1,0,True
4693174,2024-01-03,UNKNOWN,40.68846,-73.95714,0,0,True
4693175,2024-01-06,UNKNOWN,40.687637,-73.94478,0,0,True
4693176,2024-01-07,UNKNOWN,40.583607,-74.15113,0,0,True
4693177,2024-01-03,BROOKLYN,40.691624,-73.942665,1,0,True
4693178,2024-01-05,MANHATTAN,40.744694,-73.99705,0,0,True
4693179,2024-01-05,MANHATTAN,40.745182,-74.00824,0,0,True
4693180,2024-01-05,UNKNOWN,40.89466,-73.86137,0,0,True
4693181,2024-01-05,BRONX,40.895374,-73.86356,0,0,True
4693182,2024-01-05,MANHATTAN,40.741642,-73.997444,1,0,True
4693183,2024-01-02,BROOKLYN,40.670193,-73.878876,1,0,True
4693185,2024-01-06,MANHATTAN,40.760822,-73.99832,0,0,True
4693187,2024-01-06,UNKNOWN,40.86811,-73.91976,0,0,True
4693188,2024-01-07,BROOKLYN,40.64757,-73.89856,2,0,True
4693189,2024-01-07,BROOKLYN,40.63208,-73.906906,0,0,True
4693190,2024-01-06,MANHATTAN,40.852894,-73.93273,0,0,True
4693191,2024-01-07,BROOKLYN,40.691288,-73.99814,0,0,True
4693192,2024-01-04,MANHATTAN,40.86086,-73.928825,0,0,True
4693193,2024-01-07,BRONX,40.884834,-73.82684,0,0,True
4693194,2024-01-06,BROOKLYN,40.67105,-73.98143,1,0,True
4693195,2024-01-06,BROOKLYN,40.68342,-73.97545,0,0,True
4693196,2024-01-05,BRONX,40.88468,-73.861115,1,0,True
4693197,2024-01-02,UNKNOWN,40.689137,-73.990715,1,0,True
4693198,2024-01-06,BROOKLYN,40.677708,-73.98385,0,0,True
4693199,2024-01-07,UNKNOWN,40.749943,-73.754616,1,0,True
4693200,2024-01-07,UNKNOWN,40.77574,-73.77986,1,0,True
4693204,2024-01-03,BROOKLYN,40.633606,-73.91623,0,0,True
4693205,2024-01-07,BROOKLYN,40.64077,-73.90913,0,0,True
4693206,2024-01-05,BROOKLYN,40.63838,-73.89481,0,0,True
4693208,2024-01-04,BROOKLYN,40.63947,-73.902756,0,0,True
4693209,2024-01-04,BROOKLYN,40.64571,-73.897484,0,0,True
4693210,2024-01-06,QUEENS,40.702927,-73.74926,5,0,True
4693211,2024-01-06,UNKNOWN,40.69382,-73.72694,2,0,True
4693213,2024-01-06,QUEENS,40.636673,-73.74053,1,0,True
4693214,2024-01-07,QUEENS,40.666393,-73.75177,1,0,True
4693215,2024-01-01,QUEENS,40.698475,-73.7384,0,0,True
4693217,2024-01-06,UNKNOWN,40.776684,-73.983055,0,0,True
4693218,2024-01-05,UNKNOWN,40.810944,-73.963066,1,0,True
4693219,2024-01-05,MANHATTAN,40.82211,-73.94809,1,0,True
4693220,2024-01-04,UNKNOWN,40.702457,-73.98764,0,0,True
4693221,2024-01-06,BRONX,40.887672,-73.84705,1,0,True
4693222,2024-01-05,UNKNOWN,,,0,0,False
4693223,2024-01-07,QUEENS,40.72845,-73.84926,0,0,True
4693224,2024-01-04,UNKNOWN,40.669586,-73.92827,2,0,True
4693225,2024-01-06,BROOKLYN,40.678722,-73.952995,0,0,True
4693226,2024-01-04,UNKNOWN,,,0,0,False
4693227,2024-01-07,UNKNOWN,40.677353,-73.94424,0,0,True
4693228,2024-01-06,UNKNOWN,40.660656,-73.885796,1,0,True
4693229,2024-01-03,UNKNOWN,40.67066,-73.957985,0,0,True
4693230,2024-01-06,UNKNOWN,40.674145,-73.93062,0,0,True
4693231,2024-01-07,UNKNOWN,40.76839,-73.98168,0,0,True
4693232,2024-01-05,UNKNOWN,40.72083,-73.93814,0,0,True
4693233,2024-01-06,UNKNOWN,40.719864,-73.94486,0,0,True
4693234,2024-01-05,BROOKLYN,40.720306,-73.944305,0,0,True
4693235,2024-01-06,UNKNOWN,40.71976,-73.94476,4,0,True
4693236,2024-01-05,UNKNOWN,40.723347,-73.939316,0,0,True
4693237,2024-01-07,MANHATTAN,40.777412,-73.978806,1,0,True
4693238,2024-01-01,UNKNOWN,40.88473,-73.81571,2,0,True
4693239,2024-01-07,BROOKLYN,40.69365,-73.98333,0,0,True
4693240,2024-01-07,UNKNOWN,40.689728,-73.99017,0,0,True
4693241,2024-01-02,BRONX,40.836166,-73.840225,0,0,True
4693242,2024-01-04,BRONX,40.839493,-73.83802,0,0,True
4693243,2024-01-06,UNKNOWN,40.759163,-73.988396,1,0,True
4693244,2024-01-05,UNKNOWN,40.87627,-73.888084,0,0,True
4693245,2024-01-05,UNKNOWN,40.86957,-73.90633,0,0,True
4693246,2024-01-01,BRONX,40.871494,-73.888695,0,0,True
4693247,2024-01-04,QUEENS,40.70483,-73.902664,0,0,True
4693248,2024-01-04,UNKNOWN,40.699883,-73.90831,0,0,True
4693249,2024-01-05,QUEENS,40.69717,-73.90123,0,0,True
4693250,2024-01-05,QUEENS,40.71032,-73.89937,0,0,True
4693251,2024-01-05,QUEENS,40.71112,-73.89837,0,0,True
4693252,2024-01-05,BRONX,40.830414,-73.82599,0,0,True
4693253,2024-01-06,QUEENS,40.72013,-73.88636,0,0,True
4693254,2024-01-06,QUEENS,40.72262,-73.901535,1,0,True
4693255,2024-01-06,BRONX,40.8262,-73.821686,1,0,True
4693256,2024-01-06,QUEENS,40.705765,-73.896576,0,0,True
4693257,2024-01-07,QUEENS,40.70626,-73.911095,0,0,True
4693258,2024-01-07,BRONX,40.83168,-73.82712,0,0,True
4693259,2024-01-07,QUEENS,40.689735,-73.89033,0,0,True
4693260,2024-01-04,UNKNOWN,,,0,0,False
4693261,2024-01-07,BROOKLYN,40.688858,-73.98374,0,0,True
4693262,2024-01-06,UNKNOWN,,,0,0,False
4693263,2024-01-06,BRONX,40.869404,-73.85089,1,0,True
4693264,2024-01-05,BRONX,40.843143,-73.85575,1,0,True
4693265,2024-01-02,BRONX,40.87134,-73.84793,1,0,True
4693266,2024-01-06,MANHATTAN,40.75792,-73.966324,0,0,True
4693267,2024-01-04,BRONX,40.86244,-73.8662,1,0,True
4693269,2024-01-06,UNKNOWN,40.76217,-73.7568,2,0,True
4693270,2024-01-07,BROOKLYN,40.64316,-74.01922,1,0,True
4693271,2024-01-07,BROOKLYN,40.65156,-73.93428,0,0,True
4693272,2024-01-06,QUEENS,40.745365,-73.88834,1,0,True
4693273,2024-01-05,QUEENS,40.75774,-73.84446,0,0,True
4693274,2024-01-06,UNKNOWN,40.66095,-73.92906,1,0,True
4693275,2024-01-05,BROOKLYN,40.654224,-73.91531,0,0,True
4693276,2024-01-07,BROOKLYN,40.65434,-73.93937,0,0,True
4693277,2024-01-06,BROOKLYN,40.649353,-73.94942,2,0,True
4693278,2024-01-07,UNKNOWN,40.63851,-74.021225,0,0,True
4693279,2024-01-07,UNKNOWN,,,3,0,False
4693280,2024-01-01,BROOKLYN,40.64774,-73.92894,0,0,True
4693281,2024-01-05,BROOKLYN,40.66093,-73.92128,0,0,True
4693282,2024-01-06,BROOKLYN,40.64275,-73.90378,3,0,True
4693283,2024-01-05,BROOKLYN,40.65492,-73.92879,1,0,True
4693284,2024-01-05,UNKNOWN,40.688614,-73.989174,1,0,True
4693285,2024-01-06,BROOKLYN,40.652706,-73.94873,0,0,True
4693286,2024-01-07,UNKNOWN,40.669586,-73.92827,0,0,True
4693287,2024-01-07,UNKNOWN,40.60205,-74.01334,1,0,True
4693288,2024-01-04,BROOKLYN,40.62368,-73.99772,1,0,True
4693289,2024-01-07,BROOKLYN,40.63145,-73.887085,1,0,True
4693290,2024-01-07,QUEENS,40.73151,-73.73925,0,0,True
4693291,2024-01-05,QUEENS,40.710747,-73.75066,1,0,True
4693292,2024-01-07,QUEENS,40.666695,-73.767136,1,0,True
4693293,2024-01-07,UNKNOWN,,,2,0,False
4693294,2024-01-07,BROOKLYN,40.67988,-73.87794,1,0,True
4693296,2024-01-04,BROOKLYN,,,1,0,False
4693297,2024-01-06,UNKNOWN,40.710888,-73.9808,0,0,True
4693299,2024-01-06,UNKNOWN,40.843822,-73.9275,0,0,True
4693300,2024-01-04,UNKNOWN,40.863632,-73.87168,4,0,True
4693301,2024-01-07,QUEENS,40.688564,-73.8182,1,0,True
4693302,2024-01-07,BROOKLYN,40.715305,-73.96044,1,0,True
4693303,2024-01-05,QUEENS,40.68078,-73.84211,1,0,True
4693304,2024-01-06,QUEENS,40.67725,-73.826096,0,0,True
4693305,2024-01-06,QUEENS,40.769634,-73.918594,1,0,True
4693306,2024-01-05,QUEENS,40.760185,-73.9147,1,0,True
4693308,2024-01-05,QUEENS,40.66935,-73.81423,0,0,True
4693309,2024-01-07,QUEENS,40.704777,-73.911,0,0,True
4693310,2024-01-02,QUEENS,40.764637,-73.93226,0,0,True
4693311,2024-01-05,UNKNOWN,40.71153,-73.95504,1,0,True
4693312,2024-01-04,BROOKLYN,40.666275,-73.95043,0,0,True
4693313,2024-01-07,MANHATTAN,40.75898,-73.99595,1,0,True
4693314,2024-01-07,BROOKLYN,40.66617,-73.988815,1,0,True
4693315,2024-01-07,BROOKLYN,40.66152,-73.96074,1,0,True
4693316,2024-01-05,QUEENS,40.671127,-73.84709,0,0,True
4693317,2024-01-05,UNKNOWN,40.66559,-73.83132,0,0,True
4693318,2024-01-06,QUEENS,40.669716,-73.82696,1,0,True
4693319,2024-01-05,QUEENS,40.67471,-73.805405,0,0,True
4693320,2024-01-05,QUEENS,40.67249,-73.85186,0,0,True
4693321,2024-01-05,QUEENS,40.70509,-73.7907,0,0,True
4693322,2024-01-05,QUEENS,40.703026,-73.80845,1,0,True
4693323,2024-01-05,UNKNOWN,40.797867,-73.96759,0,0,True
4693324,2024-01-06,QUEENS,40.692314,-73.80272,0,0,True
4693325,2024-01-06,QUEENS,40.69922,-73.806435,0,0,True
4693326,2024-01-07,QUEENS,40.688583,-73.804474,0,0,True
4693327,2024-01-07,QUEENS,40.713985,-73.75641,0,0,True
4693328,2024-01-05,QUEENS,40.710274,-73.77774,0,0,True
4693329,2024-01-02,QUEENS,40.703293,-73.7961,1,0,True
4693330,2024-01-06,QUEENS,40.716248,-73.76385,0,0,True
4693331,2024-01-07,QUEENS,40.69348,-73.79952,0,0,True
4693332,2024-01-03,UNKNOWN,40.79653,-73.97597,2,0,True
4693333,2024-01-05,UNKNOWN,40.6953,-73.812096,2,0,True
4693334,2024-01-05,UNKNOWN,40.781933,-73.94428,0,0,True
4693335,2024-01-06,QUEENS,40.705853,-73.801384,0,0,True
4693336,2024-01-05,MANHATTAN,40.76385,-73.96042,0,0,True
4693337,2024-01-06,UNKNOWN,40.77904,-73.9435,0,0,True
4693338,2024-01-06,UNKNOWN,40.601734,-73.935036,0,0,True
4693339,2024-01-06,QUEENS,40.70911,-73.776054,1,0,True
4693340,2024-01-02,QUEENS,40.70836,-73.78814,0,0,True
4693341,2024-01-07,UNKNOWN,40.681137,-73.95567,1,0,True
4693343,2024-01-07,UNKNOWN,40.867878,-73.893005,0,0,True
4693344,2024-01-05,UNKNOWN,40.771286,-73.9467,0,0,True
4693345,2024-01-07,QUEENS,40.704388,-73.77917,0,0,True
4693346,2024-01-07,UNKNOWN,40.86663,-73.88647,1,0,True
4693347,2024-01-07,BROOKLYN,40.59778,-73.92814,0,0,True
4693348,2024-01-07,UNKNOWN,,,1,0,False
4693349,2024-01-07,BROOKLYN,40.585773,-73.940445,0,0,True
4693350,2024-01-06,MANHATTAN,40.76944,-73.951866,1,0,True
4693351,2024-01-01,MANHATTAN,40.783054,-73.944885,0,0,True
4693352,2024-01-05,UNKNOWN,40.69231,-73.88147,0,0,True
4693353,2024-01-05,QUEENS,40.72677,-73.89542,0,0,True
4693354,2024-01-06,UNKNOWN,40.780437,-73.94989,1,0,True
4693357,2024-01-02,MANHATTAN,40.78069,-73.9466,1,0,True
4693358,2024-01-01,UNKNOWN,40.79087,-73.972694,0,0,True
4693359,2024-01-01,QUEENS,40.701645,-73.91168,1,0,True
4693360,2024-01-07,BROOKLYN,40.58097,-73.976326,0,0,True
4693361,2024-01-06,UNKNOWN,40.5832,-73.97304,1,0,True
4693362,2024-01-07,BROOKLYN,40.585358,-73.96357,0,0,True
4693363,2024-01-07,BROOKLYN,40.587303,-73.96036,0,0,True
4693364,2024-01-07,QUEENS,40.678547,-73.791435,1,0,True
4693365,2024-01-07,QUEENS,40.66958,-73.76968,0,0,True
4693366,2024-01-06,QUEENS,40.68096,-73.773575,1,0,True
4693367,2024-01-07,QUEENS,40.684303,-73.792274,0,0,True
4693368,2024-01-07,UNKNOWN,40.666946,-73.79712,0,0,True
4693369,2024-01-06,BROOKLYN,40.62823,-73.95582,1,0,True
4693370,2024-01-07,MANHATTAN,40.720623,-73.99498,0,0,True
4693371,2024-01-04,QUEENS,40.700935,-73.84022,1,0,True
4693372,2024-01-07,UNKNOWN,40.73448,-73.92243,1,0,True
4693373,2024-01-05,MANHATTAN,40.76721,-73.95867,0,0,True
4693375,2024-01-05,QUEENS,40.750557,-73.94896,0,0,True
4693376,2024-01-05,QUEENS,40.698357,-73.82006,0,0,True
4693378,2024-01-04,MANHATTAN,40.740643,-73.97581,0,0,True
4693379,2024-01-05,UNKNOWN,40.73283,-73.97415,0,0,True
4693380,2024-01-04,UNKNOWN,40.730038,-73.923935,0,0,True
4693381,2024-01-05,QUEENS,40.74916,-73.92035,1,0,True
4693382,2024-01-04,QUEENS,40.745453,-73.89617,0,0,True
4693383,2024-01-06,QUEENS,40.74549,-73.95318,0,0,True
4693384,2024-01-01,UNKNOWN,40.73442,-73.92238,0,0,True
4693385,2024-01-07,QUEENS,40.745235,-73.937706,2,0,True
4693386,2024-01-05,MANHATTAN,40.738018,-73.983734,1,0,True
4693387,2024-01-04,UNKNOWN,,,2,0,False
4693388,2024-01-07,MANHATTAN,40.742706,-73.984535,0,0,True
4693389,2024-01-06,MANHATTAN,40.736237,-73.9772,0,0,True
4693390,2024-01-07,MANHATTAN,40.737545,-73.98409,1,0,True
4693391,2024-01-06,MANHATTAN,40.821106,-73.93575,0,0,True
4693393,2024-01-05,MANHATTAN,,,0,0,False
4693394,2024-01-04,UNKNOWN,40.810318,-73.943634,0,0,True
4693395,2024-01-05,MANHATTAN,40.822834,-73.941925,0,0,True
4693396,2024-01-06,MANHATTAN,40.738644,-73.9848,0,0,True
4693397,2024-01-06,UNKNOWN,40.707153,-73.8189,4,0,True
4693399,2024-01-07,MANHATTAN,40.82803,-73.934845,1,0,True
4693400,2024-01-04,MANHATTAN,40.81553,-73.944214,0,0,True
4693401,2024-01-05,MANHATTAN,40.80652,-73.96638,0,0,True
4693403,2024-01-06,MANHATTAN,40.77468,-73.96035,0,0,True
4693404,2024-01-06,QUEENS,40.697327,-73.82961,1,0,True
4693405,2024-01-07,UNKNOWN,40.68865,-73.84711,0,0,True
4693406,2024-01-03,QUEENS,40.585983,-73.8166,2,0,True
4693407,2024-01-03,BRONX,40.84927,-73.83111,0,0,True
4693408,2024-01-06,UNKNOWN,40.692867,-73.820656,0,0,True
4693409,2024-01-04,QUEENS,40.683434,-73.8475,0,0,True
4693410,2024-01-06,QUEENS,40.70639,-73.82638,1,0,True
4693411,2024-01-07,BRONX,40.845985,-73.884476,1,0,True
4693412,2024-01-08,BROOKLYN,40.657955,-73.859985,0,0,True
4693413,2024-01-07,BROOKLYN,40.68121,-73.92243,1,0,True
4693414,2024-01-08,BROOKLYN,40.68236,-73.91991,0,0,True
4693415,2024-01-04,BRONX,40.845642,-73.90211,0,0,True
4693416,2024-01-03,BRONX,40.853752,-73.889145,1,0,True
4693417,2024-01-03,BRONX,,,1,0,False
4693418,2024-01-05,BRONX,40.806965,-73.911674,2,0,True
4693419,2024-01-07,BROOKLYN,40.722637,-73.95419,1,0,True
4693420,2024-01-07,BROOKLYN,40.69003,-73.911,1,0,True
4693421,2024-01-03,MANHATTAN,40.718143,-73.993835,0,0,True
4693422,2024-01-07,UNKNOWN,40.703403,-73.917786,0,0,True
4693423,2024-01-07,UNKNOWN,40.691807,-73.918625,0,0,True
4693424,2024-01-05,BRONX,40.80647,-73.92112,0,0,True
4693425,2024-01-07,UNKNOWN,40.6376,-74.13366,0,0,True
4693426,2024-01-08,BROOKLYN,40.64858,-73.93004,1,0,True
4693429,2024-01-07,QUEENS,40.730015,-73.82348,0,0,True
4693431,2024-01-02,BROOKLYN,40.651375,-73.93809,1,0,True
4693432,2024-01-06,UNKNOWN,40.85429,-73.90027,0,0,True
4693433,2024-01-02,QUEENS,40.753174,-73.87243,0,0,True
4693434,2024-01-07,QUEENS,40.74961,-73.88049,0,0,True
4693435,2024-01-06,UNKNOWN,40.75092,-73.86224,0,0,True
4693436,2024-01-07,QUEENS,40.75845,-73.89348,1,0,True
4693437,2024-01-08,QUEENS,40.75412,-73.881325,1,0,True
4693438,2024-01-08,UNKNOWN,40.673992,-73.73508,3,0,True
4693439,2024-01-01,UNKNOWN,40.681473,-73.72776,3,0,True
4693440,2024-01-02,UNKNOWN,,,1,0,False
4693441,2024-01-08,UNKNOWN,,,1,0,False
4693442,2024-01-07,UNKNOWN,40.61018,-74.03548,0,0,True
4693443,2024-01-05,STATEN ISLAND,40.567627,-74.11262,0,0,True
4693444,2024-01-06,UNKNOWN,40.577946,-74.102325,0,0,True
4693445,2024-01-06,UNKNOWN,40.610477,-74.09396,0,0,True
4693446,2024-01-07,STATEN ISLAND,40.57322,-74.106995,1,0,True
4693447,2024-01-07,BROOKLYN,40.61258,-73.9183,0,0,True
4693448,2024-01-05,BRONX,40.83413,-73.86092,0,0,True
4693449,2024-01-06,BRONX,40.824852,-73.87639,0,0,True
4693450,2024-01-06,BRONX,40.815266,-73.859726,1,0,True
4693451,2024-01-08,UNKNOWN,40.737885,-73.98091,2,0,True
4693452,2024-01-06,BRONX,40.835518,-73.86112,1,0,True
4693453,2024-01-06,BRONX,40.8354,-73.85525,0,0,True
4693454,2024-01-06,BRONX,40.826916,-73.87204,3,0,True
4693456,2024-01-07,UNKNOWN,40.82325,-73.88277,1,0,True
4693457,2024-01-06,BRONX,40.823395,-73.87122,0,0,True
4693458,2024-01-06,BRONX,40.82767,-73.877045,0,0,True
4693459,2024-01-07,UNKNOWN,40.8252,-73.867714,1,0,True
4693460,2024-01-07,QUEENS,40.707092,-73.73911,0,0,True
4693461,2024-01-05,BROOKLYN,40.612495,-73.97922,1,0,True
4693462,2024-01-01,UNKNOWN,40.67505,-73.73322,0,0,True
4693463,2024-01-06,BROOKLYN,40.59931,-73.972916,1,0,True
4693464,2024-01-07,MANHATTAN,40.806915,-73.93557,0,0,True
4693465,2024-01-07,BROOKLYN,40.60507,-73.97913,1,0,True
4693466,2024-01-08,BROOKLYN,40.609966,-73.9903,1,0,True
4693467,2024-01-02,BRONX,40.823936,-73.89488,0,0,True
4693468,2024-01-08,UNKNOWN,40.69773,-73.81409,2,0,True
4693469,2024-01-03,BRONX,40.830845,-73.93154,0,0,True
4693470,2024-01-03,BRONX,40.813095,-73.89827,2,0,True
4693471,2024-01-04,BRONX,40.820984,-73.89266,3,0,True
4693472,2024-01-05,BRONX,40.818798,-73.89213,0,0,True
4693473,2024-01-06,BRONX,40.822117,-73.89689,1,0,True
4693474,2024-01-06,QUEENS,40.689953,-73.826004,0,0,True
4693475,2024-01-06,BRONX,40.813095,-73.89827,0,0,True
4693476,2024-01-08,UNKNOWN,40.828407,-73.93125,1,0,True
4693477,2024-01-07,BRONX,40.813095,-73.89827,0,0,True
4693478,2024-01-03,BRONX,40.805767,-73.88515,0,0,True
4693479,2024-01-06,BRONX,40.815964,-73.88688,1,0,True
4693480,2024-01-05,MANHATTAN,40.801765,-73.93723,0,0,True
4693481,2024-01-06,UNKNOWN,40.802822,-73.930405,0,0,True
4693482,2024-01-07,UNKNOWN,,,0,0,False
4693483,2024-01-02,MANHATTAN,40.799297,-73.94113,1,0,True
4693485,2024-01-08,UNKNOWN,40.739933,-73.84579,0,0,True
4693486,2024-01-08,MANHATTAN,40.801727,-73.939064,0,0,True
4693488,2024-01-07,BROOKLYN,40.622757,-74.02671,0,0,True
4693489,2024-01-07,BROOKLYN,40.620743,-74.00818,0,0,True
4693490,2024-01-08,UNKNOWN,40.633327,-74.016136,1,0,True
4693491,2024-01-08,BROOKLYN,40.666126,-73.9953,1,0,True
4693492,2024-01-08,MANHATTAN,40.76661,-73.965,0,0,True
4693494,2024-01-07,MANHATTAN,40.705444,-74.00801,0,0,True
4693495,2024-01-06,MANHATTAN,40.72084,-74.00066,1,0,True
4693496,2024-01-05,BRONX,40.894314,-73.86027,0,0,True
4693497,2024-01-07,MANHATTAN,40.862774,-73.92156,0,0,True
4693498,2024-01-05,MANHATTAN,40.839645,-73.94205,0,0,True
4693499,2024-01-06,UNKNOWN,40.83349,-73.94158,0,0,True
4693500,2024-01-03,UNKNOWN,40.842346,-73.93119,1,0,True
4693501,2024-01-08,MANHATTAN,40.707638,-74.00816,0,0,True
4693502,2024-01-07,MANHATTAN,40.739033,-74.00256,1,0,True
4693503,2024-01-08,MANHATTAN,40.734646,-73.990814,1,0,True
4693504,2024-01-07,BROOKLYN,40.67968,-73.97826,0,0,True
4693505,2024-01-08,MANHATTAN,40.71913,-73.976364,3,0,True
4693507,2024-01-06,QUEENS,40.68884,-73.8219,0,0,True
4693508,2024-01-08,BRONX,,,0,0,False
4693509,2024-01-05,UNKNOWN,40.746883,-73.76348,0,0,True
4693510,2024-01-04,UNKNOWN,40.740093,-73.89986,1,0,True
4693511,2024-01-06,UNKNOWN,40.711033,-73.7281,0,0,True
4693512,2024-01-08,MANHATTAN,40.757484,-74.00073,0,0,True
4693513,2024-01-06,QUEENS,40.69196,-73.86332,1,0,True
4693514,2024-01-08,UNKNOWN,40.738136,-73.79919,2,0,True
4693515,2024-01-08,QUEENS,40.727802,-73.80516,1,0,True
4693516,2024-01-08,UNKNOWN,40.734783,-73.79323,2,0,True
4693517,2024-01-07,QUEENS,40.72725,-73.86377,0,0,True
4693518,2024-01-08,UNKNOWN,40.706074,-73.727486,1,0,True
4693519,2024-01-07,UNKNOWN,40.703346,-73.72739,1,0,True
4693520,2024-01-08,BROOKLYN,40.63844,-73.99217,2,0,True
4693521,2024-01-07,QUEENS,40.75958,-73.76894,1,0,True
4693522,2024-01-05,STATEN ISLAND,40.552807,-74.21822,0,0,True
4693523,2024-01-04,UNKNOWN,,,0,0,False
4693524,2024-01-05,STATEN ISLAND,40.517937,-74.23444,0,0,True
4693525,2024-01-06,UNKNOWN,40.519722,-74.22867,0,0,True
4693526,2024-01-06,STATEN ISLAND,40.510296,-74.24806,0,0,True
4693527,2024-01-07,UNKNOWN,40.514774,-74.24393,0,0,True
4693528,2024-01-08,BRONX,40.87852,-73.85467,0,0,True
4693529,2024-01-08,UNKNOWN,40.584755,-73.94712,0,0,True
4693530,2024-01-07,UNKNOWN,40.584755,-73.94712,0,0,True
4693531,2024-01-05,BROOKLYN,40.677734,-74.00061,0,0,True
4693532,2024-01-08,BROOKLYN,40.681637,-73.99392,1,0,True
4693533,2024-01-07,UNKNOWN,40.70145,-73.989624,0,0,True
4693534,2024-01-02,MANHATTAN,40.78452,-73.97948,1,0,True
4693535,2024-01-08,MANHATTAN,40.781124,-73.97755,0,0,True
4693536,2024-01-08,BROOKLYN,40.682957,-73.99788,0,0,True
4693537,2024-01-08,QUEENS,40.719543,-73.85914,1,0,True
4693538,2024-01-06,UNKNOWN,40.719933,-73.97876,0,0,True
4693539,2024-01-08,UNKNOWN,,,0,0,False
4693540,2024-01-08,UNKNOWN,40.680855,-74.00305,1,0,True
4693541,2024-01-06,BRONX,40.835644,-73.893005,1,0,True
4693542,2024-01-05,BRONX,40.838196,-73.901184,1,0,True
4693543,2024-01-08,BRONX,40.8937,-73.86175,0,0,True
4693544,2024-01-06,QUEENS,40.7703,-73.87605,0,0,True
4693545,2024-01-08,BROOKLYN,40.682777,-73.98242,1,0,True
4693547,2024-01-06,QUEENS,40.758305,-73.85561,1,0,True
4693548,2024-01-08,BROOKLYN,40.677357,-73.896225,0,0,True
4693549,2024-01-08,UNKNOWN,40.683342,-74.001976,1,0,True
4693550,2024-01-08,BROOKLYN,40.65503,-73.87933,0,0,True
4693551,2024-01-08,BROOKLYN,40.599533,-73.911255,0,0,True
4693552,2024-01-08,QUEENS,40.755863,-73.882385,0,0,True
4693553,2024-01-08,QUEENS,40.7513,-73.859085,1,0,True
4693554,2024-01-08,BROOKLYN,40.636772,-73.920525,0,0,True
4693555,2024-01-08,QUEENS,40.761055,-73.78987,0,0,True
4693556,2024-01-08,BRONX,40.88471,-73.83131,0,0,True
4693557,2024-01-08,BRONX,40.88874,-73.837326,1,0,True
4693558,2024-01-06,QUEENS,40.783215,-73.84288,0,0,True
4693559,2024-01-07,UNKNOWN,40.78597,-73.8467,0,0,True
4693561,2024-01-08,QUEENS,40.74853,-73.79599,0,0,True
4693562,2024-01-08,QUEENS,40.753296,-73.82976,0,0,True
4693564,2024-01-06,QUEENS,40.762745,-73.83329,0,0,True
4693565,2024-01-07,QUEENS,40.761497,-73.79817,0,0,True
4693566,2024-01-08,BROOKLYN,40.649567,-74.01646,0,0,True
4693567,2024-01-04,BRONX,40.88531,-73.908134,1,0,True
4693569,2024-01-05,UNKNOWN,40.888596,-73.89068,0,0,True
4693570,2024-01-06,UNKNOWN,40.888596,-73.89068,0,0,True
4693571,2024-01-06,BRONX,40.905617,-73.9024,0,0,True
4693572,2024-01-05,UNKNOWN,,,1,0,False
4693573,2024-01-05,BRONX,40.868965,-73.90285,1,0,True
4693574,2024-01-05,UNKNOWN,40.877106,-73.90616,1,0,True
4693575,2024-01-05,BRONX,40.87314,-73.90572,0,0,True
4693576,2024-01-05,UNKNOWN,40.90146,-73.87875,4,0,True
4693577,2024-01-07,UNKNOWN,40.90034,-73.90591,0,0,True
4693578,2024-01-08,BRONX,40.880985,-73.90873,1,0,True
4693579,2024-01-08,UNKNOWN,,,1,0,False
4693581,2024-01-04,UNKNOWN,40.90347,-73.88628,2,0,True
4693582,2024-01-07,UNKNOWN,40.88661,-73.90704,0,0,True
4693583,2024-01-08,BROOKLYN,40.702255,-73.92008,3,1,True
4693584,2024-01-08,STATEN ISLAND,40.569927,-74.09108,0,1,True
4693585,2024-01-08,BROOKLYN,40.700912,-73.94116,3,0,True
4693586,2024-01-08,UNKNOWN,40.588955,-74.167595,1,0,True
4693587,2024-01-08,UNKNOWN,40.623253,-74.16209,0,0,True
4693588,2024-01-06,QUEENS,40.761547,-73.83113,0,0,True
4693589,2024-01-07,QUEENS,40.781677,-73.83871,0,0,True
4693590,2024-01-07,UNKNOWN,,,0,0,False
4693591,2024-01-08,QUEENS,40.66758,-73.737404,1,0,True
4693592,2024-01-08,UNKNOWN,40.69078,-73.72728,1,0,True
4693593,2024-01-07,QUEENS,40.718136,-73.75726,0,0,True
4693594,2024-01-08,UNKNOWN,40.723946,-73.75192,0,1,True
4693595,2024-01-08,UNKNOWN,40.666065,-73.77327,0,0,True
4693596,2024-01-08,UNKNOWN,,,0,0,False
4693597,2024-01-08,QUEENS,40.679867,-73.80959,0,0,True
4693598,2024-01-09,UNKNOWN,40.770412,-73.987625,3,0,True
4693599,2024-01-08,UNKNOWN,40.598392,-73.90629,1,0,True
4693601,2024-01-08,UNKNOWN,40.712856,-73.9049,0,0,True
4693602,2024-01-06,UNKNOWN,40.725643,-73.99207,0,0,True
4693603,2024-01-08,BROOKLYN,40.598946,-73.95532,0,0,True
4693604,2024-01-09,UNKNOWN,40.601734,-73.935036,1,0,True
4693605,2024-01-08,QUEENS,40.700516,-73.89835,0,0,True
4693606,2024-01-08,UNKNOWN,40.729996,-73.91187,0,0,True
4693607,2024-01-08,QUEENS,40.719635,-73.90635,0,0,True
4693608,2024-01-07,UNKNOWN,40.584644,-73.94899,1,0,True
4693609,2024-01-08,BROOKLYN,40.602024,-73.93458,0,0,True
4693610,2024-01-08,BROOKLYN,40.59746,-73.93844,0,0,True
4693611,2024-01-06,MANHATTAN,40.72293,-73.98865,1,0,True
4693612,2024-01-08,MANHATTAN,40.77981,-73.95035,0,0,True
4693613,2024-01-08,UNKNOWN,40.77008,-73.94784,0,0,True
4693614,2024-01-08,UNKNOWN,40.71976,-73.94476,1,0,True
4693616,2024-01-08,BRONX,40.862442,-73.89715,0,0,True
4693617,2024-01-01,BRONX,40.866013,-73.88577,0,0,True
4693618,2024-01-07,QUEENS,40.720642,-73.82341,0,0,True
4693619,2024-01-09,QUEENS,40.738556,-73.814606,0,0,True
4693620,2024-01-08,QUEENS,40.733116,-73.87058,0,0,True
4693621,2024-01-08,QUEENS,40.73669,-73.86569,0,0,True
4693622,2024-01-08,UNKNOWN,40.7145,-73.824715,3,0,True
4693623,2024-01-08,QUEENS,40.75,-73.861275,0,0,True
4693624,2024-01-08,BROOKLYN,40.63448,-73.95807,1,0,True
4693625,2024-01-08,BROOKLYN,40.62872,-73.95696,2,0,True
4693626,2024-01-08,QUEENS,40.692318,-73.8609,1,0,True
4693627,2024-01-08,QUEENS,40.684765,-73.85566,0,0,True
4693628,2024-01-06,QUEENS,40.692127,-73.83484,1,0,True
4693629,2024-01-09,UNKNOWN,40.704494,-73.81743,0,0,True
4693630,2024-01-08,UNKNOWN,40.82383,-73.87624,0,0,True
4693631,2024-01-08,QUEENS,40.764614,-73.937805,1,0,True
4693632,2024-01-08,MANHATTAN,40.75462,-73.99713,0,0,True
4693633,2024-01-07,MANHATTAN,40.754337,-73.99861,0,0,True
4693634,2024-01-08,STATEN ISLAND,40.545353,-74.1781,0,0,True
4693635,2024-01-04,UNKNOWN,40.609505,-74.181885,1,0,True
4693636,2024-01-06,UNKNOWN,,,3,0,False
4693637,2024-01-09,BROOKLYN,40.66133,-73.87932,0,0,True
4693638,2024-01-09,MANHATTAN,40.76527,-73.97531,1,0,True
4693645,2024-01-05,BROOKLYN,40.57686,-73.98266,1,0,True
4693646,2024-01-05,QUEENS,40.746243,-73.75979,0,0,True
4693647,2024-01-07,BROOKLYN,40.57293,-74.00032,0,0,True
4693648,2024-01-07,UNKNOWN,40.75426,-73.74334,0,0,True
4693649,2024-01-08,QUEENS,40.7449,-73.91836,0,0,True
4693650,2024-01-07,UNKNOWN,40.732887,-73.920586,0,0,True
4693651,2024-01-07,UNKNOWN,40.746033,-73.93441,1,0,True
4693652,2024-01-03,QUEENS,40.750824,-73.90687,0,0,True
4693653,2024-01-04,QUEENS,40.73095,-73.85114,1,0,True
4693654,2024-01-08,UNKNOWN,40.72545,-73.837776,0,0,True
4693655,2024-01-08,QUEENS,40.742874,-73.933945,0,0,True
4693656,2024-01-09,QUEENS,40.748993,-73.89687,0,0,True
4693657,2024-01-08,QUEENS,40.745117,-73.904495,0,0,True
4693658,2024-01-06,QUEENS,40.73701,-73.89993,1,0,True
4693659,2024-01-09,QUEENS,40.74413,-73.927055,0,0,True
4693660,2024-01-03,QUEENS,40.72201,-73.853485,1,0,True
4693661,2024-01-08,UNKNOWN,40.700245,-73.92089,0,0,True
4693662,2024-01-08,UNKNOWN,40.73247,-73.86165,0,0,True
4693663,2024-01-08,UNKNOWN,40.685226,-73.91454,1,0,True
4693664,2024-01-08,QUEENS,40.69945,-73.822136,1,0,True
4693665,2024-01-08,BROOKLYN,40.670715,-73.91697,1,0,True
4693666,2024-01-08,BROOKLYN,40.66241,-73.90987,0,0,True
4693667,2024-01-07,BROOKLYN,40.657803,-73.90868,1,0,True
4693668,2024-01-09,BROOKLYN,40.67619,-73.9081,0,0,True
4693669,2024-01-07,UNKNOWN,40.765266,-73.81517,1,0,True
4693670,2024-01-08,MANHATTAN,40.73975,-74.00253,1,0,True
4693673,2024-01-05,MANHATTAN,40.70419,-74.01321,0,0,True
4693674,2024-01-05,MANHATTAN,40.704834,-74.01658,0,0,True
4693675,2024-01-05,MANHATTAN,40.720554,-74.00352,0,0,True
4693676,2024-01-05,BROOKLYN,40.683643,-74.00031,0,0,True
4693677,2024-01-08,BROOKLYN,40.690544,-73.95859,1,0,True
4693678,2024-01-04,UNKNOWN,,,0,0,False
4693679,2024-01-07,QUEENS,40.758892,-73.806076,0,0,True
4693680,2024-01-08,QUEENS,40.775093,-73.846634,0,0,True
4693681,2024-01-03,BRONX,40.807926,-73.91418,0,0,True
4693682,2024-01-08,MANHATTAN,40.75094,-74.005974,0,0,True
4693683,2024-01-06,MANHATTAN,40.742924,-73.99865,0,0,True
4693684,2024-01-05,MANHATTAN,40.788994,-73.94656,0,0,True
4693685,2024-01-01,MANHATTAN,40.78719,-73.94416,0,0,True
4693686,2024-01-08,STATEN ISLAND,40.608727,-74.08839,1,0,True
4693687,2024-01-02,MANHATTAN,40.79157,-73.94469,0,0,True
4693688,2024-01-08,STATEN ISLAND,40.634758,-74.12427,0,0,True
4693689,2024-01-08,UNKNOWN,40.608223,-74.1294,0,0,True
4693690,2024-01-03,MANHATTAN,40.7876,-73.94321,0,0,True
4693691,2024-01-03,MANHATTAN,40.787487,-73.94877,0,0,True
4693692,2024-01-07,STATEN ISLAND,40.641857,-74.11548,0,0,True
4693693,2024-01-08,UNKNOWN,40.6771,-73.92479,0,0,True
4693694,2024-01-06,STATEN ISLAND,40.62776,-74.076294,0,0,True
4693696,2024-01-05,UNKNOWN,40.747242,-73.88766,1,0,True
4693698,2024-01-06,STATEN ISLAND,40.633568,-74.115204,1,0,True
4693699,2024-01-04,STATEN ISLAND,40.637157,-74.10726,0,0,True
4693700,2024-01-08,QUEENS,40.74763,-73.88394,1,0,True
4693701,2024-01-08,UNKNOWN,40.81535,-73.91818,0,0,True
4693702,2024-01-05,QUEENS,40.76897,-73.92369,0,0,True
4693703,2024-01-03,BROOKLYN,40.61445,-73.98081,1,0,True
4693704,2024-01-08,STATEN ISLAND,40.629017,-74.11562,0,0,True
4693705,2024-01-06,STATEN ISLAND,40.627037,-74.11366,0,0,True
4693707,2024-01-06,STATEN ISLAND,40.609837,-74.06302,1,0,True
4693708,2024-01-05,STATEN ISLAND,40.62701,-74.12588,1,0,True
4693709,2024-01-09,QUEENS,40.75715,-73.9394,2,0,True
4693710,2024-01-06,UNKNOWN,,,0,0,False
4693711,2024-01-09,STATEN ISLAND,40.646458,-74.0893,0,0,True
4693712,2024-01-08,QUEENS,40.7746,-73.93303,1,0,True
4693713,2024-01-08,QUEENS,0.0,0.0,0,0,False
4693714,2024-01-07,MANHATTAN,40.794464,-73.93964,0,0,True
4693715,2024-01-09,UNKNOWN,40.719864,-73.94486,0,0,True
4693716,2024-01-09,BROOKLYN,40.73027,-73.953476,0,0,True
4693717,2024-01-09,UNKNOWN,40.72408,-73.837105,0,0,True
4693718,2024-01-08,QUEENS,40.753113,-73.93371,1,0,True
4693719,2024-01-08,STATEN ISLAND,40.611816,-74.12103,1,0,True
4693721,2024-01-09,QUEENS,40.773457,-73.9067,1,0,True
4693724,2024-01-05,STATEN ISLAND,40.617126,-74.10224,1,0,True
4693725,2024-01-08,BROOKLYN,40.675735,-73.89686,0,0,True
4693726,2024-01-09,BROOKLYN,40.658764,-73.891884,0,0,True
4693727,2024-01-09,BROOKLYN,40.67189,-73.895874,2,0,True
4693728,2024-01-09,BROOKLYN,40.67189,-73.895874,0,0,True
4693730,2024-01-09,UNKNOWN,40.76684,-73.838264,2,0,True
4693731,2024-01-09,QUEENS,40.735657,-73.9096,1,0,True
4693732,2024-01-08,QUEENS,40.742188,-73.91891,1,0,True
4693733,2024-01-09,QUEENS,40.743084,-73.9358,0,0,True
4693734,2024-01-09,QUEENS,40.74473,-73.93359,0,0,True
4693736,2024-01-08,QUEENS,40.711994,-73.86073,1,0,True
4693738,2024-01-03,BROOKLYN,40.689663,-73.92239,0,0,True
4693739,2024-01-08,UNKNOWN,40.729305,-73.910385,0,0,True
4693740,2024-01-08,UNKNOWN,40.742573,-73.73389,0,0,True
4693741,2024-01-08,UNKNOWN,40.681473,-73.72776,0,0,True
4693742,2024-01-08,UNKNOWN,40.720604,-73.90479,1,0,True
4693743,2024-01-07,UNKNOWN,,,0,0,False
4693744,2024-01-08,UNKNOWN,40.676785,-73.969185,1,0,True
4693745,2024-01-08,UNKNOWN,40.825912,-73.83647,1,0,True
4693746,2024-01-09,UNKNOWN,40.831398,-73.83097,1,0,True
4693747,2024-01-09,UNKNOWN,40.64077,-73.99408,1,0,True
4693748,2024-01-09,BROOKLYN,40.631798,-73.99541,1,0,True
4693749,2024-01-06,BROOKLYN,40.73046,-73.95149,1,0,True
4693750,2024-01-08,STATEN ISLAND,40.64466,-74.09847,1,0,True
4693751,2024-01-07,BROOKLYN,40.688164,-73.9331,0,0,True
4693752,2024-01-09,BROOKLYN,40.66502,-73.9979,0,0,True
4693753,2024-01-03,BROOKLYN,40.725098,-73.95758,1,0,True
4693754,2024-01-08,BROOKLYN,,,0,0,False
4693755,2024-01-02,UNKNOWN,40.715076,-73.95189,1,0,True
4693756,2024-01-09,MANHATTAN,40.753906,-73.99962,0,0,True
4693757,2024-01-08,UNKNOWN,40.68064,-73.89672,1,0,True
4693758,2024-01-09,BROOKLYN,40.667507,-73.88007,1,0,True
4693759,2024-01-09,QUEENS,40.728428,-73.79285,0,0,True
4693760,2024-01-06,BROOKLYN,40.677788,-73.882675,0,0,True
4693761,2024-01-05,UNKNOWN,40.691227,-73.98214,0,0,True
4693762,2024-01-02,MANHATTAN,40.726116,-74.0016,0,0,True
4693763,2024-01-09,MANHATTAN,40.716183,-74.005936,0,0,True
4693765,2024-01-09,UNKNOWN,40.674755,-73.91109,1,0,True
4693767,2024-01-02,UNKNOWN,40.695614,-73.94056,0,0,True
4693768,2024-01-09,BROOKLYN,40.675198,-73.99936,1,0,True
4693769,2024-01-09,MANHATTAN,40.738613,-73.982666,2,0,True
4693770,2024-01-08,UNKNOWN,40.81328,-73.89749,2,0,True
4693771,2024-01-02,UNKNOWN,40.67058,-73.93096,0,0,True
4693772,2024-01-08,UNKNOWN,40.82967,-73.89384,1,0,True
4693773,2024-01-08,BRONX,40.809914,-73.88815,3,0,True
4693774,2024-01-04,MANHATTAN,40.821445,-73.950386,0,0,True
4693775,2024-01-09,BROOKLYN,40.576363,-73.97653,0,0,True
4693776,2024-01-08,BROOKLYN,40.696198,-73.98877,1,0,True
4693777,2024-01-07,BRONX,40.863068,-73.85925,0,0,True
4693778,2024-01-09,UNKNOWN,40.588936,-73.94554,0,0,True
4693779,2024-01-08,MANHATTAN,40.71551,-73.99814,0,0,True
4693780,2024-01-08,MANHATTAN,40.822643,-73.953224,2,0,True
4693781,2024-01-03,QUEENS,40.707237,-73.79271,0,0,True
4693782,2024-01-02,QUEENS,40.70742,-73.79716,0,0,True
4693783,2024-01-08,UNKNOWN,40.677513,-73.95913,0,0,True
4693784,2024-01-09,BROOKLYN,40.673183,-74.00262,0,0,True
4693785,2024-01-07,UNKNOWN,40.68892,-73.99915,1,0,True
4693786,2024-01-09,UNKNOWN,40.67952,-73.99259,0,0,True
4693787,2024-01-09,UNKNOWN,40.763897,-73.95323,0,0,True
4693788,2024-01-08,MANHATTAN,40.72032,-73.99405,0,0,True
4693789,2024-01-09,BROOKLYN,40.681496,-74.00921,0,0,True
4693790,2024-01-08,QUEENS,40.77139,-73.73489,0,0,True
4693791,2024-01-08,QUEENS,40.761444,-73.87602,1,0,True
4693792,2024-01-09,BROOKLYN,40.658188,-73.88212,1,0,True
4693793,2024-01-09,UNKNOWN,40.63043,-73.88593,0,0,True
4693794,2024-01-09,UNKNOWN,40.712494,-73.76869,1,0,True
4693795,2024-01-09,UNKNOWN,40.685883,-73.97338,1,0,True
4693796,2024-01-09,BROOKLYN,40.680733,-73.97451,0,0,True
4693797,2024-01-05,QUEENS,40.7392,-73.7529,0,0,True
4693798,2024-01-09,QUEENS,40.76226,-73.75699,1,0,True
4693800,2024-01-06,UNKNOWN,,,1,0,False
4693801,2024-01-08,UNKNOWN,,,1,0,False
4693802,2024-01-09,UNKNOWN,40.701458,-73.80414,1,0,True
4693803,2024-01-09,QUEENS,40.710583,-73.77103,1,0,True
4693804,2024-01-06,STATEN ISLAND,40.563774,-74.15586,0,0,True
4693805,2024-01-08,STATEN ISLAND,40.571335,-74.12874,1,0,True
4693806,2024-01-08,STATEN ISLAND,40.55334,-74.14093,0,0,True
4693807,2024-01-08,UNKNOWN,40.59589,-74.085884,1,0,True
4693808,2024-01-09,UNKNOWN,,,1,0,False
4693809,2024-01-09,UNKNOWN,40.59365,-74.063034,0,0,True
4693810,2024-01-09,STATEN ISLAND,40.5377,-74.15002,1,0,True
4693811,2024-01-09,UNKNOWN,40.64433,-73.919914,3,0,True
4693812,2024-01-09,UNKNOWN,40.635853,-74.16619,1,0,True
4693813,2024-01-09,BROOKLYN,40.648434,-73.89328,1,0,True
4693814,2024-01-08,BROOKLYN,40.642563,-73.90633,1,0,True
4693815,2024-01-09,UNKNOWN,40.637093,-74.14507,0,0,True
4693816,2024-01-09,UNKNOWN,40.60235,-74.189644,1,0,True
4693817,2024-01-09,BRONX,40.884846,-73.826065,0,0,True
4693818,2024-01-09,QUEENS,40.75763,-73.865685,0,0,True
4693819,2024-01-09,UNKNOWN,40.69599,-73.98322,0,0,True
4693820,2024-01-09,BROOKLYN,40.667336,-73.99124,1,0,True
4693821,2024-01-09,MANHATTAN,40.806877,-73.96525,0,0,True
4693822,2024-01-08,BROOKLYN,40.664455,-73.9818,0,0,True
4693823,2024-01-09,BROOKLYN,40.675907,-73.969505,0,0,True
4693824,2024-01-09,BROOKLYN,40.688404,-73.99267,0,0,True
4693825,2024-01-04,UNKNOWN,40.809364,-73.96797,1,0,True
4693827,2024-01-09,UNKNOWN,40.757877,-73.85952,0,0,True
4693828,2024-01-09,UNKNOWN,40.725876,-73.76007,1,0,True
4693829,2024-01-09,QUEENS,40.717678,-73.81713,1,0,True
4693830,2024-01-09,UNKNOWN,40.6089,-74.03465,0,0,True
4693831,2024-01-09,QUEENS,40.751453,-73.83228,1,0,True
4693832,2024-01-09,UNKNOWN,40.764816,-73.814964,0,0,True
4693833,2024-01-09,UNKNOWN,40.764347,-73.82595,2,0,True
4693834,2024-01-09,UNKNOWN,40.580616,-74.152534,0,0,True
4693835,2024-01-09,MANHATTAN,40.75595,-73.99074,0,0,True
4693837,2024-01-09,BROOKLYN,40.64267,-74.00325,0,0,True
4693838,2024-01-09,BROOKLYN,40.653004,-74.012856,0,0,True
4693839,2024-01-09,BROOKLYN,40.654232,-74.004524,0,0,True
4693840,2024-01-09,UNKNOWN,40.6644,-73.993935,2,0,True
4693841,2024-01-09,QUEENS,40.726025,-73.79086,0,0,True
4693842,2024-01-10,BROOKLYN,40.640583,-73.91894,0,0,True
4693843,2024-01-09,QUEENS,40.714676,-73.79704,0,0,True
4693844,2024-01-09,UNKNOWN,40.71991,-73.809044,2,0,True
4693845,2024-01-07,QUEENS,40.712116,-73.73118,1,0,True
4693846,2024-01-08,UNKNOWN,40.71143,-73.72845,1,0,True
4693847,2024-01-09,UNKNOWN,40.716164,-73.74477,1,0,True
4693848,2024-01-08,QUEENS,40.72469,-73.7541,1,0,True
4693849,2024-01-09,QUEENS,40.717308,-73.73985,0,0,True
4693850,2024-01-04,QUEENS,40.677925,-73.75486,0,0,True
4693851,2024-01-09,QUEENS,40.668762,-73.733604,2,0,True
4693852,2024-01-08,MANHATTAN,40.7485,-73.974976,1,0,True
4693853,2024-01-05,UNKNOWN,40.699715,-73.96182,1,0,True
4693854,2024-01-09,BROOKLYN,40.70021,-73.953896,1,0,True
4693855,2024-01-06,BROOKLYN,40.713306,-73.95835,1,0,True
4693856,2024-01-09,UNKNOWN,40.82802,-73.93122,0,0,True
4693858,2024-01-09,QUEENS,40.712204,-73.88638,1,0,True
4693859,2024-01-09,QUEENS,40.66311,-73.84084,0,0,True
4693860,2024-01-09,UNKNOWN,40.62916,-74.01144,0,0,True
4693862,2024-01-09,BROOKLYN,40.59346,-73.92856,1,0,True
4693863,2024-01-09,BROOKLYN,40.601707,-73.96373,1,0,True
4693864,2024-01-09,UNKNOWN,40.727898,-73.83882,1,0,True
4693865,2024-01-06,UNKNOWN,40.721027,-73.97471,0,0,True
4693866,2024-01-09,MANHATTAN,40.747295,-73.97405,2,0,True
4693867,2024-01-09,UNKNOWN,40.703163,-73.81662,2,0,True
4693868,2024-01-09,UNKNOWN,40.74791,-73.96806,2,0,True
4693869,2024-01-09,UNKNOWN,40.737705,-73.88231,2,0,True
4693870,2024-01-08,QUEENS,40.677372,-73.79233,1,0,True
4693871,2024-01-09,UNKNOWN,40.787548,-73.85054,0,0,True
4693872,2024-01-09,QUEENS,40.743755,-73.87926,1,0,True
4693873,2024-01-09,QUEENS,40.76189,-73.82967,1,0,True
4693874,2024-01-10,QUEENS,40.683052,-73.84223,1,0,True
4693875,2024-01-09,QUEENS,40.68694,-73.81414,0,0,True
4693876,2024-01-09,BRONX,,,1,0,False
4693877,2024-01-09,BRONX,40.864594,-73.90379,1,0,True
4693878,2024-01-09,UNKNOWN,40.882835,-73.888016,0,0,True
4693879,2024-01-09,BRONX,40.86609,-73.88268,1,0,True
4693880,2024-01-09,QUEENS,40.75967,-73.92725,1,0,True
4693881,2024-01-09,QUEENS,40.778896,-73.90511,0,0,True
4693882,2024-01-01,QUEENS,40.697052,-73.75734,0,0,True
4693883,2024-01-09,QUEENS,40.762825,-73.93398,1,0,True
4693884,2024-01-08,QUEENS,40.774887,-73.90492,0,0,True
4693885,2024-01-09,QUEENS,40.74622,-73.94553,1,0,True
4693886,2024-01-10,UNKNOWN,40.638382,-74.03668,1,0,True
4693887,2024-01-07,QUEENS,40.682384,-73.78873,1,0,True
4693888,2024-01-08,UNKNOWN,40.69296,-73.77164,0,0,True
4693889,2024-01-09,UNKNOWN,40.674953,-73.80205,0,0,True
4693890,2024-01-09,UNKNOWN,,,1,0,False
4693891,2024-01-09,QUEENS,40.746914,-73.94532,0,0,True
4693893,2024-01-09,QUEENS,40.72936,-73.92856,1,0,True
4693894,2024-01-07,UNKNOWN,40.73448,-73.92243,2,0,True
4693895,2024-01-08,QUEENS,40.670326,-73.79244,1,0,True
4693897,2024-01-06,QUEENS,,,1,0,False
4693898,2024-01-08,QUEENS,40.69001,-73.79204,3,0,True
4693899,2024-01-06,UNKNOWN,40.709183,-73.956825,0,0,True
4693901,2024-01-09,UNKNOWN,40.69897,-73.94411,0,0,True
4693903,2024-01-06,UNKNOWN,40.680313,-73.94332,0,0,True
4693904,2024-01-09,BROOKLYN,40.687244,-73.95469,1,0,True
4693905,2024-01-10,UNKNOWN,40.72417,-73.7742,2,0,True
4693906,2024-01-08,BROOKLYN,40.69045,-73.959435,0,0,True
4693907,2024-01-09,BROOKLYN,40.618977,-73.951225,1,0,True
4693908,2024-01-09,BROOKLYN,40.650978,-73.9612,1,0,True
4693909,2024-01-09,BROOKLYN,40.652145,-73.95916,1,0,True
4693910,2024-01-09,BROOKLYN,40.642372,-73.957466,1,0,True
4693911,2024-01-09,BROOKLYN,40.629738,-73.96416,1,0,True
4693912,2024-01-08,UNKNOWN,,,0,0,False
4693914,2024-01-01,QUEENS,40.74355,-73.958405,0,0,True
4693915,2024-01-10,UNKNOWN,40.6953,-73.812096,0,0,True
4693916,2024-01-08,UNKNOWN,40.78625,-73.93935,0,0,True
4693917,2024-01-07,MANHATTAN,40.76863,-73.955414,0,0,True
4693920,2024-01-09,QUEENS,40.679653,-73.77724,1,0,True
4693921,2024-01-09,MANHATTAN,40.70357,-74.00804,0,0,True
4693922,2024-01-03,MANHATTAN,40.707764,-74.00671,1,0,True
4693923,2024-01-09,MANHATTAN,40.773464,-73.96212,0,0,True
4693924,2024-01-10,MANHATTAN,40.706852,-74.00501,1,0,True
4693925,2024-01-09,UNKNOWN,40.724564,-74.00779,0,0,True
4693926,2024-01-09,MANHATTAN,40.77334,-73.94902,0,0,True
4693927,2024-01-02,UNKNOWN,,,0,0,False
4693928,2024-01-09,STATEN ISLAND,40.63676,-74.07742,0,0,True
4693929,2024-01-09,STATEN ISLAND,40.633972,-74.124535,0,0,True
4693930,2024-01-05,STATEN ISLAND,40.6117,-74.088,0,0,True
4693931,2024-01-09,BROOKLYN,40.694496,-73.91482,0,0,True
4693932,2024-01-10,UNKNOWN,40.583534,-73.984184,0,0,True
4693933,2024-01-10,QUEENS,40.76165,-73.82715,0,0,True
4693934,2024-01-09,BROOKLYN,40.68692,-73.97725,0,0,True
4693935,2024-01-09,UNKNOWN,40.792957,-73.79763,0,0,True
4693936,2024-01-05,UNKNOWN,40.730366,-73.91388,0,0,True
4693937,2024-01-06,BRONX,40.831867,-73.90235,0,0,True
4693938,2024-01-09,BRONX,,,1,0,False
4693939,2024-01-09,BRONX,40.897068,-73.843376,0,0,True
4693940,2024-01-08,BRONX,40.831207,-73.90093,1,0,True
4693941,2024-01-05,BRONX,40.83648,-73.897736,0,0,True
4693942,2024-01-09,BRONX,40.828545,-73.8919,0,0,True
4693943,2024-01-10,MANHATTAN,40.723633,-73.97588,0,0,True
4693944,2024-01-08,UNKNOWN,40.650642,-73.92161,0,0,True
4693946,2024-01-09,UNKNOWN,40.696484,-73.81275,0,0,True
4693947,2024-01-05,BRONX,40.83466,-73.89151,1,0,True
4693948,2024-01-07,QUEENS,40.76394,-73.828156,1,0,True
4693949,2024-01-08,UNKNOWN,,,1,0,False
4693950,2024-01-10,UNKNOWN,40.673565,-73.90788,0,0,True
4693952,2024-01-10,BROOKLYN,40.654133,-73.91234,2,0,True
4693953,2024-01-09,BROOKLYN,40.640945,-73.94852,1,0,True
4693954,2024-01-09,BRONX,40.894547,-73.86104,0,0,True
4693956,2024-01-06,UNKNOWN,40.74006,-73.87864,0,0,True
4693957,2024-01-09,QUEENS,40.743805,-73.92426,1,0,True
4693958,2024-01-09,UNKNOWN,40.742874,-73.933945,0,0,True
4693959,2024-01-10,BROOKLYN,40.671864,-73.97086,1,0,True
4693960,2024-01-10,BRONX,40.8555,-73.84069,0,0,True
4693961,2024-01-06,UNKNOWN,40.84504,-73.87148,0,0,True
4693962,2024-01-09,MANHATTAN,40.75202,-74.00473,1,0,True
4693963,2024-01-09,BROOKLYN,40.67816,-73.897484,0,0,True
4693964,2024-01-09,BROOKLYN,40.67487,-73.880035,0,0,True
4693965,2024-01-09,UNKNOWN,40.67898,-73.88107,1,0,True
4693966,2024-01-10,BROOKLYN,40.676598,-73.89038,0,0,True
4693967,2024-01-10,BROOKLYN,40.674534,-73.89656,0,0,True
4693968,2024-01-10,BROOKLYN,40.678593,-73.896545,1,0,True
4693969,2024-01-10,BROOKLYN,40.726677,-73.95247,0,0,True
4693970,2024-01-09,BROOKLYN,40.734688,-73.952446,0,0,True
4693971,2024-01-10,QUEENS,40.7065,-73.91701,0,0,True
4693972,2024-01-09,QUEENS,40.70256,-73.87328,0,0,True
4693973,2024-01-10,QUEENS,40.764297,-73.93001,0,0,True
4693974,2024-01-09,BROOKLYN,40.625603,-73.92861,1,0,True
4693975,2024-01-09,STATEN ISLAND,40.56152,-74.17186,2,0,True
4693976,2024-01-09,BROOKLYN,40.614166,-73.92886,1,0,True
4693978,2024-01-09,BROOKLYN,40.625126,-73.93981,1,0,True
4693979,2024-01-08,QUEENS,40.703575,-73.767815,2,0,True
4693980,2024-01-08,BROOKLYN,40.62621,-73.927666,0,0,True
4693982,2024-01-08,BROOKLYN,40.681946,-73.96564,0,0,True
4693983,2024-01-10,MANHATTAN,40.738483,-73.97637,0,0,True
4693984,2024-01-09,MANHATTAN,40.738503,-73.991806,0,0,True
4693985,2024-01-09,BROOKLYN,40.71723,-73.95381,0,0,True
4693986,2024-01-10,BRONX,40.870106,-73.87872,0,0,True
4693987,2024-01-08,BROOKLYN,40.63982,-74.02443,0,0,True
4693988,2024-01-10,UNKNOWN,,,2,0,False
4693994,2024-01-09,QUEENS,40.7293,-73.862854,1,0,True
4693995,2024-01-09,MANHATTAN,40.717155,-73.987045,1,0,True
4693996,2024-01-04,BROOKLYN,40.62214,-73.94473,0,0,True
4693997,2024-01-07,BROOKLYN,40.625835,-73.935356,2,0,True
4693998,2024-01-10,BROOKLYN,40.62731,-73.941826,0,0,True
4693999,2024-01-09,BROOKLYN,40.6082,-73.920715,1,0,True
4694000,2024-01-09,BROOKLYN,40.62487,-73.91782,0,0,True
4694001,2024-01-07,BROOKLYN,40.628387,-73.92431,0,0,True
4694002,2024-01-07,UNKNOWN,40.89711,-73.88008,0,0,True
4694003,2024-01-01,UNKNOWN,,,1,0,False
4694004,2024-01-09,BROOKLYN,40.669476,-73.919975,0,0,True
4694005,2024-01-06,UNKNOWN,40.87847,-73.90363,1,0,True
4694006,2024-01-10,BROOKLYN,40.670044,-73.91085,0,0,True
4694007,2024-01-08,BROOKLYN,40.656044,-73.90724,0,0,True
4694009,2024-01-10,UNKNOWN,40.612495,-73.97922,0,0,True
4694010,2024-01-10,UNKNOWN,40.764267,-73.722946,0,0,True
4694011,2024-01-09,BRONX,,,2,0,False
4694012,2024-01-08,BROOKLYN,40.635475,-73.89156,0,0,True
4694013,2024-01-02,QUEENS,40.70052,-73.89797,0,0,True
4694014,2024-01-09,MANHATTAN,40.713196,-73.98389,1,0,True
4694016,2024-01-08,MANHATTAN,40.80202,-73.94969,0,0,True
4694017,2024-01-09,UNKNOWN,,,1,0,False
4694018,2024-01-02,MANHATTAN,40.802612,-73.94897,0,0,True
4694019,2024-01-08,MANHATTAN,40.808292,-73.94883,2,0,True
4694020,2024-01-08,BRONX,40.8315,-73.888084,1,0,True
4694021,2024-01-03,UNKNOWN,40.827274,-73.904915,3,0,True
4694022,2024-01-09,BRONX,40.824066,-73.908714,0,0,True
4694023,2024-01-09,UNKNOWN,40.695377,-73.94921,1,0,True
4694025,2024-01-10,UNKNOWN,40.600246,-74.0946,0,0,True
4694026,2024-01-10,BROOKLYN,40.727795,-73.93725,0,0,True
4694028,2024-01-09,QUEENS,40.758755,-73.86119,0,0,True
4694029,2024-01-08,QUEENS,40.68495,-73.84926,1,0,True
4694030,2024-01-09,BRONX,40.825798,-73.88972,0,0,True
4694031,2024-01-09,BRONX,40.825798,-73.88972,0,0,True
4694032,2024-01-09,BRONX,40.82098,-73.89388,1,0,True
4694033,2024-01-10,BRONX,40.90252,-73.85114,1,0,True
4694034,2024-01-09,BROOKLYN,40.59192,-73.97723,1,0,True
4694035,2024-01-10,BROOKLYN,40.591564,-73.96505,1,0,True
4694036,2024-01-09,MANHATTAN,40.71347,-73.99859,0,0,True
4694037,2024-01-01,BRONX,40.877853,-73.852615,0,0,True
4694038,2024-01-10,BROOKLYN,40.674397,-73.896515,0,0,True
4694039,2024-01-09,STATEN ISLAND,40.54646,-74.21465,0,0,True
4694040,2024-01-10,BROOKLYN,40.66937,-73.89523,1,0,True
4694041,2024-01-10,BROOKLYN,40.66917,-73.98631,0,0,True
4694042,2024-01-10,UNKNOWN,40.68782,-73.9627,2,0,True
4694043,2024-01-06,QUEENS,40.598404,-73.76244,0,0,True
4694044,2024-01-08,QUEENS,40.595383,-73.77141,0,0,True
4694045,2024-01-09,QUEENS,40.606514,-73.754684,1,0,True
4694046,2024-01-10,UNKNOWN,40.59654,-73.76748,0,0,True
4694047,2024-01-10,BROOKLYN,40.70992,-73.9623,1,0,True
4694048,2024-01-10,BRONX,40.86789,-73.86729,1,0,True
4694049,2024-01-09,BRONX,40.85,-73.861946,0,0,True
4694050,2024-01-10,UNKNOWN,40.74947,-73.7564,2,0,True
4694051,2024-01-10,UNKNOWN,40.589993,-74.15691,1,0,True
4694052,2024-01-06,UNKNOWN,40.68342,-73.982,1,0,True
4694054,2024-01-10,UNKNOWN,40.86769,-73.92122,0,0,True
4694055,2024-01-10,UNKNOWN,40.713146,-73.84654,1,0,True
4694056,2024-01-09,BROOKLYN,40.586308,-73.96943,0,0,True
4694057,2024-01-09,UNKNOWN,40.584137,-73.96386,0,0,True
4694058,2024-01-08,UNKNOWN,40.694813,-73.98328,0,0,True
4694059,2024-01-09,UNKNOWN,40.74213,-73.8378,1,0,True
4694060,2024-01-05,BROOKLYN,40.677868,-73.90332,0,0,True
4694061,2024-01-07,BROOKLYN,40.683605,-73.91462,1,0,True
4694062,2024-01-10,BROOKLYN,40.657227,-73.900764,0,0,True
4694063,2024-01-08,BROOKLYN,40.64275,-73.90378,2,0,True
4694064,2024-01-08,UNKNOWN,40.633636,-73.881996,0,0,True
4694065,2024-01-10,UNKNOWN,40.675323,-73.86332,2,0,True
4694066,2024-01-10,BROOKLYN,40.673676,-73.86576,1,0,True
4694067,2024-01-10,BROOKLYN,40.657814,-73.89613,0,0,True
4694068,2024-01-10,BROOKLYN,40.675404,-73.87192,0,0,True
4694069,2024-01-10,BROOKLYN,40.660408,-73.892006,2,0,True
4694070,2024-01-05,QUEENS,40.71938,-73.85062,1,0,True
4694071,2024-01-10,UNKNOWN,40.580616,-74.152534,1,0,True
4694072,2024-01-10,UNKNOWN,40.715927,-73.80889,0,0,True
4694073,2024-01-10,QUEENS,40.711376,-73.82054,0,0,True
4694074,2024-01-06,BROOKLYN,40.671875,-73.91414,2,0,True
4694075,2024-01-05,MANHATTAN,40.774277,-73.959404,1,0,True
4694076,2024-01-09,MANHATTAN,40.770214,-73.95372,0,0,True
4694077,2024-01-09,MANHATTAN,40.763145,-73.9684,0,0,True
4694078,2024-01-10,BROOKLYN,40.687984,-73.99443,0,0,True
4694079,2024-01-10,BROOKLYN,40.634483,-73.91886,1,0,True
4694080,2024-01-10,UNKNOWN,,,1,0,False
4694081,2024-01-10,QUEENS,40.756912,-73.8267,1,0,True
4694082,2024-01-06,QUEENS,40.75705,-73.83395,0,0,True
4694083,2024-01-10,QUEENS,40.79092,-73.84752,0,0,True
4694084,2024-01-10,QUEENS,40.72244,-73.85102,0,0,True
4694086,2024-01-09,BROOKLYN,40.63189,-74.029625,0,0,True
4694087,2024-01-10,QUEENS,40.664295,-73.83938,1,0,True
4694088,2024-01-10,UNKNOWN,,,1,0,False
4694089,2024-01-09,BROOKLYN,40.620956,-74.03016,0,0,True
4694090,2024-01-10,UNKNOWN,40.66612,-73.82225,2,0,True
4694091,2024-01-10,QUEENS,40.68884,-73.8219,0,0,True
4694092,2024-01-10,QUEENS,40.674347,-73.82071,0,0,True
4694093,2024-01-10,QUEENS,40.68108,-73.84048,1,0,True
4694094,2024-01-09,BROOKLYN,40.626545,-74.020905,1,0,True
4694095,2024-01-09,BROOKLYN,40.63532,-74.02324,1,0,True
4694096,2024-01-09,BROOKLYN,40.629486,-74.022644,1,0,True
4694097,2024-01-10,QUEENS,40.58904,-73.80126,1,0,True
4694098,2024-01-07,BROOKLYN,40.71176,-73.96303,0,0,True
4694099,2024-01-10,UNKNOWN,40.723183,-73.90059,1,0,True
4694101,2024-01-02,QUEENS,40.698578,-73.893036,0,0,True
4694102,2024-01-10,UNKNOWN,,,0,0,False
4694104,2024-01-05,UNKNOWN,40.545597,-74.17257,0,0,True
4694105,2024-01-10,UNKNOWN,40.610146,-74.15127,0,0,True
4694107,2024-01-10,QUEENS,40.70806,-73.8073,1,0,True
4694108,2024-01-07,QUEENS,40.766716,-73.928566,0,0,True
4694109,2024-01-09,UNKNOWN,40.727207,-73.90742,1,0,True
4694110,2024-01-10,QUEENS,40.726097,-73.91943,0,0,True
4694111,2024-01-10,QUEENS,40.74016,-73.89525,0,0,True
4694112,2024-01-11,QUEENS,40.773224,-73.74136,0,0,True
4694113,2024-01-08,QUEENS,40.767193,-73.93759,0,0,True
4694114,2024-01-09,UNKNOWN,40.74478,-73.86342,1,0,True
4694115,2024-01-11,UNKNOWN,40.757065,-73.73904,2,0,True
4694118,2024-01-11,QUEENS,40.69366,-73.85217,1,0,True
4694119,2024-01-10,MANHATTAN,40.751747,-73.97081,0,0,True
4694120,2024-01-08,BROOKLYN,40.663124,-73.9509,1,0,True
4694121,2024-01-09,BROOKLYN,40.656063,-73.93957,1,0,True
4694122,2024-01-10,BROOKLYN,40.65908,-73.96258,0,0,True
4694123,2024-01-10,UNKNOWN,40.669228,-73.9556,0,0,True
4694124,2024-01-10,UNKNOWN,40.691868,-73.863846,0,0,True
4694125,2024-01-10,BROOKLYN,40.655422,-73.95007,1,0,True
4694127,2024-01-11,UNKNOWN,,,0,0,False
4694128,2024-01-08,UNKNOWN,40.726967,-73.85647,1,0,True
4694129,2024-01-02,MANHATTAN,40.758274,-73.97106,1,0,True
4694130,2024-01-07,QUEENS,40.731285,-73.85775,0,0,True
4694131,2024-01-09,QUEENS,40.730335,-73.86763,0,0,True
4694132,2024-01-10,UNKNOWN,40.750786,-74.00564,0,0,True
4694133,2024-01-10,UNKNOWN,,,1,0,False
4694134,2024-01-07,UNKNOWN,40.840878,-73.90477,0,0,True
4694135,2024-01-11,UNKNOWN,40.699825,-73.88677,0,0,True
4694136,2024-01-10,QUEENS,40.76825,-73.89621,2,0,True
4694137,2024-01-06,BRONX,40.819057,-73.92923,0,0,True
4694138,2024-01-10,UNKNOWN,40.692146,-73.919464,0,0,True
4694139,2024-01-11,UNKNOWN,40.621326,-74.17081,1,0,True
4694140,2024-01-10,UNKNOWN,40.681515,-73.90412,1,0,True
4694141,2024-01-10,BROOKLYN,40.70004,-73.9361,0,0,True
4694142,2024-01-10,UNKNOWN,40.752037,-73.942726,0,0,True
4694143,2024-01-10,BROOKLYN,40.59926,-74.005424,0,0,True
4694144,2024-01-10,UNKNOWN,,,0,0,False
4694145,2024-01-09,STATEN ISLAND,40.524677,-74.17154,0,0,True
4694146,2024-01-10,STATEN ISLAND,40.640568,-74.118,1,0,True
4694147,2024-01-08,STATEN ISLAND,40.631897,-74.09716,1,0,True
4694148,2024-01-10,QUEENS,40.595203,-73.75603,0,0,True
4694149,2024-01-11,UNKNOWN,,,1,0,False
4694150,2024-01-10,UNKNOWN,40.646446,-74.07884,0,0,True
4694151,2024-01-06,STATEN ISLAND,40.629425,-74.074615,0,0,True
4694152,2024-01-11,MANHATTAN,40.806408,-73.94016,2,0,True
4694153,2024-01-09,BRONX,40.87319,-73.87541,1,0,True
4694154,2024-01-10,MANHATTAN,40.80601,-73.94133,0,0,True
4694155,2024-01-08,MANHATTAN,40.796005,-73.93542,0,0,True
4694156,2024-01-10,BROOKLYN,40.68031,-73.96793,1,0,True
4694157,2024-01-11,UNKNOWN,40.722095,-73.77772,1,0,True
4694158,2024-01-02,MANHATTAN,40.804333,-73.95305,0,0,True
4694159,2024-01-03,MANHATTAN,40.810406,-73.95171,0,0,True
4694160,2024-01-03,UNKNOWN,40.81462,-73.908585,0,0,True
4694162,2024-01-11,BRONX,40.86749,-73.88323,1,0,True
4694163,2024-01-11,QUEENS,40.719395,-73.87471,1,0,True
4694164,2024-01-11,BRONX,40.883286,-73.883194,0,0,True
4694165,2024-01-11,UNKNOWN,40.696205,-73.97249,0,0,True
4694166,2024-01-06,BROOKLYN,40.68841,-73.97685,0,0,True
4694167,2024-01-10,UNKNOWN,40.87971,-73.90134,1,0,True
4694168,2024-01-08,UNKNOWN,40.875122,-73.905174,0,0,True
4694169,2024-01-10,BRONX,40.876247,-73.90001,0,0,True
4694170,2024-01-10,BROOKLYN,40.672447,-73.99019,1,0,True
4694171,2024-01-11,BRONX,40.89132,-73.89836,0,0,True
4694172,2024-01-09,MANHATTAN,40.718628,-74.00255,1,0,True
4694173,2024-01-09,UNKNOWN,40.72551,-74.004036,1,0,True
4694174,2024-01-10,MANHATTAN,40.704674,-74.00813,1,0,True
4694175,2024-01-11,QUEENS,40.692165,-73.86196,1,0,True
4694176,2024-01-09,UNKNOWN,40.734135,-73.9583,0,0,True
4694177,2024-01-08,MANHATTAN,40.74687,-73.988625,0,0,True
4694178,2024-01-11,QUEENS,40.723885,-73.84915,0,0,True
4694180,2024-01-09,BRONX,40.87829,-73.87006,0,0,True
4694181,2024-01-09,BRONX,40.87233,-73.84651,0,0,True
4694183,2024-01-06,QUEENS,40.669422,-73.76573,0,0,True
4694184,2024-01-10,BROOKLYN,40.624878,-73.96418,1,0,True
4694185,2024-01-11,MANHATTAN,40.718708,-74.000946,0,0,True
4694186,2024-01-08,BROOKLYN,40.650394,-73.96588,0,0,True
4694187,2024-01-09,MANHATTAN,40.82403,-73.94476,0,0,True
4694188,2024-01-10,MANHATTAN,40.72018,-73.99604,0,0,True
4694189,2024-01-09,MANHATTAN,40.768593,-73.98522,1,0,True
4694190,2024-01-11,MANHATTAN,40.761658,-73.986565,0,0,True
4694191,2024-01-01,UNKNOWN,40.8327,-73.950226,3,0,True
4694192,2024-01-11,BROOKLYN,40.71082,-73.96853,0,0,True
4694193,2024-01-07,UNKNOWN,40.589066,-74.138626,2,0,True
4694194,2024-01-09,MANHATTAN,40.77074,-73.99455,1,0,True
4694195,2024-01-05,MANHATTAN,40.786938,-73.96924,0,0,True
4694196,2024-01-02,UNKNOWN,40.79611,-73.96145,0,0,True
4694197,2024-01-08,MANHATTAN,40.788986,-73.97407,0,0,True
4694198,2024-01-11,MANHATTAN,40.75584,-73.98439,0,0,True
4694201,2024-01-11,UNKNOWN,,,0,0,False
4694202,2024-01-06,UNKNOWN,40.736145,-73.92651,2,0,True
4694203,2024-01-11,QUEENS,40.747105,-73.92266,1,0,True
4694204,2024-01-10,QUEENS,40.737785,-73.92263,1,0,True
4694205,2024-01-09,MANHATTAN,40.75219,-73.99347,0,0,True
4694206,2024-01-10,BROOKLYN,40.6532,-74.005585,0,0,True
4694207,2024-01-10,BROOKLYN,40.666843,-73.994865,0,0,True
4694208,2024-01-10,BROOKLYN,40.658886,-73.9997,2,0,True
4694209,2024-01-11,BROOKLYN,40.648045,-74.00009,0,0,True
4694210,2024-01-10,MANHATTAN,40.74757,-73.98253,1,0,True
4694211,2024-01-09,MANHATTAN,40.757355,-73.97832,0,0,True
4694212,2024-01-08,MANHATTAN,40.762287,-73.972374,1,0,True
4694213,2024-01-03,BROOKLYN,40.671593,-73.916565,0,0,True
4694214,2024-01-11,UNKNOWN,40.678276,-73.91076,1,0,True
4694215,2024-01-07,BROOKLYN,40.65792,-73.90189,2,0,True
4694216,2024-01-06,UNKNOWN,,,3,0,False
4694217,2024-01-09,MANHATTAN,40.750988,-73.99063,1,0,True
4694218,2024-01-11,UNKNOWN,40.69942,-73.86878,0,0,True
4694219,2024-01-10,MANHATTAN,40.75818,-73.96468,1,0,True
4694220,2024-01-11,BROOKLYN,40.707653,-73.93984,1,0,True
4694221,2024-01-11,QUEENS,40.734657,-73.79755,2,0,True
4694222,2024-01-11,UNKNOWN,40.692196,-73.92488,0,0,True
4694223,2024-01-11,UNKNOWN,40.839924,-73.93286,0,0,True
4694225,2024-01-10,BROOKLYN,40.65289,-73.866745,0,0,True
4694226,2024-01-10,BROOKLYN,40.671246,-73.88254,0,0,True
4694227,2024-01-08,BROOKLYN,40.677208,-73.89723,0,0,True
4694228,2024-01-11,UNKNOWN,40.659363,-73.87938,0,0,True
4694229,2024-01-11,BROOKLYN,40.618946,-73.99904,0,0,True
4694230,2024-01-11,BROOKLYN,40.67539,-73.88113,2,0,True
4694231,2024-01-10,UNKNOWN,40.663776,-73.889915,0,0,True
4694232,2024-01-11,BROOKLYN,40.610214,-73.96026,1,0,True
4694233,2024-01-11,BROOKLYN,40.675026,-73.88544,1,0,True
4694234,2024-01-11,MANHATTAN,40.73734,-73.98358,0,0,True
4694235,2024-01-11,BROOKLYN,40.65459,-73.90785,0,0,True
4694236,2024-01-10,MANHATTAN,40.719578,-73.99806,0,0,True
4694237,2024-01-09,QUEENS,40.72741,-73.80206,0,0,True
4694238,2024-01-11,BROOKLYN,40.692146,-73.919464,0,0,True
4694239,2024-01-11,BROOKLYN,40.701912,-73.93699,1,0,True
4694240,2024-01-10,BROOKLYN,40.616043,-73.94484,1,0,True
4694241,2024-01-11,BROOKLYN,40.63468,-73.96509,1,0,True
4694242,2024-01-07,QUEENS,40.6981,-73.76203,0,0,True
4694243,2024-01-11,UNKNOWN,40.596745,-73.99799,1,0,True
4694244,2024-01-08,BROOKLYN,40.68969,-73.99237,1,0,True
4694245,2024-01-11,BROOKLYN,40.68212,-74.00731,0,0,True
4694246,2024-01-11,QUEENS,40.763412,-73.77289,0,0,True
4694247,2024-01-08,MANHATTAN,40.85432,-73.92826,0,0,True
4694248,2024-01-07,UNKNOWN,,,6,0,False
4694249,2024-01-11,UNKNOWN,,,0,0,False
4694250,2024-01-09,BROOKLYN,40.62747,-73.96278,1,0,True
4694251,2024-01-11,UNKNOWN,40.64254,-73.87652,0,0,True
4694252,2024-01-11,BROOKLYN,40.67222,-73.90754,0,0,True
4694253,2024-01-09,MANHATTAN,40.83597,-73.945984,1,0,True
4694254,2024-01-07,MANHATTAN,40.740448,-73.97732,1,0,True
4694255,2024-01-05,BROOKLYN,40.650467,-73.92443,0,0,True
4694256,2024-01-11,BROOKLYN,40.636448,-73.94513,1,0,True
4694257,2024-01-11,BROOKLYN,40.65067,-73.95248,1,0,True
4694258,2024-01-09,UNKNOWN,40.835808,-73.949455,0,0,True
4694259,2024-01-11,QUEENS,40.725857,-73.791435,1,0,True
4694260,2024-01-11,QUEENS,40.72921,-73.781166,1,0,True
4694261,2024-01-10,MANHATTAN,40.84691,-73.93824,1,0,True
4694262,2024-01-11,QUEENS,40.716557,-73.77406,0,0,True
4694263,2024-01-10,BROOKLYN,40.682693,-73.99043,0,0,True
4694264,2024-01-10,MANHATTAN,40.841564,-73.9357,0,0,True
4694265,2024-01-11,MANHATTAN,40.841076,-73.93977,1,0,True
4694266,2024-01-10,MANHATTAN,40.84308,-73.93832,1,0,True
4694267,2024-01-11,QUEENS,40.74888,-73.89249,0,0,True
4694268,2024-01-11,QUEENS,40.75681,-73.88654,1,0,True
4694269,2024-01-10,QUEENS,40.764088,-73.88883,0,0,True
4694270,2024-01-11,UNKNOWN,,,0,0,False
4694271,2024-01-08,BROOKLYN,40.645103,-74.01033,1,0,True
4694272,2024-01-11,BROOKLYN,40.66435,-73.87231,0,0,True
4694273,2024-01-11,BROOKLYN,40.679653,-73.870346,0,0,True
4694274,2024-01-11,BROOKLYN,40.673706,-73.90118,2,0,True
4694275,2024-01-11,BROOKLYN,40.631233,-74.01842,0,0,True
4694276,2024-01-11,BROOKLYN,40.629463,-74.016685,0,0,True
4694277,2024-01-03,BROOKLYN,40.63066,-74.03107,2,0,True
4694278,2024-01-11,UNKNOWN,40.62576,-74.027145,2,0,True
4694279,2024-01-11,BROOKLYN,40.63055,-74.00937,0,0,True
4694280,2024-01-11,BROOKLYN,40.623528,-74.02347,0,0,True
4694281,2024-01-09,UNKNOWN,40.82803,-73.934845,4,0,True
4694282,2024-01-05,UNKNOWN,40.68066,-74.003296,0,0,True
4694283,2024-01-11,QUEENS,40.680325,-73.82898,1,0,True
4694284,2024-01-11,QUEENS,40.67656,-73.857605,0,0,True
4694285,2024-01-11,QUEENS,40.66454,-73.82276,1,0,True
4694286,2024-01-11,QUEENS,40.67725,-73.826096,0,0,True
4694287,2024-01-11,UNKNOWN,,,0,0,False
4694288,2024-01-11,QUEENS,40.6724,-73.856834,0,0,True
4694289,2024-01-11,QUEENS,40.679253,-73.81871,1,0,True
4694290,2024-01-11,UNKNOWN,,,3,0,False
4694291,2024-01-11,QUEENS,40.67801,-73.8161,1,0,True
4694292,2024-01-09,MANHATTAN,40.814102,-73.940865,1,0,True
4694293,2024-01-11,UNKNOWN,40.735424,-73.974754,0,0,True
4694294,2024-01-11,UNKNOWN,40.5832,-73.97304,0,0,True
4694296,2024-01-07,UNKNOWN,40.843616,-73.87182,0,0,True
4694297,2024-01-10,UNKNOWN,40.793438,-73.93284,0,0,True
4694298,2024-01-08,UNKNOWN,40.71074,-73.98274,0,0,True
4694299,2024-01-11,UNKNOWN,40.89945,-73.86147,1,0,True
4694300,2024-01-11,BROOKLYN,40.635506,-73.913284,1,0,True
4694301,2024-01-11,QUEENS,40.72926,-73.75282,2,0,True
4694302,2024-01-10,QUEENS,40.751297,-73.73986,0,0,True
4694303,2024-01-06,UNKNOWN,40.7549,-73.74548,0,0,True
4694304,2024-01-11,UNKNOWN,40.761436,-73.76176,3,0,True
4694305,2024-01-11,QUEENS,40.735664,-73.8457,0,0,True
4694306,2024-01-09,MANHATTAN,40.782475,-73.98082,1,0,True
4694307,2024-01-10,MANHATTAN,40.750523,-73.979805,1,0,True
4694308,2024-01-12,UNKNOWN,40.74091,-73.83727,1,0,True
4694309,2024-01-10,QUEENS,40.57942,-73.851,1,0,True
4694310,2024-01-11,QUEENS,40.57951,-73.83811,0,0,True
4694311,2024-01-08,QUEENS,40.67777,-73.79553,0,0,True
4694312,2024-01-11,QUEENS,40.7421,-73.90446,0,0,True
4694313,2024-01-11,QUEENS,40.742683,-73.89566,1,0,True
4694314,2024-01-11,UNKNOWN,,,1,0,False
4694315,2024-01-06,MANHATTAN,40.757698,-73.9694,0,0,True
4694316,2024-01-11,STATEN ISLAND,,,1,0,False
4694317,2024-01-11,STATEN ISLAND,40.520916,-74.235115,1,0,True
4694318,2024-01-11,BROOKLYN,40.644226,-73.9537,1,0,True
4694320,2024-01-11,BROOKLYN,40.7109,-73.943794,1,0,True
4694321,2024-01-09,MANHATTAN,40.802925,-73.96758,0,0,True
4694322,2024-01-06,MANHATTAN,,,0,0,False
4694323,2024-01-07,UNKNOWN,40.74106,-73.946106,0,0,True
4694324,2024-01-09,BROOKLYN,40.615448,-73.98875,0,0,True
4694325,2024-01-08,BROOKLYN,40.70791,-73.945015,1,0,True
4694326,2024-01-11,BROOKLYN,40.70483,-73.96633,0,0,True
4694327,2024-01-10,QUEENS,40.703293,-73.7961,1,0,True
4694328,2024-01-06,QUEENS,40.707737,-73.78744,1,0,True
4694329,2024-01-04,BROOKLYN,40.60195,-73.99506,0,0,True
4694330,2024-01-10,UNKNOWN,,,0,0,False
4694331,2024-01-12,BROOKLYN,40.618073,-73.99932,0,0,True
4694332,2024-01-11,UNKNOWN,40.58573,-74.16865,0,0,True
4694333,2024-01-11,UNKNOWN,40.60323,-74.137985,0,0,True
4694334,2024-01-11,QUEENS,40.704845,-73.80928,0,0,True
4694335,2024-01-11,QUEENS,40.71512,-73.77358,0,0,True
4694336,2024-01-11,QUEENS,40.71426,-73.77713,0,0,True
4694337,2024-01-07,QUEENS,40.710102,-73.753365,2,0,True
4694338,2024-01-11,UNKNOWN,40.586338,-73.93421,1,0,True
4694339,2024-01-11,BROOKLYN,40.604862,-73.9447,0,0,True
4694340,2024-01-11,UNKNOWN,40.612724,-73.94418,1,0,True
4694341,2024-01-11,BRONX,40.854446,-73.86468,1,0,True
4694342,2024-01-08,QUEENS,40.75869,-73.9115,0,0,True
4694343,2024-01-09,BROOKLYN,40.601048,-73.951744,0,0,True
4694344,2024-01-11,QUEENS,40.773888,-73.924614,0,0,True
4694345,2024-01-06,BRONX,0.0,0.0,1,0,False
4694346,2024-01-11,QUEENS,40.782043,-73.91908,0,0,True
4694347,2024-01-11,BROOKLYN,40.72821,-73.94933,0,0,True
4694348,2024-01-08,UNKNOWN,40.7242,-73.93765,0,0,True
4694349,2024-01-09,MANHATTAN,40.771694,-73.95919,0,0,True
4694350,2024-01-11,UNKNOWN,,,1,0,False
4694351,2024-01-11,BRONX,40.85232,-73.86301,2,0,True
4694352,2024-01-10,UNKNOWN,40.781525,-73.96042,1,0,True
4694353,2024-01-11,MANHATTAN,40.76624,-73.960236,0,0,True
4694354,2024-01-11,BROOKLYN,40.723232,-73.95049,0,0,True
4694355,2024-01-11,UNKNOWN,40.709328,-73.955894,1,0,True
4694356,2024-01-11,QUEENS,40.74324,-73.879684,0,0,True
4694357,2024-01-10,QUEENS,40.746117,-73.883606,0,0,True
4694358,2024-01-12,QUEENS,40.741455,-73.855095,0,0,True
4694359,2024-01-11,UNKNOWN,40.74006,-73.87864,0,0,True
4694360,2024-01-11,QUEENS,40.73377,-73.87726,0,0,True
4694361,2024-01-11,QUEENS,40.695232,-73.859856,0,0,True
4694362,2024-01-11,BROOKLYN,40.644962,-74.01313,0,0,True
4694363,2024-01-11,BROOKLYN,40.661568,-73.90479,1,0,True
4694364,2024-01-11,QUEENS,40.695293,-73.85944,0,0,True
4694365,2024-01-10,UNKNOWN,40.762825,-73.93398,0,0,True
4694366,2024-01-11,QUEENS,40.75372,-73.83283,0,0,True
4694367,2024-01-11,QUEENS,40.7856,-73.83936,0,0,True
4694368,2024-01-09,UNKNOWN,40.786575,-73.80782,0,0,True
4694369,2024-01-10,UNKNOWN,40.826397,-73.92116,1,0,True
4694370,2024-01-11,UNKNOWN,40.784565,-73.82141,0,0,True
4694371,2024-01-08,BRONX,40.858288,-73.890396,1,0,True
4694372,2024-01-11,UNKNOWN,40.85885,-73.885956,0,0,True
4694373,2024-01-08,UNKNOWN,,,2,0,False
4694374,2024-01-11,MANHATTAN,40.790714,-73.97818,0,0,True
4694375,2024-01-11,UNKNOWN,40.66015,-73.85333,0,0,True
4694376,2024-01-12,QUEENS,40.672276,-73.8045,0,0,True
4694377,2024-01-01,UNKNOWN,40.79944,-73.975006,1,0,True
4694378,2024-01-09,BRONX,40.858223,-73.88764,1,0,True
4694379,2024-01-11,BRONX,40.838238,-73.876686,3,0,True
4694380,2024-01-09,UNKNOWN,40.79672,-73.97618,0,0,True
4694381,2024-01-11,BRONX,40.841347,-73.9169,1,0,True
4694382,2024-01-11,UNKNOWN,40.786003,-73.80219,3,0,True
4694383,2024-01-12,QUEENS,40.679146,-73.81565,0,0,True
4694385,2024-01-11,UNKNOWN,40.75855,-73.82964,1,0,True
4694386,2024-01-12,QUEENS,40.782436,-73.77654,1,0,True
4694387,2024-01-10,BRONX,40.85219,-73.88201,0,0,True
4694388,2024-01-09,BRONX,40.857525,-73.892654,0,0,True
4694389,2024-01-05,BRONX,40.841026,-73.890396,0,0,True
4694390,2024-01-10,UNKNOWN,40.836403,-73.875595,2,0,True
4694391,2024-01-04,UNKNOWN,40.83761,-73.88106,0,0,True
4694392,2024-01-11,QUEENS,40.779697,-73.81221,1,0,True
4694393,2024-01-08,BRONX,40.8398,-73.88125,4,0,True
4694394,2024-01-08,BRONX,40.852486,-73.88724,0,0,True
4694395,2024-01-07,STATEN ISLAND,40.62669,-74.07527,0,0,True
4694396,2024-01-07,BROOKLYN,40.640835,-73.98967,1,0,True
4694397,2024-01-09,BROOKLYN,40.632927,-73.98714,1,0,True
4694398,2024-01-07,STATEN ISLAND,40.62884,-74.07428,0,0,True
4694400,2024-01-04,BROOKLYN,40.635468,-73.97894,1,0,True
4694402,2024-01-07,UNKNOWN,0.0,0.0,1,0,False
4694403,2024-01-06,BROOKLYN,40.625046,-73.97608,1,0,True
4694404,2024-01-08,BROOKLYN,40.619396,-73.969574,1,0,True
4694405,2024-01-07,BROOKLYN,40.6415,-73.98027,1,0,True
4694406,2024-01-09,UNKNOWN,40.636147,-73.99097,1,0,True
4694407,2024-01-09,BROOKLYN,40.62037,-73.975685,0,0,True
4694408,2024-01-09,BROOKLYN,40.64008,-73.98541,0,0,True
4694409,2024-01-09,BROOKLYN,40.636494,-74.00665,0,0,True
4694410,2024-01-09,BROOKLYN,40.632156,-73.98435,1,0,True
4694411,2024-01-10,BROOKLYN,40.629597,-74.00136,0,0,True
4694412,2024-01-12,QUEENS,40.73578,-73.746544,0,0,True
4694413,2024-01-10,UNKNOWN,40.63665,-73.96805,0,0,True
4694414,2024-01-10,BROOKLYN,40.639782,-74.00151,1,0,True
4694415,2024-01-10,BROOKLYN,40.630173,-73.97842,1,0,True
4694416,2024-01-10,UNKNOWN,40.646927,-73.982315,0,0,True
4694417,2024-01-10,BROOKLYN,40.61478,-73.97413,1,0,True
4694418,2024-01-10,BROOKLYN,40.635284,-73.98825,0,0,True
4694419,2024-01-11,BROOKLYN,40.63371,-73.98273,1,0,True
4694420,2024-01-10,BROOKLYN,40.643833,-73.97391,0,0,True
4694421,2024-01-11,BROOKLYN,40.634163,-74.00736,0,0,True
4694422,2024-01-11,BROOKLYN,40.64249,-73.984985,1,0,True
4694423,2024-01-11,BROOKLYN,40.626694,-73.975204,0,0,True
4694424,2024-01-06,BRONX,40.83318,-73.899376,0,0,True
4694425,2024-01-12,MANHATTAN,40.801765,-73.93723,1,0,True
4694427,2024-01-11,QUEENS,40.729412,-73.858864,0,0,True
4694428,2024-01-12,QUEENS,40.71812,-73.84732,0,0,True
4694429,2024-01-07,QUEENS,40.714516,-73.75455,1,0,True
4694430,2024-01-07,UNKNOWN,,,1,0,False
4694431,2024-01-08,QUEENS,40.753994,-73.94244,1,0,True
4694432,2024-01-11,QUEENS,40.653023,-73.73895,1,0,True
4694433,2024-01-04,BRONX,40.82073,-73.91567,0,0,True
4694434,2024-01-11,QUEENS,40.753994,-73.94244,1,0,True
4694435,2024-01-10,UNKNOWN,40.69382,-73.72694,0,0,True
4694436,2024-01-10,QUEENS,40.65965,-73.773834,0,0,True
4694437,2024-01-11,QUEENS,40.666695,-73.767136,0,0,True
4694438,2024-01-10,QUEENS,40.71409,-73.75313,0,0,True
4694439,2024-01-11,QUEENS,40.68373,-73.75127,1,0,True
4694440,2024-01-11,QUEENS,40.660347,-73.767975,1,0,True
4694441,2024-01-07,QUEENS,40.69915,-73.73398,0,0,True
4694442,2024-01-08,UNKNOWN,,,1,0,False
4694443,2024-01-11,UNKNOWN,40.659798,-73.764404,0,0,True
4694445,2024-01-01,MANHATTAN,40.794052,-73.970375,0,0,True
4694447,2024-01-06,BRONX,40.814007,-73.93133,0,0,True
4694449,2024-01-08,QUEENS,40.767612,-73.91827,1,0,True
4694450,2024-01-10,QUEENS,40.76964,-73.91858,0,0,True
4694451,2024-01-08,QUEENS,40.761356,-73.935394,0,0,True
4694452,2024-01-08,QUEENS,40.66462,-73.75292,3,0,True
4694453,2024-01-08,QUEENS,40.67221,-73.734634,0,0,True
4694454,2024-01-10,UNKNOWN,,,1,0,False
4694455,2024-01-10,UNKNOWN,40.69382,-73.72694,1,0,True
4694456,2024-01-09,UNKNOWN,,,0,0,False
4694457,2024-01-12,QUEENS,40.662914,-73.757034,1,0,True
4694458,2024-01-04,BROOKLYN,40.641186,-74.014404,0,0,True
4694459,2024-01-10,QUEENS,40.75321,-73.90783,1,0,True
4694460,2024-01-10,MANHATTAN,40.815666,-73.93657,0,0,True
4694461,2024-01-10,MANHATTAN,40.82385,-73.93834,0,0,True
4694462,2024-01-11,STATEN ISLAND,40.622063,-74.08305,0,0,True
4694463,2024-01-10,MANHATTAN,40.817627,-73.94522,0,0,True
4694465,2024-01-09,MANHATTAN,40.817238,-73.94228,0,0,True
4694466,2024-01-11,BRONX,40.894314,-73.86027,1,0,True
4694467,2024-01-04,BRONX,40.87829,-73.87006,0,0,True
4694468,2024-01-12,UNKNOWN,,,1,0,False
4694469,2024-01-03,BRONX,40.827297,-73.86919,1,0,True
4694470,2024-01-12,UNKNOWN,40.55924,-74.171684,0,0,True
4694471,2024-01-08,BRONX,40.828663,-73.8781,1,0,True
4694472,2024-01-11,UNKNOWN,40.87398,-73.855774,0,0,True
4694473,2024-01-12,BRONX,40.872124,-73.83789,0,0,True
4694474,2024-01-08,BRONX,40.83388,-73.86672,1,0,True
4694475,2024-01-08,UNKNOWN,40.834114,-73.86327,1,0,True
4694476,2024-01-08,BRONX,40.83074,-73.86705,0,0,True
4694477,2024-01-12,BRONX,40.890198,-73.83502,0,0,True
4694478,2024-01-09,BRONX,40.824207,-73.858795,1,0,True
4694479,2024-01-12,QUEENS,40.72263,-73.75312,0,0,True
4694480,2024-01-12,UNKNOWN,40.69382,-73.72694,1,0,True
4694482,2024-01-12,BRONX,40.82628,-73.87673,0,0,True
4694483,2024-01-11,BRONX,40.82101,-73.86575,1,0,True
4694484,2024-01-11,UNKNOWN,40.695934,-73.971565,3,0,True
4694485,2024-01-11,BRONX,40.87911,-73.84325,0,0,True
4694486,2024-01-11,BRONX,40.899044,-73.8667,0,0,True
4694487,2024-01-11,BRONX,40.867916,-73.84132,1,0,True
4694488,2024-01-12,UNKNOWN,40.720238,-73.94441,0,0,True
4694489,2024-01-12,BRONX,40.821003,-73.92462,0,0,True
4694491,2024-01-12,UNKNOWN,40.69249,-73.81706,0,0,True
4694492,2024-01-12,QUEENS,40.745323,-73.871605,0,0,True
4694493,2024-01-10,BRONX,40.878193,-73.86974,0,0,True
4694494,2024-01-11,BROOKLYN,40.616486,-74.02282,0,0,True
4694495,2024-01-06,MANHATTAN,40.756763,-73.96716,1,0,True
4694496,2024-01-09,MANHATTAN,40.800663,-73.946465,0,0,True
4694497,2024-01-11,MANHATTAN,40.79732,-73.929306,0,0,True
4694498,2024-01-12,UNKNOWN,40.804054,-73.91369,2,0,True
4694499,2024-01-12,QUEENS,40.7014,-73.80362,0,0,True
4694500,2024-01-12,BROOKLYN,40.724335,-73.94909,0,0,True
4694501,2024-01-11,BROOKLYN,40.678104,-74.00703,0,0,True
4694502,2024-01-10,BRONX,40.847324,-73.90375,0,0,True
4694503,2024-01-08,UNKNOWN,40.68971,-73.826866,0,0,True
4694504,2024-01-11,QUEENS,40.76096,-73.84063,2,0,True
4694505,2024-01-09,UNKNOWN,40.852818,-73.90476,0,0,True
4694506,2024-01-09,BRONX,40.86222,-73.89574,0,0,True
4694507,2024-01-06,BRONX,40.84621,-73.91227,1,0,True
4694508,2024-01-10,BRONX,40.84773,-73.91765,0,0,True
4694509,2024-01-12,UNKNOWN,40.76226,-73.75699,0,0,True
4694510,2024-01-12,UNKNOWN,40.766685,-73.892136,0,0,True
4694511,2024-01-10,UNKNOWN,40.76608,-73.7591,1,0,True
4694512,2024-01-12,BROOKLYN,40.666843,-73.994865,1,0,True
4694513,2024-01-11,UNKNOWN,40.859306,-73.89885,0,0,True
4694514,2024-01-12,UNKNOWN,40.722343,-73.77717,2,0,True
4694515,2024-01-12,UNKNOWN,40.67337,-73.75619,2,0,True
4694516,2024-01-12,BRONX,40.845623,-73.86415,0,0,True
4694517,2024-01-04,MANHATTAN,40.82105,-73.9451,0,0,True
4694518,2024-01-10,BRONX,40.857414,-73.84662,1,0,True
4694519,2024-01-12,STATEN ISLAND,,,0,0,False
4694520,2024-01-09,UNKNOWN,40.66955,-73.94497,0,0,True
4694521,2024-01-10,BROOKLYN,40.678516,-73.95097,1,0,True
4694522,2024-01-09,UNKNOWN,40.668507,-73.92561,1,0,True
4694523,2024-01-11,BROOKLYN,40.67419,-73.961365,0,0,True
4694524,2024-01-11,BROOKLYN,40.669865,-73.95051,0,0,True
4694525,2024-01-11,UNKNOWN,40.67221,-73.92802,2,0,True
4694526,2024-01-11,UNKNOWN,40.676548,-73.96354,0,0,True
4694527,2024-01-12,BROOKLYN,40.640205,-73.98001,0,0,True
4694528,2024-01-11,QUEENS,40.709644,-73.834816,1,0,True
4694529,2024-01-12,UNKNOWN,40.86507,-73.87185,0,0,True
4694530,2024-01-11,UNKNOWN,40.7968,-73.929375,2,0,True
4694531,2024-01-10,QUEENS,40.759823,-73.776115,0,0,True
4694532,2024-01-12,QUEENS,40.750244,-73.75738,0,0,True
4694533,2024-01-11,QUEENS,40.76199,-73.771164,0,0,True
4694534,2024-01-11,QUEENS,40.759922,-73.7709,0,0,True
4694535,2024-01-12,UNKNOWN,40.759644,-73.734505,0,0,True
4694536,2024-01-12,UNKNOWN,,,0,0,False
4694537,2024-01-11,BROOKLYN,40.64617,-73.896805,0,0,True
4694538,2024-01-12,UNKNOWN,40.676193,-74.001335,0,0,True
4694539,2024-01-12,UNKNOWN,40.752213,-73.72574,0,0,True
4694540,2024-01-12,BROOKLYN,40.695633,-73.98241,0,0,True
4694541,2024-01-11,BROOKLYN,40.685406,-73.97525,0,0,True
4694542,2024-01-12,BRONX,40.81576,-73.89332,0,0,True
4694543,2024-01-12,BROOKLYN,40.632717,-73.98377,0,0,True
4694544,2024-01-12,BROOKLYN,40.639725,-74.00442,0,0,True
4694545,2024-01-12,BROOKLYN,40.626278,-73.99586,0,0,True
4694546,2024-01-12,UNKNOWN,40.748436,-73.984566,0,0,True
4694547,2024-01-10,UNKNOWN,40.602295,-73.752174,1,0,True
4694548,2024-01-12,QUEENS,40.673008,-73.81334,0,0,True
4694549,2024-01-10,QUEENS,40.762875,-73.88575,0,0,True
4694550,2024-01-07,QUEENS,40.756214,-73.857704,0,0,True
4694551,2024-01-11,QUEENS,40.72962,-73.85817,0,0,True
4694552,2024-01-12,UNKNOWN,40.72545,-73.837776,0,0,True
4694553,2024-01-12,BROOKLYN,40.68923,-73.97504,0,0,True
4694554,2024-01-11,UNKNOWN,40.714256,-73.812874,0,0,True
4694555,2024-01-07,QUEENS,40.71991,-73.809044,1,0,True
4694556,2024-01-09,UNKNOWN,,,0,0,False
4694557,2024-01-12,UNKNOWN,,,1,0,False
4694558,2024-01-12,UNKNOWN,40.72388,-73.82845,0,0,True
4694559,2024-01-11,UNKNOWN,40.726048,-73.824005,4,0,True
4694560,2024-01-12,BRONX,40.86231,-73.909874,2,0,True
4694561,2024-01-12,UNKNOWN,40.872345,-73.9064,2,0,True
4694562,2024-01-03,BRONX,40.867256,-73.88363,0,0,True
4694563,2024-01-11,BRONX,40.879745,-73.88467,1,0,True
4694564,2024-01-09,MANHATTAN,40.765556,-73.9822,1,0,True
4694565,2024-01-07,MANHATTAN,40.754536,-73.9774,0,0,True
4694566,2024-01-11,UNKNOWN,,,0,0,False
4694567,2024-01-10,QUEENS,40.763596,-73.87874,0,0,True
4694568,2024-01-06,MANHATTAN,40.766342,-73.993774,0,0,True
4694569,2024-01-12,MANHATTAN,40.762962,-73.97188,0,0,True
4694570,2024-01-11,BRONX,40.881668,-73.87534,1,0,True
4694571,2024-01-12,MANHATTAN,40.752686,-74.000534,1,0,True
4694572,2024-01-11,QUEENS,40.761116,-73.88734,0,0,True
4694573,2024-01-10,QUEENS,40.74266,-73.72108,1,0,True
4694574,2024-01-12,QUEENS,40.66549,-73.75236,0,0,True
4694575,2024-01-12,QUEENS,40.693226,-73.73404,1,0,True
4694576,2024-01-11,UNKNOWN,40.7185,-73.75208,1,0,True
4694577,2024-01-12,QUEENS,40.72246,-73.760796,0,0,True
4694578,2024-01-12,BRONX,40.859257,-73.840004,1,0,True
4694579,2024-01-12,BRONX,40.857475,-73.836296,2,0,True
4694580,2024-01-12,BRONX,40.851612,-73.844025,0,0,True
4694581,2024-01-12,UNKNOWN,40.754704,-73.78166,1,0,True
4694582,2024-01-12,BROOKLYN,40.629353,-73.884766,0,0,True
4694583,2024-01-10,QUEENS,40.759064,-73.77107,0,0,True
4694584,2024-01-12,UNKNOWN,40.764267,-73.722946,0,0,True
4694585,2024-01-12,UNKNOWN,40.767418,-73.7906,1,0,True
4694586,2024-01-10,BROOKLYN,40.669823,-73.90981,1,0,True
4694587,2024-01-12,BROOKLYN,40.652096,-73.90857,1,0,True
4694588,2024-01-11,BROOKLYN,40.66381,-73.91117,0,0,True
4694589,2024-01-10,BROOKLYN,40.658134,-73.910706,1,0,True
4694590,2024-01-11,BROOKLYN,40.6674,-73.91307,2,0,True
4694591,2024-01-09,BRONX,40.85159,-73.867805,1,0,True
4694592,2024-01-10,BRONX,40.861336,-73.866806,2,0,True
4694593,2024-01-12,UNKNOWN,40.69822,-73.943954,0,0,True
4694594,2024-01-12,BROOKLYN,40.60461,-73.99826,1,0,True
4694595,2024-01-12,BROOKLYN,40.63482,-73.922775,0,0,True
4694596,2024-01-12,UNKNOWN,40.609505,-74.181885,1,0,True
4694597,2024-01-10,UNKNOWN,40.622517,-74.14434,0,0,True
4694598,2024-01-12,BROOKLYN,40.620914,-73.9753,1,0,True
4694599,2024-01-09,UNKNOWN,,,1,0,False
4694600,2024-01-12,UNKNOWN,40.61606,-74.02576,1,0,True
4694601,2024-01-13,MANHATTAN,40.720074,-73.988365,1,0,True
4694602,2024-01-12,UNKNOWN,40.583534,-73.984184,2,0,True
4694603,2024-01-12,UNKNOWN,40.583534,-73.984184,0,0,True
4694604,2024-01-12,BROOKLYN,40.633366,-73.9109,1,0,True
4694605,2024-01-12,BROOKLYN,40.636505,-73.91572,0,0,True
4694606,2024-01-12,UNKNOWN,40.75247,-73.96456,0,0,True
4694607,2024-01-13,UNKNOWN,40.60719,-74.16243,1,0,True
4694608,2024-01-13,UNKNOWN,40.74629,-73.766945,0,0,True
4694609,2024-01-12,UNKNOWN,,,1,0,False
4694610,2024-01-12,QUEENS,40.742374,-73.85527,1,0,True
4694611,2024-01-09,QUEENS,40.740257,-73.86532,1,0,True
4694612,2024-01-12,QUEENS,40.735855,-73.880104,1,0,True
4694613,2024-01-12,QUEENS,40.746387,-73.85991,0,0,True
4694617,2024-01-09,BROOKLYN,40.625797,-73.93609,0,0,True
4694618,2024-01-11,BROOKLYN,40.60981,-73.92251,0,0,True
4694619,2024-01-12,BROOKLYN,40.59328,-73.94538,1,0,True
4694620,2024-01-12,BROOKLYN,40.59812,-73.94146,1,0,True
4694621,2024-01-12,BROOKLYN,40.605698,-73.95866,0,0,True
4694622,2024-01-13,BROOKLYN,40.591026,-73.97408,0,0,True
4694623,2024-01-06,QUEENS,40.701687,-73.7654,0,0,True
4694624,2024-01-07,QUEENS,40.69223,-73.76027,0,0,True
4694625,2024-01-11,UNKNOWN,,,1,0,False
4694626,2024-01-13,UNKNOWN,40.86808,-73.93168,3,0,True
4694627,2024-01-11,STATEN ISLAND,40.577625,-74.10264,1,0,True
4694628,2024-01-13,UNKNOWN,40.66496,-73.82226,1,0,True
4694629,2024-01-12,STATEN ISLAND,0.0,0.0,0,0,False
4694630,2024-01-10,UNKNOWN,,,0,0,False
4694631,2024-01-13,STATEN ISLAND,40.587185,-74.08634,1,0,True
4694632,2024-01-09,STATEN ISLAND,40.603626,-74.06931,1,0,True
4694633,2024-01-10,UNKNOWN,40.608307,-74.13132,0,0,True
4694634,2024-01-12,STATEN ISLAND,40.52993,-74.16176,1,0,True
4694635,2024-01-09,BROOKLYN,40.60143,-73.91334,1,0,True
4694636,2024-01-09,BROOKLYN,40.625835,-73.935356,0,0,True
4694637,2024-01-11,BROOKLYN,40.636192,-73.92579,0,0,True
4694638,2024-01-10,UNKNOWN,40.625546,-73.93998,2,0,True
4694639,2024-01-12,STATEN ISLAND,40.61032,-74.08568,2,0,True
4694640,2024-01-13,BROOKLYN,40.63057,-73.92712,0,0,True
4694641,2024-01-12,BROOKLYN,40.607815,-73.95907,1,0,True
4694642,2024-01-13,UNKNOWN,40.616966,-74.14513,1,0,True
4694643,2024-01-07,UNKNOWN,40.612495,-73.97922,0,0,True
4694644,2024-01-05,UNKNOWN,,,2,0,False
4694645,2024-01-13,UNKNOWN,40.584366,-73.9271,0,0,True
4694646,2024-01-13,UNKNOWN,40.750763,-73.97445,1,0,True
4694647,2024-01-07,BRONX,40.807186,-73.924286,0,0,True
4694648,2024-01-13,QUEENS,40.76465,-73.823494,0,0,True
4694649,2024-01-11,UNKNOWN,40.60668,-74.085976,0,0,True
4694650,2024-01-13,QUEENS,40.66431,-73.77728,0,0,True
4694651,2024-01-13,BROOKLYN,40.63947,-73.902756,1,0,True
4694652,2024-01-10,BROOKLYN,40.63145,-73.887085,1,0,True
4694653,2024-01-12,UNKNOWN,,,2,0,False
4694654,2024-01-13,UNKNOWN,,,0,0,False
4694655,2024-01-13,QUEENS,40.71975,-73.809685,0,0,True
4694656,2024-01-13,BROOKLYN,40.68698,-73.996704,0,0,True
4694657,2024-01-11,QUEENS,40.66798,-73.77432,0,0,True
4694658,2024-01-13,BROOKLYN,40.611217,-73.98417,1,0,True
4694659,2024-01-05,BROOKLYN,40.646366,-74.00184,0,0,True
4694660,2024-01-13,BROOKLYN,40.636345,-74.01096,1,0,True
4694661,2024-01-10,BROOKLYN,40.64815,-74.010826,0,0,True
4694662,2024-01-11,BROOKLYN,40.644863,-74.01748,1,0,True
4694663,2024-01-12,BROOKLYN,40.660316,-73.994514,2,0,True
4694664,2024-01-13,BROOKLYN,40.639645,-74.008835,1,0,True
4694665,2024-01-12,BROOKLYN,40.655273,-74.0105,0,0,True
4694666,2024-01-13,UNKNOWN,40.63043,-73.88593,1,0,True
4694667,2024-01-13,UNKNOWN,,,1,0,False
4694668,2024-01-10,BRONX,40.865177,-73.84169,1,0,True
4694669,2024-01-10,BRONX,40.865467,-73.86541,0,0,True
4694670,2024-01-11,UNKNOWN,,,1,0,False
4694671,2024-01-11,UNKNOWN,,,0,0,False
4694672,2024-01-11,UNKNOWN,,,0,0,False
4694673,2024-01-11,UNKNOWN,40.724552,-73.72452,0,0,True
4694674,2024-01-10,QUEENS,40.758305,-73.85561,0,0,True
4694675,2024-01-11,STATEN ISLAND,40.58734,-74.09217,1,0,True
4694676,2024-01-11,UNKNOWN,40.73769,-73.76858,0,0,True
4694677,2024-01-12,UNKNOWN,40.76113,-73.85851,0,0,True
4694678,2024-01-12,UNKNOWN,40.711384,-73.8366,0,0,True
4694679,2024-01-13,UNKNOWN,40.589703,-74.15326,1,0,True
4694680,2024-01-13,QUEENS,40.752987,-73.87052,0,0,True
4694681,2024-01-13,QUEENS,40.74816,-73.87902,1,0,True
4694682,2024-01-12,UNKNOWN,40.609535,-73.75372,0,0,True
4694683,2024-01-12,QUEENS,,,1,0,False
4694684,2024-01-12,BROOKLYN,40.66618,-73.95669,1,0,True
4694685,2024-01-12,BROOKLYN,40.65637,-73.94832,1,0,True
4694686,2024-01-11,BROOKLYN,40.660496,-73.9398,0,0,True
4694687,2024-01-11,BROOKLYN,40.658463,-73.96051,1,0,True
4694688,2024-01-13,BROOKLYN,40.655685,-73.899414,0,0,True
4694689,2024-01-13,BROOKLYN,40.696198,-73.98877,1,0,True
4694690,2024-01-13,BROOKLYN,40.643047,-73.97887,0,0,True
4694691,2024-01-12,BRONX,40.85868,-73.89922,4,0,True
4694692,2024-01-12,MANHATTAN,40.787655,-73.977066,0,0,True
4694693,2024-01-13,UNKNOWN,,,0,0,False
4694694,2024-01-08,QUEENS,40.595562,-73.74711,1,0,True
4694695,2024-01-13,UNKNOWN,40.598316,-73.76256,0,0,True
4694696,2024-01-13,QUEENS,40.754974,-73.89095,1,0,True
4694697,2024-01-13,STATEN ISLAND,40.568348,-74.13278,0,0,True
4694698,2024-01-07,QUEENS,40.695724,-73.73577,1,0,True
4694699,2024-01-12,QUEENS,40.729465,-73.71068,1,0,True
4694700,2024-01-12,UNKNOWN,40.81801,-73.96149,1,0,True
4694701,2024-01-12,QUEENS,40.76602,-73.831245,0,0,True
4694702,2024-01-12,UNKNOWN,40.76465,-73.823494,0,0,True
4694703,2024-01-13,QUEENS,40.7704,-73.79318,0,0,True
4694704,2024-01-12,QUEENS,40.781693,-73.84051,0,0,True
4694705,2024-01-12,QUEENS,40.77279,-73.837135,1,0,True
4694706,2024-01-12,UNKNOWN,40.778614,-73.83887,0,0,True
4694707,2024-01-12,QUEENS,40.756714,-73.81339,2,0,True
4694708,2024-01-12,UNKNOWN,40.76113,-73.81227,1,0,True
4694709,2024-01-13,QUEENS,40.78534,-73.843925,0,0,True
4694710,2024-01-12,QUEENS,,,0,0,False
4694711,2024-01-13,QUEENS,40.762756,-73.82261,3,0,True
4694712,2024-01-13,QUEENS,40.773056,-73.844604,0,0,True
4694713,2024-01-13,UNKNOWN,40.780296,-73.825325,1,0,True
4694714,2024-01-13,MANHATTAN,40.78065,-73.976425,1,0,True
4694715,2024-01-13,BRONX,40.83285,-73.89774,2,0,True
4694716,2024-01-13,MANHATTAN,40.763428,-73.99271,0,0,True
4694717,2024-01-13,MANHATTAN,40.763454,-73.985275,0,0,True
4694718,2024-01-13,UNKNOWN,40.585056,-73.928894,1,0,True
4694719,2024-01-13,QUEENS,40.752567,-73.87726,0,0,True
4694720,2024-01-13,UNKNOWN,,,0,0,False
4694721,2024-01-13,QUEENS,40.74668,-73.81478,1,0,True
4694722,2024-01-09,UNKNOWN,40.75563,-73.81564,1,0,True
4694723,2024-01-13,BROOKLYN,40.67308,-73.91124,0,0,True
4694724,2024-01-13,BROOKLYN,40.63338,-74.02643,0,0,True
4694725,2024-01-13,BROOKLYN,40.63515,-73.92379,0,0,True
4694726,2024-01-13,BROOKLYN,40.61304,-73.92621,1,0,True
4694727,2024-01-13,MANHATTAN,40.752064,-73.97351,0,0,True
4694728,2024-01-13,QUEENS,40.70936,-73.80805,0,0,True
4694729,2024-01-13,QUEENS,40.66696,-73.77078,2,0,True
4694730,2024-01-13,QUEENS,40.716343,-73.73549,0,0,True
4694731,2024-01-11,QUEENS,40.674805,-73.73441,1,0,True
4694732,2024-01-13,UNKNOWN,,,0,0,False
4694733,2024-01-13,QUEENS,40.720303,-73.732346,0,0,True
4694734,2024-01-13,QUEENS,40.701885,-73.73824,1,0,True
4694735,2024-01-12,UNKNOWN,40.85038,-73.90699,3,0,True
4694736,2024-01-12,BRONX,40.859306,-73.89885,0,0,True
4694737,2024-01-12,UNKNOWN,40.849236,-73.92371,0,0,True
4694738,2024-01-12,BRONX,40.85061,-73.913826,1,0,True
4694739,2024-01-08,BROOKLYN,40.65906,-73.91384,0,0,True
4694740,2024-01-12,BRONX,40.85025,-73.9007,1,0,True
4694741,2024-01-08,BRONX,40.858097,-73.90628,0,0,True
4694742,2024-01-14,QUEENS,40.74763,-73.88394,0,0,True
4694743,2024-01-14,UNKNOWN,40.742226,-73.99702,0,0,True
4694744,2024-01-13,BROOKLYN,40.588608,-73.9901,0,0,True
4694745,2024-01-09,BROOKLYN,40.5761,-73.9707,0,0,True
4694746,2024-01-10,BROOKLYN,40.577408,-73.96828,0,0,True
4694747,2024-01-10,BROOKLYN,40.58516,-73.9874,1,0,True
4694748,2024-01-06,BROOKLYN,40.576744,-73.98372,0,0,True
4694749,2024-01-13,BROOKLYN,40.57916,-73.98309,0,0,True
4694750,2024-01-09,UNKNOWN,,,1,0,False
4694751,2024-01-09,UNKNOWN,40.575573,-73.99432,0,0,True
4694752,2024-01-08,BROOKLYN,40.586792,-73.96513,0,0,True
4694753,2024-01-12,UNKNOWN,40.578266,-73.95782,0,0,True
4694754,2024-01-13,UNKNOWN,40.584137,-73.96386,1,0,True
4694755,2024-01-09,BRONX,40.845177,-73.91417,0,0,True
4694756,2024-01-12,MANHATTAN,40.734337,-74.002396,1,0,True
4694757,2024-01-13,MANHATTAN,40.734825,-74.006134,0,0,True
4694758,2024-01-13,MANHATTAN,40.736084,-73.99598,0,0,True
4694759,2024-01-13,MANHATTAN,40.73167,-74.00658,0,0,True
4694760,2024-01-10,UNKNOWN,40.840927,-73.912704,1,0,True
4694761,2024-01-11,MANHATTAN,40.72627,-73.98936,0,0,True
4694762,2024-01-12,UNKNOWN,40.727093,-73.99156,0,0,True
4694763,2024-01-13,MANHATTAN,40.726814,-73.99088,0,0,True
4694764,2024-01-14,MANHATTAN,,,1,0,False
4694765,2024-01-14,UNKNOWN,40.71886,-73.97492,0,0,True
4694766,2024-01-13,UNKNOWN,40.842335,-73.91619,0,0,True
4694767,2024-01-12,MANHATTAN,40.73656,-74.0011,1,0,True
4694768,2024-01-11,MANHATTAN,40.73674,-74.00204,0,0,True
4694769,2024-01-13,BROOKLYN,40.637127,-73.99711,0,0,True
4694772,2024-01-13,MANHATTAN,40.759678,-73.99559,0,0,True
4694773,2024-01-12,MANHATTAN,40.74649,-74.001335,0,0,True
4694774,2024-01-12,MANHATTAN,40.849285,-73.93894,0,0,True
4694775,2024-01-11,MANHATTAN,40.85238,-73.9315,0,0,True
4694776,2024-01-11,MANHATTAN,40.727352,-73.99517,0,0,True
4694777,2024-01-13,MANHATTAN,40.73315,-74.01029,0,0,True
4694778,2024-01-08,QUEENS,40.762108,-73.90652,0,0,True
4694779,2024-01-11,MANHATTAN,40.755116,-74.00248,1,0,True
4694780,2024-01-10,QUEENS,40.762383,-73.90708,0,0,True
4694781,2024-01-13,UNKNOWN,40.85186,-73.92816,0,0,True
4694782,2024-01-10,MANHATTAN,40.75578,-74.00199,2,0,True
4694783,2024-01-11,UNKNOWN,40.773964,-73.9228,0,0,True
4694784,2024-01-12,QUEENS,40.767006,-73.9326,0,0,True
4694785,2024-01-13,QUEENS,40.769257,-73.91615,0,0,True
4694786,2024-01-13,UNKNOWN,40.851093,-73.93244,0,0,True
4694787,2024-01-12,BROOKLYN,40.633366,-73.9109,3,0,True
4694788,2024-01-11,BROOKLYN,40.635563,-73.89577,0,0,True
4694789,2024-01-13,UNKNOWN,40.764267,-73.9158,1,0,True
4694790,2024-01-06,QUEENS,40.59237,-73.7941,0,0,True
4694791,2024-01-13,QUEENS,40.770824,-73.9032,0,0,True
4694792,2024-01-09,QUEENS,40.77192,-73.925026,0,0,True
4694793,2024-01-13,QUEENS,40.58566,-73.81729,0,0,True
4694794,2024-01-09,BROOKLYN,40.637512,-73.96278,1,0,True
4694795,2024-01-14,BROOKLYN,40.64477,-73.954735,1,0,True
4694796,2024-01-11,BROOKLYN,40.617588,-73.96382,1,0,True
4694797,2024-01-12,BROOKLYN,40.641693,-73.963394,0,0,True
4694798,2024-01-07,BROOKLYN,40.619083,-73.950264,1,0,True
4694799,2024-01-14,BROOKLYN,40.621162,-73.95354,0,0,True
4694801,2024-01-11,BROOKLYN,40.651066,-73.94478,1,0,True
4694802,2024-01-13,BROOKLYN,40.65335,-73.920586,0,0,True
4694803,2024-01-11,BROOKLYN,40.688625,-73.93618,0,0,True
4694804,2024-01-13,BROOKLYN,40.64503,-73.91998,5,0,True
4694805,2024-01-12,BROOKLYN,40.68584,-73.93439,1,0,True
4694806,2024-01-13,BROOKLYN,40.677135,-73.925285,0,0,True
4694807,2024-01-14,BROOKLYN,40.68783,-73.93004,0,0,True
4694808,2024-01-11,BROOKLYN,40.689125,-73.938416,0,0,True
4694809,2024-01-11,BROOKLYN,40.68569,-73.92247,0,0,True
4694810,2024-01-06,BROOKLYN,40.63447,-73.94012,0,0,True
4694811,2024-01-10,BROOKLYN,40.651554,-73.955925,1,0,True
4694812,2024-01-09,BROOKLYN,40.65751,-73.928085,0,0,True
4694813,2024-01-14,BROOKLYN,40.641903,-73.932945,2,0,True
4694814,2024-01-14,UNKNOWN,40.632843,-74.15871,0,0,True
4694815,2024-01-13,QUEENS,40.76234,-73.84225,1,0,True
4694816,2024-01-12,BROOKLYN,40.64495,-73.95186,2,0,True
4694817,2024-01-13,MANHATTAN,40.74707,-73.99107,0,0,True
4694818,2024-01-13,QUEENS,40.74854,-73.87527,0,0,True
4694820,2024-01-10,BROOKLYN,40.69535,-73.91632,0,0,True
4694821,2024-01-06,UNKNOWN,40.687355,-73.9183,0,0,True
4694822,2024-01-13,UNKNOWN,40.685795,-73.911644,1,0,True
4694823,2024-01-13,QUEENS,40.745796,-73.88385,0,0,True
4694824,2024-01-11,QUEENS,40.74851,-73.871124,0,0,True
4694825,2024-01-11,UNKNOWN,40.69907,-73.93548,1,0,True
4694826,2024-01-12,UNKNOWN,40.69831,-73.925575,2,0,True
4694828,2024-01-14,UNKNOWN,40.754864,-73.85255,0,0,True
4694829,2024-01-12,UNKNOWN,40.684937,-73.91014,0,0,True
4694830,2024-01-14,QUEENS,40.749702,-73.88148,0,0,True
4694831,2024-01-12,UNKNOWN,40.698807,-73.91837,0,0,True
4694832,2024-01-11,MANHATTAN,40.741547,-73.98958,1,0,True
4694833,2024-01-12,BROOKLYN,40.64715,-73.916214,1,0,True
4694834,2024-01-13,UNKNOWN,40.630577,-73.88591,3,0,True
4694835,2024-01-14,BROOKLYN,40.60915,-73.96997,1,0,True
4694836,2024-01-11,UNKNOWN,40.681564,-73.96658,0,0,True
4694837,2024-01-11,BROOKLYN,40.686817,-73.97821,0,0,True
4694838,2024-01-11,UNKNOWN,40.69611,-73.96406,6,0,True
4694839,2024-01-10,UNKNOWN,40.695995,-73.96742,0,0,True
4694840,2024-01-14,BROOKLYN,40.621292,-73.928154,0,0,True
4694841,2024-01-09,BROOKLYN,40.61294,-73.924286,0,0,True
4694842,2024-01-06,MANHATTAN,40.720627,-74.00522,0,0,True
4694843,2024-01-09,MANHATTAN,40.72255,-74.00631,1,0,True
4694844,2024-01-07,MANHATTAN,40.7247,-74.00932,0,0,True
4694845,2024-01-09,MANHATTAN,40.703606,-74.0097,0,0,True
4694846,2024-01-09,MANHATTAN,40.72492,-74.00774,0,0,True
4694847,2024-01-13,MANHATTAN,40.7079,-74.00603,0,0,True
4694848,2024-01-12,MANHATTAN,40.709946,-74.015816,0,0,True
4694849,2024-01-07,MANHATTAN,40.713135,-74.00407,2,0,True
4694850,2024-01-11,MANHATTAN,40.722565,-74.0046,0,0,True
4694851,2024-01-12,BROOKLYN,40.63661,-73.9116,0,0,True
4694852,2024-01-12,MANHATTAN,40.735214,-73.99172,1,0,True
4694853,2024-01-13,UNKNOWN,40.735325,-73.98987,1,0,True
4694854,2024-01-10,MANHATTAN,40.70578,-74.00989,0,0,True
4694855,2024-01-12,BROOKLYN,40.63501,-73.914055,1,0,True
4694856,2024-01-13,UNKNOWN,40.689735,-73.72674,0,0,True
4694857,2024-01-11,BROOKLYN,40.636024,-73.89506,1,0,True
4694859,2024-01-08,UNKNOWN,40.63082,-73.88636,0,0,True
4694860,2024-01-14,UNKNOWN,40.601124,-74.176414,1,0,True
4694861,2024-01-12,BROOKLYN,40.63747,-73.91027,0,0,True
4694862,2024-01-12,BROOKLYN,40.646225,-73.904625,0,0,True
4694863,2024-01-13,BROOKLYN,40.64609,-73.89691,0,0,True
4694864,2024-01-14,BROOKLYN,40.694126,-73.90581,0,0,True
4694865,2024-01-09,BRONX,40.81145,-73.90799,0,0,True
4694866,2024-01-13,QUEENS,40.7684,-73.73755,1,0,True
4694867,2024-01-14,UNKNOWN,40.719975,-73.82609,0,0,True
4694868,2024-01-09,MANHATTAN,40.74568,-73.97213,1,0,True
4694869,2024-01-13,STATEN ISLAND,40.559902,-74.17478,1,0,True
4694870,2024-01-10,UNKNOWN,40.69412,-73.96017,0,0,True
4694872,2024-01-09,UNKNOWN,40.68218,-73.94659,0,0,True
4694873,2024-01-10,UNKNOWN,40.69822,-73.943954,0,0,True
4694874,2024-01-10,UNKNOWN,40.68086,-73.95441,1,0,True
4694875,2024-01-12,UNKNOWN,40.679832,-73.95322,0,0,True
4694876,2024-01-10,BROOKLYN,40.691017,-73.954475,1,0,True
4694877,2024-01-13,BROOKLYN,40.686577,-73.947464,1,0,True
4694878,2024-01-10,UNKNOWN,40.698677,-73.95886,0,0,True
4694879,2024-01-12,BRONX,40.83472,-73.91121,0,0,True
4694880,2024-01-14,MANHATTAN,40.862614,-73.928604,0,0,True
4694881,2024-01-02,UNKNOWN,40.690594,-73.95162,0,0,True
4694882,2024-01-11,UNKNOWN,40.68951,-73.948044,0,0,True
4694883,2024-01-14,BROOKLYN,40.640606,-73.98324,0,0,True
4694884,2024-01-14,UNKNOWN,40.807335,-73.9644,0,0,True
4694885,2024-01-11,MANHATTAN,40.714382,-74.00528,0,0,True
4694886,2024-01-13,MANHATTAN,40.72032,-73.99405,0,0,True
4694887,2024-01-13,UNKNOWN,40.758373,-73.748886,1,0,True
4694888,2024-01-11,UNKNOWN,40.666157,-73.79904,0,0,True
4694889,2024-01-12,MANHATTAN,40.71843,-74.000534,0,0,True
4694890,2024-01-14,MANHATTAN,40.72192,-73.99191,0,0,True
4694891,2024-01-11,UNKNOWN,40.709362,-73.9943,0,0,True
4694892,2024-01-10,MANHATTAN,,,0,0,False
4694893,2024-01-11,MANHATTAN,40.75783,-73.99125,0,0,True
4694894,2024-01-13,UNKNOWN,40.7509,-73.99812,1,0,True
4694895,2024-01-13,MANHATTAN,40.74549,-73.98252,0,0,True
4694896,2024-01-10,MANHATTAN,40.75872,-73.98932,0,0,True
4694897,2024-01-07,MANHATTAN,40.75034,-73.983185,1,0,True
4694898,2024-01-11,MANHATTAN,40.74882,-73.98546,0,0,True
4694899,2024-01-12,MANHATTAN,40.749046,-73.98203,1,0,True
4694900,2024-01-12,BRONX,40.87911,-73.84325,2,0,True
4694901,2024-01-11,MANHATTAN,40.747078,-73.981346,0,0,True
4694902,2024-01-14,UNKNOWN,40.62431,-74.13877,1,0,True
4694903,2024-01-13,MANHATTAN,40.752453,-73.98246,0,0,True
4694904,2024-01-13,BRONX,40.89448,-73.85478,0,0,True
4694905,2024-01-10,MANHATTAN,40.752117,-73.97556,0,0,True
4694906,2024-01-13,BROOKLYN,40.63533,-73.95791,0,0,True
4694907,2024-01-13,MANHATTAN,40.81183,-73.96112,0,0,True
4694908,2024-01-07,BROOKLYN,40.630592,-73.97551,0,0,True
4694909,2024-01-07,BROOKLYN,40.625607,-73.96244,1,0,True
4694910,2024-01-09,BROOKLYN,40.618774,-73.95309,0,0,True
4694912,2024-01-11,QUEENS,40.702778,-73.89457,0,0,True
4694913,2024-01-10,MANHATTAN,40.83406,-73.944885,2,0,True
4694914,2024-01-12,QUEENS,40.72034,-73.88653,0,0,True
4694915,2024-01-10,QUEENS,40.7228,-73.90182,0,0,True
4694916,2024-01-13,MANHATTAN,40.83806,-73.94665,1,0,True
4694918,2024-01-11,UNKNOWN,40.72816,-73.891525,1,0,True
4694919,2024-01-10,QUEENS,40.70821,-73.897865,0,0,True
4694920,2024-01-12,QUEENS,40.719406,-73.902504,2,0,True
4694921,2024-01-11,UNKNOWN,40.703197,-73.98959,1,0,True
4694922,2024-01-09,MANHATTAN,40.846153,-73.932335,1,0,True
4694923,2024-01-12,UNKNOWN,40.84771,-73.93798,1,0,True
4694924,2024-01-11,MANHATTAN,40.84711,-73.93819,0,0,True
4694925,2024-01-12,MANHATTAN,40.840485,-73.93837,0,0,True
4694926,2024-01-11,BROOKLYN,40.69981,-73.984276,0,0,True
4694927,2024-01-12,UNKNOWN,40.693604,-73.99275,0,0,True
4694928,2024-01-13,UNKNOWN,40.69599,-73.98322,0,0,True
4694929,2024-01-14,UNKNOWN,40.639435,-74.00546,0,0,True
4694930,2024-01-13,BROOKLYN,40.64383,-74.011635,0,0,True
4694931,2024-01-14,STATEN ISLAND,40.528,-74.23547,0,0,True
4694932,2024-01-12,BROOKLYN,40.669098,-73.93666,1,0,True
4694933,2024-01-10,UNKNOWN,40.67672,-73.94708,0,0,True
4694934,2024-01-11,UNKNOWN,40.671032,-73.93927,0,0,True
4694935,2024-01-11,UNKNOWN,40.67058,-73.93096,1,0,True
4694936,2024-01-11,BROOKLYN,40.668648,-73.92835,0,0,True
4694937,2024-01-12,UNKNOWN,40.677284,-73.962555,1,0,True
4694938,2024-01-12,UNKNOWN,40.676895,-73.93593,0,0,True
4694939,2024-01-07,UNKNOWN,40.583702,-73.96946,0,0,True
4694940,2024-01-12,MANHATTAN,40.815514,-73.94422,0,0,True
4694941,2024-01-12,UNKNOWN,40.895367,-73.86072,1,0,True
4694942,2024-01-12,BRONX,40.871487,-73.869194,1,0,True
4694943,2024-01-13,BRONX,40.893497,-73.84674,0,0,True
4694944,2024-01-13,BROOKLYN,40.65794,-73.907745,2,0,True
4694945,2024-01-11,BROOKLYN,40.671608,-73.91695,0,0,True
4694946,2024-01-12,BROOKLYN,40.67388,-73.90956,0,0,True
4694947,2024-01-12,UNKNOWN,40.749172,-73.967026,0,0,True
4694949,2024-01-11,BROOKLYN,,,0,0,False
4694951,2024-01-13,MANHATTAN,40.747078,-73.981346,0,0,True
4694952,2024-01-04,UNKNOWN,40.79335,-73.97274,0,0,True
4694953,2024-01-14,UNKNOWN,40.579197,-73.98195,3,0,True
4694954,2024-01-12,UNKNOWN,40.79978,-73.96821,1,0,True
4694956,2024-01-12,UNKNOWN,40.64254,-73.87652,0,0,True
4694957,2024-01-12,BROOKLYN,40.683132,-73.88259,0,0,True
4694958,2024-01-13,UNKNOWN,40.651974,-73.86542,1,0,True
4694959,2024-01-13,UNKNOWN,40.651974,-73.86542,0,0,True
4694961,2024-01-13,BROOKLYN,40.67591,-73.89492,0,0,True
4694962,2024-01-11,BROOKLYN,40.659832,-73.897606,1,0,True
4694963,2024-01-13,UNKNOWN,40.66278,-73.88086,0,0,True
4694964,2024-01-14,BROOKLYN,40.652397,-73.88374,0,0,True
4694965,2024-01-14,BROOKLYN,40.67325,-73.886734,1,0,True
4694966,2024-01-12,BROOKLYN,40.674404,-73.86976,1,0,True
4694967,2024-01-12,BROOKLYN,40.669037,-73.870384,1,0,True
4694968,2024-01-12,UNKNOWN,40.6496,-73.88371,2,0,True
4694969,2024-01-13,BROOKLYN,40.677208,-73.89723,1,0,True
4694970,2024-01-12,BROOKLYN,40.68458,-73.86956,0,0,True
4694971,2024-01-13,UNKNOWN,40.66585,-73.88392,0,0,True
4694972,2024-01-14,BROOKLYN,40.675724,-73.89718,1,0,True
4694973,2024-01-12,MANHATTAN,40.795723,-73.96917,1,0,True
4694974,2024-01-12,UNKNOWN,40.787857,-73.96745,0,0,True
4694975,2024-01-04,MANHATTAN,40.800262,-73.96128,0,0,True
4694976,2024-01-14,UNKNOWN,40.821068,-73.934525,0,0,True
4694977,2024-01-14,QUEENS,40.735603,-73.77516,0,0,True
4694978,2024-01-14,UNKNOWN,40.637447,-74.01997,1,0,True
4694979,2024-01-14,UNKNOWN,40.759922,-73.859276,1,0,True
4694980,2024-01-10,BROOKLYN,40.672062,-73.925255,0,0,True
4694981,2024-01-14,QUEENS,40.76041,-73.87485,1,0,True
4694982,2024-01-14,UNKNOWN,,,2,0,False
4694983,2024-01-12,BRONX,40.867733,-73.85861,1,0,True
4694984,2024-01-13,BROOKLYN,40.674786,-73.8762,1,0,True
4694985,2024-01-14,UNKNOWN,,,1,0,False
4694986,2024-01-13,BROOKLYN,40.674606,-73.90832,0,0,True
4694987,2024-01-06,UNKNOWN,40.833233,-73.8282,0,0,True
4694988,2024-01-13,BROOKLYN,40.6903,-73.98701,0,0,True
4694989,2024-01-14,BROOKLYN,40.603004,-73.99754,0,0,True
4694990,2024-01-14,BROOKLYN,40.599117,-73.97472,0,0,True
4694991,2024-01-12,UNKNOWN,40.614166,-74.000404,0,0,True
4694992,2024-01-12,UNKNOWN,40.742123,-73.92745,2,0,True
4694993,2024-01-14,UNKNOWN,40.68963,-73.98575,1,0,True
4694994,2024-01-13,BRONX,40.86751,-73.83567,1,0,True
4694995,2024-01-12,QUEENS,40.750393,-73.90523,1,0,True
4694996,2024-01-14,BROOKLYN,40.59426,-73.99563,0,0,True
4694997,2024-01-14,UNKNOWN,40.591312,-73.99388,0,0,True
4694998,2024-01-13,UNKNOWN,40.607243,-73.98726,1,0,True
4694999,2024-01-14,BROOKLYN,40.603043,-73.99753,0,0,True
4695000,2024-01-14,UNKNOWN,40.67272,-73.8814,0,0,True
4695001,2024-01-06,BRONX,40.89905,-73.848885,0,0,True
4695003,2024-01-13,BRONX,40.896687,-73.84511,1,0,True
4695004,2024-01-14,UNKNOWN,,,1,0,False
4695005,2024-01-07,UNKNOWN,,,1,0,False
4695006,2024-01-14,UNKNOWN,,,0,0,False
4695007,2024-01-08,UNKNOWN,,,0,0,False
4695008,2024-01-14,QUEENS,40.76316,-73.8164,0,0,True
4695009,2024-01-14,QUEENS,40.762756,-73.82261,0,0,True
4695010,2024-01-14,UNKNOWN,40.78944,-73.82045,0,0,True
4695011,2024-01-12,QUEENS,40.767498,-73.83302,1,0,True
4695012,2024-01-13,UNKNOWN,40.783268,-73.82485,0,0,True
4695013,2024-01-14,UNKNOWN,40.738842,-73.81404,0,0,True
4695014,2024-01-14,QUEENS,40.760784,-73.80677,1,0,True
4695015,2024-01-14,UNKNOWN,40.760254,-73.83493,1,0,True
4695016,2024-01-08,BRONX,40.84438,-73.8319,0,0,True
4695017,2024-01-08,UNKNOWN,,,0,0,False
4695018,2024-01-09,UNKNOWN,40.851925,-73.829315,1,0,True
4695019,2024-01-11,BRONX,40.840637,-73.840965,1,0,True
4695020,2024-01-11,BRONX,40.826797,-73.82237,1,0,True
4695021,2024-01-12,BRONX,40.83571,-73.85209,0,0,True
4695023,2024-01-14,BRONX,40.830196,-73.82817,0,0,True
4695024,2024-01-13,BRONX,40.825375,-73.83434,1,0,True
4695025,2024-01-14,BRONX,40.898876,-73.85539,0,0,True
4695026,2024-01-13,MANHATTAN,40.798935,-73.93637,1,0,True
4695027,2024-01-14,MANHATTAN,40.80506,-73.94117,1,0,True
4695028,2024-01-14,UNKNOWN,40.74111,-73.89842,4,0,True
4695029,2024-01-13,QUEENS,40.743374,-73.92056,4,0,True
4695030,2024-01-10,QUEENS,40.744686,-73.916504,1,0,True
4695031,2024-01-12,UNKNOWN,40.742153,-73.897156,3,0,True
4695032,2024-01-13,QUEENS,40.74525,-73.95575,0,0,True
4695033,2024-01-14,UNKNOWN,,,2,0,False
4695034,2024-01-14,QUEENS,40.751705,-73.81337,0,0,True
4695035,2024-01-13,UNKNOWN,,,0,0,False
4695036,2024-01-14,QUEENS,40.679718,-73.75143,0,0,True
4695037,2024-01-13,UNKNOWN,40.672688,-73.73544,2,0,True
4695038,2024-01-14,QUEENS,40.666393,-73.75177,2,0,True
4695039,2024-01-14,QUEENS,40.74884,-73.85725,0,0,True
4695040,2024-01-14,QUEENS,40.7448,-73.86344,1,0,True
4695041,2024-01-14,BROOKLYN,40.636105,-74.02292,1,0,True
4695042,2024-01-10,QUEENS,40.758595,-73.91933,0,0,True
4695043,2024-01-13,QUEENS,40.75361,-73.90393,1,0,True
4695044,2024-01-11,QUEENS,40.771637,-73.89554,0,0,True
4695045,2024-01-13,BROOKLYN,40.63445,-74.01422,0,0,True
4695046,2024-01-10,BROOKLYN,40.67131,-73.91309,1,0,True
4695047,2024-01-14,BROOKLYN,40.672348,-73.91409,1,0,True
4695048,2024-01-10,BROOKLYN,40.65556,-73.912,1,0,True
4695049,2024-01-13,QUEENS,40.776962,-73.9024,1,0,True
4695050,2024-01-13,QUEENS,40.726227,-73.756714,0,0,True
4695052,2024-01-14,UNKNOWN,40.68578,-73.9544,0,0,True
4695053,2024-01-12,BROOKLYN,40.679634,-73.94959,0,0,True
4695054,2024-01-13,UNKNOWN,40.68039,-73.94956,1,0,True
4695055,2024-01-13,QUEENS,40.76502,-73.9174,3,0,True
4695056,2024-01-13,QUEENS,40.75545,-73.9069,0,0,True
4695057,2024-01-09,QUEENS,40.773827,-73.93631,0,0,True
4695058,2024-01-12,QUEENS,40.755245,-73.900536,0,0,True
4695059,2024-01-12,BROOKLYN,40.70316,-73.96588,0,0,True
4695060,2024-01-13,BROOKLYN,40.707493,-73.94153,0,0,True
4695061,2024-01-11,QUEENS,40.772266,-73.91984,2,0,True
4695062,2024-01-13,UNKNOWN,40.713634,-73.94595,0,0,True
4695063,2024-01-14,BROOKLYN,40.701912,-73.93699,0,0,True
4695064,2024-01-14,QUEENS,40.762074,-73.91869,1,0,True
4695065,2024-01-15,QUEENS,40.77138,-73.89588,0,0,True
4695066,2024-01-13,QUEENS,40.709446,-73.909256,0,0,True
4695067,2024-01-14,QUEENS,40.70052,-73.89797,0,0,True
4695068,2024-01-13,QUEENS,40.70989,-73.90115,0,0,True
4695069,2024-01-12,MANHATTAN,40.743553,-73.99433,1,0,True
4695070,2024-01-13,QUEENS,40.706215,-73.898155,0,0,True
4695071,2024-01-11,BRONX,40.86923,-73.89604,1,0,True
4695072,2024-01-13,QUEENS,40.703484,-73.8051,0,0,True
4695073,2024-01-15,QUEENS,40.694424,-73.80094,0,0,True
4695074,2024-01-15,QUEENS,40.693687,-73.80753,0,0,True
4695075,2024-01-11,BRONX,40.87379,-73.87669,1,0,True
4695076,2024-01-12,UNKNOWN,40.701458,-73.80414,1,0,True
4695077,2024-01-07,QUEENS,40.70742,-73.79716,0,0,True
4695078,2024-01-11,UNKNOWN,40.693798,-73.81156,0,0,True
4695079,2024-01-14,QUEENS,40.701763,-73.80793,1,0,True
4695080,2024-01-11,UNKNOWN,40.841618,-73.91448,0,0,True
4695082,2024-01-08,QUEENS,40.701946,-73.77314,1,0,True
4695083,2024-01-14,QUEENS,40.704033,-73.7938,1,0,True
4695084,2024-01-13,QUEENS,40.702473,-73.79993,0,0,True
4695085,2024-01-13,BROOKLYN,40.60312,-73.960556,1,0,True
4695086,2024-01-13,BRONX,40.865788,-73.898735,0,0,True
4695087,2024-01-13,BROOKLYN,40.59692,-73.95412,1,0,True
4695088,2024-01-13,BROOKLYN,40.602528,-73.95203,1,0,True
4695089,2024-01-10,BRONX,40.873066,-73.87483,0,0,True
4695090,2024-01-14,BROOKLYN,40.583668,-73.94843,0,0,True
4695091,2024-01-14,BROOKLYN,40.5916,-73.960686,0,0,True
4695092,2024-01-13,BROOKLYN,40.602467,-73.96638,1,0,True
4695093,2024-01-14,QUEENS,40.70128,-73.88168,1,0,True
4695094,2024-01-11,QUEENS,40.7122,-73.86208,1,0,True
4695095,2024-01-13,QUEENS,40.712696,-73.900604,0,0,True
4695096,2024-01-14,QUEENS,40.725918,-73.89535,0,0,True
4695097,2024-01-13,QUEENS,40.700962,-73.892456,1,0,True
4695098,2024-01-14,UNKNOWN,40.861862,-73.91275,1,0,True
4695099,2024-01-14,BROOKLYN,40.646378,-73.97085,1,0,True
4695100,2024-01-12,QUEENS,40.692314,-73.88268,0,0,True
4695101,2024-01-11,UNKNOWN,40.865902,-73.904396,0,0,True
4695102,2024-01-13,BRONX,40.873383,-73.88938,1,0,True
4695103,2024-01-12,BRONX,,,1,0,False
4695104,2024-01-13,UNKNOWN,40.85947,-73.915726,1,0,True
4695105,2024-01-13,MANHATTAN,40.779423,-73.9446,1,0,True
4695106,2024-01-12,MANHATTAN,40.75928,-73.959274,0,0,True
4695107,2024-01-14,BRONX,40.883633,-73.88517,0,0,True
4695108,2024-01-12,MANHATTAN,40.763172,-73.96846,0,0,True
4695109,2024-01-14,QUEENS,40.704002,-73.85593,1,0,True
4695110,2024-01-12,BROOKLYN,40.681767,-73.96754,1,0,True
4695111,2024-01-11,BROOKLYN,40.67843,-73.98235,0,0,True
4695112,2024-01-11,MANHATTAN,40.763626,-73.95794,0,0,True
4695113,2024-01-13,BROOKLYN,40.66998,-73.99227,1,0,True
4695114,2024-01-13,BROOKLYN,40.67821,-73.97323,0,0,True
4695115,2024-01-11,UNKNOWN,,,0,0,False
4695116,2024-01-15,MANHATTAN,40.76817,-73.9528,0,0,True
4695117,2024-01-12,BROOKLYN,40.681835,-73.97584,0,0,True
4695118,2024-01-12,BROOKLYN,40.675907,-73.969505,0,0,True
4695119,2024-01-13,UNKNOWN,40.75928,-73.959274,1,0,True
4695121,2024-01-12,QUEENS,40.682262,-73.80479,2,0,True
4695122,2024-01-04,BRONX,40.806263,-73.92018,0,0,True
4695123,2024-01-04,BRONX,,,0,0,False
4695124,2024-01-02,BRONX,40.806263,-73.92018,0,0,True
4695125,2024-01-13,QUEENS,40.692543,-73.77553,0,0,True
4695126,2024-01-06,QUEENS,40.68024,-73.783844,0,0,True
4695127,2024-01-05,BRONX,40.81881,-73.92828,1,0,True
4695128,2024-01-10,UNKNOWN,40.733425,-73.97447,1,0,True
4695129,2024-01-06,UNKNOWN,40.86804,-73.879105,1,0,True
4695130,2024-01-15,BROOKLYN,40.673004,-73.99935,0,0,True
4695131,2024-01-11,UNKNOWN,,,3,0,False
4695132,2024-01-12,QUEENS,40.70013,-73.81753,0,0,True
4695133,2024-01-13,QUEENS,40.690216,-73.854645,0,0,True
4695134,2024-01-10,BROOKLYN,40.61554,-73.98891,0,0,True
4695135,2024-01-12,UNKNOWN,40.859,-73.90353,0,0,True
4695136,2024-01-12,MANHATTAN,40.829735,-73.938644,1,0,True
4695137,2024-01-13,MANHATTAN,40.809765,-73.942345,0,0,True
4695138,2024-01-13,UNKNOWN,40.608353,-73.99078,0,0,True
4695139,2024-01-13,BROOKLYN,40.714592,-73.93877,0,0,True
4695140,2024-01-11,BROOKLYN,40.71213,-73.95688,0,0,True
4695141,2024-01-12,BROOKLYN,40.613895,-74.01051,1,0,True
4695142,2024-01-12,UNKNOWN,40.680134,-73.86054,1,0,True
4695143,2024-01-13,UNKNOWN,40.71242,-73.82932,0,0,True
4695144,2024-01-12,BROOKLYN,40.71381,-73.95618,0,0,True
4695145,2024-01-12,BROOKLYN,40.711903,-73.96295,0,0,True
4695146,2024-01-11,UNKNOWN,40.82267,-73.92007,0,0,True
4695147,2024-01-14,QUEENS,40.68711,-73.83595,0,0,True
4695148,2024-01-14,QUEENS,40.702415,-73.81745,0,0,True
4695149,2024-01-15,BROOKLYN,40.639275,-73.95445,1,0,True
4695150,2024-01-12,BROOKLYN,40.713398,-73.95641,1,0,True
4695151,2024-01-14,UNKNOWN,,,0,0,False
4695152,2024-01-13,QUEENS,40.690426,-73.85736,0,0,True
4695153,2024-01-15,BROOKLYN,40.709225,-73.923225,1,0,True
4695154,2024-01-12,QUEENS,40.686447,-73.85485,1,0,True
4695155,2024-01-14,UNKNOWN,40.695023,-73.84645,0,0,True
4695156,2024-01-12,BROOKLYN,40.68333,-73.95612,1,0,True
4695157,2024-01-12,QUEENS,40.75333,-73.780525,0,0,True
4695158,2024-01-12,UNKNOWN,40.700478,-73.92534,0,0,True
4695159,2024-01-10,QUEENS,40.766754,-73.78254,1,0,True
4695160,2024-01-14,QUEENS,40.7343,-73.7552,0,0,True
4695161,2024-01-13,STATEN ISLAND,40.5377,-74.15002,1,0,True
4695162,2024-01-14,QUEENS,40.767765,-73.773155,0,0,True
4695163,2024-01-14,UNKNOWN,,,0,0,False
4695164,2024-01-14,UNKNOWN,40.823708,-73.879,0,0,True
4695165,2024-01-13,UNKNOWN,,,1,0,False
4695166,2024-01-13,STATEN ISLAND,40.56984,-74.13024,0,0,True
4695167,2024-01-14,STATEN ISLAND,40.550953,-74.167656,0,0,True
4695168,2024-01-13,STATEN ISLAND,40.59319,-74.082405,0,0,True
4695169,2024-01-12,BRONX,40.82073,-73.91567,0,0,True
4695170,2024-01-13,STATEN ISLAND,40.589344,-74.1015,0,0,True
4695171,2024-01-14,UNKNOWN,40.59755,-74.11133,0,0,True
4695172,2024-01-14,UNKNOWN,40.75898,-73.99595,1,0,True
4695173,2024-01-15,MANHATTAN,40.74702,-74.00466,0,0,True
4695174,2024-01-15,MANHATTAN,40.75383,-74.00715,4,0,True
4695175,2024-01-14,UNKNOWN,40.712646,-73.98998,1,0,True
4695176,2024-01-13,BRONX,40.861862,-73.91275,0,0,True
4695177,2024-01-14,BRONX,40.875755,-73.835724,0,0,True
4695178,2024-01-13,QUEENS,40.59693,-73.79759,0,0,True
4695179,2024-01-14,UNKNOWN,40.71738,-73.99131,0,0,True
4695180,2024-01-14,BROOKLYN,40.625652,-73.930534,0,0,True
4695181,2024-01-08,BRONX,40.858368,-73.903915,0,0,True
4695182,2024-01-14,UNKNOWN,40.675663,-73.9277,1,0,True
4695183,2024-01-08,UNKNOWN,40.826622,-73.930984,2,0,True
4695184,2024-01-12,BRONX,40.83872,-73.91378,2,0,True
4695186,2024-01-13,MANHATTAN,40.77855,-73.951256,1,0,True
4695187,2024-01-14,UNKNOWN,40.852814,-73.94197,1,0,True
4695188,2024-01-01,MANHATTAN,40.803745,-73.95587,1,0,True
4695189,2024-01-14,UNKNOWN,,,2,0,False
4695190,2024-01-06,MANHATTAN,40.79985,-73.95626,1,0,True
4695191,2024-01-06,MANHATTAN,40.80202,-73.94969,0,0,True
4695192,2024-01-02,UNKNOWN,,,0,0,False
4695193,2024-01-05,MANHATTAN,40.80931,-73.94912,0,0,True
4695194,2024-01-13,UNKNOWN,40.810173,-73.95117,0,0,True
4695195,2024-01-06,UNKNOWN,40.802532,-73.95303,0,0,True
4695196,2024-01-13,MANHATTAN,,,0,0,False
4695197,2024-01-09,BRONX,40.807186,-73.924286,0,0,True
4695198,2024-01-14,BROOKLYN,40.62774,-73.91916,0,0,True
4695199,2024-01-11,MANHATTAN,40.80897,-73.94833,0,0,True
4695200,2024-01-12,UNKNOWN,40.744183,-73.7329,1,0,True
4695201,2024-01-12,UNKNOWN,,,0,0,False
4695202,2024-01-15,BROOKLYN,40.66684,-73.871605,0,0,True
4695203,2024-01-11,UNKNOWN,,,0,0,False
4695204,2024-01-06,BRONX,40.82201,-73.85827,1,0,True
4695205,2024-01-15,BROOKLYN,40.60507,-73.97913,0,0,True
4695206,2024-01-15,UNKNOWN,40.704823,-73.92459,0,0,True
4695207,2024-01-15,QUEENS,40.68572,-73.84762,0,0,True
4695208,2024-01-13,BRONX,40.83029,-73.850655,0,0,True
4695209,2024-01-14,BRONX,40.819477,-73.84451,0,0,True
4695210,2024-01-14,UNKNOWN,40.824085,-73.874344,1,0,True
4695211,2024-01-12,BROOKLYN,40.614666,-73.99043,0,0,True
4695212,2024-01-14,BRONX,40.82502,-73.86767,0,0,True
4695213,2024-01-14,BRONX,40.81705,-73.8637,0,0,True
4695214,2024-01-13,UNKNOWN,40.825165,-73.86699,1,0,True
4695215,2024-01-15,BRONX,40.829506,-73.881294,0,0,True
4695216,2024-01-14,BRONX,40.831093,-73.87009,0,0,True
4695217,2024-01-06,QUEENS,,,0,0,False
4695218,2024-01-12,BRONX,40.84559,-73.88092,0,0,True
4695219,2024-01-13,UNKNOWN,40.843452,-73.892876,0,0,True
4695220,2024-01-15,BRONX,40.851685,-73.896255,1,0,True
4695221,2024-01-15,UNKNOWN,40.610275,-74.14641,0,0,True
4695222,2024-01-14,BRONX,40.857525,-73.8818,1,0,True
4695224,2024-01-13,BRONX,40.848133,-73.88885,2,0,True
4695225,2024-01-14,BRONX,40.855244,-73.89314,1,0,True
4695226,2024-01-10,UNKNOWN,40.844105,-73.898,1,0,True
4695227,2024-01-13,BRONX,40.838844,-73.87817,5,0,True
4695228,2024-01-12,BRONX,40.85713,-73.8808,0,0,True
4695229,2024-01-08,BRONX,40.87314,-73.90572,2,0,True
4695230,2024-01-08,BRONX,40.837536,-73.90341,1,0,True
4695231,2024-01-13,BRONX,40.833733,-73.88994,1,0,True
4695233,2024-01-10,BRONX,40.829823,-73.90773,1,0,True
4695234,2024-01-12,MANHATTAN,40.701782,-74.01117,0,0,True
4695235,2024-01-13,MANHATTAN,40.707638,-74.00816,0,0,True
4695236,2024-01-11,BRONX,40.815754,-73.89529,0,0,True
4695237,2024-01-12,BRONX,40.837368,-73.88777,1,0,True
4695238,2024-01-12,BRONX,40.812878,-73.88991,0,0,True
4695240,2024-01-13,BRONX,40.836437,-73.88498,1,0,True
4695241,2024-01-15,UNKNOWN,40.683502,-73.91152,0,0,True
4695242,2024-01-12,BRONX,40.818146,-73.89929,0,0,True
4695243,2024-01-13,BRONX,40.836437,-73.88498,1,0,True
4695244,2024-01-10,UNKNOWN,40.85166,-73.904236,2,0,True
4695245,2024-01-13,BRONX,40.827038,-73.90753,0,0,True
4695246,2024-01-14,BRONX,40.83486,-73.89973,0,0,True
4695247,2024-01-15,MANHATTAN,40.713688,-73.99459,0,0,True
4695248,2024-01-13,BROOKLYN,40.71752,-73.957214,0,0,True
4695249,2024-01-12,BROOKLYN,40.735157,-73.95508,1,0,True
4695250,2024-01-14,BROOKLYN,40.717045,-73.958565,0,0,True
4695251,2024-01-13,UNKNOWN,40.71976,-73.94476,0,0,True
4695252,2024-01-12,BROOKLYN,40.715508,-73.960014,0,0,True
4695253,2024-01-12,BROOKLYN,40.72878,-73.94596,0,0,True
4695254,2024-01-13,BROOKLYN,40.719093,-73.93889,0,0,True
4695255,2024-01-09,BROOKLYN,40.718666,-73.9635,1,0,True
4695256,2024-01-15,BROOKLYN,40.640564,-73.97672,1,0,True
4695257,2024-01-14,BRONX,40.845818,-73.88414,0,0,True
4695258,2024-01-13,QUEENS,40.71614,-73.83357,0,0,True
4695259,2024-01-15,QUEENS,40.707985,-73.83394,0,0,True
4695260,2024-01-14,QUEENS,40.734985,-73.85066,0,0,True
4695261,2024-01-12,BROOKLYN,40.731422,-73.94641,1,0,True
4695262,2024-01-13,QUEENS,40.726036,-73.859726,0,0,True
4695263,2024-01-15,BROOKLYN,40.624474,-74.00668,1,0,True
4695264,2024-01-11,UNKNOWN,40.638264,-74.021095,1,0,True
4695265,2024-01-12,UNKNOWN,40.726173,-73.86489,1,0,True
4695266,2024-01-14,UNKNOWN,40.72545,-73.837776,0,0,True
4695267,2024-01-13,QUEENS,40.725147,-73.86971,1,0,True
4695268,2024-01-14,UNKNOWN,40.738907,-73.84756,0,0,True
4695269,2024-01-14,UNKNOWN,,,0,0,False
4695270,2024-01-14,UNKNOWN,40.72545,-73.837776,1,0,True
4695271,2024-01-14,UNKNOWN,40.84984,-73.934975,2,0,True
4695272,2024-01-14,UNKNOWN,,,0,0,False
4695273,2024-01-12,QUEENS,40.577816,-73.849075,0,0,True
4695274,2024-01-15,UNKNOWN,40.64047,-74.131454,0,0,True
4695275,2024-01-12,UNKNOWN,40.604763,-74.02746,0,0,True
4695276,2024-01-14,QUEENS,40.68877,-73.83017,1,0,True
4695277,2024-01-15,UNKNOWN,40.699547,-73.83246,1,0,True
4695278,2024-01-08,MANHATTAN,40.713688,-73.99459,0,0,True
4695279,2024-01-12,BROOKLYN,40.687084,-73.97559,0,0,True
4695280,2024-01-12,QUEENS,40.70678,-73.85472,1,0,True
4695281,2024-01-13,QUEENS,40.726078,-73.85168,0,0,True
4695282,2024-01-13,BROOKLYN,40.669903,-73.939384,0,0,True
4695283,2024-01-14,UNKNOWN,40.673256,-73.9307,0,0,True
4695284,2024-01-14,BROOKLYN,40.662663,-73.933205,0,0,True
4695286,2024-01-15,BROOKLYN,40.70064,-73.93647,0,0,True
4695287,2024-01-10,UNKNOWN,40.707108,-74.01397,0,0,True
4695288,2024-01-12,UNKNOWN,40.68269,-73.96168,0,0,True
4695289,2024-01-14,BROOKLYN,40.631012,-73.88773,0,0,True
4695290,2024-01-14,BROOKLYN,,,3,0,False
4695291,2024-01-15,UNKNOWN,,,3,0,False
4695292,2024-01-15,BRONX,40.89702,-73.85969,1,0,True
4695293,2024-01-12,BROOKLYN,40.68789,-73.90724,0,0,True
4695294,2024-01-14,UNKNOWN,40.814144,-73.95571,0,0,True
4695295,2024-01-14,BROOKLYN,40.690926,-73.92066,1,0,True
4695297,2024-01-07,UNKNOWN,,,0,0,False
4695298,2024-01-15,UNKNOWN,,,3,0,False
4695299,2024-01-12,QUEENS,40.76317,-73.88298,0,0,True
4695300,2024-01-13,UNKNOWN,40.747036,-73.88958,1,0,True
4695301,2024-01-15,UNKNOWN,40.877815,-73.868126,0,0,True
4695302,2024-01-15,BRONX,,,1,0,False
4695303,2024-01-15,QUEENS,40.753925,-73.88319,1,0,True
4695304,2024-01-15,QUEENS,40.73267,-73.7097,0,0,True
4695305,2024-01-15,QUEENS,40.71801,-73.75065,1,0,True
4695306,2024-01-14,BROOKLYN,40.67765,-73.949776,0,0,True
4695307,2024-01-15,QUEENS,40.768227,-73.87046,0,0,True
4695308,2024-01-14,UNKNOWN,40.75895,-73.83192,1,0,True
4695309,2024-01-15,UNKNOWN,40.74242,-73.826546,0,0,True
4695310,2024-01-12,UNKNOWN,40.85792,-73.872574,3,0,True
4695311,2024-01-14,BRONX,40.86536,-73.87043,2,0,True
4695312,2024-01-15,BRONX,40.846138,-73.86172,1,0,True
4695313,2024-01-15,QUEENS,40.71187,-73.810455,0,0,True
4695314,2024-01-13,BROOKLYN,40.665184,-73.95997,0,0,True
4695315,2024-01-14,MANHATTAN,40.75587,-73.972824,1,0,True
4695316,2024-01-15,BRONX,40.87829,-73.87006,1,0,True
4695317,2024-01-11,BROOKLYN,40.707603,-73.94496,0,0,True
4695318,2024-01-13,UNKNOWN,40.703373,-73.93764,0,0,True
4695319,2024-01-15,UNKNOWN,40.688766,-73.99907,2,0,True
4695320,2024-01-13,BRONX,40.886528,-73.89979,1,0,True
4695322,2024-01-12,BRONX,40.88074,-73.9101,0,0,True
4695323,2024-01-14,BRONX,40.87618,-73.90943,0,0,True
4695324,2024-01-14,UNKNOWN,40.90026,-73.88645,2,0,True
4695325,2024-01-14,BRONX,40.88368,-73.893135,1,0,True
4695326,2024-01-14,UNKNOWN,,,1,0,False
4695327,2024-01-14,BRONX,40.885727,-73.91028,0,0,True
4695328,2024-01-14,UNKNOWN,40.88817,-73.88734,0,0,True
4695329,2024-01-15,UNKNOWN,40.90347,-73.88628,1,0,True
4695330,2024-01-14,BRONX,40.868458,-73.90095,0,0,True
4695331,2024-01-15,BRONX,40.894325,-73.908485,1,0,True
4695332,2024-01-15,UNKNOWN,40.88661,-73.90704,1,0,True
4695333,2024-01-15,UNKNOWN,40.88305,-73.89983,2,0,True
4695334,2024-01-02,UNKNOWN,40.651974,-73.86542,1,0,True
4695335,2024-01-15,UNKNOWN,40.64511,-73.874886,0,0,True
4695336,2024-01-15,UNKNOWN,40.592815,-73.90808,0,0,True
4695337,2024-01-15,QUEENS,40.65838,-73.735634,1,0,True
4695338,2024-01-15,UNKNOWN,40.638878,-74.00605,1,0,True
4695339,2024-01-14,UNKNOWN,40.65075,-73.97599,1,0,True
4695340,2024-01-13,BROOKLYN,40.64532,-74.01218,0,0,True
4695341,2024-01-14,UNKNOWN,40.65075,-73.97599,0,0,True
4695342,2024-01-14,UNKNOWN,40.65477,-74.00708,0,0,True
4695343,2024-01-12,BROOKLYN,40.659912,-73.998604,1,0,True
4695344,2024-01-14,QUEENS,40.74101,-73.90058,1,0,True
4695345,2024-01-15,QUEENS,40.743256,-73.89814,1,0,True
4695346,2024-01-15,QUEENS,40.742893,-73.92065,1,0,True
4695347,2024-01-12,QUEENS,40.7493,-73.89758,1,0,True
4695348,2024-01-13,UNKNOWN,40.843616,-73.87182,0,0,True
4695349,2024-01-14,UNKNOWN,40.706608,-74.00204,2,0,True
4695350,2024-01-14,UNKNOWN,,,1,0,False
4695352,2024-01-14,BROOKLYN,40.71337,-73.934814,1,0,True
4695353,2024-01-14,UNKNOWN,40.68341,-73.87304,1,0,True
4695354,2024-01-15,BROOKLYN,40.665066,-73.87059,1,0,True
4695355,2024-01-11,BROOKLYN,40.684273,-73.87238,1,0,True
4695356,2024-01-13,BROOKLYN,40.676304,-73.891975,0,0,True
4695357,2024-01-14,BROOKLYN,40.678074,-73.86687,0,0,True
4695358,2024-01-15,BROOKLYN,40.687954,-73.868324,0,0,True
4695359,2024-01-16,BROOKLYN,40.673378,-73.88585,0,0,True
4695360,2024-01-16,BROOKLYN,40.671597,-73.88018,0,0,True
4695361,2024-01-15,BROOKLYN,40.633747,-74.02165,0,0,True
4695362,2024-01-14,UNKNOWN,,,0,0,False
4695363,2024-01-11,UNKNOWN,40.62308,-74.1759,0,0,True
4695364,2024-01-15,UNKNOWN,40.620438,-74.1672,0,0,True
4695365,2024-01-15,UNKNOWN,,,0,0,False
4695366,2024-01-15,UNKNOWN,40.63321,-73.92259,0,0,True
4695367,2024-01-08,UNKNOWN,40.683342,-74.001976,1,0,True
4695368,2024-01-13,UNKNOWN,40.588997,-73.81629,1,0,True
4695369,2024-01-14,QUEENS,40.580124,-73.83738,0,0,True
4695370,2024-01-15,UNKNOWN,40.74877,-73.893616,1,0,True
4695371,2024-01-15,UNKNOWN,40.757977,-73.853004,0,0,True
4695372,2024-01-14,QUEENS,40.757694,-73.864624,2,0,True
4695373,2024-01-15,QUEENS,40.7568,-73.873665,0,0,True
4695374,2024-01-15,MANHATTAN,40.772034,-73.958,0,0,True
4695375,2024-01-14,UNKNOWN,40.76363,-73.9533,3,0,True
4695376,2024-01-11,BRONX,40.822456,-73.92692,0,0,True
4695377,2024-01-15,QUEENS,40.674175,-73.81975,0,0,True
4695378,2024-01-14,BROOKLYN,40.58814,-73.93179,2,0,True
4695379,2024-01-14,BROOKLYN,40.60954,-73.94653,2,0,True
4695380,2024-01-15,BROOKLYN,40.590305,-73.95265,0,0,True
4695381,2024-01-14,BROOKLYN,40.67619,-73.9081,0,0,True
4695382,2024-01-15,BROOKLYN,40.669918,-73.91889,3,0,True
4695383,2024-01-15,UNKNOWN,40.66632,-73.83481,2,0,True
4695384,2024-01-16,BROOKLYN,40.583054,-73.95663,1,0,True
4695385,2024-01-16,BROOKLYN,40.59783,-73.96549,1,0,True
4695386,2024-01-16,BROOKLYN,40.585556,-73.960106,1,0,True
4695387,2024-01-15,QUEENS,40.677006,-73.81261,0,0,True
4695388,2024-01-12,QUEENS,40.67062,-73.809235,0,0,True
4695389,2024-01-15,BRONX,40.87447,-73.88888,0,0,True
4695390,2024-01-16,UNKNOWN,40.874897,-73.88043,0,0,True
4695391,2024-01-12,UNKNOWN,40.666573,-73.811775,0,0,True
4695392,2024-01-15,QUEENS,40.68023,-73.82122,1,0,True
4695393,2024-01-13,QUEENS,40.681824,-73.82371,0,0,True
4695394,2024-01-13,QUEENS,40.677773,-73.809906,1,0,True
4695395,2024-01-12,QUEENS,40.68489,-73.82148,1,0,True
4695396,2024-01-15,UNKNOWN,,,2,0,False
4695397,2024-01-15,STATEN ISLAND,40.528,-74.23547,1,0,True
4695398,2024-01-15,STATEN ISLAND,40.56345,-74.169754,0,0,True
4695399,2024-01-15,STATEN ISLAND,40.521072,-74.23614,1,0,True
4695400,2024-01-11,BRONX,40.816887,-73.92087,1,0,True
4695401,2024-01-15,BROOKLYN,40.640133,-73.99757,1,0,True
4695402,2024-01-15,BROOKLYN,40.637398,-74.0051,0,0,True
4695403,2024-01-15,BROOKLYN,40.62771,-73.99822,0,0,True
4695404,2024-01-01,UNKNOWN,40.68187,-73.955826,0,0,True
4695405,2024-01-15,UNKNOWN,40.66632,-73.83481,1,0,True
4695406,2024-01-14,QUEENS,40.672386,-73.811615,0,0,True
4695407,2024-01-12,QUEENS,40.664192,-73.841125,0,0,True
4695408,2024-01-15,QUEENS,40.676823,-73.8133,0,0,True
4695409,2024-01-16,QUEENS,40.685722,-73.8523,0,0,True
4695410,2024-01-14,UNKNOWN,40.687546,-73.8208,0,0,True
4695411,2024-01-12,QUEENS,40.680508,-73.81432,0,0,True
4695412,2024-01-14,UNKNOWN,,,1,0,False
4695413,2024-01-13,UNKNOWN,40.684383,-73.823265,1,0,True
4695414,2024-01-13,QUEENS,40.670822,-73.8564,0,0,True
4695415,2024-01-16,QUEENS,40.664715,-73.80981,0,0,True
4695416,2024-01-16,UNKNOWN,40.69097,-73.81439,0,0,True
4695417,2024-01-15,BRONX,40.85313,-73.885956,0,0,True
4695418,2024-01-15,BROOKLYN,40.692482,-73.9203,1,0,True
4695419,2024-01-15,MANHATTAN,40.736877,-74.00554,0,0,True
4695420,2024-01-05,BRONX,40.816906,-73.92087,1,0,True
4695421,2024-01-15,MANHATTAN,40.7615,-73.997826,0,0,True
4695422,2024-01-12,BRONX,40.8176,-73.92355,0,0,True
4695423,2024-01-14,BROOKLYN,40.664593,-73.9225,1,0,True
4695424,2024-01-09,BROOKLYN,40.648643,-73.955765,1,0,True
4695425,2024-01-16,UNKNOWN,40.634827,-73.9344,0,0,True
4695426,2024-01-16,BROOKLYN,40.651653,-73.91738,0,0,True
4695427,2024-01-14,BROOKLYN,40.643303,-73.9478,1,0,True
4695428,2024-01-13,BROOKLYN,,,1,0,False
4695429,2024-01-13,UNKNOWN,40.701836,-73.82211,1,0,True
4695430,2024-01-13,UNKNOWN,40.618523,-73.99081,1,0,True
4695431,2024-01-11,BROOKLYN,40.609413,-74.00284,0,0,True
4695432,2024-01-14,BROOKLYN,40.614292,-73.97907,1,0,True
4695433,2024-01-15,BROOKLYN,40.60756,-73.984406,1,0,True
4695434,2024-01-09,UNKNOWN,40.68187,-73.955826,0,0,True
4695435,2024-01-04,BROOKLYN,40.693905,-73.94892,0,0,True
4695436,2024-01-15,UNKNOWN,40.68483,-73.86048,1,0,True
4695437,2024-01-16,BROOKLYN,40.600082,-73.96591,0,0,True
4695439,2024-01-14,UNKNOWN,40.61135,-74.09847,2,0,True
4695440,2024-01-11,STATEN ISLAND,40.634567,-74.1172,3,0,True
4695441,2024-01-15,BRONX,40.828194,-73.90386,1,0,True
4695442,2024-01-15,MANHATTAN,40.75736,-73.98798,0,0,True
4695443,2024-01-16,MANHATTAN,40.71263,-74.00792,0,0,True
4695444,2024-01-14,MANHATTAN,40.7491,-73.99201,0,0,True
4695445,2024-01-15,UNKNOWN,40.835293,-73.881935,1,0,True
4695446,2024-01-15,MANHATTAN,40.749786,-73.98778,1,0,True
4695447,2024-01-15,UNKNOWN,40.72545,-73.837776,2,0,True
4695448,2024-01-15,UNKNOWN,,,0,0,False
4695449,2024-01-14,UNKNOWN,,,1,0,False
4695450,2024-01-15,UNKNOWN,40.836555,-73.87135,3,0,True
4695451,2024-01-15,BRONX,40.833435,-73.85079,0,0,True
4695452,2024-01-16,BRONX,40.814415,-73.85012,0,0,True
4695453,2024-01-15,QUEENS,40.732033,-73.89134,0,0,True
4695454,2024-01-12,MANHATTAN,40.78059,-73.956116,0,0,True
4695455,2024-01-02,UNKNOWN,40.771374,-73.877144,0,0,True
4695456,2024-01-10,MANHATTAN,40.797707,-73.948616,0,0,True
4695457,2024-01-10,MANHATTAN,40.786324,-73.94989,1,0,True
4695458,2024-01-10,MANHATTAN,40.792255,-73.948395,0,0,True
4695459,2024-01-11,MANHATTAN,40.79507,-73.93919,0,0,True
4695460,2024-01-11,MANHATTAN,40.790638,-73.94849,0,0,True
4695461,2024-01-10,UNKNOWN,40.68064,-73.95338,0,0,True
4695462,2024-01-13,UNKNOWN,40.607964,-74.162346,0,0,True
4695463,2024-01-08,MANHATTAN,40.784233,-73.944,0,0,True
4695464,2024-01-13,BRONX,40.821667,-73.915184,0,1,True
4695465,2024-01-11,UNKNOWN,,,1,0,False
4695466,2024-01-15,BROOKLYN,40.631096,-73.91048,0,0,True
4695467,2024-01-07,UNKNOWN,40.788795,-73.93755,1,0,True
4695468,2024-01-06,MANHATTAN,40.789707,-73.9403,0,0,True
4695469,2024-01-12,MANHATTAN,40.792244,-73.94419,0,0,True
4695470,2024-01-16,UNKNOWN,40.59971,-74.06605,0,0,True
4695471,2024-01-11,MANHATTAN,40.790417,-73.95184,0,0,True
4695472,2024-01-12,UNKNOWN,40.79149,-73.93577,0,0,True
4695473,2024-01-14,STATEN ISLAND,40.626816,-74.074135,0,0,True
4695474,2024-01-15,UNKNOWN,,,3,0,False
4695475,2024-01-14,STATEN ISLAND,40.625603,-74.075035,0,0,True
4695476,2024-01-14,STATEN ISLAND,40.63318,-74.09545,0,0,True
4695477,2024-01-12,QUEENS,40.698677,-73.90954,0,0,True
4695478,2024-01-16,QUEENS,40.7139,-73.90881,0,0,True
4695479,2024-01-09,QUEENS,40.709988,-73.90475,0,0,True
4695480,2024-01-12,QUEENS,40.761166,-73.82938,0,0,True
4695481,2024-01-10,MANHATTAN,40.7876,-73.94321,0,0,True
4695482,2024-01-14,QUEENS,40.754425,-73.82789,0,0,True
4695483,2024-01-12,QUEENS,40.69622,-73.89988,0,0,True
4695484,2024-01-14,MANHATTAN,40.85891,-73.922966,0,0,True
4695485,2024-01-14,UNKNOWN,40.864403,-73.923775,0,0,True
4695486,2024-01-16,UNKNOWN,40.864254,-73.85872,0,0,True
4695487,2024-01-14,UNKNOWN,40.809574,-73.91806,1,0,True
4695488,2024-01-15,UNKNOWN,40.78585,-73.838356,0,0,True
4695489,2024-01-15,UNKNOWN,40.64507,-73.95803,1,0,True
4695490,2024-01-15,BROOKLYN,40.624382,-73.95736,0,0,True
4695491,2024-01-16,BROOKLYN,40.6474,-73.96829,0,0,True
4695492,2024-01-14,UNKNOWN,40.744526,-73.77161,0,0,True
4695493,2024-01-15,QUEENS,40.757164,-73.82212,1,0,True
4695494,2024-01-14,UNKNOWN,,,0,0,False
4695495,2024-01-12,UNKNOWN,40.63884,-74.12929,0,0,True
4695496,2024-01-15,UNKNOWN,,,0,0,False
4695497,2024-01-15,STATEN ISLAND,40.640465,-74.08796,0,0,True
4695498,2024-01-16,UNKNOWN,40.767982,-73.82685,1,0,True
4695499,2024-01-14,UNKNOWN,40.720238,-73.94441,1,0,True
4695500,2024-01-15,MANHATTAN,40.734673,-73.99459,1,0,True
4695501,2024-01-16,QUEENS,,,0,0,False
4695502,2024-01-12,QUEENS,40.700497,-73.90021,1,0,True
4695503,2024-01-14,UNKNOWN,40.856403,-73.9073,1,0,True
4695505,2024-01-15,BRONX,40.847813,-73.90754,0,0,True
4695506,2024-01-13,BRONX,40.851185,-73.92152,0,0,True
4695507,2024-01-15,BRONX,40.853138,-73.9017,1,0,True
4695508,2024-01-15,UNKNOWN,40.69958,-73.9278,0,0,True
4695509,2024-01-12,UNKNOWN,40.79293,-73.94791,0,0,True
4695510,2024-01-16,BROOKLYN,40.685226,-73.91454,0,0,True
4695511,2024-01-16,BROOKLYN,40.678936,-74.001915,0,0,True
4695512,2024-01-16,UNKNOWN,40.548103,-74.18356,0,0,True
4695513,2024-01-14,STATEN ISLAND,40.54653,-74.180435,0,0,True
4695514,2024-01-16,BROOKLYN,40.62078,-73.96543,0,0,True
4695515,2024-01-14,UNKNOWN,40.646717,-73.99789,0,0,True
4695516,2024-01-15,UNKNOWN,40.738415,-73.84899,0,0,True
4695517,2024-01-16,UNKNOWN,40.654984,-74.00711,0,0,True
4695518,2024-01-13,QUEENS,40.739403,-73.88394,0,0,True
4695519,2024-01-11,BROOKLYN,40.58096,-73.96466,1,0,True
4695520,2024-01-13,UNKNOWN,40.579052,-73.98415,1,0,True
4695521,2024-01-15,UNKNOWN,,,2,0,False
4695522,2024-01-15,QUEENS,40.74403,-73.85869,1,0,True
4695523,2024-01-15,QUEENS,40.74267,-73.86331,0,0,True
4695524,2024-01-16,UNKNOWN,40.584137,-73.96386,0,0,True
4695525,2024-01-15,QUEENS,40.753223,-73.91215,0,0,True
4695526,2024-01-14,UNKNOWN,40.825897,-73.93936,3,0,True
4695527,2024-01-08,BROOKLYN,40.656643,-74.00527,0,0,True
4695528,2024-01-15,UNKNOWN,40.719734,-73.78652,1,0,True
4695529,2024-01-15,QUEENS,40.757336,-73.922295,0,0,True
4695530,2024-01-13,QUEENS,40.760098,-73.9214,0,0,True
4695531,2024-01-16,QUEENS,40.723225,-73.762794,0,0,True
4695532,2024-01-11,BROOKLYN,40.655388,-74.014,0,0,True
4695533,2024-01-16,BROOKLYN,,,0,0,False
4695534,2024-01-14,QUEENS,40.774998,-73.91006,1,0,True
4695535,2024-01-12,MANHATTAN,40.792786,-73.939644,0,0,True
4695536,2024-01-12,BRONX,40.81576,-73.89332,0,0,True
4695537,2024-01-14,BRONX,40.821865,-73.897385,1,0,True
4695538,2024-01-15,UNKNOWN,40.82319,-73.889496,3,0,True
4695539,2024-01-16,MANHATTAN,40.776077,-73.961586,1,0,True
4695540,2024-01-16,BROOKLYN,40.640316,-73.97907,1,0,True
4695541,2024-01-14,UNKNOWN,40.69524,-73.87571,0,0,True
4695542,2024-01-13,QUEENS,40.75518,-73.91768,1,0,True
4695543,2024-01-14,QUEENS,40.75658,-73.929756,1,0,True
4695544,2024-01-16,UNKNOWN,40.572548,-74.16997,0,0,True
4695545,2024-01-16,UNKNOWN,,,1,0,False
4695546,2024-01-16,QUEENS,40.784725,-73.83943,1,0,True
4695547,2024-01-15,QUEENS,40.748463,-73.82786,0,0,True
4695548,2024-01-12,UNKNOWN,40.770054,-73.914406,0,0,True
4695549,2024-01-16,QUEENS,40.76465,-73.823494,1,0,True
4695550,2024-01-16,UNKNOWN,40.781715,-73.823845,3,0,True
4695552,2024-01-10,STATEN ISLAND,40.547733,-74.15606,1,0,True
4695553,2024-01-14,UNKNOWN,40.678318,-73.94693,0,0,True
4695554,2024-01-09,UNKNOWN,40.66955,-73.94497,0,0,True
4695555,2024-01-16,BROOKLYN,40.679134,-73.880554,2,0,True
4695556,2024-01-14,UNKNOWN,40.67502,-73.86133,0,0,True
4695557,2024-01-16,BROOKLYN,40.656765,-73.878494,0,0,True
4695558,2024-01-16,BROOKLYN,40.663734,-73.886925,0,0,True
4695559,2024-01-14,UNKNOWN,40.819016,-73.84804,0,0,True
4695560,2024-01-10,UNKNOWN,40.826275,-73.85971,0,0,True
4695561,2024-01-16,BRONX,,,1,0,False
4695562,2024-01-10,BRONX,40.819878,-73.85777,1,0,True
4695563,2024-01-16,BROOKLYN,40.681824,-74.007645,0,0,True
4695564,2024-01-13,UNKNOWN,40.691765,-73.99992,0,0,True
4695565,2024-01-16,BROOKLYN,40.674496,-74.00993,0,0,True
4695566,2024-01-15,BROOKLYN,40.646847,-73.950134,0,0,True
4695567,2024-01-15,BRONX,40.905815,-73.85304,0,0,True
4695568,2024-01-16,BRONX,40.853416,-73.86578,0,0,True
4695569,2024-01-15,MANHATTAN,40.806446,-73.96622,0,0,True
4695570,2024-01-01,BROOKLYN,40.67539,-73.885506,0,0,True
4695571,2024-01-13,BROOKLYN,40.647995,-73.917175,0,0,True
4695572,2024-01-16,UNKNOWN,40.70887,-73.81871,1,0,True
4695573,2024-01-12,QUEENS,40.72047,-73.79758,2,0,True
4695574,2024-01-13,BRONX,40.875614,-73.87032,0,0,True
4695575,2024-01-11,MANHATTAN,40.823357,-73.95104,0,0,True
4695576,2024-01-16,UNKNOWN,40.69168,-73.999344,0,0,True
4695577,2024-01-14,UNKNOWN,,,0,0,False
4695578,2024-01-16,BROOKLYN,40.696033,-73.984535,0,0,True
4695579,2024-01-14,UNKNOWN,40.696033,-73.984535,0,0,True
4695580,2024-01-16,MANHATTAN,40.805508,-73.96201,1,0,True
4695581,2024-01-16,MANHATTAN,40.81321,-73.93877,0,0,True
4695582,2024-01-15,BRONX,40.900486,-73.85411,0,0,True
4695583,2024-01-12,UNKNOWN,40.82465,-73.94623,2,0,True
4695584,2024-01-12,MANHATTAN,40.827152,-73.946205,0,0,True
4695585,2024-01-12,UNKNOWN,40.827103,-73.94996,1,0,True
4695586,2024-01-13,MANHATTAN,40.719933,-73.97876,2,0,True
4695587,2024-01-16,BRONX,40.819363,-73.893074,0,0,True
4695588,2024-01-05,BROOKLYN,40.695843,-73.98446,0,0,True
4695589,2024-01-16,BRONX,40.868164,-73.84027,0,0,True
4695590,2024-01-05,BRONX,40.8733,-73.853645,0,0,True
4695591,2024-01-16,QUEENS,40.77581,-73.785706,0,0,True
4695592,2024-01-16,UNKNOWN,40.75455,-73.74317,0,0,True
4695593,2024-01-16,QUEENS,40.77574,-73.77986,0,0,True
4695594,2024-01-16,QUEENS,40.759922,-73.7709,1,0,True
4695595,2024-01-16,UNKNOWN,40.647762,-73.97466,1,0,True
4695596,2024-01-12,UNKNOWN,40.87647,-73.87058,4,0,True
4695597,2024-01-14,BRONX,40.89934,-73.873024,1,0,True
4695598,2024-01-16,UNKNOWN,40.59405,-74.18668,1,0,True
4695599,2024-01-16,UNKNOWN,40.603718,-74.17928,1,0,True
4695600,2024-01-16,QUEENS,40.766552,-73.77255,0,0,True
4695601,2024-01-09,QUEENS,40.748127,-73.90625,1,0,True
4695602,2024-01-16,QUEENS,40.732838,-73.783936,0,0,True
4695603,2024-01-15,QUEENS,40.75005,-73.80634,0,0,True
4695604,2024-01-12,BRONX,40.895374,-73.86356,2,0,True
4695605,2024-01-16,QUEENS,40.77279,-73.837135,0,0,True
4695606,2024-01-16,QUEENS,40.759567,-73.83015,0,0,True
4695607,2024-01-16,QUEENS,40.67834,-73.8319,0,0,True
4695608,2024-01-16,QUEENS,40.674587,-73.85931,3,0,True
4695609,2024-01-16,QUEENS,40.756355,-73.82578,1,0,True
4695610,2024-01-13,BROOKLYN,40.652386,-74.002754,0,0,True
4695611,2024-01-13,BROOKLYN,40.650948,-74.00793,2,0,True
4695612,2024-01-16,BROOKLYN,40.652824,-73.972755,2,0,True
4695613,2024-01-16,BROOKLYN,40.64591,-74.01317,1,0,True
4695614,2024-01-15,UNKNOWN,40.640034,-73.877945,3,0,True
4695615,2024-01-16,QUEENS,40.721054,-73.8552,1,0,True
4695616,2024-01-16,UNKNOWN,40.737682,-73.85206,1,0,True
4695617,2024-01-16,QUEENS,40.724434,-73.8693,0,0,True
4695618,2024-01-16,UNKNOWN,40.59565,-73.908165,1,0,True
4695619,2024-01-16,UNKNOWN,40.585228,-73.94155,0,0,True
4695620,2024-01-15,UNKNOWN,40.584557,-73.950874,0,0,True
4695621,2024-01-15,UNKNOWN,40.606544,-74.03255,0,0,True
4695622,2024-01-16,STATEN ISLAND,40.540234,-74.17556,0,0,True
4695623,2024-01-15,STATEN ISLAND,40.537395,-74.1812,0,0,True
4695624,2024-01-16,STATEN ISLAND,40.541904,-74.183334,0,0,True
4695625,2024-01-16,BROOKLYN,40.66025,-73.98381,1,0,True
4695626,2024-01-16,UNKNOWN,40.740223,-73.954865,0,0,True
4695627,2024-01-10,QUEENS,40.73709,-73.93762,0,0,True
4695628,2024-01-16,UNKNOWN,40.74266,-73.93209,0,0,True
4695629,2024-01-17,BROOKLYN,40.62405,-73.999954,0,0,True
4695630,2024-01-16,QUEENS,40.72444,-73.915115,0,0,True
4695631,2024-01-15,BROOKLYN,40.599255,-73.9894,0,0,True
4695632,2024-01-16,UNKNOWN,40.751045,-73.946465,1,0,True
4695633,2024-01-16,QUEENS,40.748356,-73.907135,1,0,True
4695634,2024-01-16,UNKNOWN,40.75093,-73.89751,0,0,True
4695635,2024-01-16,QUEENS,40.748913,-73.9374,1,0,True
4695636,2024-01-15,UNKNOWN,,,1,0,False
4695637,2024-01-16,UNKNOWN,40.632545,-73.896095,1,0,True
4695638,2024-01-16,BROOKLYN,40.64046,-73.90122,2,0,True
4695639,2024-01-17,QUEENS,,,1,0,False
4695640,2024-01-13,UNKNOWN,40.601948,-73.99382,0,0,True
4695641,2024-01-14,QUEENS,40.748367,-73.93893,0,0,True
4695642,2024-01-16,UNKNOWN,40.62368,-73.99772,0,0,True
4695643,2024-01-16,BROOKLYN,40.61725,-73.98869,0,0,True
4695644,2024-01-16,BROOKLYN,40.623703,-74.0039,0,1,True
4695645,2024-01-14,UNKNOWN,40.69246,-73.726875,1,0,True
4695646,2024-01-16,UNKNOWN,40.733017,-73.7389,3,0,True
4695647,2024-01-07,QUEENS,40.666397,-73.785,0,0,True
4695648,2024-01-15,QUEENS,40.660904,-73.76805,4,0,True
4695649,2024-01-14,UNKNOWN,40.761204,-73.75539,0,0,True
4695650,2024-01-16,UNKNOWN,40.715916,-73.73307,0,0,True
4695651,2024-01-16,UNKNOWN,40.65913,-73.77293,1,0,True
4695652,2024-01-16,UNKNOWN,,,0,0,False
4695653,2024-01-16,UNKNOWN,40.731167,-73.70994,0,0,True
4695654,2024-01-10,UNKNOWN,40.666348,-73.76093,0,0,True
4695655,2024-01-12,QUEENS,40.663223,-73.73351,2,0,True
4695656,2024-01-17,BROOKLYN,40.59085,-73.94779,2,0,True
4695657,2024-01-10,MANHATTAN,40.773335,-73.95506,1,0,True
4695658,2024-01-16,QUEENS,40.701054,-73.90473,1,0,True
4695659,2024-01-15,BROOKLYN,40.597263,-73.95101,2,0,True
4695660,2024-01-15,BROOKLYN,40.699406,-73.95338,0,0,True
4695661,2024-01-15,QUEENS,40.694107,-73.89737,0,0,True
4695662,2024-01-15,BROOKLYN,40.712757,-73.95682,1,0,True
4695663,2024-01-15,QUEENS,40.700794,-73.91024,0,0,True
4695664,2024-01-10,UNKNOWN,40.681335,-74.00297,0,0,True
4695665,2024-01-16,QUEENS,40.761597,-73.9246,0,0,True
4695666,2024-01-16,BROOKLYN,40.66127,-73.94364,0,0,True
4695667,2024-01-16,BROOKLYN,40.668854,-73.93234,0,0,True
4695668,2024-01-14,BRONX,,,0,0,False
4695669,2024-01-15,BROOKLYN,40.706856,-73.96016,0,0,True
4695670,2024-01-15,BROOKLYN,40.71364,-73.92792,0,0,True
4695671,2024-01-14,BROOKLYN,40.713318,-73.94925,0,0,True
4695672,2024-01-14,QUEENS,40.759296,-73.93557,0,0,True
4695673,2024-01-16,BROOKLYN,40.6292,-74.014496,0,0,True
4695674,2024-01-15,UNKNOWN,40.714104,-73.95322,0,0,True
4695675,2024-01-16,QUEENS,40.74879,-73.8729,0,0,True
4695676,2024-01-11,BROOKLYN,40.702805,-73.95963,0,0,True
4695677,2024-01-06,QUEENS,40.74558,-73.88334,0,0,True
4695678,2024-01-13,QUEENS,40.74524,-73.86929,0,0,True
4695679,2024-01-16,UNKNOWN,,,1,0,False
4695680,2024-01-16,QUEENS,40.740437,-73.87316,0,0,True
4695681,2024-01-16,QUEENS,40.73287,-73.875786,0,0,True
4695682,2024-01-16,QUEENS,40.737316,-73.86357,0,0,True
4695683,2024-01-15,QUEENS,40.696373,-73.858246,0,0,True
4695684,2024-01-16,QUEENS,40.7338,-73.871414,0,0,True
4695685,2024-01-13,QUEENS,40.748825,-73.85724,0,0,True
4695686,2024-01-16,BROOKLYN,40.631504,-74.00296,1,0,True
4695687,2024-01-16,QUEENS,40.691467,-73.812515,1,0,True
4695688,2024-01-08,BROOKLYN,40.619812,-73.98246,0,0,True
4695689,2024-01-16,BROOKLYN,40.640335,-73.9813,1,0,True
4695690,2024-01-16,BROOKLYN,40.619396,-73.969574,0,0,True
4695691,2024-01-17,UNKNOWN,40.69366,-73.85217,0,0,True
4695692,2024-01-17,UNKNOWN,40.716812,-73.99777,1,0,True
4695693,2024-01-16,MANHATTAN,40.76104,-73.99882,0,0,True
4695694,2024-01-15,BROOKLYN,40.684647,-73.9294,0,0,True
4695695,2024-01-15,BROOKLYN,40.681297,-73.93472,2,0,True
4695696,2024-01-16,UNKNOWN,40.744022,-74.00847,0,0,True
4695697,2024-01-16,MANHATTAN,40.760155,-73.9988,0,0,True
4695698,2024-01-15,BROOKLYN,40.687557,-73.93896,1,0,True
4695699,2024-01-16,UNKNOWN,,,0,0,False
4695700,2024-01-16,BROOKLYN,40.688564,-73.93019,0,0,True
4695701,2024-01-16,BROOKLYN,40.68316,-73.93809,0,0,True
4695702,2024-01-14,MANHATTAN,40.73817,-73.97761,0,0,True
4695703,2024-01-16,MANHATTAN,40.85358,-73.932236,0,0,True
4695704,2024-01-16,UNKNOWN,40.76239,-73.94949,0,0,True
4695705,2024-01-12,BRONX,40.83921,-73.88055,1,0,True
4695706,2024-01-13,QUEENS,40.701855,-73.75054,0,0,True
4695707,2024-01-12,BRONX,40.844368,-73.88902,1,0,True
4695708,2024-01-09,QUEENS,40.673428,-73.7572,1,0,True
4695709,2024-01-06,UNKNOWN,40.821068,-73.934525,0,0,True
4695710,2024-01-16,UNKNOWN,40.815693,-73.948685,0,0,True
4695712,2024-01-17,MANHATTAN,40.810207,-73.93951,0,0,True
4695713,2024-01-12,QUEENS,40.684105,-73.794624,2,0,True
4695714,2024-01-10,UNKNOWN,,,2,0,False
4695715,2024-01-15,UNKNOWN,40.670666,-73.80103,0,0,True
4695716,2024-01-12,BRONX,40.83156,-73.87672,0,0,True
4695717,2024-01-16,BRONX,40.821644,-73.84548,0,0,True
4695718,2024-01-12,BRONX,40.82101,-73.86575,2,0,True
4695719,2024-01-16,UNKNOWN,40.830112,-73.850266,0,0,True
4695720,2024-01-15,UNKNOWN,40.6678,-73.801414,1,0,True
4695721,2024-01-16,QUEENS,40.685806,-73.773155,0,0,True
4695722,2024-01-07,BROOKLYN,40.5859,-73.96634,0,0,True
4695723,2024-01-16,QUEENS,40.67339,-73.76521,0,0,True
4695724,2024-01-16,QUEENS,40.75428,-73.89751,0,0,True
4695725,2024-01-16,BROOKLYN,40.57655,-74.00316,0,0,True
4695726,2024-01-17,QUEENS,40.758026,-73.85776,0,0,True
4695727,2024-01-17,UNKNOWN,40.825935,-73.85913,1,0,True
4695728,2024-01-17,QUEENS,40.765846,-73.880104,0,0,True
4695729,2024-01-06,BRONX,40.874973,-73.87946,1,0,True
4695730,2024-01-08,UNKNOWN,40.748466,-73.99247,0,0,True
4695731,2024-01-16,UNKNOWN,40.81691,-73.934006,0,0,True
4695732,2024-01-16,BRONX,40.86789,-73.88279,0,0,True
4695734,2024-01-16,UNKNOWN,,,1,0,False
4695735,2024-01-01,MANHATTAN,40.799984,-73.944855,0,0,True
4695736,2024-01-17,STATEN ISLAND,40.537617,-74.21944,0,0,True
4695737,2024-01-17,BRONX,,,0,0,False
4695738,2024-01-16,UNKNOWN,40.80275,-73.93358,1,0,True
4695739,2024-01-15,MANHATTAN,40.714268,-73.99415,2,0,True
4695740,2024-01-11,MANHATTAN,40.748215,-73.968544,1,0,True
4695741,2024-01-17,UNKNOWN,40.611942,-74.15944,1,0,True
4695742,2024-01-16,UNKNOWN,40.60855,-74.13216,1,0,True
4695743,2024-01-12,UNKNOWN,40.594185,-74.16779,2,0,True
4695744,2024-01-17,UNKNOWN,40.75108,-73.98686,0,0,True
4695745,2024-01-10,BROOKLYN,40.643425,-74.01207,0,0,True
4695746,2024-01-15,BROOKLYN,40.61553,-73.9833,0,0,True
4695747,2024-01-16,QUEENS,40.743538,-73.87697,0,0,True
4695748,2024-01-06,STATEN ISLAND,40.634747,-74.11454,0,0,True
4695749,2024-01-16,STATEN ISLAND,40.629734,-74.08457,0,0,True
4695750,2024-01-16,STATEN ISLAND,40.613075,-74.12257,0,0,True
4695752,2024-01-16,QUEENS,40.74427,-73.87137,1,0,True
4695753,2024-01-16,STATEN ISLAND,40.619827,-74.07184,0,0,True
4695754,2024-01-15,BROOKLYN,40.68419,-73.8703,0,0,True
4695755,2024-01-16,BROOKLYN,40.671467,-73.88109,1,0,True
4695756,2024-01-16,BROOKLYN,40.675625,-73.89879,0,0,True
4695758,2024-01-17,BROOKLYN,40.675735,-73.89686,1,0,True
4695759,2024-01-14,MANHATTAN,40.725193,-74.007675,0,0,True
4695760,2024-01-15,STATEN ISLAND,40.60855,-74.13216,0,0,True
4695761,2024-01-16,STATEN ISLAND,40.639256,-74.081795,0,0,True
4695762,2024-01-16,UNKNOWN,40.7731,-73.84566,0,0,True
4695763,2024-01-13,MANHATTAN,40.722717,-74.004456,0,0,True
4695764,2024-01-16,UNKNOWN,,,0,0,False
4695765,2024-01-13,BROOKLYN,40.601192,-73.95591,0,0,True
4695766,2024-01-16,BROOKLYN,40.606136,-73.94783,1,0,True
4695767,2024-01-17,BROOKLYN,40.595257,-73.96924,1,0,True
4695768,2024-01-17,BROOKLYN,40.600082,-73.96591,2,0,True
4695769,2024-01-16,UNKNOWN,40.711006,-74.003624,0,0,True
4695770,2024-01-16,UNKNOWN,,,0,0,False
4695771,2024-01-11,MANHATTAN,40.720432,-74.00675,0,0,True
4695772,2024-01-16,UNKNOWN,40.728363,-74.00282,0,0,True
4695773,2024-01-15,MANHATTAN,40.746616,-73.99382,0,0,True
4695774,2024-01-05,UNKNOWN,40.620663,-74.167145,0,0,True
4695775,2024-01-16,UNKNOWN,40.610214,-74.1202,0,0,True
4695777,2024-01-16,MANHATTAN,40.75857,-73.985054,1,0,True
4695778,2024-01-14,UNKNOWN,40.766777,-73.996765,0,0,True
4695779,2024-01-16,MANHATTAN,40.767376,-73.98168,0,0,True
4695780,2024-01-11,MANHATTAN,40.76008,-73.97312,1,0,True
4695781,2024-01-16,UNKNOWN,40.69383,-73.758156,0,0,True
4695782,2024-01-14,UNKNOWN,40.758644,-73.981346,2,0,True
4695783,2024-01-12,UNKNOWN,,,1,0,False
4695784,2024-01-16,BROOKLYN,40.693542,-73.980865,1,0,True
4695785,2024-01-17,BROOKLYN,40.694256,-73.97799,0,0,True
4695786,2024-01-17,STATEN ISLAND,40.55707,-74.15403,1,0,True
4695787,2024-01-17,UNKNOWN,40.666866,-73.92853,0,0,True
4695788,2024-01-17,BRONX,40.848362,-73.86252,1,0,True
4695789,2024-01-17,BRONX,40.841087,-73.86449,0,0,True
4695790,2024-01-17,BRONX,40.845123,-73.86664,0,0,True
4695791,2024-01-17,BROOKLYN,40.64544,-73.97685,0,0,True
4695792,2024-01-13,UNKNOWN,40.743187,-73.97207,1,0,True
4695794,2024-01-17,BROOKLYN,40.655605,-73.97788,0,0,True
4695795,2024-01-17,UNKNOWN,40.641674,-74.00313,1,0,True
4695796,2024-01-16,UNKNOWN,40.84954,-73.93641,0,0,True
4695797,2024-01-16,BRONX,40.840103,-73.888794,0,0,True
4695798,2024-01-14,BROOKLYN,40.717834,-73.95773,0,0,True
4695799,2024-01-11,BROOKLYN,40.72606,-73.93981,1,0,True
4695800,2024-01-13,UNKNOWN,40.723442,-73.93899,0,0,True
4695801,2024-01-17,BROOKLYN,40.62877,-73.91825,1,0,True
4695802,2024-01-17,UNKNOWN,40.726326,-73.7662,0,0,True
4695803,2024-01-17,BROOKLYN,40.67567,-73.89785,1,0,True
4695804,2024-01-17,MANHATTAN,40.74872,-74.00263,0,0,True
4695805,2024-01-15,BROOKLYN,40.688473,-73.979866,0,0,True
4695806,2024-01-13,QUEENS,40.66684,-73.78941,0,0,True
4695808,2024-01-16,MANHATTAN,40.86446,-73.91895,0,0,True
4695809,2024-01-13,MANHATTAN,40.819252,-73.955086,0,0,True
4695810,2024-01-17,BRONX,40.902252,-73.851364,2,0,True
4695811,2024-01-11,BRONX,40.87977,-73.86729,0,0,True
4695812,2024-01-17,QUEENS,40.737087,-73.75653,0,0,True
4695813,2024-01-15,UNKNOWN,40.831978,-73.93515,0,0,True
4695814,2024-01-16,UNKNOWN,40.785587,-73.98201,0,0,True
4695815,2024-01-16,BRONX,40.84489,-73.84667,0,0,True
4695816,2024-01-08,BRONX,40.853138,-73.9017,0,0,True
4695818,2024-01-16,MANHATTAN,40.79208,-73.939896,0,0,True
4695819,2024-01-16,MANHATTAN,40.77592,-73.95317,0,0,True
4695820,2024-01-12,MANHATTAN,40.711983,-73.998726,0,0,True
4695821,2024-01-16,MANHATTAN,40.764732,-73.96637,1,0,True
4695822,2024-01-17,MANHATTAN,40.772297,-73.954735,0,0,True
4695823,2024-01-16,QUEENS,40.759197,-73.86863,0,0,True
4695824,2024-01-16,QUEENS,40.75609,-73.87693,0,0,True
4695825,2024-01-17,QUEENS,40.75344,-73.894455,0,0,True
4695826,2024-01-17,QUEENS,40.759624,-73.85817,0,0,True
4695827,2024-01-17,QUEENS,40.689953,-73.826004,0,0,True
4695828,2024-01-12,UNKNOWN,40.69773,-73.81409,0,0,True
4695829,2024-01-15,UNKNOWN,,,0,0,False
4695830,2024-01-17,BROOKLYN,40.652626,-74.00617,2,0,True
4695831,2024-01-12,QUEENS,40.74124,-73.942604,0,0,True
4695832,2024-01-17,BROOKLYN,40.655704,-73.923195,0,0,True
4695833,2024-01-17,UNKNOWN,40.662178,-73.85025,0,0,True
4695834,2024-01-17,QUEENS,40.679485,-73.83071,0,0,True
4695835,2024-01-16,BRONX,40.807114,-73.88264,0,0,True
4695836,2024-01-17,BRONX,40.825798,-73.88972,1,0,True
4695837,2024-01-11,BRONX,40.815,-73.89257,1,0,True
4695838,2024-01-15,BRONX,40.853626,-73.89138,0,0,True
4695839,2024-01-17,UNKNOWN,40.59907,-73.90498,1,0,True
4695840,2024-01-12,QUEENS,40.75282,-73.86421,0,0,True
4695841,2024-01-16,UNKNOWN,40.758995,-73.87459,0,0,True
4695842,2024-01-16,BRONX,40.90013,-73.85547,0,0,True
4695843,2024-01-17,UNKNOWN,40.606438,-74.170654,1,0,True
4695845,2024-01-17,UNKNOWN,40.654636,-73.97856,1,0,True
4695846,2024-01-17,UNKNOWN,40.59018,-74.15097,1,0,True
4695847,2024-01-17,UNKNOWN,40.743225,-73.83778,2,0,True
4695848,2024-01-17,QUEENS,40.760464,-73.826546,1,0,True
4695849,2024-01-16,BROOKLYN,40.69937,-73.98785,0,0,True
4695850,2024-01-17,BROOKLYN,40.693798,-73.987236,0,0,True
4695851,2024-01-17,UNKNOWN,40.700737,-73.99499,0,0,True
4695852,2024-01-17,UNKNOWN,40.672966,-73.941864,4,0,True
4695853,2024-01-17,MANHATTAN,40.721424,-73.98769,0,0,True
4695854,2024-01-17,QUEENS,40.67801,-73.84975,1,0,True
4695855,2024-01-17,UNKNOWN,40.66764,-73.80331,1,0,True
4695856,2024-01-17,UNKNOWN,40.671078,-73.842926,2,0,True
4695857,2024-01-17,BRONX,40.85999,-73.89686,0,0,True
4695858,2024-01-17,BROOKLYN,40.63083,-74.02509,0,0,True
4695859,2024-01-17,QUEENS,40.725555,-73.79253,1,0,True
4695860,2024-01-17,BROOKLYN,40.63418,-74.01092,0,0,True
4695861,2024-01-17,BROOKLYN,40.634357,-74.01075,1,0,True
4695862,2024-01-16,UNKNOWN,,,3,0,False
4695863,2024-01-17,UNKNOWN,,,0,0,False
4695865,2024-01-17,MANHATTAN,40.751892,-73.9676,1,0,True
4695866,2024-01-17,QUEENS,40.58563,-73.82405,6,0,True
4695867,2024-01-17,UNKNOWN,40.704067,-73.93861,0,0,True
4695868,2024-01-13,STATEN ISLAND,40.610107,-74.10081,0,0,True
4695869,2024-01-18,UNKNOWN,40.593163,-73.9086,2,0,True
4695870,2024-01-17,BROOKLYN,40.714382,-73.93345,0,0,True
4695871,2024-01-10,BROOKLYN,,,1,0,False
4695872,2024-01-17,BROOKLYN,40.711586,-73.9444,2,0,True
4695873,2024-01-16,BROOKLYN,40.59256,-73.971565,1,0,True
4695874,2024-01-17,UNKNOWN,40.609776,-73.9643,2,0,True
4695875,2024-01-16,UNKNOWN,40.710316,-73.77173,0,0,True
4695876,2024-01-17,BROOKLYN,40.602684,-73.94232,1,0,True
4695877,2024-01-16,UNKNOWN,40.610214,-73.94371,0,0,True
4695878,2024-01-03,BROOKLYN,40.587303,-73.96036,2,0,True
4695879,2024-01-13,QUEENS,40.701054,-73.80888,0,0,True
4695880,2024-01-15,QUEENS,40.692726,-73.81065,3,0,True
4695881,2024-01-15,QUEENS,40.71149,-73.76538,0,0,True
4695882,2024-01-15,QUEENS,40.688465,-73.80387,0,0,True
4695883,2024-01-17,BROOKLYN,40.610653,-73.95355,1,0,True
4695884,2024-01-17,QUEENS,40.733116,-73.87058,0,0,True
4695885,2024-01-15,QUEENS,40.69537,-73.789154,2,0,True
4695886,2024-01-12,QUEENS,40.710464,-73.79361,0,0,True
4695887,2024-01-15,QUEENS,40.710285,-73.78243,0,0,True
4695888,2024-01-16,QUEENS,40.708378,-73.79169,1,0,True
4695889,2024-01-12,UNKNOWN,40.698406,-73.80647,1,0,True
4695890,2024-01-16,QUEENS,40.718136,-73.75726,0,0,True
4695891,2024-01-17,UNKNOWN,40.701458,-73.80414,1,0,True
4695892,2024-01-16,BROOKLYN,40.591927,-73.95768,2,0,True
4695893,2024-01-17,UNKNOWN,,,2,0,False
4695894,2024-01-15,UNKNOWN,,,0,0,False
4695895,2024-01-17,BROOKLYN,40.637356,-73.97946,0,0,True
4695896,2024-01-17,BROOKLYN,40.63887,-73.99886,0,0,True
4695897,2024-01-17,BROOKLYN,40.640987,-73.97303,1,0,True
4695898,2024-01-17,BROOKLYN,40.623367,-73.989494,1,0,True
4695899,2024-01-17,BROOKLYN,40.713306,-73.95835,4,0,True
4695900,2024-01-17,BROOKLYN,40.707966,-73.94432,0,0,True
4695901,2024-01-17,BROOKLYN,40.61862,-74.00003,0,0,True
4695902,2024-01-17,MANHATTAN,40.758503,-73.99284,0,0,True
4695903,2024-01-17,UNKNOWN,40.75175,-74.007935,0,0,True
4695904,2024-01-17,BROOKLYN,40.61652,-73.98586,1,0,True
4695905,2024-01-17,BROOKLYN,40.616127,-73.98986,1,0,True
4695906,2024-01-17,BROOKLYN,40.604305,-73.99778,0,0,True
4695907,2024-01-16,UNKNOWN,40.70403,-73.81711,1,0,True
4695908,2024-01-05,MANHATTAN,40.794292,-73.94322,0,0,True
4695909,2024-01-17,QUEENS,40.69267,-73.82616,1,0,True
4695910,2024-01-17,MANHATTAN,40.790558,-73.95382,0,0,True
4695911,2024-01-17,QUEENS,40.720757,-73.850044,0,0,True
4695912,2024-01-17,UNKNOWN,40.788906,-73.93765,3,0,True
4695913,2024-01-17,UNKNOWN,40.63552,-74.0167,4,0,True
4695914,2024-01-18,BROOKLYN,40.627083,-74.023636,0,0,True
4695915,2024-01-17,UNKNOWN,,,1,0,False
4695916,2024-01-17,QUEENS,40.679256,-73.811714,0,0,True
4695917,2024-01-18,QUEENS,40.763668,-73.82303,0,0,True
4695918,2024-01-17,UNKNOWN,,,0,0,False
4695919,2024-01-16,UNKNOWN,40.820023,-73.92663,3,0,True
4695920,2024-01-17,QUEENS,40.74771,-73.81874,0,0,True
4695921,2024-01-04,MANHATTAN,40.795605,-73.94434,1,0,True
4695922,2024-01-11,UNKNOWN,40.527847,-74.21787,2,0,True
4695923,2024-01-15,UNKNOWN,40.667778,-73.80127,2,0,True
4695924,2024-01-17,QUEENS,40.671825,-73.774506,1,0,True
4695925,2024-01-13,UNKNOWN,40.60915,-74.14987,0,0,True
4695926,2024-01-17,QUEENS,40.727627,-73.84173,1,0,True
4695927,2024-01-17,QUEENS,40.68815,-73.84884,0,0,True
4695928,2024-01-04,QUEENS,40.69595,-73.86237,1,0,True
4695929,2024-01-17,QUEENS,40.73091,-73.86084,0,0,True
4695930,2024-01-17,UNKNOWN,40.69939,-73.91938,0,0,True
4695931,2024-01-12,UNKNOWN,40.584137,-73.96386,0,0,True
4695932,2024-01-18,BROOKLYN,40.583664,-73.971756,0,0,True
4695933,2024-01-17,BROOKLYN,40.58703,-73.9854,1,0,True
4695934,2024-01-17,BROOKLYN,40.59039,-73.99155,1,0,True
4695935,2024-01-17,UNKNOWN,40.583626,-73.98407,1,0,True
4695936,2024-01-17,BROOKLYN,40.698807,-73.91837,2,0,True
4695937,2024-01-17,UNKNOWN,40.856625,-73.93936,1,0,True
4695938,2024-01-17,QUEENS,40.71047,-73.85092,0,0,True
4695939,2024-01-18,UNKNOWN,40.84863,-73.92762,0,0,True
4695940,2024-01-17,UNKNOWN,40.723377,-73.8483,1,0,True
4695941,2024-01-09,UNKNOWN,,,1,0,False
4695942,2024-01-16,MANHATTAN,40.732315,-74.00052,0,0,True
4695943,2024-01-18,BROOKLYN,40.640976,-73.982346,1,0,True
4695944,2024-01-18,BROOKLYN,40.638523,-73.97319,0,0,True
4695945,2024-01-17,UNKNOWN,,,1,0,False
4695946,2024-01-18,QUEENS,40.697033,-73.83922,0,0,True
4695947,2024-01-15,BROOKLYN,40.6791,-73.9874,0,0,True
4695948,2024-01-17,UNKNOWN,40.802822,-73.930405,0,0,True
4695949,2024-01-15,UNKNOWN,,,0,0,False
4695950,2024-01-18,UNKNOWN,40.588066,-73.95342,1,0,True
4695951,2024-01-08,UNKNOWN,40.675198,-73.789894,0,0,True
4695952,2024-01-18,QUEENS,40.70004,-73.83216,0,0,True
4695958,2024-01-17,QUEENS,40.765114,-73.93148,0,0,True
4695959,2024-01-17,BROOKLYN,,,0,0,False
4695960,2024-01-15,QUEENS,40.77345,-73.91398,0,0,True
4695961,2024-01-17,UNKNOWN,40.657665,-74.00093,1,0,True
4695962,2024-01-15,UNKNOWN,40.654984,-74.00711,1,0,True
4695963,2024-01-15,STATEN ISLAND,40.6347,-74.10455,0,0,True
4695964,2024-01-18,STATEN ISLAND,40.644688,-74.0972,2,0,True
4695966,2024-01-14,BROOKLYN,40.613106,-73.93486,0,0,True
4695967,2024-01-17,MANHATTAN,40.760353,-73.99124,0,0,True
4695968,2024-01-10,MANHATTAN,40.764736,-73.98804,1,0,True
4695969,2024-01-16,MANHATTAN,40.752934,-73.9855,0,0,True
4695970,2024-01-17,STATEN ISLAND,40.645218,-74.10795,0,0,True
4695971,2024-01-16,STATEN ISLAND,40.626537,-74.12921,1,0,True
4695972,2024-01-18,MANHATTAN,40.754307,-73.967155,0,0,True
4695973,2024-01-11,MANHATTAN,40.759983,-73.964806,0,0,True
4695974,2024-01-08,UNKNOWN,,,0,0,False
4695975,2024-01-18,MANHATTAN,40.747925,-73.97362,0,0,True
4695976,2024-01-16,BROOKLYN,40.685226,-73.978294,0,0,True
4695977,2024-01-17,STATEN ISLAND,40.645203,-74.07843,0,0,True
4695978,2024-01-15,BROOKLYN,40.66855,-73.990234,0,0,True
4695979,2024-01-18,QUEENS,40.76558,-73.80517,2,0,True
4695980,2024-01-18,STATEN ISLAND,40.640415,-74.119896,0,0,True
4695981,2024-01-09,BRONX,40.87892,-73.90479,0,0,True
4695982,2024-01-17,BRONX,40.87692,-73.91248,0,0,True
4695983,2024-01-02,UNKNOWN,,,2,0,False
4695984,2024-01-12,UNKNOWN,40.5018,-74.24348,0,0,True
4695985,2024-01-17,BRONX,40.873657,-73.89838,0,0,True
4695986,2024-01-17,UNKNOWN,,,2,0,False
4695987,2024-01-18,UNKNOWN,40.75455,-73.74317,1,0,True
4695988,2024-01-18,UNKNOWN,40.74738,-73.76171,2,0,True
4695989,2024-01-18,UNKNOWN,40.74738,-73.76171,1,0,True
4695990,2024-01-16,QUEENS,40.69947,-73.849236,0,0,True
4695991,2024-01-18,UNKNOWN,,,0,0,False
4695992,2024-01-17,BROOKLYN,40.597378,-73.969635,1,0,True
4695993,2024-01-18,BROOKLYN,40.606045,-73.97032,0,0,True
4695994,2024-01-17,BROOKLYN,40.629913,-73.98668,0,0,True
4695995,2024-01-13,UNKNOWN,40.82394,-73.94856,1,0,True
4695996,2024-01-16,QUEENS,40.71157,-73.75987,1,0,True
4695997,2024-01-14,QUEENS,40.69717,-73.7898,1,0,True
4695998,2024-01-15,BROOKLYN,40.601273,-73.99746,0,0,True
4695999,2024-01-17,QUEENS,40.71794,-73.816185,0,0,True
4696000,2024-01-12,BRONX,40.881886,-73.870224,0,0,True
4696001,2024-01-17,BRONX,40.86723,-73.901886,0,0,True
4696002,2024-01-18,UNKNOWN,40.79653,-73.97597,0,0,True
4696003,2024-01-18,UNKNOWN,40.635853,-74.16619,0,0,True
4696004,2024-01-15,UNKNOWN,40.67536,-73.969696,0,0,True
4696005,2024-01-17,BROOKLYN,40.696667,-73.92824,0,0,True
4696006,2024-01-08,QUEENS,40.704422,-73.792854,3,0,True
4696007,2024-01-10,UNKNOWN,40.676273,-73.938774,0,0,True
4696008,2024-01-17,MANHATTAN,40.77197,-73.967384,0,0,True
4696009,2024-01-18,UNKNOWN,40.86676,-73.920616,0,0,True
4696010,2024-01-12,BROOKLYN,40.658775,-73.902115,3,0,True
4696011,2024-01-10,BROOKLYN,40.66578,-73.91942,0,0,True
4696012,2024-01-18,UNKNOWN,40.86769,-73.92122,0,0,True
4696013,2024-01-16,BROOKLYN,40.67665,-73.90433,0,0,True
4696014,2024-01-11,BROOKLYN,40.68391,-73.99355,0,0,True
4696015,2024-01-14,BROOKLYN,40.65474,-73.90693,4,0,True
4696016,2024-01-15,BROOKLYN,40.672504,-73.911285,2,0,True
4696017,2024-01-17,BRONX,40.879803,-73.878914,0,0,True
4696018,2024-01-18,UNKNOWN,40.58667,-73.966156,2,0,True
4696020,2024-01-18,MANHATTAN,40.716377,-73.99653,0,0,True
4696021,2024-01-18,BROOKLYN,40.658577,-73.89063,1,0,True
4696022,2024-01-18,BROOKLYN,40.660633,-73.89002,2,0,True
4696023,2024-01-18,BROOKLYN,40.660656,-73.885796,1,0,True
4696024,2024-01-18,BROOKLYN,40.669064,-73.86557,1,0,True
4696025,2024-01-17,QUEENS,40.7162,-73.73975,0,0,True
4696026,2024-01-17,QUEENS,40.744026,-73.717636,1,0,True
4696027,2024-01-17,BRONX,40.841343,-73.86321,1,0,True
4696028,2024-01-17,QUEENS,40.66549,-73.755165,1,0,True
4696029,2024-01-17,QUEENS,40.67581,-73.739555,1,0,True
4696030,2024-01-13,BROOKLYN,40.647007,-73.96262,1,0,True
4696031,2024-01-18,UNKNOWN,40.701103,-73.939255,0,0,True
4696032,2024-01-14,MANHATTAN,40.827103,-73.94996,2,0,True
4696033,2024-01-17,QUEENS,40.712696,-73.900604,1,0,True
4696034,2024-01-09,MANHATTAN,40.82394,-73.94856,1,0,True
4696035,2024-01-11,QUEENS,40.72556,-73.87965,1,0,True
4696036,2024-01-17,QUEENS,40.7152,-73.91823,0,0,True
4696037,2024-01-17,UNKNOWN,40.820343,-73.959335,0,0,True
4696038,2024-01-18,MANHATTAN,40.854675,-73.93866,0,0,True
4696039,2024-01-17,QUEENS,40.708115,-73.908226,0,0,True
4696040,2024-01-12,QUEENS,40.69035,-73.84108,1,0,True
4696041,2024-01-12,QUEENS,40.69469,-73.90252,1,0,True
4696042,2024-01-16,QUEENS,40.725082,-73.88259,0,0,True
4696043,2024-01-12,QUEENS,40.694275,-73.901855,0,0,True
4696044,2024-01-16,BROOKLYN,40.583202,-73.953224,0,0,True
4696045,2024-01-18,UNKNOWN,40.593586,-73.942566,1,0,True
4696046,2024-01-13,BROOKLYN,40.6056,-73.95958,1,0,True
4696048,2024-01-15,QUEENS,40.68336,-73.75009,0,0,True
4696049,2024-01-17,QUEENS,40.752846,-73.72396,0,0,True
4696050,2024-01-15,QUEENS,40.72469,-73.7541,0,0,True
4696051,2024-01-17,BROOKLYN,40.68911,-73.966034,1,0,True
4696052,2024-01-05,MANHATTAN,40.80795,-73.94593,0,0,True
4696053,2024-01-17,MANHATTAN,40.716682,-73.99462,0,0,True
4696054,2024-01-17,UNKNOWN,40.818504,-73.91448,0,0,True
4696055,2024-01-11,MANHATTAN,40.801834,-73.95525,0,0,True
4696056,2024-01-11,MANHATTAN,40.80777,-73.94549,1,0,True
4696057,2024-01-10,UNKNOWN,40.80777,-73.94549,0,0,True
4696058,2024-01-18,MANHATTAN,40.723064,-73.99401,0,0,True
4696059,2024-01-17,MANHATTAN,40.849144,-73.93548,1,0,True
4696060,2024-01-14,BRONX,40.830254,-73.82583,0,0,True
4696061,2024-01-12,BROOKLYN,40.716805,-73.9546,1,0,True
4696062,2024-01-15,BROOKLYN,40.716805,-73.9546,0,0,True
4696063,2024-01-17,BROOKLYN,40.727097,-73.95269,0,0,True
4696064,2024-01-17,BROOKLYN,40.716667,-73.95206,0,0,True
4696065,2024-01-16,BRONX,40.815742,-73.92948,1,0,True
4696066,2024-01-15,UNKNOWN,40.85018,-73.91059,0,0,True
4696067,2024-01-09,BRONX,40.853516,-73.900635,0,0,True
4696068,2024-01-16,BRONX,40.85615,-73.909645,0,0,True
4696069,2024-01-16,UNKNOWN,40.854874,-73.916794,1,0,True
4696070,2024-01-16,BRONX,40.85471,-73.90877,0,0,True
4696071,2024-01-18,BRONX,40.85876,-73.89736,0,0,True
4696072,2024-01-16,UNKNOWN,40.8451,-73.91878,0,0,True
4696073,2024-01-17,UNKNOWN,40.848057,-73.90199,0,0,True
4696074,2024-01-09,BRONX,40.85999,-73.89686,1,0,True
4696075,2024-01-17,BRONX,40.85198,-73.91018,1,0,True
4696076,2024-01-18,MANHATTAN,40.75596,-73.99814,0,0,True
4696077,2024-01-18,QUEENS,40.676003,-73.84351,0,0,True
4696078,2024-01-01,MANHATTAN,40.750317,-73.99112,10,0,True
4696079,2024-01-05,UNKNOWN,40.831398,-73.83097,0,0,True
4696080,2024-01-06,BRONX,40.845173,-73.82891,0,0,True
4696081,2024-01-18,BROOKLYN,40.63396,-74.01476,0,0,True
4696082,2024-01-13,UNKNOWN,,,0,0,False
4696083,2024-01-15,UNKNOWN,,,1,0,False
4696084,2024-01-18,BROOKLYN,40.63258,-74.021385,0,0,True
4696085,2024-01-14,BRONX,40.81196,-73.90758,0,0,True
4696086,2024-01-13,UNKNOWN,40.605568,-74.03118,0,0,True
4696087,2024-01-08,UNKNOWN,40.816338,-73.83697,0,0,True
4696088,2024-01-09,BRONX,40.85248,-73.83224,0,0,True
4696089,2024-01-11,UNKNOWN,,,0,0,False
4696090,2024-01-14,BROOKLYN,40.639305,-73.95898,0,0,True
4696091,2024-01-12,BRONX,40.837986,-73.84526,2,0,True
4696092,2024-01-18,BROOKLYN,40.612854,-73.96001,2,0,True
4696093,2024-01-18,QUEENS,40.72106,-73.75945,2,0,True
4696094,2024-01-17,UNKNOWN,,,3,0,False
4696095,2024-01-17,BRONX,40.809456,-73.909454,0,0,True
4696096,2024-01-11,UNKNOWN,40.60701,-73.75102,0,0,True
4696097,2024-01-13,QUEENS,40.603603,-73.751755,1,0,True
4696098,2024-01-14,UNKNOWN,40.606457,-73.76098,0,0,True
4696099,2024-01-11,BROOKLYN,40.678234,-73.90985,0,0,True
4696100,2024-01-18,BROOKLYN,40.6812,-73.90952,0,0,True
4696101,2024-01-16,UNKNOWN,40.60308,-73.756485,0,0,True
4696102,2024-01-16,QUEENS,40.596256,-73.76684,0,0,True
4696103,2024-01-16,QUEENS,40.607574,-73.75116,0,0,True
4696104,2024-01-16,QUEENS,40.60819,-73.75452,0,0,True
4696105,2024-01-18,BROOKLYN,40.682037,-73.87788,1,0,True
4696106,2024-01-17,QUEENS,40.611393,-73.74781,0,0,True
4696107,2024-01-14,MANHATTAN,40.79456,-73.94669,0,0,True
4696108,2024-01-18,UNKNOWN,40.63674,-74.13481,1,0,True
4696109,2024-01-18,UNKNOWN,,,1,0,False
4696110,2024-01-18,UNKNOWN,,,1,0,False
4696111,2024-01-18,QUEENS,40.768707,-73.72889,1,0,True
4696112,2024-01-18,BROOKLYN,40.666126,-73.9953,0,0,True
4696113,2024-01-17,QUEENS,40.74425,-73.90142,1,0,True
4696114,2024-01-18,QUEENS,40.74614,-73.91431,0,0,True
4696115,2024-01-18,QUEENS,40.740894,-73.89961,0,0,True
4696116,2024-01-17,QUEENS,40.746033,-73.93441,0,0,True
4696117,2024-01-18,QUEENS,40.726067,-73.9089,0,0,True
4696118,2024-01-18,QUEENS,40.74576,-73.92581,0,0,True
4696119,2024-01-10,UNKNOWN,40.727207,-73.90742,0,0,True
4696120,2024-01-17,UNKNOWN,40.770424,-73.964325,2,0,True
4696121,2024-01-18,QUEENS,40.682537,-73.80716,2,0,True
4696122,2024-01-17,UNKNOWN,40.845467,-73.92813,0,0,True
4696123,2024-01-18,MANHATTAN,40.741962,-73.99458,0,0,True
4696124,2024-01-10,UNKNOWN,40.852863,-73.90093,0,0,True
4696125,2024-01-17,BRONX,40.817116,-73.88307,0,0,True
4696126,2024-01-18,UNKNOWN,40.70841,-73.80328,0,0,True
4696127,2024-01-18,UNKNOWN,40.72933,-73.82312,0,0,True
4696128,2024-01-16,BRONX,40.874756,-73.87387,0,0,True
4696129,2024-01-17,BRONX,40.866558,-73.898125,1,0,True
4696130,2024-01-17,UNKNOWN,40.861217,-73.90437,0,0,True
4696131,2024-01-17,BRONX,40.862747,-73.90494,0,0,True
4696132,2024-01-18,UNKNOWN,40.622414,-73.896484,0,0,True
4696133,2024-01-17,BROOKLYN,40.65188,-73.895874,1,0,True
4696134,2024-01-18,BROOKLYN,40.63329,-73.91214,1,0,True
4696135,2024-01-18,QUEENS,40.71994,-73.84416,0,0,True
4696136,2024-01-14,BROOKLYN,40.69372,-73.99046,0,0,True
4696137,2024-01-13,UNKNOWN,,,3,0,False
4696138,2024-01-17,BRONX,40.87379,-73.87669,1,0,True
4696139,2024-01-18,BRONX,40.87405,-73.87651,0,0,True
4696140,2024-01-18,UNKNOWN,40.685955,-73.98028,0,0,True
4696141,2024-01-16,BROOKLYN,40.697662,-73.98615,0,0,True
4696142,2024-01-13,BROOKLYN,40.69598,-73.98317,0,0,True
4696143,2024-01-18,UNKNOWN,40.592815,-73.90808,1,0,True
4696144,2024-01-17,BRONX,40.882767,-73.8886,0,0,True
4696145,2024-01-18,UNKNOWN,40.880505,-73.885956,2,0,True
4696146,2024-01-15,BRONX,40.86185,-73.891716,5,0,True
4696147,2024-01-16,BRONX,40.868546,-73.88832,1,0,True
4696148,2024-01-17,UNKNOWN,40.66065,-73.953545,0,0,True
4696149,2024-01-15,BROOKLYN,40.662174,-73.953705,2,0,True
4696150,2024-01-16,BROOKLYN,40.65628,-73.94973,0,0,True
4696151,2024-01-17,MANHATTAN,40.815304,-73.94371,1,0,True
4696152,2024-01-05,BROOKLYN,40.656555,-73.959114,0,0,True
4696153,2024-01-18,UNKNOWN,40.674423,-74.00033,2,0,True
4696154,2024-01-18,BROOKLYN,40.681725,-73.996216,0,0,True
4696155,2024-01-18,UNKNOWN,40.86463,-73.892136,0,0,True
4696156,2024-01-18,BROOKLYN,40.70005,-73.95032,2,0,True
4696157,2024-01-18,UNKNOWN,40.609642,-73.89738,0,0,True
4696158,2024-01-18,UNKNOWN,40.60307,-74.01667,0,0,True
4696159,2024-01-18,UNKNOWN,40.741394,-73.82303,0,0,True
4696160,2024-01-13,BRONX,40.809776,-73.92241,1,0,True
4696161,2024-01-18,UNKNOWN,40.68714,-73.80801,1,0,True
4696162,2024-01-18,QUEENS,40.681087,-73.846344,0,0,True
4696163,2024-01-12,UNKNOWN,40.56869,-74.15064,2,0,True
4696164,2024-01-18,QUEENS,40.676777,-73.8589,1,0,True
4696165,2024-01-18,QUEENS,40.677505,-73.81786,1,0,True
4696166,2024-01-16,UNKNOWN,40.794735,-73.96988,0,0,True
4696167,2024-01-14,UNKNOWN,40.788357,-73.97453,0,0,True
4696168,2024-01-17,MANHATTAN,40.799145,-73.972534,0,0,True
4696169,2024-01-12,QUEENS,40.75399,-73.90031,0,0,True
4696170,2024-01-15,MANHATTAN,40.798443,-73.97089,1,0,True
4696171,2024-01-18,UNKNOWN,40.689808,-73.80931,0,0,True
4696172,2024-01-12,UNKNOWN,40.60337,-73.95822,1,0,True
4696173,2024-01-18,MANHATTAN,40.768795,-73.958374,0,0,True
4696174,2024-01-18,MANHATTAN,40.78169,-73.94897,1,0,True
4696175,2024-01-18,BROOKLYN,40.707703,-73.943275,1,0,True
4696176,2024-01-18,UNKNOWN,40.79672,-73.97618,0,0,True
4696177,2024-01-17,QUEENS,40.754807,-73.91688,1,0,True
4696178,2024-01-19,UNKNOWN,40.756344,-73.91342,1,0,True
4696179,2024-01-17,QUEENS,40.755947,-73.94776,0,0,True
4696180,2024-01-14,QUEENS,40.768185,-73.90685,0,0,True
4696181,2024-01-16,QUEENS,40.75781,-73.94584,1,0,True
4696182,2024-01-15,UNKNOWN,,,0,0,False
4696183,2024-01-18,BROOKLYN,40.612495,-73.97922,0,0,True
4696184,2024-01-18,UNKNOWN,40.59359,-73.99613,2,0,True
4696185,2024-01-18,BROOKLYN,40.6651,-73.94539,0,0,True
4696186,2024-01-17,UNKNOWN,40.605057,-73.999,0,0,True
4696187,2024-01-16,QUEENS,40.74427,-73.87137,1,0,True
4696188,2024-01-18,QUEENS,40.734375,-73.87342,0,0,True
4696189,2024-01-19,QUEENS,40.74956,-73.8548,0,0,True
4696190,2024-01-14,UNKNOWN,40.84125,-73.9094,0,0,True
4696192,2024-01-18,UNKNOWN,40.82267,-73.92007,0,0,True
4696193,2024-01-15,UNKNOWN,,,1,0,False
4696194,2024-01-18,BRONX,40.837513,-73.91478,1,0,True
4696195,2024-01-18,UNKNOWN,40.608307,-74.13132,0,0,True
4696196,2024-01-12,BROOKLYN,40.699482,-73.96104,0,0,True
4696198,2024-01-16,QUEENS,40.753994,-73.94244,0,0,True
4696199,2024-01-16,QUEENS,40.761597,-73.9246,1,0,True
4696200,2024-01-17,QUEENS,40.729813,-73.889275,0,0,True
4696201,2024-01-16,QUEENS,40.722004,-73.874565,0,0,True
4696202,2024-01-18,QUEENS,40.761597,-73.9246,1,0,True
4696203,2024-01-18,UNKNOWN,40.725918,-73.89535,0,0,True
4696204,2024-01-18,BRONX,40.893642,-73.85065,0,0,True
4696205,2024-01-18,BRONX,40.879997,-73.85675,1,0,True
4696206,2024-01-17,BRONX,40.90348,-73.85035,1,0,True
4696207,2024-01-18,UNKNOWN,40.8239,-73.876526,0,0,True
4696208,2024-01-18,BRONX,40.894325,-73.85485,0,0,True
4696209,2024-01-18,UNKNOWN,40.827595,-73.85004,0,0,True
4696210,2024-01-18,UNKNOWN,40.826275,-73.85971,0,0,True
4696211,2024-01-01,BRONX,40.836384,-73.87039,0,0,True
4696212,2024-01-18,BROOKLYN,40.62868,-74.01665,2,0,True
4696213,2024-01-17,STATEN ISLAND,40.57961,-74.109116,1,0,True
4696214,2024-01-17,UNKNOWN,40.61047,-74.11837,3,0,True
4696215,2024-01-15,UNKNOWN,,,0,0,False
4696216,2024-01-18,UNKNOWN,40.543335,-74.164276,1,0,True
4696217,2024-01-17,STATEN ISLAND,40.581814,-74.097725,0,0,True
4696218,2024-01-17,STATEN ISLAND,40.56439,-74.13189,1,0,True
4696219,2024-01-18,BROOKLYN,40.67804,-73.98263,0,0,True
4696220,2024-01-17,UNKNOWN,40.537262,-74.15051,1,0,True
4696221,2024-01-18,BRONX,40.86548,-73.8576,0,0,True
4696222,2024-01-19,BRONX,40.8609,-73.84405,1,0,True
4696223,2024-01-18,UNKNOWN,40.801754,-73.93121,0,0,True
4696224,2024-01-17,UNKNOWN,40.7963,-73.93829,1,0,True
4696225,2024-01-19,MANHATTAN,40.790894,-73.945175,0,0,True
4696226,2024-01-17,MANHATTAN,40.793396,-73.94043,0,0,True
4696227,2024-01-17,QUEENS,40.701897,-73.894966,2,0,True
4696228,2024-01-19,BROOKLYN,40.60974,-73.94468,0,0,True
4696229,2024-01-18,STATEN ISLAND,40.575165,-74.12785,0,0,True
4696230,2024-01-17,QUEENS,40.74547,-73.94655,1,0,True
4696231,2024-01-18,BROOKLYN,40.629417,-73.89649,0,0,True
4696232,2024-01-16,BRONX,40.830345,-73.92328,0,0,True
4696233,2024-01-19,UNKNOWN,40.843296,-73.917816,2,0,True
4696234,2024-01-18,UNKNOWN,40.80202,-73.94969,1,0,True
4696235,2024-01-18,MANHATTAN,40.80886,-73.95213,1,0,True
4696236,2024-01-10,UNKNOWN,40.80964,-73.947845,0,0,True
4696237,2024-01-18,QUEENS,40.7276,-73.8688,0,0,True
4696238,2024-01-19,BROOKLYN,40.684544,-73.96509,0,0,True
4696239,2024-01-17,STATEN ISLAND,40.631794,-74.07606,0,0,True
4696240,2024-01-18,UNKNOWN,40.611427,-74.116844,0,0,True
4696241,2024-01-17,QUEENS,40.69469,-73.90252,0,0,True
4696242,2024-01-18,STATEN ISLAND,40.63001,-74.08173,2,0,True
4696243,2024-01-19,UNKNOWN,40.692974,-73.90811,0,0,True
4696244,2024-01-18,BRONX,40.85779,-73.88264,0,0,True
4696245,2024-01-18,BRONX,40.853462,-73.88939,1,0,True
4696246,2024-01-15,BRONX,40.842266,-73.88476,0,0,True
4696247,2024-01-15,UNKNOWN,40.843994,-73.89752,1,0,True
4696248,2024-01-17,BROOKLYN,40.717422,-73.957054,0,0,True
4696249,2024-01-12,UNKNOWN,40.80635,-73.938095,0,0,True
4696250,2024-01-16,UNKNOWN,40.738686,-73.81696,0,0,True
4696251,2024-01-18,BRONX,40.884865,-73.89985,1,0,True
4696252,2024-01-19,UNKNOWN,40.885303,-73.88701,1,0,True
4696253,2024-01-19,BRONX,40.87262,-73.904686,0,0,True
4696254,2024-01-19,UNKNOWN,40.837807,-73.83858,0,0,True
4696255,2024-01-19,UNKNOWN,40.8278,-73.95322,1,0,True
4696256,2024-01-12,BROOKLYN,40.601467,-74.008705,0,0,True
4696257,2024-01-16,BROOKLYN,40.612915,-73.98241,1,0,True
4696258,2024-01-18,BROOKLYN,40.600697,-73.996376,0,0,True
4696259,2024-01-18,MANHATTAN,40.792873,-73.94373,1,0,True
4696260,2024-01-18,BROOKLYN,40.66438,-73.929016,0,0,True
4696261,2024-01-19,UNKNOWN,40.82326,-73.95277,1,0,True
4696262,2024-01-19,MANHATTAN,40.759308,-73.9653,0,0,True
4696263,2024-01-18,BROOKLYN,40.667603,-73.92476,0,0,True
4696264,2024-01-18,UNKNOWN,40.678154,-73.94416,3,0,True
4696265,2024-01-17,QUEENS,40.605762,-73.75488,5,0,True
4696266,2024-01-18,QUEENS,40.599873,-73.761566,0,0,True
4696267,2024-01-19,BROOKLYN,40.635567,-74.02016,1,0,True
4696268,2024-01-19,UNKNOWN,,,1,0,False
4696269,2024-01-15,QUEENS,40.765812,-73.86266,1,0,True
4696270,2024-01-16,QUEENS,40.760727,-73.89106,0,0,True
4696271,2024-01-13,UNKNOWN,40.846577,-73.913155,0,0,True
4696273,2024-01-17,BRONX,40.849964,-73.91416,0,0,True
4696274,2024-01-06,BRONX,40.820984,-73.891624,0,0,True
4696275,2024-01-08,BRONX,40.811047,-73.88225,0,0,True
4696276,2024-01-11,BRONX,40.807102,-73.88552,3,0,True
4696277,2024-01-12,BRONX,40.820984,-73.8934,0,0,True
4696278,2024-01-16,BRONX,40.822533,-73.88509,1,0,True
4696279,2024-01-19,BRONX,40.813095,-73.89827,1,0,True
4696280,2024-01-08,BRONX,40.813213,-73.89098,1,0,True
4696281,2024-01-09,BRONX,40.821297,-73.88542,0,0,True
4696282,2024-01-18,BRONX,40.81711,-73.89204,3,0,True
4696283,2024-01-19,BRONX,40.812916,-73.88122,0,0,True
4696284,2024-01-13,BRONX,40.820034,-73.89049,1,0,True
4696285,2024-01-17,QUEENS,40.748512,-73.875565,0,0,True
4696286,2024-01-18,MANHATTAN,,,1,0,False
4696287,2024-01-19,MANHATTAN,40.71755,-73.99932,2,0,True
4696288,2024-01-14,QUEENS,40.717358,-73.82171,0,0,True
4696289,2024-01-17,UNKNOWN,40.727207,-73.90742,0,0,True
4696290,2024-01-19,BROOKLYN,40.62432,-74.02476,0,0,True
4696291,2024-01-19,QUEENS,40.66549,-73.75236,0,0,True
4696292,2024-01-18,QUEENS,40.71458,-73.73108,1,0,True
4696293,2024-01-19,QUEENS,40.729004,-73.79781,0,0,True
4696294,2024-01-19,UNKNOWN,40.711033,-73.7281,0,0,True
4696295,2024-01-19,QUEENS,40.724983,-73.79422,1,0,True
4696296,2024-01-19,UNKNOWN,,,0,0,False
4696297,2024-01-17,MANHATTAN,40.76553,-73.99768,1,0,True
4696298,2024-01-19,UNKNOWN,40.84506,-73.91309,0,0,True
4696299,2024-01-19,MANHATTAN,40.71738,-73.99131,0,0,True
4696300,2024-01-15,MANHATTAN,40.713196,-73.98389,1,0,True
4696301,2024-01-19,MANHATTAN,40.712463,-73.99241,1,0,True
4696302,2024-01-19,MANHATTAN,40.784973,-73.98264,0,0,True
4696303,2024-01-19,MANHATTAN,40.769226,-73.98477,1,0,True
4696304,2024-01-18,BROOKLYN,40.63955,-73.99102,0,0,True
4696305,2024-01-19,BROOKLYN,40.628796,-73.98785,1,0,True
4696306,2024-01-18,BROOKLYN,40.6277,-73.983025,1,0,True
4696308,2024-01-18,BROOKLYN,40.65765,-73.94146,0,0,True
4696309,2024-01-19,UNKNOWN,40.664055,-73.9427,1,0,True
4696310,2024-01-19,UNKNOWN,,,2,0,False
4696311,2024-01-19,BROOKLYN,40.673183,-74.00262,0,0,True
4696312,2024-01-19,BROOKLYN,40.641407,-73.91229,2,0,True
4696313,2024-01-19,UNKNOWN,40.675625,-73.89879,2,0,True
4696314,2024-01-19,UNKNOWN,40.717014,-73.7994,1,0,True
4696315,2024-01-16,QUEENS,40.74073,-73.91539,0,0,True
4696316,2024-01-19,UNKNOWN,40.730366,-73.91388,0,0,True
4696317,2024-01-20,UNKNOWN,,,0,0,False
4696318,2024-01-19,MANHATTAN,40.718555,-73.988205,1,0,True
4696319,2024-01-18,BROOKLYN,40.661057,-73.99016,0,0,True
4696320,2024-01-19,BROOKLYN,40.63953,-74.01466,0,0,True
4696321,2024-01-18,BROOKLYN,40.63937,-74.00836,0,0,True
4696322,2024-01-19,BROOKLYN,40.641186,-74.014404,0,0,True
4696323,2024-01-18,BROOKLYN,40.641327,-74.00709,0,0,True
4696324,2024-01-16,UNKNOWN,40.82755,-73.91847,1,0,True
4696325,2024-01-12,UNKNOWN,40.834133,-73.91665,0,0,True
4696326,2024-01-19,BROOKLYN,40.59284,-73.95919,0,0,True
4696327,2024-01-19,BROOKLYN,40.60754,-73.952965,2,0,True
4696328,2024-01-18,BROOKLYN,40.606243,-73.96528,0,0,True
4696329,2024-01-19,STATEN ISLAND,40.634357,-74.078636,0,0,True
4696330,2024-01-17,STATEN ISLAND,40.631077,-74.08808,0,0,True
4696331,2024-01-19,BRONX,40.854458,-73.86576,0,0,True
4696332,2024-01-19,BRONX,40.85459,-73.853546,0,0,True
4696333,2024-01-19,BRONX,40.840446,-73.86692,1,0,True
4696334,2024-01-20,UNKNOWN,40.865223,-73.83619,3,0,True
4696335,2024-01-16,BRONX,40.87152,-73.84832,0,0,True
4696336,2024-01-18,BRONX,40.807503,-73.91702,1,0,True
4696337,2024-01-19,QUEENS,40.68795,-73.82502,1,0,True
4696338,2024-01-19,UNKNOWN,,,1,0,False
4696339,2024-01-20,BROOKLYN,40.635395,-74.016815,0,0,True
4696340,2024-01-19,UNKNOWN,,,0,0,False
4696342,2024-01-19,UNKNOWN,40.701187,-73.80789,0,0,True
4696343,2024-01-20,UNKNOWN,40.665638,-73.995995,1,0,True
4696344,2024-01-19,UNKNOWN,40.70504,-73.959045,3,0,True
4696345,2024-01-19,QUEENS,40.67454,-73.76316,0,0,True
4696346,2024-01-19,UNKNOWN,40.645126,-74.10873,1,0,True
4696347,2024-01-19,BRONX,40.835396,-73.92031,0,0,True
4696348,2024-01-18,UNKNOWN,40.74407,-73.73309,1,0,True
4696349,2024-01-17,UNKNOWN,40.748592,-73.77353,0,0,True
4696350,2024-01-19,UNKNOWN,40.771744,-73.875275,2,0,True
4696351,2024-01-17,UNKNOWN,40.734497,-73.72287,4,0,True
4696352,2024-01-13,QUEENS,40.71321,-73.79351,0,0,True
4696353,2024-01-20,BRONX,40.821003,-73.92462,0,0,True
4696354,2024-01-18,BRONX,40.838158,-73.92324,0,0,True
4696355,2024-01-15,BROOKLYN,40.682423,-73.97069,1,0,True
4696356,2024-01-19,UNKNOWN,40.683723,-73.96797,0,0,True
4696357,2024-01-18,BROOKLYN,40.675705,-73.98749,0,0,True
4696358,2024-01-20,MANHATTAN,40.747276,-73.989624,0,0,True
4696359,2024-01-18,UNKNOWN,40.608253,-74.08879,0,0,True
4696360,2024-01-14,UNKNOWN,40.84497,-73.9092,0,0,True
4696361,2024-01-20,QUEENS,40.73783,-73.79643,0,0,True
4696362,2024-01-20,QUEENS,40.751953,-73.793945,0,0,True
4696363,2024-01-18,QUEENS,40.74092,-73.93339,0,0,True
4696364,2024-01-20,UNKNOWN,40.591686,-73.94021,1,0,True
4696365,2024-01-16,STATEN ISLAND,40.64274,-74.08362,0,0,True
4696366,2024-01-20,BRONX,40.82839,-73.916916,1,0,True
4696367,2024-01-14,BRONX,40.84288,-73.913574,0,0,True
4696369,2024-01-20,BROOKLYN,40.669086,-73.95956,0,0,True
4696370,2024-01-20,BROOKLYN,40.668663,-73.962006,1,0,True
4696371,2024-01-20,QUEENS,40.75087,-73.87043,0,0,True
4696372,2024-01-19,QUEENS,40.750763,-73.86628,0,0,True
4696373,2024-01-19,QUEENS,40.599503,-73.754074,1,0,True
4696374,2024-01-19,QUEENS,40.60224,-73.75416,0,0,True
4696375,2024-01-20,BROOKLYN,40.6844,-73.86865,0,0,True
4696376,2024-01-20,QUEENS,40.75487,-73.891884,4,0,True
4696377,2024-01-20,UNKNOWN,40.74713,-73.88869,0,0,True
4696378,2024-01-20,UNKNOWN,40.582233,-74.16907,1,0,True
4696379,2024-01-12,UNKNOWN,40.604645,-74.16238,1,0,True
4696380,2024-01-20,BROOKLYN,40.669712,-73.94774,2,0,True
4696381,2024-01-20,BROOKLYN,40.616905,-73.97011,0,0,True
4696382,2024-01-19,BROOKLYN,40.638664,-74.00268,2,0,True
4696383,2024-01-18,QUEENS,40.762486,-73.76235,0,0,True
4696384,2024-01-18,QUEENS,40.741932,-73.79696,0,0,True
4696385,2024-01-19,UNKNOWN,40.726135,-73.76318,1,0,True
4696386,2024-01-20,UNKNOWN,,,1,0,False
4696387,2024-01-20,UNKNOWN,40.71598,-73.97579,1,0,True
4696388,2024-01-20,QUEENS,40.71832,-73.79174,1,0,True
4696389,2024-01-20,UNKNOWN,40.74121,-73.84277,2,0,True
4696390,2024-01-19,QUEENS,40.737686,-73.88226,0,0,True
4696391,2024-01-19,UNKNOWN,40.753407,-73.852356,0,0,True
4696392,2024-01-20,QUEENS,40.74264,-73.86993,0,0,True
4696393,2024-01-19,UNKNOWN,40.740017,-73.84565,0,0,True
4696394,2024-01-20,QUEENS,40.746708,-73.863785,0,0,True
4696395,2024-01-19,BROOKLYN,40.62806,-74.02029,1,0,True
4696396,2024-01-19,BROOKLYN,40.62439,-74.00808,0,0,True
4696397,2024-01-20,UNKNOWN,40.631924,-74.016495,2,0,True
4696398,2024-01-20,UNKNOWN,40.584625,-73.94713,2,0,True
4696399,2024-01-20,BROOKLYN,40.62054,-74.024666,1,0,True
4696400,2024-01-20,UNKNOWN,40.594616,-73.99743,0,0,True
4696401,2024-01-19,BROOKLYN,40.71004,-73.953224,0,0,True
4696402,2024-01-20,UNKNOWN,40.640263,-74.019035,0,0,True
4696403,2024-01-19,BROOKLYN,40.713085,-73.936035,0,0,True
4696404,2024-01-20,UNKNOWN,40.714104,-73.95322,0,0,True
4696405,2024-01-20,BROOKLYN,40.713238,-73.92949,0,0,True
4696406,2024-01-21,QUEENS,,,0,0,False
4696407,2024-01-21,UNKNOWN,40.718864,-73.97483,0,0,True
4696408,2024-01-20,BROOKLYN,40.60136,-73.97647,0,0,True
4696409,2024-01-19,QUEENS,40.71042,-73.85964,0,0,True
4696410,2024-01-21,QUEENS,40.72092,-73.80605,0,0,True
4696411,2024-01-19,UNKNOWN,40.738194,-73.8492,0,0,True
4696412,2024-01-20,UNKNOWN,40.7179,-73.83202,0,0,True
4696413,2024-01-17,BROOKLYN,40.627953,-73.94709,1,0,True
4696414,2024-01-19,BROOKLYN,40.622467,-73.92626,0,0,True
4696415,2024-01-20,BROOKLYN,40.61661,-73.926636,1,0,True
4696416,2024-01-20,BROOKLYN,40.713413,-73.92956,0,0,True
4696417,2024-01-20,BROOKLYN,40.615383,-73.92891,1,0,True
4696418,2024-01-20,BROOKLYN,40.593,-73.993645,0,0,True
4696419,2024-01-21,UNKNOWN,40.62368,-74.028,0,0,True
4696420,2024-01-20,UNKNOWN,40.624245,-74.02008,0,0,True
4696421,2024-01-20,UNKNOWN,,,1,0,False
4696422,2024-01-20,BROOKLYN,40.67871,-74.00204,0,0,True
4696423,2024-01-17,UNKNOWN,,,0,0,False
4696424,2024-01-19,BROOKLYN,40.65807,-73.960434,0,0,True
4696425,2024-01-20,BROOKLYN,40.66041,-73.93424,2,0,True
4696426,2024-01-18,UNKNOWN,40.577488,-73.95522,1,0,True
4696427,2024-01-18,BROOKLYN,40.58514,-73.96651,1,0,True
4696428,2024-01-18,BROOKLYN,0.0,0.0,0,0,False
4696429,2024-01-18,BROOKLYN,40.57665,-73.963196,0,0,True
4696430,2024-01-21,BRONX,40.844944,-73.917404,1,0,True
4696431,2024-01-19,UNKNOWN,40.752888,-73.96374,3,0,True
4696433,2024-01-20,UNKNOWN,40.8297,-73.91932,0,0,True
4696434,2024-01-21,BROOKLYN,40.666134,-73.99224,0,0,True
4696436,2024-01-19,MANHATTAN,40.84954,-73.93641,0,0,True
4696437,2024-01-20,MANHATTAN,40.866024,-73.92588,3,0,True
4696438,2024-01-16,BROOKLYN,40.6103,-73.959526,1,0,True
4696439,2024-01-19,BROOKLYN,40.62783,-73.96286,0,0,True
4696440,2024-01-16,BROOKLYN,40.61378,-73.95634,0,0,True
4696441,2024-01-20,BROOKLYN,40.63967,-73.963196,2,0,True
4696442,2024-01-18,BROOKLYN,40.602417,-73.99334,0,0,True
4696443,2024-01-16,BROOKLYN,40.624958,-73.95941,0,0,True
4696444,2024-01-16,QUEENS,40.76759,-73.92472,0,0,True
4696445,2024-01-16,BROOKLYN,40.620197,-73.96235,1,0,True
4696446,2024-01-19,BROOKLYN,40.638546,-73.94924,1,0,True
4696447,2024-01-16,BROOKLYN,40.652946,-73.95874,1,0,True
4696448,2024-01-20,UNKNOWN,40.8239,-73.876526,1,0,True
4696449,2024-01-20,UNKNOWN,40.824562,-73.87259,1,0,True
4696450,2024-01-19,QUEENS,40.763866,-73.92497,0,0,True
4696451,2024-01-19,BRONX,40.833885,-73.847466,0,0,True
4696452,2024-01-19,BRONX,40.835835,-73.87308,0,0,True
4696453,2024-01-10,BRONX,40.82745,-73.86025,0,0,True
4696454,2024-01-20,QUEENS,40.77862,-73.901695,0,0,True
4696455,2024-01-20,BRONX,40.83555,-73.8626,0,0,True
4696456,2024-01-19,BRONX,40.83389,-73.84742,0,0,True
4696457,2024-01-20,BRONX,40.830025,-73.872765,1,0,True
4696458,2024-01-20,BRONX,40.83553,-73.86317,1,0,True
4696459,2024-01-21,QUEENS,40.776695,-73.906685,3,0,True
4696460,2024-01-18,QUEENS,40.751755,-73.938194,0,0,True
4696462,2024-01-18,BROOKLYN,40.649887,-73.961815,0,0,True
4696463,2024-01-19,UNKNOWN,,,0,0,False
4696464,2024-01-19,BROOKLYN,40.62356,-73.94629,0,0,True
4696465,2024-01-20,UNKNOWN,40.743126,-73.890724,0,0,True
4696466,2024-01-20,QUEENS,40.737694,-73.85721,0,0,True
4696467,2024-01-21,MANHATTAN,40.73337,-74.00258,1,0,True
4696468,2024-01-20,QUEENS,40.747627,-73.882996,0,0,True
4696469,2024-01-19,QUEENS,40.767056,-73.91904,1,0,True
4696470,2024-01-19,MANHATTAN,40.803562,-73.93548,0,0,True
4696471,2024-01-20,BROOKLYN,40.65457,-73.96183,0,0,True
4696472,2024-01-17,QUEENS,40.729855,-73.81853,1,0,True
4696473,2024-01-17,BROOKLYN,40.651363,-73.96345,1,0,True
4696474,2024-01-18,BROOKLYN,40.628338,-73.95689,1,0,True
4696475,2024-01-19,QUEENS,40.776077,-73.92218,0,0,True
4696476,2024-01-19,QUEENS,40.775654,-73.91127,0,0,True
4696477,2024-01-19,QUEENS,40.766884,-73.921394,1,0,True
4696478,2024-01-19,QUEENS,40.767155,-73.911224,0,0,True
4696479,2024-01-21,BROOKLYN,40.63019,-73.97836,0,0,True
4696480,2024-01-19,UNKNOWN,40.637474,-73.993164,0,0,True
4696481,2024-01-19,UNKNOWN,40.69919,-73.91469,0,0,True
4696482,2024-01-14,BROOKLYN,40.631565,-73.94635,0,0,True
4696483,2024-01-17,BROOKLYN,40.641003,-73.956116,1,0,True
4696484,2024-01-18,UNKNOWN,40.61628,-73.95356,0,0,True
4696485,2024-01-19,BROOKLYN,40.692482,-73.9203,1,0,True
4696486,2024-01-19,UNKNOWN,40.69862,-73.920135,0,0,True
4696487,2024-01-20,UNKNOWN,40.703045,-73.92985,0,0,True
4696488,2024-01-13,BROOKLYN,40.654522,-73.96063,0,0,True
4696489,2024-01-19,UNKNOWN,40.688213,-73.919815,1,0,True
4696490,2024-01-20,BROOKLYN,40.692482,-73.9203,0,0,True
4696491,2024-01-19,QUEENS,40.751972,-73.93197,1,0,True
4696492,2024-01-20,UNKNOWN,40.85787,-73.93842,0,0,True
4696493,2024-01-20,UNKNOWN,40.69149,-73.92557,0,0,True
4696494,2024-01-20,QUEENS,40.752975,-73.91024,1,0,True
4696495,2024-01-18,MANHATTAN,40.773926,-73.98818,0,0,True
4696496,2024-01-18,MANHATTAN,40.74649,-74.001335,1,0,True
4696497,2024-01-20,UNKNOWN,40.742146,-74.00821,2,0,True
4696498,2024-01-20,BROOKLYN,40.700356,-73.912575,0,0,True
4696499,2024-01-20,QUEENS,40.71232,-73.73202,1,0,True
4696500,2024-01-20,UNKNOWN,40.712727,-73.72899,1,0,True
4696501,2024-01-17,MANHATTAN,40.759525,-73.99925,0,0,True
4696502,2024-01-18,UNKNOWN,40.75449,-74.006744,1,0,True
4696503,2024-01-19,MANHATTAN,40.742283,-74.004425,1,0,True
4696504,2024-01-11,QUEENS,40.73902,-73.70061,1,0,True
4696505,2024-01-20,UNKNOWN,40.71122,-73.72827,0,0,True
4696506,2024-01-21,QUEENS,40.68314,-73.74193,0,0,True
4696507,2024-01-20,QUEENS,40.756485,-73.94005,1,0,True
4696508,2024-01-21,BROOKLYN,40.597923,-73.9872,0,0,True
4696509,2024-01-21,BRONX,40.826153,-73.920265,0,0,True
4696510,2024-01-20,QUEENS,40.737827,-73.85525,1,0,True
4696511,2024-01-19,QUEENS,40.74662,-73.89359,1,0,True
4696512,2024-01-20,QUEENS,40.756874,-73.94436,0,0,True
4696513,2024-01-20,UNKNOWN,40.77039,-73.91771,0,0,True
4696514,2024-01-11,MANHATTAN,40.705822,-74.012245,0,0,True
4696515,2024-01-20,UNKNOWN,,,1,0,False
4696516,2024-01-17,MANHATTAN,40.715237,-74.01339,0,0,True
4696517,2024-01-18,MANHATTAN,40.723625,-74.00479,0,0,True
4696518,2024-01-21,QUEENS,40.77583,-73.91026,0,0,True
4696519,2024-01-18,MANHATTAN,40.706963,-74.007095,1,0,True
4696520,2024-01-20,QUEENS,40.757687,-73.91321,0,0,True
4696521,2024-01-17,BROOKLYN,40.69854,-73.94116,1,0,True
4696522,2024-01-18,MANHATTAN,40.704796,-74.01669,0,0,True
4696523,2024-01-19,UNKNOWN,40.7699,-73.91608,2,0,True
4696524,2024-01-17,UNKNOWN,40.690693,-73.95728,0,0,True
4696525,2024-01-20,UNKNOWN,40.6884,-73.95118,0,0,True
4696526,2024-01-19,QUEENS,40.75967,-73.92725,1,0,True
4696527,2024-01-18,MANHATTAN,40.717175,-74.01288,1,0,True
4696528,2024-01-10,UNKNOWN,40.683567,-73.94106,0,0,True
4696530,2024-01-20,QUEENS,40.76139,-73.92034,0,0,True
4696531,2024-01-08,BROOKLYN,40.69811,-73.94496,0,0,True
4696532,2024-01-16,MANHATTAN,40.704212,-74.011566,0,0,True
4696533,2024-01-14,UNKNOWN,40.68389,-73.93823,0,0,True
4696534,2024-01-18,UNKNOWN,,,2,0,False
4696535,2024-01-18,BROOKLYN,40.693604,-73.99275,1,0,True
4696536,2024-01-09,MANHATTAN,40.714382,-74.01014,1,0,True
4696537,2024-01-20,UNKNOWN,40.854904,-73.92965,2,0,True
4696538,2024-01-12,BROOKLYN,40.69415,-73.94027,0,0,True
4696539,2024-01-19,UNKNOWN,40.693203,-73.953995,1,0,True
4696540,2024-01-18,BROOKLYN,40.697285,-73.99231,1,0,True
4696541,2024-01-17,BROOKLYN,40.700768,-73.990944,2,0,True
4696542,2024-01-19,BROOKLYN,40.69365,-73.98333,0,0,True
4696543,2024-01-19,BROOKLYN,40.701588,-73.98863,0,0,True
4696544,2024-01-19,BROOKLYN,40.686333,-73.983284,0,0,True
4696545,2024-01-19,BROOKLYN,40.689137,-73.990715,0,0,True
4696546,2024-01-20,UNKNOWN,,,0,0,False
4696547,2024-01-21,UNKNOWN,40.61689,-74.14434,0,0,True
4696548,2024-01-15,UNKNOWN,40.58715,-73.991104,0,0,True
4696549,2024-01-19,MANHATTAN,40.75458,-73.99915,1,0,True
4696550,2024-01-16,BROOKLYN,40.629456,-73.889435,0,0,True
4696551,2024-01-16,UNKNOWN,40.630577,-73.88591,0,0,True
4696552,2024-01-19,STATEN ISLAND,40.56345,-74.169754,0,0,True
4696553,2024-01-19,MANHATTAN,40.77537,-73.98772,1,0,True
4696554,2024-01-20,MANHATTAN,40.778095,-73.9783,0,0,True
4696555,2024-01-19,UNKNOWN,40.678722,-73.952995,0,0,True
4696556,2024-01-18,STATEN ISLAND,40.554638,-74.2144,0,0,True
4696557,2024-01-06,STATEN ISLAND,40.54909,-74.22084,0,0,True
4696558,2024-01-20,STATEN ISLAND,40.54303,-74.163994,0,0,True
4696559,2024-01-21,STATEN ISLAND,40.51505,-74.23457,0,0,True
4696560,2024-01-17,BRONX,40.803555,-73.92182,0,0,True
4696561,2024-01-20,STATEN ISLAND,40.541744,-74.207,1,0,True
4696562,2024-01-21,BROOKLYN,40.619274,-74.03572,1,0,True
4696563,2024-01-21,BROOKLYN,40.70317,-73.9327,0,0,True
4696564,2024-01-21,BROOKLYN,40.61914,-74.008644,1,0,True
4696565,2024-01-20,MANHATTAN,40.758533,-73.98885,1,0,True
4696566,2024-01-18,MANHATTAN,40.750294,-73.99485,1,0,True
4696567,2024-01-19,UNKNOWN,40.758427,-73.99264,3,0,True
4696568,2024-01-17,BROOKLYN,40.635437,-73.89684,0,0,True
4696569,2024-01-18,BROOKLYN,40.646572,-73.89617,1,0,True
4696570,2024-01-20,MANHATTAN,40.75783,-73.99125,0,0,True
4696571,2024-01-17,MANHATTAN,40.75702,-74.00494,0,0,True
4696572,2024-01-19,MANHATTAN,40.74086,-73.9992,0,0,True
4696573,2024-01-17,BROOKLYN,40.68787,-73.98421,0,0,True
4696574,2024-01-18,UNKNOWN,40.804886,-73.96248,0,0,True
4696575,2024-01-19,MANHATTAN,40.750317,-73.99112,1,0,True
4696576,2024-01-20,MANHATTAN,40.757645,-73.98949,0,0,True
4696577,2024-01-21,UNKNOWN,40.625515,-74.15226,0,0,True
4696578,2024-01-18,MANHATTAN,40.756035,-73.98695,0,0,True
4696579,2024-01-20,UNKNOWN,40.7265,-73.75571,1,0,True
4696580,2024-01-15,UNKNOWN,40.75455,-73.74317,2,0,True
4696581,2024-01-20,UNKNOWN,40.669243,-73.80129,3,0,True
4696582,2024-01-19,MANHATTAN,40.754055,-73.99583,0,0,True
4696583,2024-01-20,UNKNOWN,40.740093,-73.89986,1,0,True
4696584,2024-01-21,QUEENS,40.72696,-73.841385,0,0,True
4696585,2024-01-21,BRONX,40.836018,-73.9243,0,0,True
4696586,2024-01-21,UNKNOWN,40.83443,-73.91035,1,0,True
4696587,2024-01-18,QUEENS,40.76521,-73.8005,1,0,True
4696588,2024-01-18,QUEENS,40.777016,-73.79336,0,0,True
4696589,2024-01-18,UNKNOWN,40.78866,-73.778625,1,0,True
4696590,2024-01-17,UNKNOWN,,,0,0,False
4696591,2024-01-20,QUEENS,40.75388,-73.822815,1,0,True
4696592,2024-01-19,QUEENS,40.75317,-73.82193,1,0,True
4696593,2024-01-21,QUEENS,40.781662,-73.83445,1,0,True
4696594,2024-01-18,UNKNOWN,40.788937,-73.795265,0,0,True
4696595,2024-01-19,QUEENS,40.78168,-73.84686,2,0,True
4696596,2024-01-19,UNKNOWN,,,0,0,False
4696597,2024-01-20,QUEENS,40.747215,-73.815384,0,0,True
4696598,2024-01-20,UNKNOWN,40.738842,-73.81404,0,0,True
4696599,2024-01-21,QUEENS,40.75814,-73.83517,0,0,True
4696600,2024-01-18,MANHATTAN,40.846153,-73.932335,0,0,True
4696601,2024-01-17,MANHATTAN,40.847248,-73.93687,0,0,True
4696602,2024-01-16,MANHATTAN,40.83733,-73.94658,0,0,True
4696603,2024-01-11,MANHATTAN,40.84071,-73.935646,0,0,True
4696604,2024-01-20,UNKNOWN,40.847168,-73.93394,3,0,True
4696605,2024-01-12,UNKNOWN,40.752377,-73.97035,0,0,True
4696606,2024-01-19,BROOKLYN,40.684,-73.95031,0,0,True
4696607,2024-01-12,BROOKLYN,40.680214,-73.94628,0,0,True
4696608,2024-01-21,UNKNOWN,40.686085,-73.982666,1,0,True
4696609,2024-01-20,UNKNOWN,40.74206,-73.82453,0,0,True
4696610,2024-01-18,QUEENS,40.77279,-73.837135,0,0,True
4696611,2024-01-18,UNKNOWN,40.764084,-73.83336,1,0,True
4696612,2024-01-21,UNKNOWN,40.68837,-73.944916,1,0,True
4696613,2024-01-21,QUEENS,40.680984,-73.73363,0,0,True
4696614,2024-01-21,QUEENS,40.693226,-73.73404,0,0,True
4696615,2024-01-19,QUEENS,40.66641,-73.78467,1,0,True
4696616,2024-01-19,QUEENS,40.724705,-73.74493,0,0,True
4696617,2024-01-18,UNKNOWN,40.817596,-73.95319,1,0,True
4696618,2024-01-16,UNKNOWN,,,0,0,False
4696619,2024-01-18,STATEN ISLAND,40.589287,-74.08719,0,0,True
4696620,2024-01-19,STATEN ISLAND,40.57862,-74.10168,1,0,True
4696621,2024-01-20,UNKNOWN,40.610085,-74.11668,0,0,True
4696622,2024-01-20,STATEN ISLAND,40.570465,-74.10977,2,0,True
4696623,2024-01-19,STATEN ISLAND,40.564568,-74.117485,1,0,True
4696624,2024-01-16,STATEN ISLAND,40.55545,-74.157295,0,0,True
4696625,2024-01-20,STATEN ISLAND,40.601917,-74.0714,1,0,True
4696626,2024-01-20,STATEN ISLAND,40.595524,-74.07777,0,0,True
4696627,2024-01-20,STATEN ISLAND,40.545147,-74.1609,0,0,True
4696628,2024-01-21,UNKNOWN,40.763885,-73.84002,0,0,True
4696629,2024-01-21,QUEENS,40.743168,-73.87759,1,0,True
4696630,2024-01-21,QUEENS,40.784187,-73.84582,1,0,True
4696631,2024-01-21,UNKNOWN,40.595352,-74.16071,0,0,True
4696632,2024-01-15,BRONX,,,0,0,False
4696633,2024-01-16,UNKNOWN,40.81175,-73.93144,1,0,True
4696634,2024-01-17,MANHATTAN,40.747185,-73.9897,0,0,True
4696635,2024-01-19,BROOKLYN,40.657864,-73.89227,0,0,True
4696636,2024-01-19,BROOKLYN,40.677208,-73.89723,1,0,True
4696637,2024-01-19,BROOKLYN,,,0,0,False
4696638,2024-01-19,BROOKLYN,40.67421,-73.86208,0,0,True
4696639,2024-01-18,BROOKLYN,40.6749,-73.8718,0,0,True
4696640,2024-01-19,BROOKLYN,40.669857,-73.86005,0,0,True
4696641,2024-01-20,BROOKLYN,40.67148,-73.898674,1,0,True
4696642,2024-01-21,BROOKLYN,40.66685,-73.8907,1,0,True
4696643,2024-01-21,UNKNOWN,,,0,0,False
4696644,2024-01-18,BROOKLYN,40.6631,-73.88429,1,0,True
4696645,2024-01-19,BROOKLYN,40.666443,-73.893456,0,0,True
4696646,2024-01-20,BROOKLYN,40.66643,-73.882835,3,0,True
4696647,2024-01-19,BROOKLYN,40.668144,-73.88197,2,0,True
4696648,2024-01-20,BROOKLYN,40.67816,-73.897484,0,0,True
4696649,2024-01-20,BROOKLYN,40.686848,-73.87092,0,0,True
4696650,2024-01-19,BROOKLYN,40.675682,-73.89014,2,0,True
4696651,2024-01-21,BROOKLYN,40.63885,-73.99695,0,0,True
4696652,2024-01-21,BROOKLYN,40.66314,-73.88003,1,0,True
4696653,2024-01-16,BROOKLYN,40.690987,-73.86903,4,0,True
4696654,2024-01-16,BROOKLYN,40.68097,-73.8915,0,0,True
4696655,2024-01-19,BROOKLYN,40.681686,-73.87157,1,0,True
4696656,2024-01-17,BROOKLYN,40.67498,-73.871826,0,0,True
4696657,2024-01-19,BROOKLYN,40.650017,-73.87057,0,0,True
4696658,2024-01-16,BROOKLYN,40.679844,-73.87985,0,0,True
4696659,2024-01-21,UNKNOWN,40.672474,-73.88308,0,0,True
4696660,2024-01-15,BROOKLYN,40.683807,-73.87161,0,0,True
4696661,2024-01-18,UNKNOWN,40.672062,-73.925255,0,0,True
4696662,2024-01-19,UNKNOWN,40.67725,-73.92754,0,0,True
4696663,2024-01-20,UNKNOWN,40.67101,-73.92239,0,0,True
4696664,2024-01-21,UNKNOWN,40.6752,-73.950005,1,0,True
4696665,2024-01-21,BROOKLYN,40.636562,-73.99054,0,0,True
4696666,2024-01-21,UNKNOWN,40.646,-73.97175,0,0,True
4696667,2024-01-13,MANHATTAN,40.780754,-73.95258,0,0,True
4696668,2024-01-16,QUEENS,40.74073,-73.91539,0,0,True
4696669,2024-01-12,UNKNOWN,40.740417,-73.95244,0,0,True
4696670,2024-01-21,QUEENS,40.74622,-73.94553,0,0,True
4696671,2024-01-20,BROOKLYN,40.671894,-73.92161,1,0,True
4696672,2024-01-20,UNKNOWN,40.67786,-73.93863,0,0,True
4696673,2024-01-21,BROOKLYN,40.671406,-73.96133,1,0,True
4696674,2024-01-19,UNKNOWN,,,0,0,False
4696675,2024-01-13,MANHATTAN,40.747684,-73.97879,1,0,True
4696676,2024-01-19,BROOKLYN,40.71562,-73.926056,0,0,True
4696677,2024-01-18,BROOKLYN,40.71401,-73.92405,0,0,True
4696678,2024-01-19,QUEENS,40.71682,-73.90309,0,0,True
4696679,2024-01-21,BROOKLYN,40.64452,-73.91207,1,0,True
4696680,2024-01-19,QUEENS,40.725204,-73.90618,1,0,True
4696681,2024-01-19,QUEENS,40.701897,-73.894966,1,0,True
4696682,2024-01-19,QUEENS,40.72963,-73.90321,0,0,True
4696683,2024-01-21,QUEENS,40.75056,-73.89301,0,0,True
4696684,2024-01-20,QUEENS,40.698402,-73.90675,0,0,True
4696685,2024-01-20,QUEENS,40.70146,-73.87799,0,0,True
4696686,2024-01-08,BRONX,40.852715,-73.82761,0,0,True
4696687,2024-01-10,BRONX,40.84887,-73.78474,0,0,True
4696688,2024-01-20,BRONX,40.868412,-73.8885,0,0,True
4696689,2024-01-20,UNKNOWN,,,0,0,False
4696690,2024-01-20,UNKNOWN,40.719566,-73.94561,1,0,True
4696691,2024-01-21,UNKNOWN,40.715176,-73.951965,0,0,True
4696692,2024-01-19,UNKNOWN,40.722576,-73.94049,0,0,True
4696693,2024-01-21,BROOKLYN,40.726295,-73.95327,0,0,True
4696694,2024-01-21,QUEENS,40.65965,-73.773834,1,0,True
4696695,2024-01-07,QUEENS,40.67221,-73.734634,4,0,True
4696696,2024-01-21,QUEENS,40.666695,-73.767136,2,0,True
4696697,2024-01-16,QUEENS,40.653877,-73.72582,0,0,True
4696698,2024-01-15,UNKNOWN,40.663982,-73.72963,0,0,True
4696699,2024-01-21,BRONX,40.845425,-73.84492,0,0,True
4696700,2024-01-21,BRONX,40.848454,-73.85548,1,0,True
4696701,2024-01-20,BRONX,40.85974,-73.85492,0,0,True
4696702,2024-01-12,UNKNOWN,,,0,0,False
4696703,2024-01-19,BRONX,40.879765,-73.831955,0,0,True
4696704,2024-01-21,QUEENS,40.766357,-73.88756,1,0,True
4696705,2024-01-13,UNKNOWN,,,0,0,False
4696706,2024-01-17,UNKNOWN,,,1,0,False
4696707,2024-01-20,UNKNOWN,40.67612,-73.936005,1,0,True
4696708,2024-01-21,UNKNOWN,40.784283,-73.79764,1,0,True
4696709,2024-01-21,QUEENS,40.78189,-73.79431,0,0,True
4696710,2024-01-16,UNKNOWN,40.696556,-73.98091,1,0,True
4696711,2024-01-12,BROOKLYN,40.652744,-73.94802,0,0,True
4696712,2024-01-16,BROOKLYN,40.65618,-73.92145,0,0,True
4696713,2024-01-18,BROOKLYN,40.650482,-73.91484,3,0,True
4696714,2024-01-20,BROOKLYN,40.63914,-73.939674,0,0,True
4696715,2024-01-19,UNKNOWN,40.655094,-73.934654,0,0,True
4696716,2024-01-18,BROOKLYN,40.651512,-73.93521,0,0,True
4696717,2024-01-16,UNKNOWN,40.82457,-73.8391,0,0,True
4696718,2024-01-17,BROOKLYN,40.644634,-73.943115,1,0,True
4696719,2024-01-18,BROOKLYN,40.658295,-73.93109,0,0,True
4696720,2024-01-18,BROOKLYN,40.64124,-73.943726,2,0,True
4696721,2024-01-18,BROOKLYN,40.653976,-73.952835,0,0,True
4696722,2024-01-14,BROOKLYN,40.637127,-73.948105,0,0,True
4696723,2024-01-16,UNKNOWN,,,3,0,False
4696724,2024-01-19,BROOKLYN,40.659813,-73.926476,0,0,True
4696725,2024-01-20,BROOKLYN,40.650623,-73.95377,0,0,True
4696726,2024-01-21,BROOKLYN,40.653767,-73.931076,0,0,True
4696727,2024-01-16,BROOKLYN,40.66399,-73.92988,0,0,True
4696728,2024-01-17,BROOKLYN,40.653625,-73.920906,0,0,True
4696729,2024-01-18,BROOKLYN,40.65818,-73.92465,1,0,True
4696730,2024-01-21,BROOKLYN,40.643322,-73.947655,0,0,True
4696731,2024-01-17,BRONX,40.83831,-73.82484,1,0,True
4696732,2024-01-16,BROOKLYN,40.654526,-73.94402,0,0,True
4696733,2024-01-19,BROOKLYN,40.650806,-73.94958,1,0,True
4696734,2024-01-19,BROOKLYN,40.65259,-73.95055,0,0,True
4696735,2024-01-20,UNKNOWN,40.64916,-73.94552,1,0,True
4696736,2024-01-19,BROOKLYN,40.657986,-73.92574,1,0,True
4696737,2024-01-21,BROOKLYN,40.65479,-73.916855,4,0,True
4696738,2024-01-21,UNKNOWN,40.659336,-73.92726,1,0,True
4696739,2024-01-16,BROOKLYN,40.652317,-73.92752,2,0,True
4696740,2024-01-17,UNKNOWN,40.84002,-73.8373,0,0,True
4696741,2024-01-21,QUEENS,40.708317,-73.87218,5,0,True
4696742,2024-01-16,BROOKLYN,40.65949,-73.9261,0,0,True
4696743,2024-01-21,BROOKLYN,40.593906,-73.959404,0,0,True
4696744,2024-01-09,BROOKLYN,40.658966,-73.9191,1,0,True
4696745,2024-01-18,BROOKLYN,40.66112,-73.920135,1,0,True
4696746,2024-01-16,UNKNOWN,40.640015,-73.92575,0,0,True
4696747,2024-01-16,BROOKLYN,40.652355,-73.91326,0,0,True
4696748,2024-01-21,BRONX,40.80697,-73.88357,2,2,True
4696749,2024-01-17,BROOKLYN,40.644253,-73.929596,0,0,True
4696750,2024-01-20,BROOKLYN,40.650482,-74.01168,0,0,True
4696751,2024-01-19,BROOKLYN,40.71462,-73.93948,0,0,True
4696752,2024-01-19,UNKNOWN,40.658253,-73.98465,1,0,True
4696753,2024-01-21,BROOKLYN,40.592304,-73.95423,0,1,True
4696754,2024-01-21,BROOKLYN,40.602962,-74.00444,1,0,True
4696755,2024-01-21,UNKNOWN,40.72545,-73.837776,0,0,True
4696756,2024-01-22,QUEENS,40.762825,-73.93398,1,0,True
4696757,2024-01-20,QUEENS,40.75117,-73.9152,1,0,True
4696758,2024-01-21,UNKNOWN,40.76943,-73.91025,0,0,True
4696759,2024-01-21,UNKNOWN,,,0,0,False
4696760,2024-01-21,QUEENS,40.71214,-73.80952,0,0,True
4696761,2024-01-21,QUEENS,40.71716,-73.80341,0,0,True
4696762,2024-01-21,BROOKLYN,40.623917,-74.02903,0,0,True
4696763,2024-01-21,BROOKLYN,40.694557,-73.906555,0,0,True
4696764,2024-01-21,UNKNOWN,40.705215,-73.92069,2,0,True
4696765,2024-01-21,UNKNOWN,40.636078,-74.019714,2,0,True
4696766,2024-01-19,UNKNOWN,,,1,0,False
4696767,2024-01-19,BROOKLYN,40.67757,-73.91176,0,0,True
4696768,2024-01-21,UNKNOWN,40.678116,-73.90787,0,0,True
4696769,2024-01-21,BROOKLYN,40.665066,-73.91348,0,0,True
4696770,2024-01-19,BROOKLYN,40.676445,-73.91277,0,0,True
4696771,2024-01-21,BROOKLYN,40.671284,-73.91696,0,0,True
4696772,2024-01-14,BROOKLYN,40.672348,-73.91409,1,0,True
4696773,2024-01-22,QUEENS,40.776215,-73.90728,0,0,True
4696774,2024-01-21,UNKNOWN,40.573265,-74.146965,0,0,True
4696775,2024-01-22,UNKNOWN,40.83472,-73.91121,0,0,True
4696776,2024-01-13,UNKNOWN,40.841064,-73.84126,1,0,True
4696777,2024-01-20,BRONX,40.843174,-73.91196,0,0,True
4696778,2024-01-21,BROOKLYN,40.709156,-73.93957,0,0,True
4696779,2024-01-19,BRONX,40.830986,-73.91139,0,0,True
4696780,2024-01-19,QUEENS,40.707493,-73.796974,0,0,True
4696781,2024-01-20,QUEENS,40.697258,-73.80575,0,0,True
4696782,2024-01-18,QUEENS,,,1,0,False
4696783,2024-01-20,BROOKLYN,40.58581,-73.952995,0,0,True
4696784,2024-01-19,BRONX,40.862747,-73.90494,1,0,True
4696785,2024-01-17,BRONX,40.88114,-73.87745,0,0,True
4696786,2024-01-21,UNKNOWN,40.61239,-74.000916,0,0,True
4696787,2024-01-21,BROOKLYN,40.585934,-73.9519,1,0,True
4696788,2024-01-21,BROOKLYN,40.591103,-73.96515,1,0,True
4696789,2024-01-12,BRONX,40.823208,-73.81965,3,0,True
4696790,2024-01-21,UNKNOWN,40.714104,-73.95322,1,0,True
4696791,2024-01-19,BRONX,40.884346,-73.88706,0,0,True
4696792,2024-01-21,UNKNOWN,40.870907,-73.90725,0,0,True
4696793,2024-01-18,UNKNOWN,40.86315,-73.90907,0,0,True
4696794,2024-01-21,UNKNOWN,40.60809,-74.14093,0,0,True
4696795,2024-01-14,UNKNOWN,,,2,0,False
4696796,2024-01-19,QUEENS,40.701538,-73.787315,1,0,True
4696797,2024-01-19,QUEENS,40.69922,-73.806435,0,0,True
4696798,2024-01-18,QUEENS,40.699787,-73.813644,1,0,True
4696799,2024-01-20,QUEENS,40.696564,-73.79125,1,0,True
4696800,2024-01-11,QUEENS,40.712208,-73.77365,1,0,True
4696801,2024-01-17,UNKNOWN,40.710316,-73.77173,2,0,True
4696802,2024-01-21,BRONX,40.837784,-73.852486,1,0,True
4696803,2024-01-20,BROOKLYN,40.686264,-73.9567,0,0,True
4696804,2024-01-20,UNKNOWN,40.679634,-73.94959,0,0,True
4696805,2024-01-20,MANHATTAN,40.760532,-73.95836,1,0,True
4696806,2024-01-20,UNKNOWN,40.861828,-73.89286,1,0,True
4696807,2024-01-18,BRONX,40.870777,-73.88624,0,0,True
4696808,2024-01-21,QUEENS,40.701504,-73.812386,0,0,True
4696809,2024-01-17,BROOKLYN,40.688774,-73.9479,0,0,True
4696810,2024-01-20,BROOKLYN,40.70166,-73.961464,1,0,True
4696811,2024-01-19,UNKNOWN,,,1,0,False
4696812,2024-01-20,BROOKLYN,40.712265,-73.95548,0,0,True
4696813,2024-01-19,BROOKLYN,40.71516,-73.965164,0,0,True
4696814,2024-01-21,BRONX,40.864975,-73.890396,0,0,True
4696815,2024-01-19,BROOKLYN,40.70791,-73.945015,1,0,True
4696816,2024-01-19,BROOKLYN,40.70172,-73.957565,0,0,True
4696817,2024-01-19,MANHATTAN,40.769753,-73.95458,0,0,True
4696818,2024-01-21,UNKNOWN,40.774563,-73.94309,0,0,True
4696819,2024-01-21,BROOKLYN,40.625973,-73.97624,1,0,True
4696820,2024-01-21,BROOKLYN,40.640915,-73.97365,1,0,True
4696821,2024-01-14,BRONX,40.837864,-73.9114,1,0,True
4696822,2024-01-18,BROOKLYN,40.698677,-73.95886,0,0,True
4696823,2024-01-19,UNKNOWN,40.777004,-73.96374,1,0,True
4696824,2024-01-20,MANHATTAN,40.76484,-73.970505,0,0,True
4696825,2024-01-19,BRONX,40.882175,-73.88692,1,0,True
4696826,2024-01-21,BRONX,40.861862,-73.91275,1,0,True
4696827,2024-01-17,BROOKLYN,40.701572,-73.9443,0,0,True
4696828,2024-01-21,BROOKLYN,40.647297,-73.9803,0,0,True
4696829,2024-01-20,MANHATTAN,40.773018,-73.952194,0,0,True
4696830,2024-01-18,MANHATTAN,40.76395,-73.966484,0,0,True
4696831,2024-01-19,UNKNOWN,40.79286,-73.96754,0,0,True
4696832,2024-01-17,BROOKLYN,40.702797,-73.95739,0,0,True
4696833,2024-01-19,MANHATTAN,40.773598,-73.9578,1,0,True
4696834,2024-01-21,UNKNOWN,40.78318,-73.94362,0,0,True
4696835,2024-01-19,UNKNOWN,40.79458,-73.97371,0,0,True
4696836,2024-01-20,BRONX,40.895374,-73.86356,0,0,True
4696837,2024-01-19,BRONX,40.892376,-73.843475,0,0,True
4696838,2024-01-20,BRONX,40.88907,-73.863144,0,0,True
4696839,2024-01-19,QUEENS,,,2,0,False
4696840,2024-01-18,BRONX,40.886883,-73.86539,1,0,True
4696841,2024-01-21,QUEENS,40.70047,-73.75289,0,0,True
4696842,2024-01-16,QUEENS,40.678898,-73.78908,1,0,True
4696843,2024-01-18,BRONX,40.87693,-73.84429,0,0,True
4696844,2024-01-16,QUEENS,40.666008,-73.789536,5,0,True
4696845,2024-01-21,UNKNOWN,40.667522,-73.78063,2,0,True
4696846,2024-01-21,BROOKLYN,40.633083,-73.94771,0,0,True
4696847,2024-01-21,BROOKLYN,40.63461,-73.96412,1,0,True
4696848,2024-01-18,UNKNOWN,40.634506,-73.949455,1,0,True
4696849,2024-01-18,BROOKLYN,40.635662,-73.95195,0,0,True
4696850,2024-01-20,BRONX,40.87882,-73.85803,1,0,True
4696851,2024-01-19,QUEENS,40.67469,-73.79805,1,0,True
4696852,2024-01-21,QUEENS,40.669144,-73.76591,0,0,True
4696853,2024-01-17,BROOKLYN,40.67804,-73.98263,1,0,True
4696854,2024-01-21,BRONX,40.87308,-73.85938,0,0,True
4696855,2024-01-21,QUEENS,40.6661,-73.85193,0,0,True
4696856,2024-01-19,UNKNOWN,40.86502,-73.89277,0,0,True
4696857,2024-01-19,QUEENS,40.70172,-73.834656,0,0,True
4696858,2024-01-19,UNKNOWN,40.66496,-73.82226,1,0,True
4696859,2024-01-19,UNKNOWN,40.65789,-73.85613,1,0,True
4696860,2024-01-20,QUEENS,40.658257,-73.84069,0,0,True
4696861,2024-01-19,QUEENS,40.704212,-73.83697,0,0,True
4696862,2024-01-21,QUEENS,40.67215,-73.843185,1,0,True
4696863,2024-01-18,QUEENS,40.683655,-73.83279,0,0,True
4696864,2024-01-19,UNKNOWN,40.69225,-73.81791,0,0,True
4696865,2024-01-21,QUEENS,40.69595,-73.86237,0,0,True
4696866,2024-01-22,UNKNOWN,40.75455,-73.74317,0,0,True
4696867,2024-01-20,QUEENS,40.669876,-73.84741,1,0,True
4696868,2024-01-18,QUEENS,40.68492,-73.86138,0,0,True
4696869,2024-01-17,UNKNOWN,40.71154,-73.83624,0,0,True
4696870,2024-01-13,QUEENS,40.689312,-73.82829,0,0,True
4696871,2024-01-20,UNKNOWN,40.697002,-73.84386,0,0,True
4696872,2024-01-20,QUEENS,40.69453,-73.82588,0,0,True
4696874,2024-01-21,QUEENS,40.698696,-73.82063,0,0,True
4696875,2024-01-17,QUEENS,40.694107,-73.863144,2,0,True
4696876,2024-01-20,QUEENS,40.666367,-73.811554,1,0,True
4696877,2024-01-20,UNKNOWN,,,0,0,False
4696878,2024-01-20,QUEENS,40.664192,-73.841125,0,0,True
4696879,2024-01-20,QUEENS,40.69597,-73.85281,0,0,True
4696880,2024-01-20,QUEENS,40.69056,-73.8141,4,0,True
4696881,2024-01-16,QUEENS,40.68592,-73.846924,0,0,True
4696882,2024-01-21,UNKNOWN,,,1,0,False
4696883,2024-01-20,UNKNOWN,40.685772,-73.81819,0,0,True
4696884,2024-01-15,QUEENS,40.693527,-73.81345,0,0,True
4696885,2024-01-21,QUEENS,40.661335,-73.856964,1,0,True
4696886,2024-01-21,UNKNOWN,40.702747,-73.86242,0,0,True
4696887,2024-01-19,QUEENS,40.684135,-73.813995,0,0,True
4696888,2024-01-22,QUEENS,40.68457,-73.834885,0,0,True
4696889,2024-01-21,QUEENS,40.69142,-73.866516,0,0,True
4696890,2024-01-20,MANHATTAN,40.744186,-73.991875,1,0,True
4696891,2024-01-22,MANHATTAN,40.726494,-73.98829,0,0,True
4696892,2024-01-21,MANHATTAN,40.737267,-73.98527,0,0,True
4696893,2024-01-17,QUEENS,40.71852,-73.90832,0,0,True
4696894,2024-01-19,QUEENS,40.70374,-73.86837,0,0,True
4696895,2024-01-15,QUEENS,40.725918,-73.89535,0,0,True
4696896,2024-01-19,QUEENS,40.70281,-73.9077,1,0,True
4696897,2024-01-20,BRONX,40.85429,-73.90027,0,0,True
4696898,2024-01-21,QUEENS,40.704964,-73.803444,0,0,True
4696899,2024-01-22,UNKNOWN,40.692482,-73.79599,0,0,True
4696900,2024-01-21,STATEN ISLAND,40.560295,-74.16046,0,0,True
4696901,2024-01-18,MANHATTAN,40.785294,-73.969345,0,0,True
4696902,2024-01-20,UNKNOWN,40.851936,-73.91078,0,0,True
4696903,2024-01-13,MANHATTAN,40.77712,-73.96395,5,0,True
4696904,2024-01-19,UNKNOWN,40.588486,-74.09759,1,0,True
4696905,2024-01-21,STATEN ISLAND,40.586754,-74.08941,1,0,True
4696906,2024-01-19,BRONX,40.861256,-73.901024,1,0,True
4696907,2024-01-21,BRONX,40.868465,-73.88167,0,0,True
4696908,2024-01-16,QUEENS,40.698856,-73.8266,0,0,True
4696909,2024-01-20,MANHATTAN,40.74044,-74.00203,1,0,True
4696910,2024-01-17,UNKNOWN,40.678722,-73.952995,3,0,True
4696911,2024-01-11,QUEENS,40.70636,-73.792534,1,0,True
4696912,2024-01-20,MANHATTAN,40.80897,-73.94833,0,0,True
4696913,2024-01-22,BROOKLYN,40.634617,-74.02353,1,0,True
4696914,2024-01-17,UNKNOWN,,,1,0,False
4696915,2024-01-21,BROOKLYN,40.683723,-73.96797,0,0,True
4696916,2024-01-21,UNKNOWN,40.586117,-73.93604,0,0,True
4696917,2024-01-22,BROOKLYN,40.625084,-74.0215,1,0,True
4696918,2024-01-19,BROOKLYN,40.62727,-74.00738,0,0,True
4696919,2024-01-13,BRONX,40.814266,-73.912964,1,0,True
4696920,2024-01-21,BRONX,40.81952,-73.908455,0,0,True
4696921,2024-01-16,BRONX,40.803688,-73.915886,0,0,True
4696922,2024-01-19,BRONX,40.858303,-73.892784,2,0,True
4696923,2024-01-20,BROOKLYN,40.684544,-73.96509,1,0,True
4696924,2024-01-20,BRONX,40.848755,-73.898705,1,0,True
4696925,2024-01-21,BRONX,40.85071,-73.89408,1,0,True
4696926,2024-01-19,UNKNOWN,40.85381,-73.91386,1,0,True
4696927,2024-01-21,UNKNOWN,40.843994,-73.89752,1,0,True
4696928,2024-01-20,BRONX,40.85713,-73.8808,0,0,True
4696929,2024-01-20,UNKNOWN,40.841877,-73.8888,1,0,True
4696930,2024-01-21,BRONX,40.851402,-73.89343,0,0,True
4696931,2024-01-20,MANHATTAN,40.73574,-73.99804,0,0,True
4696932,2024-01-17,BRONX,40.8477,-73.90097,1,0,True
4696933,2024-01-19,BROOKLYN,40.68416,-73.96907,0,0,True
4696934,2024-01-20,BROOKLYN,40.689453,-73.924034,0,0,True
4696935,2024-01-21,UNKNOWN,40.69864,-73.93819,1,0,True
4696936,2024-01-18,BROOKLYN,40.689384,-73.92401,0,0,True
4696937,2024-01-20,MANHATTAN,40.77039,-73.954124,0,0,True
4696938,2024-01-20,MANHATTAN,40.78336,-73.95489,0,0,True
4696939,2024-01-21,UNKNOWN,40.697002,-73.84386,0,0,True
4696940,2024-01-18,MANHATTAN,40.759617,-73.961975,0,0,True
4696941,2024-01-21,UNKNOWN,40.625683,-73.93344,0,0,True
4696942,2024-01-21,BROOKLYN,40.60763,-73.930275,1,0,True
4696943,2024-01-22,BROOKLYN,40.621483,-73.93499,0,0,True
4696944,2024-01-22,BROOKLYN,40.68993,-73.98148,0,0,True
4696945,2024-01-17,MANHATTAN,40.782597,-73.948296,0,0,True
4696946,2024-01-22,STATEN ISLAND,40.600246,-74.0946,0,0,True
4696947,2024-01-22,QUEENS,40.726967,-73.85647,0,0,True
4696948,2024-01-21,UNKNOWN,40.718304,-73.987404,1,0,True
4696949,2024-01-21,UNKNOWN,40.86414,-73.93392,0,0,True
4696950,2024-01-22,BROOKLYN,40.640583,-73.91894,1,0,True
4696951,2024-01-22,BROOKLYN,40.67619,-73.9081,0,0,True
4696952,2024-01-21,MANHATTAN,40.86638,-73.92162,1,0,True
4696953,2024-01-17,UNKNOWN,40.600506,-73.90174,0,0,True
4696954,2024-01-21,MANHATTAN,40.742374,-74.0088,0,0,True
4696955,2024-01-17,BRONX,40.821667,-73.915184,0,0,True
4696956,2024-01-21,BRONX,40.80697,-73.88357,0,0,True
4696957,2024-01-21,UNKNOWN,,,0,0,False
4696958,2024-01-22,BRONX,40.818726,-73.8884,0,0,True
4696959,2024-01-22,BROOKLYN,40.68619,-73.87622,0,0,True
4696960,2024-01-22,BROOKLYN,40.66342,-73.88984,0,0,True
4696961,2024-01-19,BRONX,40.81942,-73.88392,0,0,True
4696962,2024-01-20,BRONX,40.80549,-73.91031,3,0,True
4696963,2024-01-22,STATEN ISLAND,40.56908,-74.11115,1,0,True
4696964,2024-01-22,BROOKLYN,40.653465,-73.96328,0,0,True
4696965,2024-01-22,BROOKLYN,40.647114,-73.96168,2,0,True
4696966,2024-01-17,BROOKLYN,40.618233,-73.99484,0,0,True
4696967,2024-01-22,UNKNOWN,40.610516,-73.99889,0,0,True
4696968,2024-01-22,MANHATTAN,40.733887,-74.0054,0,0,True
4696969,2024-01-22,UNKNOWN,40.785492,-73.984116,2,0,True
4696970,2024-01-16,MANHATTAN,40.77394,-73.981316,0,0,True
4696971,2024-01-22,MANHATTAN,40.773033,-73.9822,0,0,True
4696972,2024-01-22,BRONX,40.822945,-73.86819,0,0,True
4696973,2024-01-21,UNKNOWN,40.69614,-73.9734,2,0,True
4696974,2024-01-20,MANHATTAN,40.744007,-73.9857,0,0,True
4696975,2024-01-20,UNKNOWN,40.735424,-73.974754,0,0,True
4696976,2024-01-21,MANHATTAN,40.72395,-73.993645,0,0,True
4696977,2024-01-22,UNKNOWN,40.698696,-73.93477,2,0,True
4696978,2024-01-21,MANHATTAN,40.7182,-74.0002,0,0,True
4696979,2024-01-22,UNKNOWN,40.68983,-73.86338,1,0,True
4696980,2024-01-22,MANHATTAN,40.742737,-73.99825,0,0,True
4696981,2024-01-20,UNKNOWN,,,5,0,False
4696982,2024-01-22,MANHATTAN,40.714363,-73.99283,1,0,True
4696983,2024-01-21,QUEENS,40.73294,-73.84961,1,0,True
4696984,2024-01-22,UNKNOWN,,,0,0,False
4696985,2024-01-21,UNKNOWN,40.90026,-73.88645,1,0,True
4696986,2024-01-22,BROOKLYN,40.690773,-73.98563,0,0,True
4696987,2024-01-07,BRONX,40.872135,-73.90005,1,0,True
4696988,2024-01-16,BRONX,40.88566,-73.90999,0,0,True
4696989,2024-01-19,BRONX,40.912468,-73.902596,0,0,True
4696990,2024-01-19,BRONX,40.873657,-73.89838,1,0,True
4696991,2024-01-20,BRONX,40.898594,-73.897095,1,0,True
4696992,2024-01-21,UNKNOWN,40.90026,-73.88645,0,0,True
4696993,2024-01-16,BROOKLYN,40.693905,-73.94892,0,0,True
4696994,2024-01-21,UNKNOWN,40.895847,-73.88114,0,0,True
4696995,2024-01-19,UNKNOWN,40.68064,-73.95338,1,0,True
4696996,2024-01-21,UNKNOWN,40.90026,-73.88645,1,0,True
4696997,2024-01-21,UNKNOWN,40.90026,-73.88645,0,0,True
4696998,2024-01-21,BRONX,40.889458,-73.90008,1,0,True
4696999,2024-01-21,BRONX,40.906033,-73.905624,0,0,True
4697000,2024-01-22,BRONX,40.87831,-73.90523,1,0,True
4697001,2024-01-22,UNKNOWN,40.821484,-73.94855,0,0,True
4697002,2024-01-22,UNKNOWN,40.88809,-73.89254,1,0,True
4697003,2024-01-22,UNKNOWN,40.78739,-73.938225,0,0,True
4697004,2024-01-22,MANHATTAN,40.761787,-73.95745,0,0,True
4697005,2024-01-19,MANHATTAN,,,0,0,False
4697006,2024-01-22,UNKNOWN,40.850693,-73.92748,0,0,True
4697007,2024-01-21,UNKNOWN,40.86177,-73.91848,0,0,True
4697008,2024-01-20,BROOKLYN,40.660435,-73.94542,0,0,True
4697009,2024-01-21,UNKNOWN,40.656063,-73.93957,1,0,True
4697010,2024-01-22,BRONX,40.8396,-73.86922,0,0,True
4697011,2024-01-22,BRONX,40.831924,-73.85104,1,0,True
4697012,2024-01-20,UNKNOWN,,,0,0,False
4697013,2024-01-17,BROOKLYN,40.666405,-73.93137,0,0,True
4697014,2024-01-12,UNKNOWN,40.73715,-73.930824,2,0,True
4697015,2024-01-15,BROOKLYN,40.636044,-73.890686,0,0,True
4697016,2024-01-22,MANHATTAN,40.71606,-73.98706,3,0,True
4697017,2024-01-22,BROOKLYN,40.66807,-73.950676,1,0,True
4697018,2024-01-21,UNKNOWN,40.669403,-73.94221,0,0,True
4697019,2024-01-22,UNKNOWN,40.747692,-73.89381,0,0,True
4697020,2024-01-22,UNKNOWN,40.784534,-73.9736,1,0,True
4697021,2024-01-20,BROOKLYN,40.64341,-73.90898,0,0,True
4697022,2024-01-22,QUEENS,40.75673,-73.874214,0,0,True
4697023,2024-01-22,BROOKLYN,40.697247,-73.932846,1,0,True
4697024,2024-01-21,BROOKLYN,40.687935,-73.9154,1,0,True
4697025,2024-01-22,UNKNOWN,40.696117,-73.905014,0,0,True
4697026,2024-01-22,BROOKLYN,40.691353,-73.92142,2,0,True
4697027,2024-01-21,BROOKLYN,40.69473,-73.91928,0,0,True
4697028,2024-01-21,UNKNOWN,40.688316,-73.908,0,0,True
4697029,2024-01-16,UNKNOWN,40.803844,-73.91444,0,0,True
4697030,2024-01-22,BROOKLYN,40.689102,-73.93194,0,0,True
4697031,2024-01-22,BRONX,40.812313,-73.90349,1,0,True
4697032,2024-01-22,BRONX,40.824654,-73.89194,1,0,True
4697033,2024-01-22,UNKNOWN,40.66323,-73.93161,1,0,True
4697034,2024-01-22,UNKNOWN,40.75663,-73.875145,0,0,True
4697035,2024-01-22,MANHATTAN,40.823566,-73.93768,0,0,True
4697036,2024-01-21,QUEENS,40.746845,-73.89144,0,0,True
4697037,2024-01-22,QUEENS,40.754784,-73.89265,1,0,True
4697038,2024-01-22,QUEENS,40.73028,-73.84824,0,0,True
4697039,2024-01-22,QUEENS,40.723824,-73.797615,0,0,True
4697040,2024-01-22,UNKNOWN,40.639645,-74.008835,0,0,True
4697041,2024-01-21,BROOKLYN,40.64936,-74.01284,0,0,True
4697042,2024-01-22,BROOKLYN,40.667847,-73.99404,1,0,True
4697043,2024-01-19,BROOKLYN,40.64546,-74.00638,1,0,True
4697044,2024-01-18,QUEENS,40.71649,-73.73853,1,0,True
4697045,2024-01-22,UNKNOWN,40.75264,-73.93988,3,0,True
4697046,2024-01-22,UNKNOWN,40.692234,-73.987305,1,0,True
4697047,2024-01-22,BROOKLYN,40.627586,-73.97112,2,0,True
4697048,2024-01-22,BROOKLYN,40.620712,-73.98509,1,0,True
4697049,2024-01-22,BROOKLYN,40.691193,-73.99777,0,0,True
4697050,2024-01-11,BROOKLYN,40.665627,-73.909706,0,0,True
4697051,2024-01-20,UNKNOWN,40.71713,-73.7986,2,0,True
4697052,2024-01-23,QUEENS,40.76958,-73.9156,0,0,True
4697053,2024-01-22,UNKNOWN,,,1,0,False
4697054,2024-01-13,UNKNOWN,40.843678,-73.89426,0,0,True
4697055,2024-01-22,QUEENS,40.71512,-73.83224,0,0,True
4697056,2024-01-22,BROOKLYN,40.61547,-74.03355,0,0,True
4697057,2024-01-23,UNKNOWN,40.663315,-73.98977,1,0,True
4697058,2024-01-22,BROOKLYN,40.629715,-74.00481,0,0,True
4697059,2024-01-22,UNKNOWN,,,0,0,False
4697060,2024-01-22,BROOKLYN,40.60741,-73.9659,1,0,True
4697061,2024-01-23,UNKNOWN,,,0,0,False
4697062,2024-01-21,BROOKLYN,40.604137,-73.95126,0,0,True
4697063,2024-01-16,BROOKLYN,40.59405,-73.95884,0,0,True
4697064,2024-01-22,UNKNOWN,40.596756,-73.93342,0,0,True
4697065,2024-01-21,QUEENS,40.67416,-73.72756,2,0,True
4697066,2024-01-22,MANHATTAN,40.765865,-73.95742,0,0,True
4697067,2024-01-16,UNKNOWN,40.70487,-73.73998,0,0,True
4697068,2024-01-22,UNKNOWN,,,0,0,False
4697069,2024-01-21,QUEENS,40.723637,-73.746666,1,0,True
4697070,2024-01-21,QUEENS,40.716026,-73.73214,1,0,True
4697071,2024-01-22,UNKNOWN,40.666283,-73.78995,1,0,True
4697072,2024-01-22,QUEENS,40.750507,-73.80302,0,0,True
4697073,2024-01-22,QUEENS,40.707848,-73.76867,0,0,True
4697074,2024-01-23,UNKNOWN,40.70904,-73.84146,0,0,True
4697075,2024-01-22,QUEENS,40.68514,-73.8206,1,0,True
4697076,2024-01-22,UNKNOWN,,,0,0,False
4697077,2024-01-22,UNKNOWN,,,0,0,False
4697078,2024-01-22,BROOKLYN,40.58655,-73.96617,1,0,True
4697079,2024-01-17,BROOKLYN,40.593475,-73.984634,1,0,True
4697080,2024-01-22,BROOKLYN,40.575375,-73.97327,1,0,True
4697081,2024-01-22,STATEN ISLAND,40.562973,-74.10751,0,0,True
4697082,2024-01-22,QUEENS,40.690727,-73.817154,0,0,True
4697083,2024-01-22,UNKNOWN,40.731964,-73.97412,0,0,True
4697084,2024-01-22,MANHATTAN,40.74403,-73.99345,0,0,True
4697085,2024-01-22,QUEENS,40.69595,-73.86237,1,0,True
4697086,2024-01-21,QUEENS,40.742615,-73.88503,0,0,True
4697087,2024-01-19,QUEENS,40.734673,-73.87435,0,0,True
4697088,2024-01-22,MANHATTAN,40.751625,-73.99419,0,0,True
4697089,2024-01-23,QUEENS,40.740932,-73.94485,0,0,True
4697090,2024-01-22,QUEENS,40.743454,-73.91484,0,0,True
4697091,2024-01-16,BRONX,40.82364,-73.91675,0,0,True
4697092,2024-01-05,BRONX,40.823788,-73.9076,0,0,True
4697093,2024-01-18,STATEN ISLAND,40.645077,-74.07894,0,0,True
4697094,2024-01-20,UNKNOWN,40.61572,-74.09624,1,0,True
4697095,2024-01-19,STATEN ISLAND,40.634735,-74.11023,1,0,True
4697096,2024-01-21,UNKNOWN,40.6094,-74.09011,3,0,True
4697097,2024-01-13,UNKNOWN,40.825905,-73.94712,0,0,True
4697098,2024-01-21,STATEN ISLAND,40.629684,-74.11123,1,0,True
4697099,2024-01-21,UNKNOWN,40.607212,-74.07682,1,0,True
4697100,2024-01-09,QUEENS,40.74712,-73.94239,1,0,True
4697101,2024-01-21,UNKNOWN,40.751022,-73.9404,0,0,True
4697102,2024-01-21,UNKNOWN,40.674953,-73.80205,0,0,True
4697103,2024-01-22,QUEENS,40.66786,-73.76656,0,0,True
4697104,2024-01-22,BRONX,40.84574,-73.863655,0,0,True
4697105,2024-01-22,QUEENS,40.74073,-73.91539,0,0,True
4697106,2024-01-21,BRONX,40.859875,-73.89323,0,0,True
4697107,2024-01-19,QUEENS,40.734997,-73.90992,0,0,True
4697108,2024-01-22,UNKNOWN,40.749283,-73.756645,0,0,True
4697109,2024-01-22,STATEN ISLAND,40.627167,-74.07595,1,0,True
4697110,2024-01-20,BROOKLYN,40.593,-73.993645,1,0,True
4697111,2024-01-21,BROOKLYN,40.61665,-73.9907,0,0,True
4697112,2024-01-22,UNKNOWN,40.615917,-73.986496,1,0,True
4697113,2024-01-22,STATEN ISLAND,40.634342,-74.07522,0,0,True
4697114,2024-01-22,BROOKLYN,40.662415,-73.926926,0,0,True
4697115,2024-01-22,UNKNOWN,40.850906,-73.93829,0,0,True
4697116,2024-01-11,UNKNOWN,40.74833,-73.896095,1,0,True
4697117,2024-01-18,BROOKLYN,40.65718,-73.92484,2,0,True
4697118,2024-01-20,BROOKLYN,,,0,0,False
4697119,2024-01-22,QUEENS,40.7007,-73.83805,1,0,True
4697120,2024-01-22,BRONX,40.845966,-73.89224,1,0,True
4697121,2024-01-17,BROOKLYN,40.65521,-73.93292,2,0,True
4697122,2024-01-22,UNKNOWN,40.74059,-73.94433,0,0,True
4697123,2024-01-22,MANHATTAN,40.73656,-74.0011,0,0,True
4697124,2024-01-19,BROOKLYN,40.646885,-73.94916,1,0,True
4697125,2024-01-05,BRONX,40.840378,-73.89846,0,0,True
4697126,2024-01-22,MANHATTAN,40.736958,-74.00826,0,0,True
4697127,2024-01-23,BROOKLYN,40.680664,-73.902626,0,0,True
4697128,2024-01-17,MANHATTAN,40.72693,-73.996666,1,0,True
4697129,2024-01-23,UNKNOWN,,,0,0,False
4697130,2024-01-21,STATEN ISLAND,40.638157,-74.07971,1,0,True
4697131,2024-01-22,QUEENS,40.724895,-73.85513,0,0,True
4697132,2024-01-22,UNKNOWN,40.73261,-73.8686,1,0,True
4697133,2024-01-22,UNKNOWN,40.735283,-73.85984,0,0,True
4697134,2024-01-22,STATEN ISLAND,40.581547,-74.09142,0,0,True
4697135,2024-01-22,QUEENS,40.75389,-73.91651,2,0,True
4697136,2024-01-23,QUEENS,40.751736,-73.939575,0,0,True
4697137,2024-01-19,QUEENS,40.734768,-73.87459,1,0,True
4697138,2024-01-18,STATEN ISLAND,40.643574,-74.098335,0,0,True
4697139,2024-01-20,UNKNOWN,40.85738,-73.92973,1,0,True
4697140,2024-01-22,UNKNOWN,,,1,0,False
4697141,2024-01-18,UNKNOWN,40.61242,-74.09936,0,0,True
4697142,2024-01-19,BRONX,40.848663,-73.84673,0,0,True
4697143,2024-01-22,BROOKLYN,40.61055,-74.00145,0,0,True
4697144,2024-01-22,STATEN ISLAND,40.56444,-74.12676,1,0,True
4697145,2024-01-22,MANHATTAN,40.704273,-74.00869,1,0,True
4697146,2024-01-22,BRONX,40.835724,-73.92129,0,0,True
4697147,2024-01-21,BRONX,40.834503,-73.93037,0,0,True
4697148,2024-01-21,BROOKLYN,40.63838,-73.89481,1,0,True
4697150,2024-01-22,BRONX,40.83129,-73.92904,0,0,True
4697151,2024-01-22,QUEENS,40.734375,-73.87342,0,0,True
4697152,2024-01-23,QUEENS,40.76958,-73.9156,0,0,True
4697153,2024-01-22,BRONX,40.825577,-73.918465,0,0,True
4697154,2024-01-21,UNKNOWN,40.74111,-73.89842,0,0,True
4697155,2024-01-19,QUEENS,40.745308,-73.92183,0,0,True
4697156,2024-01-16,BRONX,40.830566,-73.89862,0,0,True
4697157,2024-01-22,BRONX,40.829002,-73.91557,4,0,True
4697158,2024-01-17,UNKNOWN,40.836506,-73.90536,0,0,True
4697159,2024-01-18,UNKNOWN,40.844177,-73.90292,0,0,True
4697160,2024-01-20,BRONX,40.830524,-73.895615,0,0,True
4697161,2024-01-12,UNKNOWN,40.844917,-73.926384,1,0,True
4697162,2024-01-23,BRONX,40.840206,-73.91015,0,0,True
4697163,2024-01-23,BRONX,40.82111,-73.92749,0,0,True
4697164,2024-01-21,BRONX,40.83784,-73.88533,1,0,True
4697165,2024-01-17,MANHATTAN,40.726933,-73.99992,0,0,True
4697166,2024-01-21,UNKNOWN,,,1,0,False
4697167,2024-01-22,MANHATTAN,40.7982,-73.941925,1,0,True
4697168,2024-01-18,UNKNOWN,40.832695,-73.94972,1,0,True
4697169,2024-01-14,BROOKLYN,40.620167,-74.02403,0,0,True
4697170,2024-01-22,UNKNOWN,40.855785,-73.90558,2,0,True
4697171,2024-01-23,QUEENS,40.701218,-73.81622,0,0,True
4697172,2024-01-23,QUEENS,40.684475,-73.866516,0,0,True
4697173,2024-01-12,BRONX,40.804905,-73.91883,1,0,True
4697174,2024-01-13,BRONX,40.812824,-73.923836,0,0,True
4697175,2024-01-15,BRONX,40.821274,-73.91743,1,0,True
4697176,2024-01-22,QUEENS,40.69792,-73.83467,0,0,True
4697177,2024-01-22,BRONX,40.818794,-73.922134,0,0,True
4697178,2024-01-23,BRONX,40.83341,-73.91301,0,0,True
4697179,2024-01-16,UNKNOWN,40.821003,-73.92462,0,0,True
4697180,2024-01-19,BRONX,40.820747,-73.906006,0,0,True
4697181,2024-01-22,UNKNOWN,,,0,0,False
4697182,2024-01-23,STATEN ISLAND,40.5743,-74.105896,0,0,True
4697183,2024-01-21,QUEENS,40.604977,-73.754425,1,0,True
4697184,2024-01-22,STATEN ISLAND,40.565365,-74.11491,1,0,True
4697185,2024-01-23,BROOKLYN,40.630016,-73.9959,0,0,True
4697186,2024-01-17,UNKNOWN,40.804585,-73.91213,0,0,True
4697187,2024-01-18,QUEENS,40.6088,-73.75502,0,0,True
4697188,2024-01-21,BRONX,40.876995,-73.84652,0,0,True
4697189,2024-01-21,BRONX,40.894436,-73.84807,0,0,True
4697190,2024-01-20,QUEENS,40.595985,-73.74122,0,0,True
4697191,2024-01-23,UNKNOWN,40.788303,-73.81699,1,0,True
4697192,2024-01-21,UNKNOWN,40.602192,-73.75523,0,0,True
4697193,2024-01-22,UNKNOWN,,,2,0,False
4697194,2024-01-23,BRONX,40.890667,-73.82726,1,0,True
4697195,2024-01-23,BRONX,40.872528,-73.83957,0,0,True
4697196,2024-01-23,BRONX,40.871376,-73.86334,0,0,True
4697197,2024-01-23,BRONX,40.888588,-73.84233,2,0,True
4697198,2024-01-21,QUEENS,40.602154,-73.75628,0,0,True
4697199,2024-01-23,BROOKLYN,40.619488,-73.91811,1,0,True
4697200,2024-01-23,BROOKLYN,40.62731,-73.941826,1,0,True
4697201,2024-01-22,BROOKLYN,40.697918,-73.9728,1,0,True
4697202,2024-01-23,BROOKLYN,40.68979,-73.90655,2,0,True
4697203,2024-01-23,MANHATTAN,40.811264,-73.95782,0,0,True
4697204,2024-01-22,QUEENS,40.59502,-73.76852,0,0,True
4697205,2024-01-18,BROOKLYN,40.62729,-73.94217,0,0,True
4697206,2024-01-21,BROOKLYN,40.6186,-73.91913,1,0,True
4697207,2024-01-21,QUEENS,40.60311,-73.75316,2,0,True
4697208,2024-01-23,UNKNOWN,40.726814,-73.95355,0,0,True
4697209,2024-01-23,QUEENS,40.592094,-73.78773,0,0,True
4697210,2024-01-22,BRONX,40.805717,-73.90858,1,0,True
4697211,2024-01-23,UNKNOWN,40.74947,-73.7564,0,0,True
4697212,2024-01-23,QUEENS,40.75763,-73.782,0,0,True
4697213,2024-01-23,QUEENS,40.768787,-73.78986,0,0,True
4697214,2024-01-22,BRONX,40.896397,-73.85256,0,0,True
4697215,2024-01-19,BRONX,40.818348,-73.92231,2,0,True
4697216,2024-01-23,QUEENS,40.722717,-73.8144,0,0,True
4697217,2024-01-23,BRONX,,,0,0,False
4697218,2024-01-11,MANHATTAN,40.76183,-73.98504,0,0,True
4697219,2024-01-20,MANHATTAN,40.763996,-73.99601,0,0,True
4697220,2024-01-15,MANHATTAN,40.76858,-73.987274,0,0,True
4697221,2024-01-21,MANHATTAN,40.762913,-73.96981,0,0,True
4697222,2024-01-21,MANHATTAN,40.769634,-73.98578,0,0,True
4697223,2024-01-23,MANHATTAN,40.77936,-73.97737,0,0,True
4697224,2024-01-12,MANHATTAN,40.767063,-73.98635,1,0,True
4697225,2024-01-21,MANHATTAN,40.768436,-73.98906,1,0,True
4697227,2024-01-21,MANHATTAN,40.770412,-73.987625,0,0,True
4697228,2024-01-20,MANHATTAN,40.756653,-73.97858,0,0,True
4697229,2024-01-23,UNKNOWN,40.62466,-74.17856,2,0,True
4697230,2024-01-23,UNKNOWN,40.619923,-74.16459,0,0,True
4697231,2024-01-23,UNKNOWN,40.57859,-74.15757,0,0,True
4697232,2024-01-23,BROOKLYN,40.683956,-73.98956,0,0,True
4697233,2024-01-23,UNKNOWN,40.755203,-73.74191,0,0,True
4697234,2024-01-19,UNKNOWN,40.614246,-74.15379,0,0,True
4697235,2024-01-23,UNKNOWN,40.74457,-73.731575,0,0,True
4697236,2024-01-23,UNKNOWN,40.74457,-73.731575,0,0,True
4697237,2024-01-23,BROOKLYN,40.68949,-73.92207,0,0,True
4697238,2024-01-22,UNKNOWN,40.674572,-73.96314,1,0,True
4697239,2024-01-23,UNKNOWN,40.67594,-73.94715,0,0,True
4697240,2024-01-19,UNKNOWN,,,0,0,False
4697241,2024-01-20,UNKNOWN,40.81751,-73.96069,5,0,True
4697242,2024-01-08,UNKNOWN,40.71976,-73.94476,1,0,True
4697243,2024-01-23,QUEENS,40.76301,-73.87533,2,0,True
4697244,2024-01-22,UNKNOWN,,,0,0,False
4697245,2024-01-11,UNKNOWN,40.838436,-73.88263,1,0,True
4697246,2024-01-14,UNKNOWN,40.748913,-73.9374,1,0,True
4697247,2024-01-22,UNKNOWN,40.58407,-73.92344,1,0,True
4697248,2024-01-24,UNKNOWN,,,0,0,False
4697249,2024-01-23,UNKNOWN,40.762093,-73.75691,0,0,True
4697250,2024-01-20,MANHATTAN,40.72072,-73.99388,0,0,True
4697251,2024-01-16,MANHATTAN,40.755505,-73.96807,1,0,True
4697252,2024-01-23,MANHATTAN,40.749485,-73.97539,1,0,True
4697253,2024-01-23,UNKNOWN,40.602528,-74.015114,1,0,True
4697254,2024-01-24,BROOKLYN,40.655685,-73.899414,0,0,True
4697255,2024-01-23,UNKNOWN,40.64644,-73.91289,0,0,True
4697256,2024-01-23,UNKNOWN,40.719177,-73.79223,0,0,True
4697257,2024-01-23,UNKNOWN,40.719177,-73.79223,1,0,True
4697258,2024-01-23,BROOKLYN,40.709316,-73.93301,0,0,True
4697259,2024-01-19,BROOKLYN,40.711304,-73.95772,0,0,True
4697260,2024-01-20,UNKNOWN,40.712124,-73.934265,1,0,True
4697261,2024-01-23,UNKNOWN,40.67392,-73.91012,0,0,True
4697262,2024-01-22,BROOKLYN,40.708675,-73.956314,0,0,True
4697263,2024-01-19,BROOKLYN,40.636,-73.93741,0,0,True
4697264,2024-01-16,UNKNOWN,40.63758,-73.94427,0,0,True
4697265,2024-01-23,BROOKLYN,40.64715,-73.916214,0,0,True
4697266,2024-01-23,BROOKLYN,40.59758,-73.96778,1,0,True
4697267,2024-01-23,UNKNOWN,40.585056,-73.928894,0,0,True
4697268,2024-01-24,UNKNOWN,,,1,0,False
4697269,2024-01-19,UNKNOWN,,,1,0,False
4697270,2024-01-17,BROOKLYN,40.722534,-73.95935,0,0,True
4697271,2024-01-22,BRONX,,,0,0,False
4697272,2024-01-22,MANHATTAN,40.766167,-73.954254,1,0,True
4697273,2024-01-23,QUEENS,40.680325,-73.82898,1,0,True
4697274,2024-01-19,BRONX,40.879948,-73.88086,1,0,True
4697275,2024-01-23,UNKNOWN,40.69245,-73.811005,3,0,True
4697276,2024-01-23,QUEENS,40.676113,-73.84883,1,0,True
4697277,2024-01-23,BRONX,40.87255,-73.90444,3,0,True
4697278,2024-01-23,UNKNOWN,40.763245,-73.75806,1,0,True
4697279,2024-01-20,BRONX,40.867165,-73.89667,0,0,True
4697280,2024-01-23,BROOKLYN,40.626392,-73.9914,1,0,True
4697281,2024-01-23,BROOKLYN,40.62685,-73.97643,0,0,True
4697282,2024-01-23,BROOKLYN,40.62353,-73.98215,0,0,True
4697283,2024-01-21,BROOKLYN,40.6387,-73.97879,0,0,True
4697284,2024-01-23,BROOKLYN,40.641468,-73.982605,0,0,True
4697285,2024-01-23,BROOKLYN,0.0,0.0,0,0,False
4697286,2024-01-21,STATEN ISLAND,40.54053,-74.184296,1,0,True
4697287,2024-01-22,STATEN ISLAND,40.537678,-74.23313,0,0,True
4697288,2024-01-23,BROOKLYN,40.62724,-74.00741,0,0,True
4697289,2024-01-22,STATEN ISLAND,40.524612,-74.230446,1,0,True
4697290,2024-01-21,UNKNOWN,40.542934,-74.199295,0,0,True
4697291,2024-01-07,BRONX,40.84183,-73.88389,0,0,True
4697292,2024-01-23,QUEENS,40.691833,-73.81673,0,0,True
4697293,2024-01-23,UNKNOWN,40.70313,-73.816795,0,0,True
4697294,2024-01-24,UNKNOWN,40.722095,-73.77772,2,0,True
4697295,2024-01-19,BROOKLYN,40.642372,-73.957466,0,0,True
4697296,2024-01-22,BROOKLYN,40.621162,-73.95354,0,0,True
4697297,2024-01-21,UNKNOWN,40.631943,-73.95463,0,0,True
4697298,2024-01-19,BROOKLYN,40.64319,-73.95649,0,0,True
4697299,2024-01-18,BROOKLYN,40.636803,-73.960686,1,0,True
4697300,2024-01-18,BROOKLYN,40.605732,-73.985016,0,0,True
4697301,2024-01-21,BROOKLYN,40.624763,-73.96518,1,0,True
4697302,2024-01-21,BROOKLYN,40.599895,-74.00796,0,0,True
4697303,2024-01-23,BROOKLYN,40.612915,-73.97483,0,0,True
4697304,2024-01-22,UNKNOWN,40.598373,-73.987946,0,0,True
4697305,2024-01-21,STATEN ISLAND,40.549023,-74.22334,1,0,True
4697306,2024-01-24,UNKNOWN,40.662964,-73.90614,0,0,True
4697307,2024-01-23,BROOKLYN,40.60739,-74.007454,0,0,True
4697308,2024-01-23,BROOKLYN,40.65885,-73.93116,0,0,True
4697309,2024-01-22,MANHATTAN,40.727478,-74.005486,0,0,True
4697310,2024-01-20,UNKNOWN,40.69009,-73.93648,1,0,True
4697311,2024-01-22,MANHATTAN,40.752316,-73.985954,1,0,True
4697312,2024-01-23,QUEENS,40.66705,-73.80945,1,0,True
4697313,2024-01-23,MANHATTAN,40.754467,-73.97946,1,0,True
4697314,2024-01-22,QUEENS,40.713043,-73.91707,0,0,True
4697315,2024-01-09,UNKNOWN,40.768166,-73.83749,1,0,True
4697316,2024-01-23,QUEENS,40.746735,-73.8332,0,0,True
4697317,2024-01-23,BRONX,40.847862,-73.89923,0,0,True
4697318,2024-01-23,UNKNOWN,40.840153,-73.88572,0,0,True
4697319,2024-01-23,QUEENS,40.757515,-73.81857,0,0,True
4697320,2024-01-23,UNKNOWN,40.82499,-73.91662,0,0,True
4697321,2024-01-22,BRONX,40.855354,-73.88721,0,0,True
4697322,2024-01-22,BRONX,40.84047,-73.886116,2,0,True
4697323,2024-01-23,BRONX,40.841385,-73.88636,0,0,True
4697324,2024-01-23,QUEENS,40.763588,-73.83603,0,0,True
4697325,2024-01-24,UNKNOWN,40.790253,-73.93685,0,0,True
4697326,2024-01-22,QUEENS,40.74216,-73.804436,0,0,True
4697327,2024-01-23,MANHATTAN,40.73883,-73.983154,1,0,True
4697328,2024-01-19,QUEENS,40.70514,-73.803955,0,0,True
4697329,2024-01-23,QUEENS,40.747818,-73.86064,0,0,True
4697330,2024-01-19,QUEENS,40.707935,-73.78569,1,0,True
4697331,2024-01-23,QUEENS,40.733498,-73.87038,0,0,True
4697332,2024-01-23,UNKNOWN,40.708237,-73.76878,0,0,True
4697333,2024-01-22,UNKNOWN,40.71882,-73.9468,2,0,True
4697334,2024-01-24,UNKNOWN,40.72766,-73.92938,1,0,True
4697335,2024-01-22,BROOKLYN,40.71617,-73.95952,0,0,True
4697336,2024-01-05,QUEENS,40.762413,-73.83166,0,0,True
4697337,2024-01-22,QUEENS,40.765354,-73.81733,1,0,True
4697338,2024-01-23,UNKNOWN,40.71122,-73.72827,0,0,True
4697339,2024-01-23,STATEN ISLAND,40.612442,-74.094635,0,0,True
4697340,2024-01-18,MANHATTAN,40.743874,-73.97163,0,0,True
4697341,2024-01-24,QUEENS,40.69965,-73.84129,0,0,True
4697342,2024-01-20,UNKNOWN,40.61054,-74.103455,1,0,True
4697343,2024-01-23,UNKNOWN,40.736534,-73.85611,0,0,True
4697344,2024-01-14,QUEENS,40.70174,-73.76545,0,0,True
4697345,2024-01-16,UNKNOWN,40.706215,-73.75648,1,0,True
4697346,2024-01-01,BROOKLYN,40.610004,-73.962135,0,0,True
4697347,2024-01-16,BROOKLYN,40.67512,-73.917564,0,0,True
4697348,2024-01-23,BROOKLYN,40.678898,-73.903496,0,0,True
4697349,2024-01-19,BROOKLYN,40.65794,-73.907745,0,0,True
4697350,2024-01-19,BROOKLYN,40.672348,-73.91409,1,0,True
4697351,2024-01-23,UNKNOWN,40.572548,-74.16997,1,0,True
4697352,2024-01-23,BROOKLYN,40.57761,-73.96145,1,0,True
4697353,2024-01-23,BROOKLYN,40.57858,-73.9884,1,0,True
4697354,2024-01-23,UNKNOWN,40.57666,-73.965836,0,0,True
4697355,2024-01-20,BROOKLYN,40.582966,-73.986336,3,0,True
4697356,2024-01-23,QUEENS,40.672695,-73.758224,3,0,True
4697357,2024-01-23,BROOKLYN,40.577995,-73.95964,0,0,True
4697358,2024-01-17,QUEENS,40.66684,-73.78941,0,0,True
4697359,2024-01-23,BRONX,40.8477,-73.90097,1,0,True
4697360,2024-01-23,BRONX,40.85592,-73.9172,1,0,True
4697361,2024-01-23,UNKNOWN,40.706966,-73.75283,1,0,True
4697362,2024-01-16,UNKNOWN,,,1,0,False
4697363,2024-01-23,MANHATTAN,40.73337,-74.00258,1,0,True
4697364,2024-01-23,QUEENS,40.692383,-73.748726,0,0,True
4697365,2024-01-20,BRONX,40.846878,-73.920616,0,0,True
4697366,2024-01-23,MANHATTAN,40.72735,-74.00075,0,0,True
4697367,2024-01-24,MANHATTAN,40.72735,-74.00075,0,0,True
4697368,2024-01-19,UNKNOWN,40.683598,-73.727196,0,0,True
4697369,2024-01-23,MANHATTAN,40.75898,-73.99595,0,0,True
4697370,2024-01-23,UNKNOWN,40.717155,-73.94924,1,0,True
4697371,2024-01-24,QUEENS,40.726887,-73.78826,1,0,True
4697372,2024-01-24,QUEENS,,,0,0,False
4697373,2024-01-24,STATEN ISLAND,40.61088,-74.10056,0,0,True
4697374,2024-01-23,UNKNOWN,,,0,0,False
4697375,2024-01-23,MANHATTAN,40.737553,-74.00821,0,0,True
4697376,2024-01-22,MANHATTAN,40.753906,-73.99962,1,0,True
4697377,2024-01-23,MANHATTAN,40.74658,-73.99756,1,0,True
4697378,2024-01-23,BRONX,40.841286,-73.90016,3,0,True
4697379,2024-01-24,UNKNOWN,,,0,0,False
4697380,2024-01-24,QUEENS,40.700367,-73.906624,1,0,True
4697381,2024-01-16,UNKNOWN,40.70143,-73.88701,0,0,True
4697382,2024-01-22,UNKNOWN,40.70115,-73.89025,2,0,True
4697383,2024-01-22,QUEENS,40.725388,-73.90884,0,0,True
4697384,2024-01-23,UNKNOWN,40.695847,-73.96588,0,0,True
4697385,2024-01-21,BRONX,40.85477,-73.90299,0,0,True
4697386,2024-01-20,UNKNOWN,40.644142,-73.957924,1,0,True
4697388,2024-01-16,BROOKLYN,40.615517,-73.96052,0,0,True
4697389,2024-01-20,BROOKLYN,40.643753,-73.96201,0,0,True
4697390,2024-01-20,UNKNOWN,40.64507,-73.95803,0,0,True
4697391,2024-01-23,BRONX,40.854263,-73.869385,1,0,True
4697392,2024-01-20,BROOKLYN,40.630295,-73.95916,1,0,True
4697393,2024-01-21,BROOKLYN,40.649857,-73.961876,0,0,True
4697394,2024-01-23,BRONX,40.880352,-73.86604,0,0,True
4697395,2024-01-24,QUEENS,40.770607,-73.77971,1,0,True
4697396,2024-01-19,BRONX,40.813156,-73.89842,1,0,True
4697397,2024-01-21,QUEENS,40.738373,-73.86008,1,0,True
4697398,2024-01-24,UNKNOWN,40.75426,-73.74334,1,0,True
4697399,2024-01-09,UNKNOWN,40.744644,-73.731186,0,0,True
4697400,2024-01-19,MANHATTAN,40.860527,-73.91939,1,0,True
4697401,2024-01-18,BROOKLYN,40.693905,-73.94892,0,0,True
4697402,2024-01-19,QUEENS,40.704807,-73.77278,3,0,True
4697403,2024-01-21,UNKNOWN,40.862602,-73.92028,0,0,True
4697404,2024-01-24,QUEENS,40.718494,-73.76085,0,0,True
4697405,2024-01-24,UNKNOWN,40.761436,-73.76176,0,0,True
4697406,2024-01-24,QUEENS,40.697872,-73.802376,4,0,True
4697407,2024-01-22,UNKNOWN,40.84984,-73.934975,0,0,True
4697408,2024-01-23,UNKNOWN,40.672886,-73.99922,0,0,True
4697409,2024-01-22,BROOKLYN,40.686752,-73.99605,0,0,True
4697410,2024-01-22,BROOKLYN,40.69112,-73.953575,1,0,True
4697412,2024-01-23,UNKNOWN,40.865955,-73.92988,0,0,True
4697413,2024-01-21,UNKNOWN,40.665733,-73.755585,2,0,True
4697414,2024-01-23,QUEENS,40.676945,-73.75184,2,0,True
4697415,2024-01-24,UNKNOWN,40.694035,-73.72679,0,0,True
4697416,2024-01-24,BRONX,40.851044,-73.91488,0,0,True
4697417,2024-01-24,QUEENS,40.659817,-73.73047,0,0,True
4697418,2024-01-23,QUEENS,40.743168,-73.70952,0,0,True
4697419,2024-01-09,QUEENS,40.671825,-73.774506,1,0,True
4697420,2024-01-24,UNKNOWN,40.68038,-73.85967,1,0,True
4697421,2024-01-23,UNKNOWN,40.590908,-74.15854,0,0,True
4697422,2024-01-23,UNKNOWN,40.7304,-73.815056,1,0,True
4697423,2024-01-24,UNKNOWN,40.738842,-73.81404,0,0,True
4697424,2024-01-23,QUEENS,40.708344,-73.84952,0,0,True
4697425,2024-01-23,UNKNOWN,,,1,0,False
4697426,2024-01-22,UNKNOWN,40.624493,-74.14034,0,0,True
4697427,2024-01-24,BROOKLYN,40.639297,-73.98409,0,0,True
4697428,2024-01-24,BROOKLYN,40.646927,-73.982315,0,0,True
4697429,2024-01-09,QUEENS,40.70467,-73.80566,1,0,True
4697430,2024-01-22,BROOKLYN,40.611378,-74.013145,2,0,True
4697431,2024-01-23,STATEN ISLAND,40.585922,-74.10526,0,0,True
4697432,2024-01-19,UNKNOWN,,,1,0,False
4697433,2024-01-24,UNKNOWN,40.62036,-74.03233,1,0,True
4697434,2024-01-13,UNKNOWN,40.63153,-74.144356,1,0,True
4697435,2024-01-24,UNKNOWN,40.73181,-73.866646,0,0,True
4697436,2024-01-19,QUEENS,40.675632,-73.78335,0,0,True
4697437,2024-01-19,UNKNOWN,40.61816,-74.162315,1,0,True
4697438,2024-01-21,UNKNOWN,40.625908,-74.15577,1,0,True
4697439,2024-01-21,UNKNOWN,40.62307,-74.149315,0,0,True
4697440,2024-01-22,UNKNOWN,40.768875,-73.94898,0,0,True
4697441,2024-01-20,BROOKLYN,40.69187,-73.96561,0,0,True
4697442,2024-01-22,BRONX,40.889175,-73.84416,0,0,True
4697443,2024-01-22,BRONX,40.90348,-73.85035,1,0,True
4697444,2024-01-20,UNKNOWN,,,1,0,False
4697445,2024-01-22,BROOKLYN,40.671787,-73.95311,0,0,True
4697446,2024-01-17,MANHATTAN,40.714363,-74.003716,0,0,True
4697447,2024-01-23,UNKNOWN,40.677284,-73.962555,0,0,True
4697448,2024-01-23,BROOKLYN,40.63787,-73.926,3,0,True
4697449,2024-01-21,UNKNOWN,40.81183,-73.96112,0,0,True
4697450,2024-01-24,BROOKLYN,40.622093,-73.937515,1,0,True
4697451,2024-01-24,BROOKLYN,40.60952,-73.92736,0,0,True
4697452,2024-01-18,UNKNOWN,,,3,0,False
4697453,2024-01-18,BRONX,40.814255,-73.82699,0,0,True
4697454,2024-01-22,UNKNOWN,40.8209,-73.81691,0,0,True
4697455,2024-01-19,BRONX,40.851963,-73.83557,1,0,True
4697456,2024-01-19,MANHATTAN,40.821106,-73.93575,1,0,True
4697457,2024-01-22,BRONX,40.83985,-73.852875,1,0,True
4697458,2024-01-19,QUEENS,40.691277,-73.746254,1,0,True
4697459,2024-01-19,QUEENS,40.680847,-73.75845,0,0,True
4697460,2024-01-24,UNKNOWN,,,1,0,False
4697461,2024-01-24,UNKNOWN,40.59654,-73.93538,0,0,True
4697462,2024-01-22,UNKNOWN,,,0,0,False
4697463,2024-01-22,BRONX,40.88013,-73.827644,1,0,True
4697464,2024-01-23,BRONX,40.842846,-73.82568,2,0,True
4697465,2024-01-23,BRONX,40.834297,-73.85081,1,0,True
4697466,2024-01-23,UNKNOWN,40.698696,-73.93477,1,0,True
4697467,2024-01-24,BROOKLYN,40.702686,-73.92084,1,0,True
4697468,2024-01-23,BRONX,40.84595,-73.82942,1,0,True
4697469,2024-01-24,BROOKLYN,40.70235,-73.98471,0,0,True
4697470,2024-01-23,UNKNOWN,40.82882,-73.83833,1,0,True
4697471,2024-01-22,BROOKLYN,40.70239,-73.98598,0,0,True
4697472,2024-01-24,MANHATTAN,40.719395,-74.00189,1,0,True
4697473,2024-01-24,UNKNOWN,40.829018,-73.836784,2,0,True
4697474,2024-01-24,BROOKLYN,40.65447,-73.96292,1,0,True
4697475,2024-01-23,UNKNOWN,40.659473,-74.00244,0,0,True
4697476,2024-01-23,BROOKLYN,40.695023,-73.98885,1,0,True
4697477,2024-01-23,QUEENS,40.720566,-73.8459,0,0,True
4697478,2024-01-23,QUEENS,40.716244,-73.8419,0,0,True
4697479,2024-01-23,QUEENS,40.70969,-73.84603,1,0,True
4697480,2024-01-23,BROOKLYN,40.69598,-73.98317,0,0,True
4697481,2024-01-24,UNKNOWN,,,0,0,False
4697482,2024-01-23,BROOKLYN,40.704376,-73.985756,0,0,True
4697483,2024-01-23,BROOKLYN,40.694813,-73.98328,0,0,True
4697484,2024-01-24,QUEENS,40.749485,-73.883316,0,0,True
4697485,2024-01-24,BROOKLYN,40.67511,-73.94846,0,0,True
4697486,2024-01-23,BRONX,40.850315,-73.843124,0,0,True
4697487,2024-01-24,BRONX,40.861164,-73.857574,0,0,True
4697488,2024-01-24,BROOKLYN,40.619434,-73.98143,1,0,True
4697489,2024-01-19,UNKNOWN,40.744892,-73.77022,1,0,True
4697490,2024-01-24,UNKNOWN,40.722576,-73.94049,0,0,True
4697491,2024-01-17,BROOKLYN,40.727177,-73.95072,0,0,True
4697492,2024-01-24,BROOKLYN,40.71537,-73.95823,1,0,True
4697493,2024-01-24,BROOKLYN,40.72516,-73.9466,1,0,True
4697494,2024-01-23,UNKNOWN,40.73018,-73.86248,0,0,True
4697495,2024-01-23,QUEENS,40.71513,-73.83055,0,0,True
4697496,2024-01-24,BRONX,40.819267,-73.884865,0,0,True
4697497,2024-01-23,BRONX,40.823845,-73.896866,1,0,True
4697498,2024-01-22,BRONX,40.866573,-73.83876,1,0,True
4697499,2024-01-22,BRONX,40.811043,-73.88073,4,0,True
4697500,2024-01-23,QUEENS,40.729572,-73.86083,0,0,True
4697501,2024-01-24,QUEENS,40.726967,-73.85375,1,0,True
4697502,2024-01-23,BRONX,40.903152,-73.84659,0,0,True
4697503,2024-01-24,BROOKLYN,40.670895,-73.91405,0,0,True
4697504,2024-01-24,QUEENS,40.75763,-73.865685,1,0,True
4697505,2024-01-24,UNKNOWN,40.692547,-73.990974,0,0,True
4697506,2024-01-22,UNKNOWN,40.722095,-73.77772,0,0,True
4697507,2024-01-24,QUEENS,40.731785,-73.814896,0,0,True
4697508,2024-01-24,UNKNOWN,40.739162,-73.78556,0,0,True
4697509,2024-01-15,UNKNOWN,40.669403,-73.94221,1,0,True
4697510,2024-01-23,QUEENS,40.784554,-73.85502,0,0,True
4697511,2024-01-24,BROOKLYN,40.673626,-74.00952,1,0,True
4697512,2024-01-24,QUEENS,40.75775,-73.78339,1,0,True
4697513,2024-01-23,QUEENS,40.76226,-73.75699,3,0,True
4697514,2024-01-23,BROOKLYN,40.714214,-73.94773,1,0,True
4697515,2024-01-20,UNKNOWN,40.62485,-74.16045,0,0,True
4697516,2024-01-24,UNKNOWN,40.634724,-74.01642,0,0,True
4697517,2024-01-23,QUEENS,40.760098,-73.8593,1,0,True
4697518,2024-01-22,BROOKLYN,40.710533,-73.928276,0,0,True
4697519,2024-01-19,BROOKLYN,40.701637,-73.942276,1,0,True
4697520,2024-01-24,BROOKLYN,40.70483,-73.96633,0,0,True
4697521,2024-01-24,QUEENS,40.60164,-73.820274,0,0,True
4697522,2024-01-24,UNKNOWN,40.73715,-73.930824,1,0,True
4697523,2024-01-24,UNKNOWN,40.73566,-73.91521,1,0,True
4697524,2024-01-24,UNKNOWN,,,1,0,False
4697525,2024-01-23,UNKNOWN,40.734398,-73.9223,1,0,True
4697526,2024-01-24,UNKNOWN,,,1,0,False
4697527,2024-01-24,QUEENS,,,0,0,False
4697528,2024-01-24,UNKNOWN,40.738403,-73.93864,1,0,True
4697529,2024-01-23,UNKNOWN,40.738068,-73.93111,1,0,True
4697530,2024-01-24,BROOKLYN,40.632065,-73.91861,0,0,True
4697531,2024-01-25,UNKNOWN,40.686077,-74.00038,0,0,True
4697532,2024-01-23,QUEENS,40.718502,-73.73527,0,0,True
4697533,2024-01-24,QUEENS,40.680115,-73.75324,1,0,True
4697534,2024-01-23,QUEENS,40.72734,-73.71885,0,0,True
4697535,2024-01-21,QUEENS,40.65741,-73.72839,1,0,True
4697536,2024-01-23,QUEENS,40.677845,-73.729744,2,0,True
4697537,2024-01-23,UNKNOWN,40.665733,-73.755585,1,0,True
4697538,2024-01-24,QUEENS,40.713875,-73.75405,0,0,True
4697539,2024-01-24,BROOKLYN,40.637897,-73.90085,1,0,True
4697540,2024-01-24,BROOKLYN,40.636024,-73.89506,1,0,True
4697541,2024-01-24,UNKNOWN,40.66309,-73.962395,0,0,True
4697542,2024-01-24,MANHATTAN,40.75425,-73.96899,0,0,True
4697543,2024-01-24,MANHATTAN,40.76025,-73.96753,0,0,True
4697544,2024-01-24,QUEENS,40.59691,-73.797844,0,0,True
4697545,2024-01-24,UNKNOWN,40.59907,-73.90498,0,0,True
4697546,2024-01-25,UNKNOWN,40.6985,-73.98698,1,0,True
4697547,2024-01-24,UNKNOWN,40.787685,-73.97502,1,0,True
4697548,2024-01-24,BROOKLYN,40.590084,-73.95476,1,0,True
4697549,2024-01-18,BROOKLYN,40.59058,-73.96998,0,0,True
4697550,2024-01-24,BROOKLYN,40.60059,-73.96137,1,0,True
4697551,2024-01-24,UNKNOWN,40.777634,-73.94289,0,0,True
4697552,2024-01-24,MANHATTAN,40.786545,-73.95256,0,0,True
4697553,2024-01-24,QUEENS,40.677654,-73.82866,1,0,True
4697554,2024-01-24,MANHATTAN,40.77723,-73.946175,0,0,True
4697555,2024-01-24,QUEENS,40.665253,-73.84458,0,0,True
4697556,2024-01-24,BROOKLYN,40.633232,-74.01192,4,0,True
4697558,2024-01-23,UNKNOWN,40.809044,-73.92856,1,0,True
4697559,2024-01-24,BROOKLYN,40.58038,-73.967606,1,0,True
4697560,2024-01-24,QUEENS,40.737534,-73.85266,0,0,True
4697561,2024-01-16,BROOKLYN,40.5861,-73.97128,0,0,True
4697562,2024-01-23,BRONX,40.810345,-73.92495,0,0,True
4697563,2024-01-24,BROOKLYN,40.64305,-73.9764,0,0,True
4697564,2024-01-24,BRONX,40.817307,-73.927864,0,0,True
4697565,2024-01-24,BROOKLYN,40.631573,-73.99547,1,0,True
4697566,2024-01-24,UNKNOWN,,,0,0,False
4697567,2024-01-21,BROOKLYN,40.705605,-73.94627,0,0,True
4697568,2024-01-08,UNKNOWN,,,0,0,False
4697569,2024-01-22,UNKNOWN,,,0,0,False
4697570,2024-01-21,UNKNOWN,,,0,0,False
4697571,2024-01-24,QUEENS,40.69756,-73.85275,0,0,True
4697572,2024-01-24,MANHATTAN,40.797676,-73.93729,1,0,True
4697573,2024-01-22,UNKNOWN,,,0,0,False
4697574,2024-01-25,UNKNOWN,40.624977,-73.96326,0,0,True
4697575,2024-01-24,MANHATTAN,40.801235,-73.941826,1,0,True
4697576,2024-01-24,UNKNOWN,40.809563,-73.92923,0,0,True
4697577,2024-01-24,QUEENS,40.68372,-73.84662,0,0,True
4697578,2024-01-03,BRONX,40.822487,-73.90827,0,0,True
4697579,2024-01-24,STATEN ISLAND,40.56152,-74.17186,1,0,True
4697580,2024-01-25,STATEN ISLAND,40.532116,-74.15603,0,0,True
4697581,2024-01-22,UNKNOWN,,,1,0,False
4697582,2024-01-24,STATEN ISLAND,40.54785,-74.17163,0,0,True
4697583,2024-01-24,STATEN ISLAND,40.543003,-74.18126,0,0,True
4697584,2024-01-25,STATEN ISLAND,40.532116,-74.15603,0,0,True
4697585,2024-01-19,QUEENS,40.74902,-73.870674,0,0,True
4697586,2024-01-24,BROOKLYN,40.689453,-73.924034,0,0,True
4697587,2024-01-22,QUEENS,40.733498,-73.87038,1,0,True
4697588,2024-01-23,UNKNOWN,,,0,0,False
4697589,2024-01-24,QUEENS,40.720524,-73.90493,1,0,True
4697590,2024-01-20,MANHATTAN,40.741066,-73.982574,0,0,True
4697591,2024-01-20,MANHATTAN,40.73491,-73.97982,0,0,True
4697592,2024-01-18,MANHATTAN,40.736465,-73.98697,0,0,True
4697593,2024-01-22,BROOKLYN,40.681686,-73.87157,2,0,True
4697594,2024-01-17,UNKNOWN,40.737194,-73.97447,2,0,True
4697595,2024-01-22,QUEENS,40.73195,-73.863434,0,0,True
4697596,2024-01-24,UNKNOWN,40.738194,-73.8492,0,0,True
4697597,2024-01-23,UNKNOWN,40.591312,-73.99388,3,0,True
4697598,2024-01-21,BROOKLYN,40.61603,-73.995735,0,0,True
4697599,2024-01-24,BROOKLYN,40.61445,-73.98081,1,0,True
4697600,2024-01-24,BROOKLYN,40.595104,-74.00091,3,0,True
4697601,2024-01-25,UNKNOWN,40.867256,-73.92935,0,0,True
4697602,2024-01-25,BROOKLYN,40.634037,-73.88936,0,0,True
4697603,2024-01-23,BRONX,40.837284,-73.8899,0,0,True
4697604,2024-01-24,UNKNOWN,40.830147,-73.89289,1,0,True
4697605,2024-01-24,BRONX,40.840244,-73.901886,0,0,True
4697606,2024-01-24,UNKNOWN,40.734962,-73.9798,0,0,True
4697607,2024-01-21,UNKNOWN,40.661564,-73.73841,0,0,True
4697608,2024-01-15,UNKNOWN,40.658417,-73.76768,0,0,True
4697609,2024-01-06,QUEENS,40.736156,-73.71371,0,0,True
4697610,2024-01-25,BRONX,40.89381,-73.85715,0,0,True
4697611,2024-01-25,BRONX,40.872963,-73.84026,1,0,True
4697612,2024-01-22,UNKNOWN,40.67712,-73.900475,0,0,True
4697613,2024-01-22,UNKNOWN,40.6427,-73.87661,0,0,True
4697614,2024-01-24,BROOKLYN,40.67158,-73.88911,0,0,True
4697615,2024-01-08,BROOKLYN,,,2,0,False
4697616,2024-01-19,BROOKLYN,40.673656,-73.91045,1,0,True
4697617,2024-01-24,UNKNOWN,,,1,0,False
4697618,2024-01-24,STATEN ISLAND,40.580315,-74.11368,1,0,True
4697619,2024-01-24,BROOKLYN,40.655773,-73.87989,0,0,True
4697620,2024-01-13,BROOKLYN,40.669277,-73.91065,1,0,True
4697621,2024-01-24,QUEENS,40.757896,-73.78761,0,1,True
4697622,2024-01-24,STATEN ISLAND,40.58984,-74.08663,1,0,True
4697623,2024-01-24,BROOKLYN,40.655132,-73.88917,0,0,True
4697624,2024-01-24,BROOKLYN,40.668816,-73.89895,0,0,True
4697625,2024-01-25,BROOKLYN,40.65958,-73.89247,2,0,True
4697626,2024-01-25,BROOKLYN,40.67689,-73.900055,1,0,True
4697627,2024-01-25,UNKNOWN,40.79065,-73.83993,0,0,True
4697628,2024-01-25,BROOKLYN,40.66846,-73.90131,0,0,True
4697629,2024-01-25,STATEN ISLAND,40.557854,-74.12671,0,0,True
4697630,2024-01-23,BROOKLYN,40.677414,-73.93033,0,0,True
4697631,2024-01-24,BROOKLYN,40.678093,-73.92118,0,0,True
4697632,2024-01-25,BROOKLYN,40.675724,-73.90814,0,0,True
4697633,2024-01-25,BROOKLYN,40.669724,-73.86097,1,0,True
4697634,2024-01-25,STATEN ISLAND,40.60322,-74.07493,0,0,True
4697635,2024-01-25,BROOKLYN,40.66447,-73.89593,1,0,True
4697636,2024-01-25,BROOKLYN,40.629986,-73.97157,0,0,True
4697637,2024-01-25,QUEENS,40.780155,-73.8089,1,0,True
4697638,2024-01-25,BROOKLYN,40.67903,-73.9246,1,0,True
4697639,2024-01-22,BRONX,40.85543,-73.855354,0,0,True
4697640,2024-01-25,STATEN ISLAND,40.598484,-74.07845,0,0,True
4697641,2024-01-25,QUEENS,40.762745,-73.83329,0,0,True
4697642,2024-01-21,QUEENS,40.661934,-73.76048,0,0,True
4697643,2024-01-24,BROOKLYN,40.620148,-73.99686,1,0,True
4697644,2024-01-17,MANHATTAN,40.733932,-74.00512,0,0,True
4697645,2024-01-20,BRONX,40.86536,-73.87043,1,0,True
4697646,2024-01-17,QUEENS,40.730637,-73.74556,1,0,True
4697647,2024-01-11,UNKNOWN,40.68951,-73.948044,0,0,True
4697648,2024-01-23,STATEN ISLAND,40.62894,-74.116196,0,0,True
4697649,2024-01-24,STATEN ISLAND,40.61906,-74.10629,1,0,True
4697650,2024-01-17,STATEN ISLAND,40.63526,-74.08333,1,0,True
4697651,2024-01-23,BRONX,40.83753,-73.86821,0,0,True
4697652,2024-01-20,BRONX,40.841846,-73.85499,0,0,True
4697653,2024-01-24,STATEN ISLAND,40.62088,-74.0776,0,0,True
4697654,2024-01-17,UNKNOWN,40.829502,-73.87462,1,0,True
4697655,2024-01-23,UNKNOWN,40.823578,-73.878136,0,0,True
4697656,2024-01-24,BRONX,40.84145,-73.862206,0,0,True
4697657,2024-01-24,BRONX,40.824207,-73.858795,1,0,True
4697658,2024-01-24,BRONX,40.8223,-73.873,1,0,True
4697659,2024-01-24,BRONX,40.824074,-73.85979,0,0,True
4697660,2024-01-25,UNKNOWN,,,0,0,False
4697661,2024-01-25,BRONX,40.82937,-73.88261,0,0,True
4697662,2024-01-12,QUEENS,40.70953,-73.7964,0,0,True
4697663,2024-01-23,UNKNOWN,40.700512,-73.796776,0,0,True
4697664,2024-01-22,QUEENS,40.70612,-73.789116,1,0,True
4697665,2024-01-24,UNKNOWN,40.70975,-73.79562,1,0,True
4697666,2024-01-25,QUEENS,40.714104,-73.77775,0,0,True
4697667,2024-01-23,BROOKLYN,40.57729,-73.999756,0,0,True
4697669,2024-01-24,MANHATTAN,40.759483,-73.98914,0,0,True
4697670,2024-01-21,QUEENS,40.676598,-73.795944,0,0,True
4697671,2024-01-22,UNKNOWN,40.694458,-73.752205,0,0,True
4697672,2024-01-24,UNKNOWN,40.705246,-73.95908,2,0,True
4697673,2024-01-24,QUEENS,40.68628,-73.77701,0,0,True
4697674,2024-01-24,QUEENS,,,0,0,False
4697675,2024-01-24,QUEENS,40.66834,-73.77094,1,0,True
4697676,2024-01-25,QUEENS,40.685436,-73.79326,0,0,True
4697677,2024-01-25,UNKNOWN,40.702007,-73.821205,0,0,True
4697678,2024-01-25,QUEENS,40.74403,-73.85869,1,0,True
4697679,2024-01-25,UNKNOWN,40.736145,-73.92651,0,0,True
4697680,2024-01-25,MANHATTAN,40.75762,-73.99071,0,0,True
4697681,2024-01-25,UNKNOWN,40.731415,-73.91723,2,0,True
4697682,2024-01-20,BROOKLYN,40.73046,-73.95149,0,0,True
4697683,2024-01-16,UNKNOWN,40.584557,-73.950874,2,0,True
4697684,2024-01-25,QUEENS,40.76226,-73.75699,0,0,True
4697685,2024-01-22,BROOKLYN,40.689137,-73.990715,0,0,True
4697686,2024-01-25,UNKNOWN,40.666786,-73.78452,1,0,True
4697687,2024-01-24,MANHATTAN,40.747765,-73.98296,0,0,True
4697688,2024-01-24,MANHATTAN,40.74675,-73.981606,0,0,True
4697689,2024-01-01,UNKNOWN,40.666122,-73.93139,0,0,True
4697690,2024-01-25,BRONX,40.863647,-73.8918,1,0,True
4697691,2024-01-17,UNKNOWN,40.668797,-73.93113,0,0,True
4697692,2024-01-24,UNKNOWN,40.655594,-73.94717,1,0,True
4697693,2024-01-23,BROOKLYN,40.663834,-73.93848,0,0,True
4697694,2024-01-19,UNKNOWN,40.669228,-73.9556,1,0,True
4697695,2024-01-25,BROOKLYN,40.656082,-73.953064,3,0,True
4697696,2024-01-24,BROOKLYN,40.629112,-74.02875,1,0,True
4697697,2024-01-25,UNKNOWN,40.633514,-74.01561,1,0,True
4697698,2024-01-25,UNKNOWN,40.73873,-73.81428,2,0,True
4697699,2024-01-23,BRONX,40.811714,-73.92671,1,0,True
4697700,2024-01-25,UNKNOWN,40.804066,-73.93117,0,0,True
4697701,2024-01-25,UNKNOWN,40.851765,-73.94191,0,0,True
4697702,2024-01-19,UNKNOWN,40.65835,-73.90497,0,0,True
4697703,2024-01-25,BROOKLYN,40.630505,-74.01683,0,0,True
4697704,2024-01-25,BROOKLYN,40.61917,-74.02821,0,0,True
4697705,2024-01-23,BROOKLYN,40.69599,-73.98322,0,0,True
4697706,2024-01-24,BROOKLYN,40.68916,-73.98608,0,0,True
4697707,2024-01-25,UNKNOWN,,,0,0,False
4697708,2024-01-25,BROOKLYN,40.623856,-74.03269,0,0,True
4697709,2024-01-25,BROOKLYN,40.63751,-74.025314,0,0,True
4697710,2024-01-25,UNKNOWN,40.706676,-73.79147,1,0,True
4697711,2024-01-23,QUEENS,40.755566,-73.87684,0,0,True
4697712,2024-01-23,BROOKLYN,40.697803,-73.969734,1,0,True
4697713,2024-01-24,UNKNOWN,40.697838,-73.97078,0,0,True
4697714,2024-01-24,BROOKLYN,40.685883,-73.97338,1,0,True
4697715,2024-01-24,MANHATTAN,40.759525,-73.99925,1,0,True
4697716,2024-01-24,BRONX,40.885693,-73.86165,1,0,True
4697717,2024-01-22,MANHATTAN,40.724274,-73.99082,1,0,True
4697718,2024-01-06,UNKNOWN,40.824265,-73.95642,0,0,True
4697719,2024-01-16,UNKNOWN,40.822735,-73.94763,0,0,True
4697720,2024-01-18,MANHATTAN,40.731964,-73.984055,1,0,True
4697721,2024-01-19,MANHATTAN,40.726383,-73.9893,1,0,True
4697722,2024-01-23,UNKNOWN,40.82403,-73.94476,0,0,True
4697723,2024-01-19,MANHATTAN,40.719597,-73.97791,0,0,True
4697724,2024-01-11,MANHATTAN,40.728825,-73.98638,0,0,True
4697725,2024-01-13,UNKNOWN,40.72656,-73.972046,0,0,True
4697726,2024-01-20,MANHATTAN,40.727932,-73.98613,0,0,True
4697727,2024-01-13,MANHATTAN,40.727676,-73.98522,1,0,True
4697728,2024-01-22,UNKNOWN,40.770054,-73.914406,1,0,True
4697729,2024-01-23,UNKNOWN,40.76923,-73.91033,0,0,True
4697730,2024-01-24,QUEENS,40.76963,-73.915855,1,0,True
4697731,2024-01-24,QUEENS,40.768982,-73.92243,0,0,True
4697732,2024-01-24,QUEENS,40.76522,-73.9139,0,0,True
4697733,2024-01-24,QUEENS,40.77661,-73.92153,1,0,True
4697734,2024-01-24,QUEENS,40.753456,-73.941414,1,0,True
4697735,2024-01-24,QUEENS,40.775692,-73.89726,0,0,True
4697736,2024-01-18,UNKNOWN,40.69624,-73.973465,0,0,True
4697737,2024-01-24,UNKNOWN,40.85429,-73.90027,0,0,True
4697738,2024-01-24,BRONX,40.857418,-73.89996,1,0,True
4697739,2024-01-25,UNKNOWN,40.620674,-74.16428,0,0,True
4697740,2024-01-22,UNKNOWN,40.594086,-74.15797,0,0,True
4697741,2024-01-22,UNKNOWN,40.606968,-74.164536,2,0,True
4697742,2024-01-23,MANHATTAN,40.835308,-73.94398,0,0,True
4697743,2024-01-24,BRONX,40.855015,-73.901085,1,0,True
4697744,2024-01-25,UNKNOWN,40.608852,-74.15334,0,0,True
4697745,2024-01-24,UNKNOWN,,,0,0,False
4697746,2024-01-25,UNKNOWN,40.75548,-73.74173,0,0,True
4697747,2024-01-16,MANHATTAN,40.846153,-73.932335,0,0,True
4697748,2024-01-19,MANHATTAN,40.81861,-73.96096,2,0,True
4697749,2024-01-25,MANHATTAN,40.81286,-73.96341,2,0,True
4697750,2024-01-25,MANHATTAN,40.804886,-73.96248,0,0,True
4697751,2024-01-24,BROOKLYN,40.685368,-73.9109,0,0,True
4697752,2024-01-23,UNKNOWN,40.816883,-73.96265,0,0,True
4697753,2024-01-25,UNKNOWN,40.693874,-73.91777,0,0,True
4697754,2024-01-25,UNKNOWN,40.703674,-73.91513,0,0,True
4697755,2024-01-09,MANHATTAN,40.84231,-73.93515,0,0,True
4697756,2024-01-23,BROOKLYN,40.68956,-73.99738,0,0,True
4697757,2024-01-25,UNKNOWN,40.74872,-73.87371,4,0,True
4697758,2024-01-23,MANHATTAN,40.834965,-73.9467,0,0,True
4697759,2024-01-25,MANHATTAN,40.847385,-73.9407,0,0,True
4697760,2024-01-23,MANHATTAN,40.836678,-73.949135,0,0,True
4697761,2024-01-24,MANHATTAN,40.832863,-73.94204,2,0,True
4697762,2024-01-24,UNKNOWN,40.606842,-74.0155,0,0,True
4697763,2024-01-16,QUEENS,40.668327,-73.79627,0,0,True
4697764,2024-01-21,QUEENS,40.668327,-73.79627,0,0,True
4697765,2024-01-21,UNKNOWN,,,1,0,False
4697766,2024-01-20,MANHATTAN,40.798626,-73.93953,0,0,True
4697767,2024-01-23,UNKNOWN,,,0,0,False
4697768,2024-01-25,MANHATTAN,40.798935,-73.93637,1,0,True
4697769,2024-01-12,MANHATTAN,40.797,-73.93778,1,0,True
4697770,2024-01-24,BRONX,40.84705,-73.917854,0,0,True
4697771,2024-01-24,MANHATTAN,40.71429,-73.99396,1,0,True
4697772,2024-01-25,BROOKLYN,40.70543,-73.9181,1,0,True
4697773,2024-01-25,QUEENS,40.7172,-73.80343,1,0,True
4697774,2024-01-25,UNKNOWN,40.709675,-73.82003,2,0,True
4697775,2024-01-25,UNKNOWN,,,0,0,False
4697776,2024-01-11,MANHATTAN,40.765457,-73.981995,1,0,True
4697777,2024-01-24,UNKNOWN,40.768734,-73.730194,0,0,True
4697778,2024-01-25,UNKNOWN,40.74457,-73.731575,0,0,True
4697779,2024-01-25,UNKNOWN,40.678165,-73.962234,0,0,True
4697780,2024-01-25,UNKNOWN,40.675907,-73.969505,1,0,True
4697781,2024-01-16,UNKNOWN,40.668507,-73.92561,1,0,True
4697782,2024-01-25,MANHATTAN,40.740532,-74.001945,0,0,True
4697783,2024-01-19,MANHATTAN,40.780464,-73.96119,0,0,True
4697784,2024-01-17,MANHATTAN,40.76555,-73.967865,0,0,True
4697785,2024-01-25,UNKNOWN,,,0,0,False
4697786,2024-01-25,BROOKLYN,40.692192,-73.98628,1,0,True
4697787,2024-01-16,BROOKLYN,40.66456,-73.91527,0,0,True
4697788,2024-01-24,MANHATTAN,40.716953,-73.99083,0,0,True
4697789,2024-01-23,BROOKLYN,40.655,-74.00254,1,0,True
4697790,2024-01-25,UNKNOWN,40.582233,-74.16907,0,0,True
4697791,2024-01-25,BROOKLYN,40.652313,-73.97356,0,0,True
4697792,2024-01-25,BROOKLYN,40.699703,-73.98047,1,0,True
4697793,2024-01-22,BROOKLYN,40.659744,-73.91708,1,0,True
4697794,2024-01-25,QUEENS,40.74945,-73.88711,1,0,True
4697795,2024-01-25,UNKNOWN,40.83801,-73.87329,0,0,True
4697796,2024-01-25,BROOKLYN,40.622585,-73.964775,0,0,True
4697797,2024-01-25,UNKNOWN,40.63743,-73.979485,1,0,True
4697798,2024-01-26,QUEENS,40.73555,-73.934784,0,0,True
4697799,2024-01-26,UNKNOWN,40.75052,-73.940636,0,0,True
4697800,2024-01-25,QUEENS,40.741623,-73.92309,0,0,True
4697801,2024-01-24,UNKNOWN,40.74133,-73.94814,1,0,True
4697802,2024-01-21,QUEENS,40.753708,-73.90299,1,0,True
4697803,2024-01-25,UNKNOWN,40.733955,-73.92172,0,0,True
4697804,2024-01-22,UNKNOWN,40.63889,-73.91204,0,0,True
4697805,2024-01-25,UNKNOWN,40.640537,-74.02247,1,0,True
4697806,2024-01-24,BROOKLYN,40.622177,-74.0227,0,0,True
4697807,2024-01-21,BROOKLYN,40.646137,-74.00926,1,0,True
4697808,2024-01-25,BROOKLYN,40.617897,-74.02931,1,0,True
4697809,2024-01-22,BROOKLYN,40.680397,-73.87998,0,0,True
4697810,2024-01-25,BROOKLYN,40.670174,-73.88251,0,0,True
4697811,2024-01-25,BROOKLYN,40.665596,-73.87431,1,0,True
4697812,2024-01-25,BROOKLYN,40.661884,-73.87802,0,0,True
4697813,2024-01-25,UNKNOWN,40.6905,-73.87096,0,0,True
4697814,2024-01-25,BROOKLYN,40.67035,-73.89743,1,0,True
4697815,2024-01-25,BROOKLYN,40.674953,-73.89278,0,0,True
4697816,2024-01-23,UNKNOWN,40.600697,-73.996376,1,0,True
4697817,2024-01-25,UNKNOWN,40.596397,-73.98521,0,0,True
4697818,2024-01-21,BROOKLYN,40.6131,-73.97858,0,0,True
4697819,2024-01-26,QUEENS,40.735664,-73.8457,0,0,True
4697820,2024-01-26,QUEENS,40.736397,-73.84592,0,0,True
4697821,2024-01-25,QUEENS,40.732582,-73.86806,0,0,True
4697822,2024-01-23,QUEENS,40.730984,-73.86722,1,0,True
4697823,2024-01-25,QUEENS,40.742832,-73.853905,0,0,True
4697824,2024-01-24,QUEENS,40.741535,-73.8776,0,0,True
4697825,2024-01-25,MANHATTAN,40.749935,-73.97836,1,0,True
4697826,2024-01-18,UNKNOWN,40.756367,-73.96012,2,0,True
4697827,2024-01-26,UNKNOWN,40.738842,-73.81404,1,0,True
4697828,2024-01-26,UNKNOWN,40.711033,-73.7281,0,0,True
4697829,2024-01-26,BROOKLYN,40.672752,-73.95432,0,0,True
4697830,2024-01-25,MANHATTAN,40.763363,-73.95925,1,0,True
4697831,2024-01-22,BROOKLYN,40.59602,-73.96225,0,0,True
4697832,2024-01-24,UNKNOWN,,,2,0,False
4697833,2024-01-25,BROOKLYN,40.58762,-73.95754,1,0,True
4697834,2024-01-23,UNKNOWN,40.585625,-73.954865,1,0,True
4697835,2024-01-22,BROOKLYN,40.606182,-73.9655,1,0,True
4697836,2024-01-25,BROOKLYN,40.5981,-73.96304,1,0,True
4697838,2024-01-25,BRONX,40.831974,-73.9235,2,0,True
4697839,2024-01-25,UNKNOWN,,,0,0,False
4697840,2024-01-24,BROOKLYN,40.69868,-73.96024,0,0,True
4697841,2024-01-25,QUEENS,40.68343,-73.82661,1,0,True
4697842,2024-01-24,QUEENS,40.674202,-73.8036,0,0,True
4697843,2024-01-21,UNKNOWN,40.833588,-73.91498,1,0,True
4697844,2024-01-23,BRONX,40.826836,-73.92263,3,0,True
4697845,2024-01-23,UNKNOWN,40.820023,-73.92663,0,0,True
4697846,2024-01-25,QUEENS,40.690792,-73.821686,1,0,True
4697847,2024-01-22,UNKNOWN,40.697903,-73.9468,1,0,True
4697848,2024-01-25,MANHATTAN,40.75991,-73.95882,0,0,True
4697849,2024-01-25,UNKNOWN,40.78326,-73.950745,1,0,True
4697850,2024-01-23,BROOKLYN,40.697514,-73.94093,1,0,True
4697851,2024-01-26,UNKNOWN,40.767117,-73.956505,1,0,True
4697852,2024-01-24,BROOKLYN,40.67801,-73.94138,1,0,True
4697853,2024-01-24,BRONX,40.855553,-73.88757,1,0,True
4697854,2024-01-25,UNKNOWN,40.53742,-74.174904,1,0,True
4697855,2024-01-25,STATEN ISLAND,40.56152,-74.17186,1,0,True
4697856,2024-01-25,STATEN ISLAND,40.53919,-74.20628,1,0,True
4697857,2024-01-25,UNKNOWN,40.685047,-73.954254,1,0,True
4697858,2024-01-24,UNKNOWN,40.827812,-73.925934,0,0,True
4697859,2024-01-26,UNKNOWN,40.74947,-73.7564,2,0,True
4697860,2024-01-26,BROOKLYN,40.704113,-73.94786,2,0,True
4697862,2024-01-26,UNKNOWN,,,0,0,False
4697863,2024-01-24,QUEENS,40.66708,-73.81033,0,0,True
4697864,2024-01-26,UNKNOWN,40.59455,-73.997574,0,0,True
4697865,2024-01-25,UNKNOWN,40.712055,-73.75319,0,0,True
4697866,2024-01-22,BROOKLYN,40.673336,-73.98438,0,0,True
4697867,2024-01-26,BROOKLYN,40.67148,-73.898674,0,0,True
4697868,2024-01-25,MANHATTAN,40.71703,-73.99842,0,0,True
4697869,2024-01-26,UNKNOWN,40.771393,-73.98216,2,0,True
4697870,2024-01-25,BROOKLYN,40.68405,-73.97746,0,0,True
4697871,2024-01-19,BROOKLYN,40.661594,-73.979355,0,0,True
4697872,2024-01-21,BRONX,40.838066,-73.90314,0,0,True
4697873,2024-01-16,BRONX,40.83437,-73.89811,0,0,True
4697874,2024-01-24,BROOKLYN,40.629208,-73.90126,1,0,True
4697875,2024-01-20,QUEENS,40.70849,-73.74148,0,0,True
4697876,2024-01-24,BROOKLYN,40.68297,-73.97667,3,0,True
4697877,2024-01-26,BROOKLYN,40.60763,-74.00985,0,0,True
4697878,2024-01-23,QUEENS,40.76496,-73.90532,0,0,True
4697879,2024-01-21,UNKNOWN,40.77077,-73.91727,0,0,True
4697880,2024-01-24,BRONX,40.84065,-73.91902,2,0,True
4697881,2024-01-26,QUEENS,40.757313,-73.93927,0,0,True
4697882,2024-01-22,QUEENS,40.755486,-73.918304,0,0,True
4697883,2024-01-25,MANHATTAN,40.762108,-73.97595,0,0,True
4697884,2024-01-25,BRONX,40.840492,-73.8628,0,0,True
4697885,2024-01-23,MANHATTAN,40.76552,-73.98004,1,0,True
4697886,2024-01-25,MANHATTAN,40.770325,-73.9877,1,0,True
4697887,2024-01-25,UNKNOWN,40.83328,-73.86097,0,0,True
4697888,2024-01-24,QUEENS,40.723083,-73.72817,1,0,True
4697889,2024-01-22,BRONX,40.90348,-73.85035,0,0,True
4697890,2024-01-26,UNKNOWN,40.704735,-73.743996,1,0,True
4697891,2024-01-26,UNKNOWN,40.88893,-73.86579,1,0,True
4697892,2024-01-25,BROOKLYN,40.609978,-73.92664,1,0,True
4697893,2024-01-25,BROOKLYN,40.633472,-73.92042,1,0,True
4697894,2024-01-25,UNKNOWN,40.620438,-74.1672,2,0,True
4697895,2024-01-24,STATEN ISLAND,40.646553,-74.08912,1,0,True
4697896,2024-01-23,BROOKLYN,40.61448,-73.92641,0,0,True
4697897,2024-01-24,MANHATTAN,40.717747,-73.99958,0,0,True
4697898,2024-01-13,BROOKLYN,40.61498,-73.94064,0,0,True
4697899,2024-01-22,MANHATTAN,40.80576,-73.944786,0,0,True
4697900,2024-01-21,STATEN ISLAND,40.6421,-74.087685,0,0,True
4697901,2024-01-21,UNKNOWN,40.66173,-73.96078,0,0,True
4697902,2024-01-22,UNKNOWN,40.80435,-73.95732,2,0,True
4697903,2024-01-22,MANHATTAN,40.80777,-73.94549,0,0,True
4697904,2024-01-23,MANHATTAN,40.803215,-73.95254,1,0,True
4697905,2024-01-19,MANHATTAN,40.798225,-73.9524,1,0,True
4697906,2024-01-25,BROOKLYN,40.610703,-73.92349,0,0,True
4697907,2024-01-26,UNKNOWN,,,1,0,False
4697908,2024-01-22,BROOKLYN,40.631554,-73.9194,0,0,True
4697909,2024-01-25,BROOKLYN,40.66345,-73.94554,0,0,True
4697910,2024-01-25,UNKNOWN,40.665535,-73.93699,0,0,True
4697911,2024-01-24,UNKNOWN,40.669712,-73.94774,2,0,True
4697912,2024-01-25,BROOKLYN,40.66768,-73.961815,0,0,True
4697913,2024-01-24,BRONX,40.818977,-73.927124,2,0,True
4697914,2024-01-23,QUEENS,40.765182,-73.81414,0,0,True
4697915,2024-01-25,UNKNOWN,40.762794,-73.83558,0,0,True
4697916,2024-01-25,QUEENS,40.76403,-73.80348,0,0,True
4697917,2024-01-20,UNKNOWN,,,0,0,False
4697918,2024-01-26,QUEENS,40.764347,-73.82595,1,0,True
4697919,2024-01-26,UNKNOWN,40.777096,-73.76768,0,0,True
4697920,2024-01-26,UNKNOWN,,,1,0,False
4697921,2024-01-25,UNKNOWN,40.799698,-73.92929,1,0,True
4697922,2024-01-20,QUEENS,40.65771,-73.76757,3,0,True
4697923,2024-01-03,QUEENS,40.730057,-73.73282,0,0,True
4697924,2024-01-25,STATEN ISLAND,40.505188,-74.24654,0,0,True
4697925,2024-01-25,QUEENS,40.753647,-73.7444,1,0,True
4697926,2024-01-25,QUEENS,40.708176,-73.75453,0,0,True
4697927,2024-01-25,MANHATTAN,40.792164,-73.96591,0,0,True
4697929,2024-01-20,QUEENS,40.6826,-73.79993,1,0,True
4697930,2024-01-23,QUEENS,40.713875,-73.75405,1,0,True
4697931,2024-01-25,QUEENS,40.70197,-73.8019,1,0,True
4697932,2024-01-20,UNKNOWN,40.667522,-73.78063,0,0,True
4697933,2024-01-26,MANHATTAN,40.7224,-73.99165,0,0,True
4697934,2024-01-15,MANHATTAN,40.790936,-73.968925,0,0,True
4697935,2024-01-15,UNKNOWN,40.798443,-73.97089,0,0,True
4697936,2024-01-25,UNKNOWN,40.727943,-73.75237,1,0,True
4697937,2024-01-25,QUEENS,40.679653,-73.77724,0,0,True
4697938,2024-01-26,UNKNOWN,40.667366,-73.77181,1,0,True
4697939,2024-01-11,QUEENS,40.686302,-73.793915,1,0,True
4697940,2024-01-26,UNKNOWN,40.763454,-73.726555,2,0,True
4697941,2024-01-23,QUEENS,40.672455,-73.846176,0,0,True
4697942,2024-01-25,QUEENS,40.70887,-73.81871,1,0,True
4697943,2024-01-24,MANHATTAN,40.769848,-73.98432,1,0,True
4697944,2024-01-22,BROOKLYN,40.651512,-74.00734,0,0,True
4697945,2024-01-22,QUEENS,40.69405,-73.82802,0,0,True
4697946,2024-01-26,BRONX,40.85474,-73.85688,1,0,True
4697947,2024-01-18,UNKNOWN,40.81175,-73.93144,0,0,True
4697948,2024-01-25,QUEENS,40.706913,-73.75106,1,0,True
4697949,2024-01-25,BRONX,40.865494,-73.85868,0,0,True
4697950,2024-01-26,BROOKLYN,40.64485,-73.911125,1,0,True
4697951,2024-01-26,BROOKLYN,40.67801,-73.94138,1,0,True
4697952,2024-01-26,UNKNOWN,40.835873,-73.8699,0,0,True
4697953,2024-01-25,BROOKLYN,40.670277,-73.92542,0,0,True
4697954,2024-01-22,UNKNOWN,40.668648,-73.92835,7,0,True
4697955,2024-01-26,UNKNOWN,,,0,0,False
4697956,2024-01-23,UNKNOWN,40.82628,-73.87673,0,0,True
4697957,2024-01-25,BROOKLYN,,,1,0,False
4697958,2024-01-25,UNKNOWN,40.625553,-74.152466,1,0,True
4697959,2024-01-26,UNKNOWN,40.576714,-74.15936,0,0,True
4697960,2024-01-24,QUEENS,40.757824,-73.86101,1,0,True
4697961,2024-01-26,UNKNOWN,40.619873,-73.96527,1,0,True
4697962,2024-01-25,BROOKLYN,40.643635,-73.97746,0,0,True
4697963,2024-01-23,QUEENS,40.76132,-73.9171,0,0,True
4697964,2024-01-26,UNKNOWN,40.718567,-73.9834,0,0,True
4697965,2024-01-19,UNKNOWN,40.688606,-73.75527,1,0,True
4697966,2024-01-25,MANHATTAN,40.81205,-73.95355,1,0,True
4697967,2024-01-26,MANHATTAN,40.78605,-73.97919,0,0,True
4697968,2024-01-20,QUEENS,40.748863,-73.892715,0,0,True
4697969,2024-01-25,QUEENS,40.596256,-73.76684,0,0,True
4697970,2024-01-24,QUEENS,40.597317,-73.75427,0,0,True
4697971,2024-01-25,QUEENS,40.602356,-73.75953,0,0,True
4697972,2024-01-26,QUEENS,40.598576,-73.75966,0,0,True
4697973,2024-01-26,UNKNOWN,40.8518,-73.909225,0,0,True
4697974,2024-01-16,QUEENS,40.75671,-73.89506,0,0,True
4697975,2024-01-23,QUEENS,40.76301,-73.87533,0,0,True
4697976,2024-01-26,BROOKLYN,40.642174,-73.90815,2,0,True
4697977,2024-01-24,QUEENS,40.749275,-73.880455,0,0,True
4697978,2024-01-26,QUEENS,40.72062,-73.84607,0,0,True
4697979,2024-01-24,QUEENS,40.75622,-73.88833,0,0,True
4697980,2024-01-26,BROOKLYN,40.621258,-73.9984,1,0,True
4697981,2024-01-26,UNKNOWN,40.599052,-73.99808,1,0,True
4697982,2024-01-25,UNKNOWN,40.669735,-73.93104,0,0,True
4697983,2024-01-26,UNKNOWN,40.761005,-73.77828,1,0,True
4697984,2024-01-26,QUEENS,40.734688,-73.79845,1,0,True
4697985,2024-01-24,QUEENS,40.732533,-73.76565,1,0,True
4697986,2024-01-24,QUEENS,40.759914,-73.87953,0,0,True
4697987,2024-01-26,MANHATTAN,40.866806,-73.93101,0,0,True
4697988,2024-01-25,QUEENS,40.75596,-73.8815,0,0,True
4697989,2024-01-26,UNKNOWN,,,1,0,False
4697990,2024-01-25,BRONX,40.816303,-73.899956,0,0,True
4697991,2024-01-25,QUEENS,40.748436,-73.889854,0,0,True
4697992,2024-01-25,UNKNOWN,40.825912,-73.83647,0,0,True
4697993,2024-01-19,UNKNOWN,40.87093,-73.90706,2,0,True
4697994,2024-01-23,UNKNOWN,40.771244,-73.773254,0,0,True
4697995,2024-01-26,UNKNOWN,40.741135,-73.8986,1,0,True
4697996,2024-01-26,UNKNOWN,40.60459,-74.02212,4,0,True
4697997,2024-01-26,BROOKLYN,40.638847,-74.03021,0,0,True
4697998,2024-01-26,QUEENS,40.694775,-73.84774,0,0,True
4697999,2024-01-26,UNKNOWN,40.62506,-74.13582,1,0,True
4698000,2024-01-26,MANHATTAN,40.717407,-73.987885,1,0,True
4698001,2024-01-26,MANHATTAN,40.715473,-73.98512,0,0,True
4698002,2024-01-01,UNKNOWN,,,0,0,False
4698003,2024-01-26,BROOKLYN,40.629734,-73.940544,1,0,True
4698004,2024-01-22,BROOKLYN,40.623318,-73.93126,0,0,True
4698005,2024-01-27,BRONX,40.88237,-73.89728,1,0,True
4698006,2024-01-27,BROOKLYN,40.646214,-74.007614,1,0,True
4698007,2024-01-26,BROOKLYN,40.689137,-73.990715,0,0,True
4698008,2024-01-26,QUEENS,40.74763,-73.88394,0,0,True
4698009,2024-01-26,UNKNOWN,40.73929,-73.85288,1,0,True
4698010,2024-01-19,QUEENS,40.734375,-73.87342,0,0,True
4698012,2024-01-26,BROOKLYN,40.689434,-73.99163,1,0,True
4698013,2024-01-26,MANHATTAN,40.745056,-73.978615,0,0,True
4698014,2024-01-26,MANHATTAN,0.0,0.0,1,0,False
4698016,2024-01-26,BROOKLYN,40.65903,-74.000145,1,0,True
4698017,2024-01-26,UNKNOWN,40.637447,-74.01997,0,0,True
4698018,2024-01-24,BRONX,40.84434,-73.91475,0,0,True
4698019,2024-01-27,BRONX,40.83611,-73.92238,0,0,True
4698020,2024-01-26,BRONX,40.83611,-73.92238,2,0,True
4698021,2024-01-25,UNKNOWN,40.834465,-73.92311,0,0,True
4698022,2024-01-26,UNKNOWN,40.81915,-73.93062,3,0,True
4698023,2024-01-27,UNKNOWN,40.838997,-73.91073,1,0,True
4698024,2024-01-24,UNKNOWN,,,1,0,False
4698025,2024-01-24,BROOKLYN,40.68339,-73.977806,0,0,True
4698026,2024-01-27,UNKNOWN,,,1,0,False
4698027,2024-01-24,BRONX,40.862778,-73.906166,0,0,True
4698028,2024-01-24,UNKNOWN,,,0,0,False
4698029,2024-01-26,UNKNOWN,40.85792,-73.872574,1,0,True
4698030,2024-01-26,BRONX,40.848755,-73.898705,1,0,True
4698031,2024-01-25,BRONX,40.853462,-73.88939,1,0,True
4698032,2024-01-24,BRONX,40.85819,-73.88435,0,0,True
4698033,2024-01-24,BRONX,40.85579,-73.881,0,0,True
4698034,2024-01-23,BROOKLYN,40.610653,-73.95355,1,0,True
4698035,2024-01-26,BROOKLYN,40.664566,-73.93544,0,0,True
4698036,2024-01-26,BROOKLYN,40.58573,-73.95175,3,0,True
4698037,2024-01-26,STATEN ISLAND,40.62036,-74.08166,0,0,True
4698038,2024-01-27,UNKNOWN,40.725174,-73.83739,2,0,True
4698039,2024-01-21,STATEN ISLAND,40.619007,-74.13148,1,0,True
4698040,2024-01-26,QUEENS,40.727245,-73.86377,0,0,True
4698041,2024-01-26,UNKNOWN,40.737682,-73.85206,0,0,True
4698042,2024-01-26,UNKNOWN,40.739357,-73.89103,1,0,True
4698043,2024-01-26,UNKNOWN,40.72973,-73.91183,1,0,True
4698044,2024-01-26,QUEENS,40.743645,-73.95124,0,0,True
4698045,2024-01-26,QUEENS,40.74046,-73.93727,1,0,True
4698046,2024-01-27,BROOKLYN,40.65945,-73.9384,0,0,True
4698047,2024-01-26,BROOKLYN,40.667824,-73.93122,1,0,True
4698048,2024-01-26,QUEENS,,,1,0,False
4698049,2024-01-26,QUEENS,40.599598,-73.76132,1,0,True
4698050,2024-01-21,BRONX,40.840633,-73.915184,1,0,True
4698051,2024-01-26,BRONX,40.830845,-73.93154,0,0,True
4698052,2024-01-22,QUEENS,40.609535,-73.75372,1,0,True
4698053,2024-01-27,QUEENS,40.7202,-73.7927,0,0,True
4698054,2024-01-24,BRONX,40.844944,-73.917404,1,0,True
4698055,2024-01-25,UNKNOWN,40.59497,-73.76071,0,0,True
4698056,2024-01-26,QUEENS,40.714622,-73.90117,1,0,True
4698057,2024-01-27,BROOKLYN,40.603844,-73.98782,0,0,True
4698058,2024-01-26,BROOKLYN,40.60059,-73.96137,0,1,True
4698059,2024-01-26,BROOKLYN,40.692123,-73.98904,1,0,True
4698060,2024-01-25,BROOKLYN,40.69349,-73.97917,2,0,True
4698061,2024-01-27,QUEENS,40.597706,-73.784805,1,0,True
4698062,2024-01-27,BROOKLYN,40.629276,-73.90255,0,0,True
4698063,2024-01-27,UNKNOWN,40.65133,-73.90607,3,0,True
4698064,2024-01-25,UNKNOWN,40.63082,-73.88636,3,0,True
4698065,2024-01-26,MANHATTAN,40.82077,-73.95459,1,0,True
4698066,2024-01-26,UNKNOWN,,,0,0,False
4698067,2024-01-26,MANHATTAN,40.80328,-73.93612,0,0,True
4698068,2024-01-19,MANHATTAN,40.799984,-73.944855,1,0,True
4698069,2024-01-23,MANHATTAN,40.8025,-73.93896,0,0,True
4698070,2024-01-26,UNKNOWN,40.762966,-73.9819,1,0,True
4698071,2024-01-25,MANHATTAN,40.765015,-73.98484,0,0,True
4698072,2024-01-27,MANHATTAN,40.763374,-73.99647,0,0,True
4698073,2024-01-25,MANHATTAN,40.766403,-73.99424,0,0,True
4698075,2024-01-26,MANHATTAN,40.767395,-73.99634,2,0,True
4698076,2024-01-27,QUEENS,,,0,0,False
4698077,2024-01-25,UNKNOWN,40.71895,-73.805885,1,0,True
4698078,2024-01-27,MANHATTAN,40.75958,-73.984375,0,0,True
4698079,2024-01-27,UNKNOWN,40.749283,-73.756645,0,0,True
4698080,2024-01-26,QUEENS,40.77139,-73.73489,0,0,True
4698081,2024-01-25,QUEENS,40.748863,-73.892715,0,0,True
4698082,2024-01-27,BROOKLYN,40.619465,-74.02288,1,0,True
4698083,2024-01-27,UNKNOWN,40.7389,-73.73378,0,0,True
4698084,2024-01-25,UNKNOWN,40.666157,-73.79904,0,0,True
4698085,2024-01-26,QUEENS,40.66758,-73.737404,1,0,True
4698086,2024-01-25,QUEENS,40.680935,-73.73574,2,0,True
4698087,2024-01-27,QUEENS,40.72159,-73.75027,0,0,True
4698088,2024-01-26,UNKNOWN,40.78029,-73.94386,2,0,True
4698089,2024-01-25,UNKNOWN,40.767612,-73.950005,0,0,True
4698090,2024-01-27,BROOKLYN,40.67422,-74.011185,0,0,True
4698091,2024-01-26,UNKNOWN,40.686077,-74.00038,0,0,True
4698092,2024-01-27,BROOKLYN,40.628162,-73.94137,0,0,True
4698093,2024-01-27,QUEENS,40.717678,-73.81713,0,0,True
4698094,2024-01-27,BROOKLYN,40.625973,-73.97624,0,0,True
4698095,2024-01-27,BROOKLYN,40.63283,-74.00516,1,0,True
4698096,2024-01-27,QUEENS,40.691628,-73.811874,0,0,True
4698097,2024-01-26,BROOKLYN,40.70908,-73.9575,0,0,True
4698098,2024-01-25,BROOKLYN,40.7118,-73.94224,1,0,True
4698099,2024-01-26,BROOKLYN,40.70166,-73.961464,1,0,True
4698100,2024-01-27,BROOKLYN,40.71721,-73.93471,0,0,True
4698101,2024-01-26,UNKNOWN,40.586117,-73.93604,1,0,True
4698102,2024-01-24,UNKNOWN,40.592815,-73.90808,0,0,True
4698103,2024-01-25,BROOKLYN,40.707653,-73.93984,1,0,True
4698104,2024-01-27,BROOKLYN,40.70955,-73.95886,1,0,True
4698105,2024-01-27,UNKNOWN,40.635345,-74.13522,0,0,True
4698106,2024-01-26,UNKNOWN,40.63461,-74.15807,0,0,True
4698107,2024-01-27,UNKNOWN,40.57397,-74.16992,3,0,True
4698108,2024-01-27,UNKNOWN,40.61503,-74.15738,0,0,True
4698109,2024-01-27,BROOKLYN,40.701637,-73.942276,0,0,True
4698110,2024-01-26,BROOKLYN,40.707706,-73.94705,0,0,True
4698111,2024-01-27,BROOKLYN,40.653454,-73.89761,1,0,True
4698112,2024-01-27,BROOKLYN,40.650146,-73.89393,0,0,True
4698113,2024-01-24,BROOKLYN,40.63574,-73.90853,0,0,True
4698114,2024-01-26,UNKNOWN,,,1,0,False
4698115,2024-01-27,BROOKLYN,40.652557,-73.96043,0,0,True
4698116,2024-01-27,QUEENS,40.73772,-73.93352,0,0,True
4698117,2024-01-27,UNKNOWN,40.742043,-73.95436,0,0,True
4698118,2024-01-25,UNKNOWN,40.74478,-73.93262,1,0,True
4698119,2024-01-27,QUEENS,40.73972,-73.92295,1,0,True
4698120,2024-01-27,BROOKLYN,40.63909,-74.01858,0,0,True
4698121,2024-01-26,BROOKLYN,40.642605,-74.01981,1,0,True
4698122,2024-01-15,BROOKLYN,40.648746,-73.97484,0,0,True
4698123,2024-01-27,UNKNOWN,40.593525,-73.99628,3,0,True
4698124,2024-01-28,BROOKLYN,40.7138,-73.93319,2,0,True
4698125,2024-01-27,UNKNOWN,40.60507,-73.97913,0,0,True
4698126,2024-01-28,BROOKLYN,40.630363,-74.00414,1,0,True
4698127,2024-01-17,UNKNOWN,,,0,0,False
4698128,2024-01-22,MANHATTAN,40.727547,-74.00728,1,0,True
4698129,2024-01-23,MANHATTAN,40.721165,-74.00528,0,0,True
4698130,2024-01-27,UNKNOWN,,,1,0,False
4698131,2024-01-24,MANHATTAN,40.70495,-74.01156,1,0,True
4698132,2024-01-24,MANHATTAN,40.72298,-74.01161,1,0,True
4698133,2024-01-26,MANHATTAN,40.725773,-74.00091,1,0,True
4698134,2024-01-26,MANHATTAN,40.72805,-74.00721,1,0,True
4698135,2024-01-22,QUEENS,40.59808,-73.820114,0,0,True
4698136,2024-01-27,BRONX,40.82557,-73.931175,0,0,True
4698137,2024-01-28,BROOKLYN,40.63205,-73.896866,1,0,True
4698138,2024-01-25,BROOKLYN,40.681152,-73.97368,0,0,True
4698139,2024-01-25,BROOKLYN,40.61748,-73.96482,1,0,True
4698140,2024-01-25,BROOKLYN,40.628098,-73.99575,1,0,True
4698141,2024-01-22,BROOKLYN,40.682148,-73.982864,1,0,True
4698142,2024-01-23,BROOKLYN,40.68442,-73.97839,0,0,True
4698143,2024-01-25,BROOKLYN,40.667145,-73.981384,0,0,True
4698144,2024-01-27,BROOKLYN,40.681503,-73.974236,1,0,True
4698145,2024-01-26,BROOKLYN,40.67146,-73.97779,0,0,True
4698146,2024-01-23,BROOKLYN,40.667336,-73.99124,1,0,True
4698147,2024-01-25,BROOKLYN,40.66684,-73.986725,0,0,True
4698148,2024-01-26,UNKNOWN,,,1,0,False
4698149,2024-01-24,BROOKLYN,40.623863,-73.95117,0,0,True
4698150,2024-01-24,BROOKLYN,40.622696,-73.961716,2,0,True
4698151,2024-01-27,UNKNOWN,40.593124,-73.79148,1,0,True
4698152,2024-01-25,BROOKLYN,40.632618,-73.94745,1,0,True
4698153,2024-01-26,BROOKLYN,40.6334,-73.94825,0,0,True
4698154,2024-01-22,BROOKLYN,40.68342,-73.97545,0,0,True
4698155,2024-01-25,BROOKLYN,40.677048,-73.98004,1,0,True
4698156,2024-01-25,BROOKLYN,40.68342,-73.97552,1,0,True
4698157,2024-01-26,BROOKLYN,40.679405,-73.98168,0,0,True
4698158,2024-01-25,MANHATTAN,40.732845,-73.995926,1,0,True
4698159,2024-01-27,UNKNOWN,40.73264,-74.008644,0,0,True
4698160,2024-01-15,BROOKLYN,40.63323,-73.964806,1,0,True
4698161,2024-01-27,MANHATTAN,40.719204,-73.99037,1,0,True
4698162,2024-01-28,MANHATTAN,40.72104,-73.98407,0,0,True
4698163,2024-01-25,BROOKLYN,40.58794,-73.97434,0,0,True
4698164,2024-01-25,UNKNOWN,40.57741,-73.96237,0,0,True
4698165,2024-01-26,UNKNOWN,40.58381,-73.96938,0,0,True
4698166,2024-01-26,QUEENS,40.75333,-73.90657,1,0,True
4698167,2024-01-25,UNKNOWN,40.57987,-73.95667,0,0,True
4698168,2024-01-26,BROOKLYN,40.58667,-73.966156,0,0,True
4698169,2024-01-26,BROOKLYN,40.57698,-73.981575,1,0,True
4698170,2024-01-26,UNKNOWN,40.76197,-73.92539,0,0,True
4698171,2024-01-27,BROOKLYN,40.587902,-73.98954,0,0,True
4698172,2024-01-27,UNKNOWN,40.58217,-73.95896,0,0,True
4698173,2024-01-27,BROOKLYN,40.589043,-73.98381,1,0,True
4698174,2024-01-27,UNKNOWN,40.583626,-73.98407,0,0,True
4698175,2024-01-27,BROOKLYN,40.640503,-73.95564,0,0,True
4698177,2024-01-26,QUEENS,40.75844,-73.93816,1,0,True
4698178,2024-01-26,QUEENS,40.77479,-73.91232,1,0,True
4698179,2024-01-27,QUEENS,40.776962,-73.9024,0,0,True
4698180,2024-01-28,BROOKLYN,40.59631,-73.99751,1,0,True
4698181,2024-01-28,UNKNOWN,40.62794,-74.137596,1,0,True
4698182,2024-01-27,UNKNOWN,40.768684,-73.90668,1,0,True
4698183,2024-01-27,QUEENS,40.769253,-73.92223,1,0,True
4698184,2024-01-27,UNKNOWN,40.67965,-73.9048,0,0,True
4698185,2024-01-27,UNKNOWN,40.699436,-73.91229,0,0,True
4698186,2024-01-28,BROOKLYN,40.700245,-73.92089,0,0,True
4698187,2024-01-27,UNKNOWN,40.701912,-73.93699,1,0,True
4698188,2024-01-26,UNKNOWN,40.691353,-73.92142,0,0,True
4698189,2024-01-26,BROOKLYN,40.69321,-73.91256,1,0,True
4698190,2024-01-24,BROOKLYN,40.643425,-73.94588,0,0,True
4698191,2024-01-24,BROOKLYN,40.658478,-73.92818,1,0,True
4698192,2024-01-19,BROOKLYN,40.618206,-73.96103,0,0,True
4698193,2024-01-24,BROOKLYN,40.708694,-73.92071,0,0,True
4698194,2024-01-12,BROOKLYN,40.625492,-73.95855,1,0,True
4698195,2024-01-28,MANHATTAN,40.758007,-73.96625,0,0,True
4698196,2024-01-25,UNKNOWN,40.745056,-73.978615,0,0,True
4698197,2024-01-20,BROOKLYN,40.650856,-73.9486,1,0,True
4698198,2024-01-23,BROOKLYN,40.632885,-73.94771,0,0,True
4698199,2024-01-27,BROOKLYN,40.64189,-73.95252,0,0,True
4698200,2024-01-20,BROOKLYN,40.64537,-73.94511,0,0,True
4698201,2024-01-26,BROOKLYN,40.659485,-73.918304,0,0,True
4698202,2024-01-27,BROOKLYN,40.665386,-73.92338,1,0,True
4698203,2024-01-26,BROOKLYN,40.644592,-73.944084,1,0,True
4698204,2024-01-25,UNKNOWN,,,0,0,False
4698205,2024-01-27,MANHATTAN,40.720043,-73.99907,0,0,True
4698206,2024-01-25,BROOKLYN,40.654312,-73.91759,0,0,True
4698207,2024-01-26,MANHATTAN,40.741344,-73.99853,0,0,True
4698208,2024-01-09,BROOKLYN,40.658394,-73.91557,1,0,True
4698209,2024-01-18,BROOKLYN,40.637215,-73.93274,2,0,True
4698210,2024-01-28,UNKNOWN,40.652554,-73.92078,0,0,True
4698211,2024-01-28,BROOKLYN,40.650585,-74.00461,0,0,True
4698212,2024-01-28,UNKNOWN,40.761204,-73.75539,1,0,True
4698213,2024-01-12,BROOKLYN,40.65704,-73.91969,0,0,True
4698214,2024-01-27,MANHATTAN,40.759525,-73.99925,0,0,True
4698215,2024-01-27,BROOKLYN,40.636448,-73.94513,0,0,True
4698216,2024-01-26,MANHATTAN,40.8188,-73.956024,3,0,True
4698217,2024-01-27,UNKNOWN,40.840977,-73.916016,0,0,True
4698218,2024-01-20,UNKNOWN,40.82639,-73.95436,4,0,True
4698219,2024-01-28,BRONX,40.825413,-73.923485,2,0,True
4698220,2024-01-28,UNKNOWN,40.83836,-73.92493,0,0,True
4698221,2024-01-25,MANHATTAN,40.830154,-73.941666,1,0,True
4698222,2024-01-28,UNKNOWN,40.843975,-73.913864,0,0,True
4698223,2024-01-26,BRONX,40.8313,-73.84458,1,0,True
4698224,2024-01-26,BRONX,40.83938,-73.85862,0,0,True
4698225,2024-01-28,BRONX,40.83757,-73.85446,0,0,True
4698226,2024-01-27,UNKNOWN,40.830822,-73.87343,4,0,True
4698227,2024-01-26,MANHATTAN,40.718304,-73.987404,0,0,True
4698228,2024-01-26,UNKNOWN,40.824074,-73.85979,1,0,True
4698229,2024-01-28,UNKNOWN,40.715927,-73.80889,1,0,True
4698230,2024-01-28,BROOKLYN,40.610386,-73.965355,0,0,True
4698231,2024-01-21,UNKNOWN,40.82325,-73.88277,1,0,True
4698232,2024-01-26,MANHATTAN,40.74573,-73.98022,0,0,True
4698233,2024-01-26,MANHATTAN,40.754204,-73.994255,0,0,True
4698234,2024-01-26,MANHATTAN,40.74753,-73.98831,1,0,True
4698235,2024-01-26,MANHATTAN,40.7469,-73.98843,0,0,True
4698236,2024-01-26,MANHATTAN,,,1,0,False
4698237,2024-01-26,MANHATTAN,40.743263,-73.98202,1,0,True
4698238,2024-01-26,MANHATTAN,40.757645,-73.98949,0,0,True
4698239,2024-01-28,BROOKLYN,40.699707,-73.95718,0,0,True
4698240,2024-01-26,MANHATTAN,40.749977,-73.99507,0,0,True
4698241,2024-01-26,MANHATTAN,40.75241,-73.978355,0,0,True
4698242,2024-01-26,MANHATTAN,40.756207,-73.99136,0,0,True
4698243,2024-01-26,MANHATTAN,40.720432,-74.00675,0,0,True
4698244,2024-01-27,UNKNOWN,40.693172,-73.94878,0,0,True
4698245,2024-01-23,QUEENS,40.75578,-73.92049,0,0,True
4698246,2024-01-24,BROOKLYN,40.686653,-73.95339,0,0,True
4698247,2024-01-27,QUEENS,40.777252,-73.89799,0,0,True
4698248,2024-01-25,UNKNOWN,40.690563,-73.94536,0,0,True
4698249,2024-01-01,BROOKLYN,40.691708,-73.94849,1,0,True
4698250,2024-01-23,BROOKLYN,40.692547,-73.95964,0,0,True
4698251,2024-01-27,UNKNOWN,40.765766,-73.90347,0,0,True
4698252,2024-01-24,UNKNOWN,40.678154,-73.94416,0,0,True
4698253,2024-01-26,UNKNOWN,40.691624,-73.942665,1,0,True
4698254,2024-01-25,UNKNOWN,40.692356,-73.94282,1,0,True
4698255,2024-01-27,BROOKLYN,40.693256,-73.94797,0,0,True
4698256,2024-01-28,UNKNOWN,40.608433,-74.15544,0,0,True
4698257,2024-01-24,UNKNOWN,40.749283,-73.756645,2,0,True
4698258,2024-01-28,QUEENS,40.75808,-73.777885,0,0,True
4698259,2024-01-27,UNKNOWN,40.754208,-73.812225,1,0,True
4698260,2024-01-26,UNKNOWN,,,1,0,False
4698261,2024-01-26,QUEENS,40.76465,-73.823494,2,0,True
4698262,2024-01-27,QUEENS,40.75987,-73.83179,0,0,True
4698263,2024-01-28,UNKNOWN,40.788692,-73.85061,0,0,True
4698264,2024-01-24,QUEENS,40.75923,-73.712425,0,0,True
4698265,2024-01-28,UNKNOWN,40.712727,-73.72899,1,0,True
4698266,2024-01-24,QUEENS,40.751858,-73.82637,1,0,True
4698267,2024-01-27,UNKNOWN,40.76727,-73.82905,0,0,True
4698268,2024-01-27,QUEENS,40.745304,-73.82595,0,0,True
4698269,2024-01-27,QUEENS,40.72926,-73.71064,0,0,True
4698270,2024-01-28,UNKNOWN,40.672688,-73.73544,0,0,True
4698271,2024-01-28,UNKNOWN,40.6674,-73.773636,0,0,True
4698272,2024-01-24,QUEENS,40.731705,-73.71803,0,0,True
4698273,2024-01-27,QUEENS,40.746906,-73.86371,1,0,True
4698274,2024-01-28,QUEENS,40.7614,-73.8329,2,0,True
4698275,2024-01-28,BROOKLYN,40.678104,-73.9432,0,0,True
4698276,2024-01-24,UNKNOWN,40.69882,-73.95797,0,0,True
4698277,2024-01-26,BROOKLYN,40.67948,-73.93291,0,0,True
4698278,2024-01-22,BROOKLYN,40.683655,-73.9337,0,0,True
4698279,2024-01-22,BROOKLYN,40.666813,-73.886,0,0,True
4698280,2024-01-26,BROOKLYN,40.680893,-73.871376,0,0,True
4698281,2024-01-24,BROOKLYN,40.668266,-73.88116,4,0,True
4698282,2024-01-22,BROOKLYN,40.67601,-73.88567,0,0,True
4698283,2024-01-26,BROOKLYN,40.64962,-73.874306,0,0,True
4698284,2024-01-27,BROOKLYN,40.674397,-73.896515,0,0,True
4698285,2024-01-23,UNKNOWN,40.67385,-73.90024,0,0,True
4698286,2024-01-27,UNKNOWN,40.670193,-73.878876,0,0,True
4698287,2024-01-25,BROOKLYN,40.675655,-73.87928,1,0,True
4698288,2024-01-27,BROOKLYN,40.6735,-73.88503,0,0,True
4698289,2024-01-25,BROOKLYN,40.684273,-73.87238,0,0,True
4698290,2024-01-25,BROOKLYN,40.67315,-73.896194,0,0,True
4698291,2024-01-27,UNKNOWN,,,1,0,False
4698292,2024-01-26,BROOKLYN,40.66682,-73.88166,0,0,True
4698293,2024-01-27,BROOKLYN,40.669064,-73.86557,0,0,True
4698294,2024-01-28,BROOKLYN,40.675735,-73.89686,0,0,True
4698295,2024-01-26,BROOKLYN,40.67006,-73.890564,0,0,True
4698296,2024-01-27,BROOKLYN,40.660652,-73.86577,0,0,True
4698297,2024-01-26,BROOKLYN,40.665543,-73.894264,1,0,True
4698298,2024-01-27,BROOKLYN,40.67981,-73.8917,0,0,True
4698299,2024-01-28,BROOKLYN,40.670193,-73.88969,0,0,True
4698300,2024-01-27,QUEENS,40.765266,-73.81517,1,0,True
4698301,2024-01-27,QUEENS,40.77984,-73.84061,0,0,True
4698302,2024-01-27,UNKNOWN,40.757797,-73.79494,1,0,True
4698303,2024-01-27,QUEENS,40.74552,-73.83544,1,0,True
4698304,2024-01-28,UNKNOWN,40.761547,-73.83113,0,0,True
4698305,2024-01-28,UNKNOWN,40.76471,-73.830696,0,0,True
4698306,2024-01-28,UNKNOWN,40.764084,-73.83336,0,0,True
4698307,2024-01-23,UNKNOWN,40.768253,-73.806694,2,0,True
4698308,2024-01-27,MANHATTAN,40.759624,-73.99548,0,0,True
4698309,2024-01-27,MANHATTAN,40.761875,-74.00085,1,0,True
4698310,2024-01-27,MANHATTAN,40.741734,-74.00309,0,0,True
4698311,2024-01-21,MANHATTAN,,,2,0,False
4698312,2024-01-27,MANHATTAN,40.75449,-74.006744,0,0,True
4698313,2024-01-28,MANHATTAN,40.747223,-74.00305,1,0,True
4698314,2024-01-20,BROOKLYN,40.674297,-73.944534,3,0,True
4698315,2024-01-28,MANHATTAN,40.756527,-73.994026,0,0,True
4698316,2024-01-26,BROOKLYN,40.67341,-73.93348,3,0,True
4698317,2024-01-26,UNKNOWN,40.66955,-73.94497,0,0,True
4698318,2024-01-27,UNKNOWN,40.670277,-73.92542,0,0,True
4698319,2024-01-28,UNKNOWN,,,1,0,False
4698320,2024-01-27,UNKNOWN,,,2,0,False
4698321,2024-01-25,UNKNOWN,,,0,0,False
4698322,2024-01-24,BROOKLYN,40.6845,-73.92639,1,0,True
4698323,2024-01-24,BROOKLYN,40.688457,-73.98272,1,0,True
4698324,2024-01-22,UNKNOWN,,,0,0,False
4698325,2024-01-27,BROOKLYN,40.677353,-73.94424,0,0,True
4698326,2024-01-26,UNKNOWN,40.670006,-73.95328,0,0,True
4698327,2024-01-28,MANHATTAN,40.71717,-73.99659,0,0,True
4698328,2024-01-27,BROOKLYN,40.666725,-73.902176,0,0,True
4698329,2024-01-27,BROOKLYN,40.66199,-73.9127,0,0,True
4698330,2024-01-27,BROOKLYN,40.669273,-73.922554,0,0,True
4698331,2024-01-27,BROOKLYN,40.675316,-73.90703,0,0,True
4698332,2024-01-26,UNKNOWN,40.657207,-73.9003,0,0,True
4698333,2024-01-26,BROOKLYN,40.680637,-73.907875,0,0,True
4698334,2024-01-28,UNKNOWN,40.677364,-73.90798,0,0,True
4698335,2024-01-28,BROOKLYN,40.673553,-73.91062,0,0,True
4698336,2024-01-28,UNKNOWN,40.60973,-74.122,0,0,True
4698337,2024-01-28,MANHATTAN,40.793556,-73.967026,0,0,True
4698338,2024-01-25,STATEN ISLAND,40.59075,-74.08837,1,0,True
4698339,2024-01-27,STATEN ISLAND,40.565857,-74.11439,0,0,True
4698340,2024-01-26,BRONX,40.889935,-73.83684,0,0,True
4698341,2024-01-26,STATEN ISLAND,40.591022,-74.100914,0,0,True
4698342,2024-01-26,UNKNOWN,40.89111,-73.863045,4,0,True
4698343,2024-01-26,STATEN ISLAND,40.593716,-74.08479,1,0,True
4698344,2024-01-26,BRONX,40.88548,-73.85838,0,0,True
4698345,2024-01-27,STATEN ISLAND,40.559113,-74.15891,0,0,True
4698346,2024-01-27,STATEN ISLAND,40.572456,-74.09338,0,0,True
4698347,2024-01-26,BRONX,40.8919,-73.85265,1,0,True
4698348,2024-01-28,QUEENS,40.74508,-73.86438,1,0,True
4698349,2024-01-27,BRONX,40.88144,-73.864,1,0,True
4698350,2024-01-26,BRONX,40.885708,-73.830284,0,0,True
4698351,2024-01-26,UNKNOWN,40.878998,-73.85858,0,0,True
4698352,2024-01-28,UNKNOWN,40.892128,-73.84719,0,0,True
4698353,2024-01-27,UNKNOWN,40.563915,-74.11637,1,0,True
4698354,2024-01-26,BRONX,40.89816,-73.87482,2,0,True
4698355,2024-01-22,QUEENS,40.750477,-73.815834,0,0,True
4698356,2024-01-28,QUEENS,40.75705,-73.83395,4,0,True
4698357,2024-01-23,BRONX,40.897095,-73.851974,2,0,True
4698358,2024-01-27,UNKNOWN,,,0,0,False
4698359,2024-01-28,QUEENS,40.7673,-73.794556,1,0,True
4698360,2024-01-26,BROOKLYN,40.68287,-74.00178,0,0,True
4698361,2024-01-28,QUEENS,40.757214,-73.78312,0,0,True
4698362,2024-01-20,MANHATTAN,40.83976,-73.94071,0,0,True
4698363,2024-01-26,QUEENS,40.737785,-73.92263,1,0,True
4698364,2024-01-28,UNKNOWN,,,0,0,False
4698365,2024-01-28,QUEENS,40.73973,-73.70625,1,0,True
4698366,2024-01-28,QUEENS,40.678417,-73.729225,1,0,True
4698367,2024-01-28,UNKNOWN,40.69078,-73.72728,1,0,True
4698368,2024-01-28,UNKNOWN,,,0,0,False
4698369,2024-01-26,UNKNOWN,40.89165,-73.86453,4,0,True
4698370,2024-01-22,UNKNOWN,40.87683,-73.86472,1,0,True
4698371,2024-01-26,UNKNOWN,40.89163,-73.85184,0,0,True
4698372,2024-01-26,MANHATTAN,40.832237,-73.942505,1,0,True
4698373,2024-01-28,UNKNOWN,40.773033,-73.9822,1,0,True
4698374,2024-01-21,MANHATTAN,40.78028,-73.98153,1,0,True
4698375,2024-01-25,UNKNOWN,40.680847,-73.92563,0,0,True
4698376,2024-01-28,MANHATTAN,40.7373,-73.983536,0,0,True
4698377,2024-01-28,BROOKLYN,40.68186,-73.98828,0,0,True
4698378,2024-01-27,BROOKLYN,40.68231,-74.00711,0,0,True
4698379,2024-01-28,MANHATTAN,40.817318,-73.94255,0,0,True
4698380,2024-01-26,QUEENS,40.759018,-73.884094,0,0,True
4698381,2024-01-18,QUEENS,40.712452,-73.882065,1,0,True
4698382,2024-01-26,UNKNOWN,,,1,0,False
4698383,2024-01-24,QUEENS,40.704124,-73.90992,1,0,True
4698384,2024-01-27,QUEENS,40.708652,-73.91957,1,0,True
4698385,2024-01-27,QUEENS,40.707222,-73.9127,1,0,True
4698386,2024-01-27,QUEENS,40.714424,-73.914246,1,0,True
4698387,2024-01-27,QUEENS,40.704742,-73.86016,0,0,True
4698388,2024-01-27,QUEENS,40.705223,-73.87857,0,0,True
4698389,2024-01-27,QUEENS,40.691433,-73.89063,0,0,True
4698390,2024-01-28,QUEENS,40.710182,-73.908485,0,0,True
4698391,2024-01-28,QUEENS,40.698433,-73.903366,1,0,True
4698392,2024-01-28,QUEENS,40.714695,-73.91019,0,0,True
4698393,2024-01-05,BRONX,,,0,0,False
4698394,2024-01-28,UNKNOWN,40.7122,-73.86208,0,0,True
4698395,2024-01-28,BROOKLYN,40.66629,-73.87268,0,0,True
4698396,2024-01-28,BROOKLYN,40.686886,-73.87908,2,0,True
4698397,2024-01-28,UNKNOWN,40.67118,-73.89181,1,0,True
4698398,2024-01-28,BROOKLYN,40.669456,-73.86284,6,0,True
4698399,2024-01-28,BROOKLYN,40.67258,-73.89122,1,0,True
4698400,2024-01-28,BROOKLYN,40.66447,-73.89593,1,0,True
4698401,2024-01-28,BROOKLYN,40.657814,-73.89613,0,0,True
4698402,2024-01-27,UNKNOWN,40.696556,-73.98091,0,0,True
4698403,2024-01-12,BRONX,40.836945,-73.838684,0,0,True
4698404,2024-01-21,BRONX,40.869118,-73.83048,0,0,True
4698405,2024-01-26,UNKNOWN,,,1,0,False
4698406,2024-01-24,BRONX,40.850693,-73.85051,1,0,True
4698407,2024-01-22,BRONX,40.86942,-73.825714,1,0,True
4698408,2024-01-28,UNKNOWN,,,0,0,False
4698409,2024-01-28,BROOKLYN,40.65203,-74.01009,1,0,True
4698410,2024-01-26,BROOKLYN,40.6481,-73.91474,3,0,True
4698411,2024-01-28,UNKNOWN,40.639675,-73.931046,3,0,True
4698412,2024-01-02,BROOKLYN,40.641422,-73.94086,2,0,True
4698413,2024-01-19,BROOKLYN,40.651775,-73.917206,1,0,True
4698414,2024-01-19,BROOKLYN,40.655865,-73.92981,0,0,True
4698415,2024-01-28,BROOKLYN,40.709534,-73.964035,1,0,True
4698416,2024-01-27,BROOKLYN,40.703,-73.94425,2,0,True
4698417,2024-01-28,UNKNOWN,40.673992,-73.73508,1,0,True
4698418,2024-01-27,BROOKLYN,40.6082,-73.920715,1,0,True
4698419,2024-01-28,UNKNOWN,,,0,0,False
4698420,2024-01-28,QUEENS,40.746914,-73.94532,0,0,True
4698421,2024-01-27,BROOKLYN,40.60763,-73.929,1,0,True
4698422,2024-01-28,BROOKLYN,40.63362,-73.91878,0,0,True
4698423,2024-01-28,QUEENS,40.722683,-73.8197,1,0,True
4698424,2024-01-28,QUEENS,40.714947,-73.81613,0,0,True
4698425,2024-01-28,UNKNOWN,40.726444,-73.76579,0,0,True
4698426,2024-01-27,BROOKLYN,40.62847,-73.94525,0,0,True
4698427,2024-01-28,UNKNOWN,40.61394,-73.92053,1,0,True
4698428,2024-01-16,UNKNOWN,,,5,0,False
4698429,2024-01-05,UNKNOWN,,,0,0,False
4698430,2024-01-28,MANHATTAN,40.804886,-73.96248,0,0,True
4698431,2024-01-28,UNKNOWN,40.63073,-74.01734,1,0,True
4698432,2024-01-25,UNKNOWN,40.856358,-73.826515,0,0,True
4698433,2024-01-17,UNKNOWN,,,1,0,False
4698434,2024-01-28,BROOKLYN,40.63358,-74.00483,1,0,True
4698435,2024-01-27,MANHATTAN,40.751984,-73.967545,0,0,True
4698436,2024-01-22,UNKNOWN,,,0,0,False
4698437,2024-01-28,BRONX,40.89009,-73.8604,0,0,True
4698438,2024-01-28,UNKNOWN,40.75588,-73.92371,0,0,True
4698439,2024-01-28,QUEENS,40.75443,-73.916084,0,0,True
4698440,2024-01-24,BRONX,40.877476,-73.83661,1,0,True
4698441,2024-01-28,QUEENS,40.768436,-73.91996,0,0,True
4698442,2024-01-28,QUEENS,40.77229,-73.915405,0,0,True
4698443,2024-01-28,QUEENS,40.76751,-73.91073,0,0,True
4698444,2024-01-28,QUEENS,40.767128,-73.93003,1,0,True
4698445,2024-01-26,UNKNOWN,,,0,0,False
4698446,2024-01-29,UNKNOWN,40.750965,-73.94027,0,0,True
4698447,2024-01-28,BROOKLYN,40.662132,-73.911736,1,0,True
4698448,2024-01-28,BROOKLYN,40.656273,-73.90731,0,0,True
4698449,2024-01-26,UNKNOWN,40.76085,-73.923004,1,0,True
4698450,2024-01-28,QUEENS,40.737614,-73.87655,1,0,True
4698451,2024-01-28,UNKNOWN,40.743973,-73.8851,1,0,True
4698452,2024-01-23,QUEENS,40.770824,-73.9032,1,0,True
4698453,2024-01-28,BROOKLYN,40.64359,-73.90471,1,0,True
4698454,2024-01-28,BROOKLYN,40.637657,-73.89687,1,0,True
4698455,2024-01-28,BROOKLYN,40.67221,-73.92802,1,0,True
4698456,2024-01-27,BRONX,40.83448,-73.9244,1,0,True
4698457,2024-01-29,BROOKLYN,40.664383,-73.95099,0,0,True
4698458,2024-01-24,BROOKLYN,40.668175,-73.95245,0,0,True
4698459,2024-01-28,QUEENS,40.706043,-73.87889,1,0,True
4698460,2024-01-24,QUEENS,40.70041,-73.90368,0,0,True
4698461,2024-01-24,QUEENS,40.7122,-73.86208,0,0,True
4698462,2024-01-27,BROOKLYN,40.65743,-73.9451,0,0,True
4698463,2024-01-27,QUEENS,40.70932,-73.90581,1,0,True
4698464,2024-01-28,QUEENS,40.714622,-73.90117,0,0,True
4698465,2024-01-19,UNKNOWN,40.714,-73.90244,1,0,True
4698466,2024-01-22,UNKNOWN,40.781387,-73.95213,0,0,True
4698467,2024-01-25,QUEENS,40.704468,-73.7928,0,0,True
4698468,2024-01-25,MANHATTAN,40.763546,-73.969345,1,0,True
4698469,2024-01-18,QUEENS,40.71307,-73.75362,0,0,True
4698470,2024-01-27,QUEENS,40.693,-73.8027,0,0,True
4698471,2024-01-23,QUEENS,40.705257,-73.807785,0,0,True
4698472,2024-01-27,MANHATTAN,40.76687,-73.959785,1,0,True
4698473,2024-01-22,MANHATTAN,40.77437,-73.963554,1,0,True
4698474,2024-01-27,BROOKLYN,40.588512,-73.949356,1,0,True
4698475,2024-01-28,QUEENS,40.689465,-73.79888,0,0,True
4698476,2024-01-28,UNKNOWN,40.590786,-73.806625,0,0,True
4698477,2024-01-28,QUEENS,40.614586,-73.82139,1,0,True
4698478,2024-01-28,BROOKLYN,40.583565,-73.94944,1,0,True
4698479,2024-01-27,BROOKLYN,40.605675,-73.966965,1,0,True
4698480,2024-01-27,BROOKLYN,40.590748,-73.968376,2,0,True
4698481,2024-01-28,UNKNOWN,40.791466,-73.97411,0,0,True
4698482,2024-01-24,QUEENS,40.699627,-73.80529,0,0,True
4698483,2024-01-28,UNKNOWN,40.862732,-73.90333,0,0,True
4698484,2024-01-27,BROOKLYN,40.590298,-73.97239,1,0,True
4698485,2024-01-27,BROOKLYN,40.600082,-73.96591,1,0,True
4698486,2024-01-27,BROOKLYN,40.600082,-73.96591,2,0,True
4698487,2024-01-27,QUEENS,40.6882,-73.813416,3,0,True
4698488,2024-01-27,UNKNOWN,40.86234,-73.910995,3,0,True
4698489,2024-01-25,BRONX,40.863735,-73.90912,0,0,True
4698490,2024-01-28,QUEENS,40.66252,-73.84071,0,0,True
4698491,2024-01-29,BRONX,40.831974,-73.9235,1,0,True
4698492,2024-01-27,UNKNOWN,40.68375,-73.81692,0,0,True
4698493,2024-01-28,QUEENS,40.682537,-73.80716,0,0,True
4698494,2024-01-28,UNKNOWN,,,0,0,False
4698495,2024-01-24,UNKNOWN,40.812893,-73.92013,1,0,True
4698496,2024-01-27,QUEENS,40.674896,-73.80745,0,0,True
4698497,2024-01-25,UNKNOWN,40.754986,-73.74535,1,0,True
4698498,2024-01-22,BRONX,40.879055,-73.87439,0,0,True
4698499,2024-01-28,QUEENS,40.67785,-73.84872,0,0,True
4698500,2024-01-26,UNKNOWN,40.683804,-73.833534,1,0,True
4698501,2024-01-28,BROOKLYN,40.709225,-73.923225,1,0,True
4698502,2024-01-29,UNKNOWN,,,1,0,False
4698503,2024-01-26,QUEENS,40.657906,-73.845375,1,0,True
4698504,2024-01-26,BRONX,40.868282,-73.90108,1,0,True
4698505,2024-01-27,QUEENS,40.673573,-73.857124,2,0,True
4698506,2024-01-28,BRONX,40.835518,-73.86112,1,0,True
4698507,2024-01-26,QUEENS,40.666855,-73.80425,0,0,True
4698508,2024-01-25,BRONX,,,0,0,False
4698509,2024-01-28,QUEENS,40.667896,-73.82752,0,0,True
4698510,2024-01-29,UNKNOWN,40.67452,-73.80321,1,0,True
4698511,2024-01-27,UNKNOWN,40.66929,-73.842445,0,0,True
4698512,2024-01-28,UNKNOWN,40.849403,-73.871445,0,0,True
4698513,2024-01-26,STATEN ISLAND,40.576504,-74.1037,1,0,True
4698514,2024-01-29,UNKNOWN,40.59018,-74.10089,0,0,True
4698515,2024-01-27,QUEENS,40.679005,-73.819595,0,0,True
4698516,2024-01-27,BRONX,40.869007,-73.8975,0,0,True
4698517,2024-01-28,BRONX,40.874477,-73.89164,0,0,True
4698518,2024-01-22,BROOKLYN,40.64298,-73.96054,1,0,True
4698519,2024-01-28,BRONX,40.863785,-73.90028,0,0,True
4698520,2024-01-29,UNKNOWN,40.59553,-73.99886,1,0,True
4698521,2024-01-29,BROOKLYN,40.6402,-73.9621,0,0,True
4698522,2024-01-27,UNKNOWN,40.664913,-73.818665,0,0,True
4698523,2024-01-28,BROOKLYN,40.599323,-73.99656,0,0,True
4698524,2024-01-28,BROOKLYN,40.6045,-73.98673,0,0,True
4698525,2024-01-24,UNKNOWN,40.79978,-73.96821,0,0,True
4698526,2024-01-18,BROOKLYN,40.61464,-73.99859,0,0,True
4698527,2024-01-29,UNKNOWN,,,1,0,False
4698528,2024-01-28,QUEENS,40.677654,-73.82866,4,0,True
4698529,2024-01-27,UNKNOWN,40.688774,-73.817635,0,0,True
4698530,2024-01-28,QUEENS,40.735645,-73.853584,0,0,True
4698531,2024-01-28,QUEENS,40.67144,-73.84506,0,0,True
4698532,2024-01-27,UNKNOWN,40.708324,-73.84314,0,0,True
4698533,2024-01-26,QUEENS,40.684418,-73.85946,0,0,True
4698534,2024-01-27,QUEENS,40.68644,-73.849785,0,0,True
4698535,2024-01-19,MANHATTAN,40.810856,-73.939026,1,0,True
4698536,2024-01-27,MANHATTAN,40.803024,-73.93632,0,0,True
4698537,2024-01-22,BRONX,40.82755,-73.91847,0,0,True
4698538,2024-01-27,MANHATTAN,40.80111,-73.96522,1,0,True
4698539,2024-01-27,UNKNOWN,40.704945,-73.852905,0,0,True
4698540,2024-01-27,QUEENS,40.717724,-73.83585,0,0,True
4698541,2024-01-22,QUEENS,40.68496,-73.84926,0,0,True
4698542,2024-01-27,UNKNOWN,40.721226,-73.8267,1,0,True
4698543,2024-01-28,QUEENS,40.699455,-73.83543,0,0,True
4698544,2024-01-25,UNKNOWN,40.71314,-73.833496,1,0,True
4698545,2024-01-28,QUEENS,40.73319,-73.76177,0,0,True
4698546,2024-01-28,BROOKLYN,40.677563,-73.93309,0,0,True
4698547,2024-01-27,QUEENS,40.69933,-73.83292,2,0,True
4698548,2024-01-29,QUEENS,40.67172,-73.850975,1,0,True
4698549,2024-01-25,UNKNOWN,40.620438,-74.1672,2,0,True
4698550,2024-01-25,MANHATTAN,40.784515,-73.94983,1,0,True
4698551,2024-01-28,UNKNOWN,40.68005,-73.94327,1,0,True
4698552,2024-01-25,UNKNOWN,40.610508,-74.09576,1,0,True
4698553,2024-01-19,UNKNOWN,40.620438,-74.1672,0,0,True
4698554,2024-01-26,UNKNOWN,40.625313,-74.17835,1,0,True
4698555,2024-01-27,UNKNOWN,40.610165,-74.1072,0,0,True
4698556,2024-01-28,BROOKLYN,40.70377,-73.93116,0,0,True
4698557,2024-01-29,QUEENS,40.693794,-73.898926,0,0,True
4698558,2024-01-29,BROOKLYN,40.60143,-74.00514,0,0,True
4698559,2024-01-26,BROOKLYN,40.61901,-73.98686,1,0,True
4698560,2024-01-26,BROOKLYN,40.60398,-73.98807,1,0,True
4698561,2024-01-26,STATEN ISLAND,40.543335,-74.164276,1,0,True
4698562,2024-01-27,STATEN ISLAND,40.50775,-74.23007,0,0,True
4698563,2024-01-28,STATEN ISLAND,40.536674,-74.23746,0,0,True
4698564,2024-01-26,BROOKLYN,40.59793,-73.9855,1,0,True
4698565,2024-01-28,BRONX,40.84152,-73.8746,0,0,True
4698566,2024-01-24,BRONX,40.851906,-73.83466,0,0,True
4698567,2024-01-25,BROOKLYN,40.5908,-73.99186,1,0,True
4698568,2024-01-28,UNKNOWN,40.69907,-73.93548,1,0,True
4698569,2024-01-28,UNKNOWN,40.695114,-73.911865,0,0,True
4698570,2024-01-28,BROOKLYN,40.699627,-73.923836,2,0,True
4698571,2024-01-27,UNKNOWN,40.695713,-73.926506,0,0,True
4698572,2024-01-29,QUEENS,40.697403,-73.83641,1,0,True
4698573,2024-01-29,BROOKLYN,40.59676,-73.99559,0,0,True
4698574,2024-01-29,BROOKLYN,40.64029,-73.994804,1,0,True
4698575,2024-01-26,QUEENS,40.673298,-73.789894,1,0,True
4698576,2024-01-27,UNKNOWN,,,2,0,False
4698577,2024-01-12,QUEENS,40.697525,-73.746826,0,0,True
4698578,2024-01-08,STATEN ISLAND,40.6038,-74.090515,0,0,True
4698579,2024-01-26,QUEENS,40.69797,-73.753784,0,0,True
4698580,2024-01-18,QUEENS,40.666965,-73.76256,0,0,True
4698581,2024-01-25,UNKNOWN,40.66645,-73.75764,0,0,True
4698582,2024-01-26,QUEENS,,,1,0,False
4698583,2024-01-27,QUEENS,40.674778,-73.765625,1,0,True
4698584,2024-01-25,UNKNOWN,40.706215,-73.75648,1,0,True
4698585,2024-01-29,BROOKLYN,40.60337,-73.979836,1,0,True
4698586,2024-01-27,BROOKLYN,40.64875,-73.92905,0,0,True
4698587,2024-01-28,MANHATTAN,40.783096,-73.956184,0,0,True
4698588,2024-01-29,UNKNOWN,40.516335,-74.23283,1,0,True
4698589,2024-01-27,MANHATTAN,40.739567,-73.99525,2,0,True
4698590,2024-01-27,BRONX,40.842117,-73.88786,0,0,True
4698591,2024-01-28,BRONX,40.844902,-73.89011,1,0,True
4698592,2024-01-28,UNKNOWN,40.84678,-73.8838,1,0,True
4698593,2024-01-28,BRONX,40.846592,-73.881065,0,0,True
4698594,2024-01-27,BRONX,40.855244,-73.8839,0,0,True
4698595,2024-01-28,BROOKLYN,40.664112,-73.94777,0,0,True
4698596,2024-01-28,BROOKLYN,40.71196,-73.9407,1,0,True
4698597,2024-01-28,UNKNOWN,40.786495,-73.79463,0,0,True
4698598,2024-01-29,UNKNOWN,40.70317,-73.9327,0,0,True
4698599,2024-01-28,UNKNOWN,40.78165,-73.83778,1,0,True
4698600,2024-01-29,BRONX,40.86667,-73.884636,0,0,True
4698601,2024-01-26,BROOKLYN,40.623856,-73.92257,0,0,True
4698602,2024-01-20,MANHATTAN,40.800945,-73.9463,0,0,True
4698603,2024-01-21,MANHATTAN,40.808445,-73.945,0,0,True
4698604,2024-01-24,BROOKLYN,40.64775,-73.9066,0,0,True
4698605,2024-01-28,QUEENS,40.791515,-73.85155,0,0,True
4698606,2024-01-28,UNKNOWN,40.743866,-73.82568,0,0,True
4698607,2024-01-29,QUEENS,40.769604,-73.828636,0,0,True
4698608,2024-01-29,UNKNOWN,40.76465,-73.823494,1,0,True
4698609,2024-01-26,BROOKLYN,40.63787,-73.90963,2,0,True
4698610,2024-01-29,UNKNOWN,40.75161,-73.813545,0,0,True
4698611,2024-01-27,BROOKLYN,40.634575,-73.90596,0,0,True
4698612,2024-01-28,UNKNOWN,40.626408,-74.01852,3,0,True
4698613,2024-01-29,QUEENS,40.783226,-73.83862,1,0,True
4698614,2024-01-29,UNKNOWN,40.638264,-74.021095,1,0,True
4698615,2024-01-27,MANHATTAN,40.80075,-73.94887,0,0,True
4698616,2024-01-20,UNKNOWN,40.7605,-73.95699,0,0,True
4698617,2024-01-25,BROOKLYN,40.687183,-73.9766,1,0,True
4698618,2024-01-23,UNKNOWN,40.79536,-73.96942,1,0,True
4698619,2024-01-27,BROOKLYN,40.624172,-73.90907,0,0,True
4698620,2024-01-24,BRONX,40.817387,-73.92277,0,0,True
4698621,2024-01-24,BROOKLYN,,,0,0,False
4698622,2024-01-27,BROOKLYN,40.615696,-73.98915,0,0,True
4698623,2024-01-23,BROOKLYN,40.695854,-73.98198,0,0,True
4698624,2024-01-20,BRONX,40.8097,-73.90304,0,0,True
4698625,2024-01-15,BRONX,40.82319,-73.889496,1,0,True
4698626,2024-01-26,BRONX,40.813095,-73.89827,0,0,True
4698627,2024-01-26,UNKNOWN,40.815662,-73.88702,0,0,True
4698628,2024-01-27,BRONX,40.813667,-73.8918,0,0,True
4698629,2024-01-28,BRONX,40.82184,-73.91572,0,0,True
4698630,2024-01-28,BROOKLYN,40.63898,-74.00954,1,0,True
4698631,2024-01-28,BRONX,40.81221,-73.896164,0,0,True
4698632,2024-01-29,BRONX,40.813095,-73.89827,0,0,True
4698633,2024-01-29,BRONX,40.895374,-73.86356,0,0,True
4698634,2024-01-29,BRONX,40.80967,-73.89302,0,0,True
4698635,2024-01-29,UNKNOWN,40.696213,-73.97528,0,0,True
4698636,2024-01-27,UNKNOWN,40.712727,-73.72899,1,0,True
4698637,2024-01-28,UNKNOWN,40.667915,-73.996414,0,0,True
4698638,2024-01-25,MANHATTAN,40.7366,-73.98185,0,0,True
4698639,2024-01-24,UNKNOWN,,,1,0,False
4698640,2024-01-27,UNKNOWN,40.852383,-73.90365,0,0,True
4698641,2024-01-27,QUEENS,40.688652,-73.83623,0,0,True
4698642,2024-01-28,UNKNOWN,40.696213,-73.97528,0,0,True
4698643,2024-01-29,QUEENS,40.734196,-73.78355,0,0,True
4698644,2024-01-27,UNKNOWN,,,1,0,False
4698645,2024-01-29,MANHATTAN,0.0,0.0,0,0,False
4698646,2024-01-28,UNKNOWN,40.80503,-73.956825,0,0,True
4698647,2024-01-25,BROOKLYN,40.69312,-73.96882,1,0,True
4698648,2024-01-26,BRONX,40.85025,-73.9007,1,0,True
4698649,2024-01-20,BRONX,40.858707,-73.9037,0,0,True
4698650,2024-01-28,UNKNOWN,40.76217,-73.7568,0,0,True
4698651,2024-01-29,BROOKLYN,40.628994,-73.9962,0,0,True
4698652,2024-01-25,BROOKLYN,40.68631,-73.97445,1,0,True
4698653,2024-01-26,BROOKLYN,40.686817,-73.97821,1,0,True
4698654,2024-01-25,UNKNOWN,40.71091,-73.85373,0,0,True
4698655,2024-01-28,BRONX,40.898563,-73.85866,0,0,True
4698656,2024-01-11,UNKNOWN,40.68107,-73.94972,1,0,True
4698657,2024-01-29,STATEN ISLAND,40.549374,-74.152664,1,0,True
4698658,2024-01-26,MANHATTAN,40.739086,-73.99139,0,0,True
4698659,2024-01-22,MANHATTAN,40.760925,-73.99454,1,0,True
4698660,2024-01-29,UNKNOWN,,,0,0,False
4698661,2024-01-27,UNKNOWN,40.86135,-73.89774,1,0,True
4698662,2024-01-29,BRONX,40.87695,-73.86461,0,0,True
4698663,2024-01-27,BROOKLYN,40.646553,-74.01575,3,0,True
4698664,2024-01-25,MANHATTAN,40.714344,-73.99958,0,0,True
4698665,2024-01-28,MANHATTAN,,,2,0,False
4698666,2024-01-26,QUEENS,40.69366,-73.85217,1,0,True
4698667,2024-01-27,BROOKLYN,40.637505,-73.914185,2,1,True
4698668,2024-01-29,QUEENS,40.696136,-73.8338,1,0,True
4698669,2024-01-25,UNKNOWN,40.681118,-73.96443,0,0,True
4698670,2024-01-19,BROOKLYN,40.673832,-73.95293,1,0,True
4698672,2024-01-29,MANHATTAN,40.813953,-73.956764,0,0,True
4698673,2024-01-29,MANHATTAN,40.815113,-73.95501,2,0,True
4698674,2024-01-17,BROOKLYN,40.675903,-73.86667,1,0,True
4698675,2024-01-28,UNKNOWN,40.846466,-73.94516,1,0,True
4698676,2024-01-29,MANHATTAN,40.83933,-73.94342,0,0,True
4698677,2024-01-17,BROOKLYN,40.61889,-73.96406,0,0,True
4698678,2024-01-28,MANHATTAN,40.844246,-73.93372,3,0,True
4698679,2024-01-29,BROOKLYN,40.621994,-73.94598,1,0,True
4698680,2024-01-29,UNKNOWN,40.711132,-73.80041,0,0,True
4698681,2024-01-22,BRONX,40.90348,-73.85035,0,0,True
4698682,2024-01-29,BROOKLYN,40.61165,-73.99774,0,0,True
4698683,2024-01-27,QUEENS,40.754776,-73.85376,0,0,True
4698684,2024-01-27,QUEENS,40.76121,-73.86723,0,0,True
4698685,2024-01-29,QUEENS,40.753056,-73.87164,0,0,True
4698686,2024-01-24,QUEENS,40.75624,-73.87887,2,0,True
4698687,2024-01-29,UNKNOWN,40.686916,-73.97737,0,0,True
4698688,2024-01-27,QUEENS,40.764072,-73.88314,0,0,True
4698689,2024-01-27,QUEENS,40.7552,-73.88886,0,0,True
4698690,2024-01-27,UNKNOWN,,,0,0,False
4698691,2024-01-26,QUEENS,40.747444,-73.889656,1,0,True
4698692,2024-01-29,UNKNOWN,40.60437,-74.144394,2,0,True
4698693,2024-01-29,UNKNOWN,40.600147,-74.13078,0,0,True
4698694,2024-01-29,BROOKLYN,40.64454,-73.97533,0,0,True
4698695,2024-01-29,QUEENS,40.756897,-73.88279,0,0,True
4698696,2024-01-28,QUEENS,40.750725,-73.87037,2,0,True
4698697,2024-01-27,QUEENS,40.748222,-73.87835,0,0,True
4698698,2024-01-29,QUEENS,40.747395,-73.92523,0,0,True
4698699,2024-01-29,UNKNOWN,40.719685,-73.81432,1,0,True
4698700,2024-01-29,UNKNOWN,40.67798,-73.872116,0,0,True
4698701,2024-01-29,BROOKLYN,40.647163,-73.88535,0,0,True
4698702,2024-01-25,BROOKLYN,40.680008,-73.89032,2,0,True
4698703,2024-01-29,BROOKLYN,40.667953,-73.87007,1,0,True
4698704,2024-01-25,BROOKLYN,40.671165,-73.895676,1,0,True
4698705,2024-01-28,BROOKLYN,40.658577,-73.89063,0,0,True
4698706,2024-01-28,BROOKLYN,40.680405,-73.88764,1,0,True
4698707,2024-01-29,BROOKLYN,40.669456,-73.865654,0,0,True
4698708,2024-01-29,BROOKLYN,40.676933,-73.8961,0,0,True
4698709,2024-01-29,UNKNOWN,40.786804,-73.98338,0,0,True
4698710,2024-01-27,BROOKLYN,40.682,-73.89134,1,0,True
4698711,2024-01-29,BROOKLYN,40.655994,-73.88655,0,0,True
4698712,2024-01-22,BROOKLYN,40.65698,-73.88943,0,0,True
4698713,2024-01-29,UNKNOWN,40.6228,-74.02836,0,0,True
4698714,2024-01-29,UNKNOWN,40.777092,-73.98211,0,0,True
4698715,2024-01-29,BROOKLYN,40.685223,-73.988716,0,0,True
4698716,2024-01-29,QUEENS,40.72162,-73.854576,0,0,True
4698717,2024-01-29,UNKNOWN,40.76407,-73.80914,0,0,True
4698718,2024-01-28,UNKNOWN,40.761383,-73.8353,0,0,True
4698719,2024-01-27,UNKNOWN,40.669476,-73.919975,0,0,True
4698720,2024-01-16,UNKNOWN,40.675545,-73.91101,1,0,True
4698721,2024-01-29,BROOKLYN,40.66533,-73.90578,0,0,True
4698722,2024-01-29,BROOKLYN,40.701958,-73.95122,1,0,True
4698723,2024-01-29,BROOKLYN,40.643196,-73.98142,1,0,True
4698724,2024-01-29,UNKNOWN,40.76465,-73.823494,2,0,True
4698725,2024-01-28,UNKNOWN,40.71572,-73.825745,2,0,True
4698726,2024-01-29,UNKNOWN,40.667778,-73.80127,0,0,True
4698727,2024-01-29,BROOKLYN,40.6849,-73.91633,0,0,True
4698728,2024-01-28,UNKNOWN,40.61526,-74.16017,0,0,True
4698729,2024-01-29,UNKNOWN,40.590706,-74.165794,0,0,True
4698730,2024-01-29,UNKNOWN,40.608852,-74.15334,1,0,True
4698731,2024-01-28,UNKNOWN,40.632927,-74.14305,0,0,True
4698732,2024-01-29,UNKNOWN,,,0,0,False
4698733,2024-01-29,UNKNOWN,40.847965,-73.87145,0,0,True
4698734,2024-01-29,QUEENS,40.742245,-73.86514,0,0,True
4698735,2024-01-29,QUEENS,40.750153,-73.86065,0,0,True
4698736,2024-01-29,QUEENS,40.746693,-73.87676,0,0,True
4698737,2024-01-29,QUEENS,40.73325,-73.8696,0,0,True
4698738,2024-01-29,QUEENS,40.742847,-73.86633,1,0,True
4698739,2024-01-29,QUEENS,40.7433,-73.8675,2,0,True
4698740,2024-01-30,UNKNOWN,40.66479,-73.82047,0,0,True
4698741,2024-01-29,QUEENS,40.659702,-73.83136,1,0,True
4698742,2024-01-29,QUEENS,40.674175,-73.81975,2,0,True
4698744,2024-01-29,MANHATTAN,40.748917,-73.993546,1,0,True
4698745,2024-01-28,QUEENS,40.73251,-73.857056,1,0,True
4698746,2024-01-29,QUEENS,40.733616,-73.85253,0,0,True
4698747,2024-01-30,UNKNOWN,40.72025,-73.834305,1,0,True
4698748,2024-01-29,MANHATTAN,40.759586,-73.968056,1,0,True
4698749,2024-01-17,MANHATTAN,40.745068,-73.97258,0,0,True
4698750,2024-01-26,BROOKLYN,40.590126,-73.96537,0,0,True
4698751,2024-01-29,BROOKLYN,40.586285,-73.93211,2,0,True
4698752,2024-01-29,MANHATTAN,40.77882,-73.953995,0,0,True
4698753,2024-01-28,QUEENS,40.761246,-73.76294,1,0,True
4698754,2024-01-29,UNKNOWN,40.754986,-73.74535,0,0,True
4698755,2024-01-29,UNKNOWN,40.744465,-73.77179,1,0,True
4698756,2024-01-29,UNKNOWN,40.74738,-73.76171,0,0,True
4698757,2024-01-30,QUEENS,40.770466,-73.78016,0,0,True
4698758,2024-01-29,UNKNOWN,40.74613,-73.83605,3,0,True
4698759,2024-01-21,BRONX,40.818893,-73.91653,0,0,True
4698760,2024-01-29,BROOKLYN,40.623222,-73.956955,2,0,True
4698761,2024-01-24,MANHATTAN,40.772343,-73.95269,1,0,True
4698762,2024-01-28,BRONX,40.81287,-73.91617,0,0,True
4698763,2024-01-28,QUEENS,40.600357,-73.74861,0,0,True
4698764,2024-01-29,UNKNOWN,40.67887,-73.92165,2,0,True
4698765,2024-01-25,QUEENS,40.72442,-73.81063,0,0,True
4698766,2024-01-28,BROOKLYN,40.655758,-74.008354,0,0,True
4698767,2024-01-28,BROOKLYN,40.65476,-74.00724,1,0,True
4698768,2024-01-29,UNKNOWN,40.667076,-73.99508,1,0,True
4698769,2024-01-28,QUEENS,40.75888,-73.93011,1,0,True
4698770,2024-01-09,UNKNOWN,,,1,0,False
4698771,2024-01-29,BROOKLYN,40.672222,-73.97383,0,0,True
4698772,2024-01-29,BRONX,40.81505,-73.92427,0,0,True
4698773,2024-01-30,BROOKLYN,40.679314,-73.98176,0,0,True
4698774,2024-01-28,MANHATTAN,40.78148,-73.95625,0,0,True
4698775,2024-01-27,MANHATTAN,40.783657,-73.94972,0,0,True
4698776,2024-01-29,UNKNOWN,40.770054,-73.914406,0,0,True
4698777,2024-01-28,BROOKLYN,40.663345,-73.98123,1,0,True
4698778,2024-01-24,MANHATTAN,40.78795,-73.93819,0,0,True
4698779,2024-01-19,STATEN ISLAND,40.61648,-74.08431,0,0,True
4698780,2024-01-29,BRONX,40.84479,-73.91587,1,0,True
4698781,2024-01-29,BRONX,40.861862,-73.91275,0,0,True
4698782,2024-01-29,MANHATTAN,40.7878,-73.94953,0,0,True
4698783,2024-01-26,BRONX,40.860916,-73.90352,1,0,True
4698784,2024-01-29,UNKNOWN,40.879864,-73.87596,1,0,True
4698785,2024-01-29,MANHATTAN,40.798412,-73.939705,2,0,True
4698786,2024-01-25,UNKNOWN,40.79672,-73.97618,1,0,True
4698787,2024-01-29,UNKNOWN,40.79423,-73.94695,0,0,True
4698788,2024-01-29,UNKNOWN,40.609463,-73.97419,0,0,True
4698789,2024-01-27,BROOKLYN,40.605278,-73.98114,0,0,True
4698790,2024-01-29,MANHATTAN,40.718143,-73.993835,0,0,True
4698791,2024-01-29,BROOKLYN,40.613205,-73.982086,0,0,True
4698792,2024-01-29,UNKNOWN,40.62103,-74.16894,0,0,True
4698793,2024-01-30,UNKNOWN,40.82499,-73.91662,1,0,True
4698794,2024-01-28,BROOKLYN,40.591545,-73.98133,0,0,True
4698795,2024-01-29,UNKNOWN,40.578938,-73.98522,0,0,True
4698796,2024-01-28,UNKNOWN,40.58327,-73.96006,1,0,True
4698797,2024-01-30,QUEENS,40.753,-73.825516,0,0,True
4698798,2024-01-24,MANHATTAN,40.793194,-73.94769,0,0,True
4698799,2024-01-23,UNKNOWN,40.78614,-73.93929,0,0,True
4698800,2024-01-27,MANHATTAN,40.71755,-73.99932,0,0,True
4698801,2024-01-29,BROOKLYN,40.582497,-73.95738,1,0,True
4698802,2024-01-29,MANHATTAN,40.798306,-73.93683,1,0,True
4698803,2024-01-17,MANHATTAN,40.792545,-73.94104,0,0,True
4698804,2024-01-26,UNKNOWN,,,0,0,False
4698805,2024-01-26,MANHATTAN,40.784943,-73.946594,1,0,True
4698806,2024-01-25,UNKNOWN,,,0,0,False
4698807,2024-01-29,UNKNOWN,40.796738,-73.92925,0,0,True
4698808,2024-01-25,BRONX,,,0,0,False
4698809,2024-01-17,BRONX,40.83632,-73.90274,1,0,True
4698810,2024-01-26,UNKNOWN,,,0,0,False
4698811,2024-01-29,MANHATTAN,40.798183,-73.94196,0,0,True
4698812,2024-01-21,BRONX,40.837536,-73.90341,0,0,True
4698813,2024-01-26,BRONX,40.836823,-73.90706,1,0,True
4698814,2024-01-29,MANHATTAN,40.796005,-73.93542,1,0,True
4698815,2024-01-27,UNKNOWN,40.79672,-73.97618,0,0,True
4698816,2024-01-30,UNKNOWN,40.788357,-73.97453,0,0,True
4698817,2024-01-29,BRONX,40.838196,-73.901184,1,0,True
4698818,2024-01-29,BROOKLYN,40.647068,-73.993935,0,0,True
4698819,2024-01-10,UNKNOWN,40.795456,-73.96564,0,0,True
4698820,2024-01-30,UNKNOWN,,,2,0,False
4698821,2024-01-29,BRONX,40.852425,-73.86873,1,0,True
4698822,2024-01-09,UNKNOWN,40.800507,-73.96798,1,0,True
4698823,2024-01-28,UNKNOWN,40.6406,-74.08229,0,0,True
4698824,2024-01-28,STATEN ISLAND,40.624523,-74.11702,2,0,True
4698825,2024-01-28,STATEN ISLAND,40.625515,-74.07498,0,0,True
4698826,2024-01-25,MANHATTAN,40.727875,-74.00543,1,0,True
4698827,2024-01-21,BRONX,40.834064,-73.891884,2,0,True
4698828,2024-01-28,MANHATTAN,40.72553,-74.00411,1,0,True
4698829,2024-01-26,UNKNOWN,40.597267,-73.998665,0,0,True
4698830,2024-01-28,UNKNOWN,40.72625,-74.00374,0,0,True
4698831,2024-01-28,BRONX,40.810726,-73.92465,3,0,True
4698832,2024-01-30,UNKNOWN,40.64075,-74.170425,1,0,True
4698833,2024-01-24,QUEENS,40.580494,-73.83485,1,0,True
4698834,2024-01-28,UNKNOWN,40.592846,-73.79616,2,0,True
4698835,2024-01-03,QUEENS,40.698654,-73.7551,0,0,True
4698836,2024-01-26,QUEENS,40.666008,-73.789536,3,0,True
4698837,2024-01-25,QUEENS,40.680115,-73.75324,1,0,True
4698838,2024-01-29,QUEENS,40.66709,-73.76376,3,0,True
4698839,2024-01-29,QUEENS,40.68627,-73.77382,1,0,True
4698840,2024-01-30,QUEENS,40.700886,-73.74834,0,0,True
4698841,2024-01-24,MANHATTAN,40.73529,-73.98782,0,0,True
4698842,2024-01-25,MANHATTAN,40.741127,-73.97503,0,0,True
4698843,2024-01-26,MANHATTAN,40.741547,-73.98958,1,0,True
4698844,2024-01-29,UNKNOWN,40.749283,-73.756645,2,0,True
4698845,2024-01-29,BROOKLYN,40.663845,-73.994514,0,0,True
4698846,2024-01-28,BROOKLYN,40.654503,-74.00625,0,0,True
4698847,2024-01-29,BROOKLYN,40.641327,-74.00709,1,0,True
4698848,2024-01-29,BROOKLYN,40.64815,-74.010826,2,0,True
4698849,2024-01-21,UNKNOWN,40.642666,-74.02001,2,0,True
4698850,2024-01-30,BROOKLYN,40.65443,-74.00757,0,0,True
4698851,2024-01-28,UNKNOWN,40.700054,-73.92459,0,0,True
4698852,2024-01-29,UNKNOWN,40.700245,-73.92089,0,0,True
4698853,2024-01-29,BRONX,40.855324,-73.86666,0,0,True
4698854,2024-01-26,BRONX,,,0,0,False
4698855,2024-01-30,BROOKLYN,40.695343,-73.98324,0,0,True
4698856,2024-01-29,UNKNOWN,40.69889,-73.91753,0,0,True
4698857,2024-01-30,UNKNOWN,40.69687,-73.923035,0,0,True
4698858,2024-01-29,BROOKLYN,40.696117,-73.905014,1,0,True
4698859,2024-01-29,QUEENS,40.707714,-73.802795,0,0,True
4698860,2024-01-30,UNKNOWN,40.701366,-73.79188,0,0,True
4698861,2024-01-29,UNKNOWN,40.757862,-73.78347,1,0,True
4698862,2024-01-27,BRONX,40.8338,-73.88323,0,0,True
4698863,2024-01-29,QUEENS,40.760098,-73.9214,1,0,True
4698864,2024-01-29,UNKNOWN,,,2,0,False
4698865,2024-01-29,QUEENS,40.769436,-73.73651,0,0,True
4698866,2024-01-29,QUEENS,40.7534,-73.93916,1,0,True
4698867,2024-01-29,UNKNOWN,40.76085,-73.923004,1,0,True
4698868,2024-01-28,QUEENS,40.765194,-73.913925,0,0,True
4698869,2024-01-27,UNKNOWN,,,1,0,False
4698870,2024-01-28,QUEENS,40.771633,-73.90757,1,0,True
4698871,2024-01-27,QUEENS,40.781574,-73.9136,1,0,True
4698872,2024-01-24,BRONX,40.826122,-73.86099,0,0,True
4698873,2024-01-23,UNKNOWN,40.8361,-73.86909,1,0,True
4698874,2024-01-24,BRONX,40.81831,-73.85843,0,0,True
4698875,2024-01-29,BRONX,40.829144,-73.875786,1,0,True
4698876,2024-01-24,BRONX,40.823368,-73.87877,3,0,True
4698877,2024-01-29,BRONX,40.82399,-73.85876,1,0,True
4698878,2024-01-29,UNKNOWN,40.832253,-73.88453,0,0,True
4698879,2024-01-29,BRONX,40.8305,-73.861626,1,0,True
4698880,2024-01-30,QUEENS,40.728283,-73.82941,1,0,True
4698881,2024-01-29,UNKNOWN,40.689426,-73.94223,0,0,True
4698882,2024-01-28,UNKNOWN,40.689102,-73.94507,0,0,True
4698883,2024-01-22,UNKNOWN,40.681137,-73.95567,3,0,True
4698884,2024-01-27,UNKNOWN,40.685844,-73.94732,0,0,True
4698885,2024-01-11,MANHATTAN,40.802494,-73.9409,0,0,True
4698887,2024-01-27,MANHATTAN,40.77074,-73.99455,0,0,True
4698888,2024-01-29,MANHATTAN,40.7588,-73.97204,0,0,True
4698889,2024-01-29,STATEN ISLAND,40.62494,-74.093216,0,0,True
4698890,2024-01-30,STATEN ISLAND,40.63277,-74.09004,2,0,True
4698891,2024-01-29,BROOKLYN,40.6752,-73.950005,0,0,True
4698892,2024-01-30,BROOKLYN,40.67497,-73.92499,0,0,True
4698893,2024-01-29,UNKNOWN,40.724636,-73.887085,1,0,True
4698894,2024-01-27,QUEENS,40.715458,-73.91154,0,0,True
4698895,2024-01-29,BRONX,40.824207,-73.858795,0,0,True
4698896,2024-01-27,UNKNOWN,40.60567,-74.030945,1,0,True
4698897,2024-01-26,UNKNOWN,,,0,0,False
4698898,2024-01-16,UNKNOWN,40.607655,-74.01703,0,0,True
4698899,2024-01-30,UNKNOWN,40.613476,-74.003784,1,0,True
4698900,2024-01-24,MANHATTAN,40.714447,-74.0155,0,0,True
4698901,2024-01-30,QUEENS,40.744328,-73.86225,0,0,True
4698902,2024-01-29,QUEENS,40.739113,-73.88975,0,0,True
4698903,2024-01-30,UNKNOWN,40.737797,-73.8507,1,0,True
4698904,2024-01-23,BROOKLYN,40.69632,-73.960625,0,0,True
4698905,2024-01-29,BRONX,40.863785,-73.90028,1,0,True
4698906,2024-01-30,UNKNOWN,,,0,0,False
4698907,2024-01-29,UNKNOWN,40.667076,-73.78091,1,0,True
4698908,2024-01-30,UNKNOWN,40.5983,-73.94149,1,0,True
4698909,2024-01-29,QUEENS,40.72469,-73.7541,1,0,True
4698910,2024-01-27,QUEENS,40.664978,-73.733345,0,0,True
4698911,2024-01-24,BROOKLYN,40.682644,-73.8757,0,0,True
4698912,2024-01-28,BROOKLYN,40.661385,-73.8841,0,0,True
4698913,2024-01-29,BROOKLYN,40.651688,-73.88877,2,0,True
4698914,2024-01-25,UNKNOWN,40.741734,-73.7283,0,0,True
4698915,2024-01-29,QUEENS,40.67546,-73.73385,0,0,True
4698916,2024-01-29,QUEENS,40.73302,-73.719505,0,0,True
4698917,2024-01-16,QUEENS,40.672375,-73.73643,0,0,True
4698918,2024-01-26,QUEENS,40.676693,-73.74221,0,0,True
4698919,2024-01-30,QUEENS,0.0,0.0,1,0,False
4698920,2024-01-25,QUEENS,40.68476,-73.75663,1,0,True
4698921,2024-01-30,QUEENS,40.72739,-73.74822,1,0,True
4698922,2024-01-30,BRONX,40.85741,-73.846466,0,0,True
4698923,2024-01-30,QUEENS,40.758354,-73.89441,1,0,True
4698924,2024-01-30,QUEENS,40.75595,-73.88165,1,0,True
4698925,2024-01-30,QUEENS,40.763683,-73.87927,1,0,True
4698926,2024-01-15,BRONX,40.85668,-73.90811,0,0,True
4698927,2024-01-29,UNKNOWN,,,1,0,False
4698928,2024-01-29,BROOKLYN,40.623573,-74.01287,1,0,True
4698929,2024-01-30,BRONX,40.84616,-73.84187,1,0,True
4698930,2024-01-29,BROOKLYN,40.67603,-74.01666,0,0,True
4698931,2024-01-27,BROOKLYN,40.636337,-74.028015,0,0,True
4698932,2024-01-29,BROOKLYN,40.63721,-74.02221,0,0,True
4698933,2024-01-29,BROOKLYN,40.63396,-74.01476,0,0,True
4698934,2024-01-29,BROOKLYN,40.616753,-74.027756,0,0,True
4698935,2024-01-25,UNKNOWN,,,0,0,False
4698936,2024-01-30,BROOKLYN,40.6313,-74.01034,1,0,True
4698937,2024-01-29,BRONX,40.82256,-73.87101,0,0,True
4698938,2024-01-29,UNKNOWN,,,0,0,False
4698939,2024-01-28,UNKNOWN,40.894314,-73.86027,2,0,True
4698940,2024-01-24,UNKNOWN,40.852863,-73.90093,0,0,True
4698941,2024-01-26,BROOKLYN,40.695343,-73.98324,0,0,True
4698942,2024-01-29,BROOKLYN,40.61665,-73.93032,0,0,True
4698943,2024-01-30,BROOKLYN,40.617344,-73.906944,1,0,True
4698944,2024-01-30,UNKNOWN,40.66647,-73.882515,1,0,True
4698945,2024-01-29,QUEENS,40.697433,-73.898605,0,0,True
4698946,2024-01-30,BROOKLYN,40.658577,-73.89063,0,0,True
4698947,2024-01-25,UNKNOWN,40.69757,-73.87144,0,0,True
4698948,2024-01-28,MANHATTAN,40.762024,-74.00116,0,0,True
4698949,2024-01-29,MANHATTAN,40.757694,-74.000595,0,0,True
4698950,2024-01-29,MANHATTAN,40.740067,-73.99914,0,0,True
4698951,2024-01-29,MANHATTAN,40.740856,-74.00303,0,0,True
4698952,2024-01-30,UNKNOWN,40.7464,-74.00511,1,0,True
4698953,2024-01-24,MANHATTAN,40.789623,-73.94007,0,0,True
4698954,2024-01-28,QUEENS,40.76942,-73.880295,1,0,True
4698955,2024-01-26,BROOKLYN,40.70694,-73.93957,0,0,True
4698956,2024-01-29,BROOKLYN,40.712463,-73.96598,0,0,True
4698957,2024-01-30,MANHATTAN,40.758224,-73.96607,1,0,True
4698958,2024-01-30,UNKNOWN,,,0,0,False
4698959,2024-01-28,BRONX,40.816273,-73.89287,1,0,True
4698960,2024-01-25,BRONX,40.826256,-73.88881,1,0,True
4698961,2024-01-29,BRONX,40.813095,-73.89827,1,0,True
4698962,2024-01-28,BROOKLYN,40.643425,-73.90736,0,0,True
4698963,2024-01-30,UNKNOWN,40.642242,-73.910774,0,0,True
4698964,2024-01-27,BROOKLYN,40.716717,-73.95467,0,0,True
4698965,2024-01-30,BROOKLYN,40.64808,-73.90178,0,0,True
4698966,2024-01-30,UNKNOWN,40.69689,-73.95564,0,0,True
4698967,2024-01-25,BROOKLYN,40.72747,-73.95291,0,0,True
4698968,2024-01-25,UNKNOWN,40.720787,-73.94651,1,0,True
4698969,2024-01-28,BROOKLYN,40.71894,-73.95654,1,0,True
4698970,2024-01-29,BROOKLYN,40.717354,-73.953995,1,0,True
4698971,2024-01-25,BROOKLYN,40.71983,-73.93769,0,0,True
4698972,2024-01-26,BROOKLYN,40.72422,-73.93088,0,0,True
4698973,2024-01-26,BROOKLYN,40.729347,-73.94512,0,0,True
4698974,2024-01-23,BROOKLYN,40.7285,-73.95039,1,0,True
4698975,2024-01-26,UNKNOWN,40.715927,-73.957634,1,0,True
4698976,2024-01-25,BROOKLYN,40.715866,-73.9556,2,0,True
4698977,2024-01-28,BROOKLYN,40.71755,-73.95878,0,0,True
4698978,2024-01-19,BRONX,40.827087,-73.8862,0,0,True
4698979,2024-01-23,BRONX,40.821514,-73.89796,0,0,True
4698980,2024-01-24,BRONX,40.815754,-73.89529,0,0,True
4698981,2024-01-25,BRONX,40.820503,-73.8881,1,0,True
4698982,2024-01-27,UNKNOWN,40.719566,-73.94561,0,0,True
4698983,2024-01-27,BROOKLYN,40.726227,-73.93499,0,0,True
4698984,2024-01-25,BRONX,40.820187,-73.890686,0,0,True
4698985,2024-01-24,BROOKLYN,40.71891,-73.96455,1,0,True
4698986,2024-01-26,UNKNOWN,40.722576,-73.94049,0,0,True
4698987,2024-01-29,UNKNOWN,40.73277,-73.94282,0,0,True
4698988,2024-01-30,MANHATTAN,40.749825,-73.972206,1,0,True
4698989,2024-01-29,BROOKLYN,40.725777,-73.948814,1,0,True
4698990,2024-01-28,QUEENS,40.747135,-73.89242,0,0,True
4698991,2024-01-25,UNKNOWN,40.788795,-73.93755,0,0,True
4698992,2024-01-27,BRONX,40.812565,-73.88887,0,0,True
4698993,2024-01-30,UNKNOWN,40.62036,-74.03233,1,0,True
4698994,2024-01-30,BROOKLYN,40.63721,-74.02221,1,0,True
4698995,2024-01-29,BROOKLYN,40.61651,-74.02666,1,0,True
4698996,2024-01-30,BROOKLYN,40.63246,-74.009125,0,0,True
4698997,2024-01-30,MANHATTAN,40.76181,-73.99388,0,0,True
4698998,2024-01-29,MANHATTAN,40.759403,-73.98511,1,0,True
4698999,2024-01-30,MANHATTAN,40.767395,-73.99634,0,0,True
4699000,2024-01-27,UNKNOWN,40.66792,-73.94791,0,0,True
4699001,2024-01-30,BROOKLYN,40.682377,-74.00398,2,0,True
4699002,2024-01-28,QUEENS,40.75781,-73.86175,1,0,True
4699003,2024-01-29,BROOKLYN,40.665375,-73.934235,0,0,True
4699004,2024-01-29,BROOKLYN,40.66387,-73.94271,0,0,True
4699005,2024-01-29,UNKNOWN,40.66434,-73.93155,0,0,True
4699006,2024-01-29,BROOKLYN,40.663845,-73.994514,1,0,True
4699007,2024-01-30,UNKNOWN,40.6642,-73.92941,2,0,True
4699008,2024-01-28,BROOKLYN,40.645664,-74.00974,2,0,True
4699009,2024-01-28,BROOKLYN,40.665577,-73.94255,1,0,True
4699010,2024-01-29,UNKNOWN,40.66802,-73.95894,0,0,True
4699011,2024-01-28,UNKNOWN,,,0,0,False
4699012,2024-01-30,MANHATTAN,40.784355,-73.98117,0,0,True
4699013,2024-01-30,BROOKLYN,40.63396,-74.01476,1,0,True
4699014,2024-01-28,QUEENS,40.765675,-73.87678,0,0,True
4699015,2024-01-30,MANHATTAN,40.79546,-73.94604,0,0,True
4699016,2024-01-30,UNKNOWN,40.787506,-73.9383,0,0,True
4699017,2024-01-28,UNKNOWN,,,1,0,False
4699018,2024-01-30,BROOKLYN,40.672947,-73.90926,0,0,True
4699019,2024-01-30,MANHATTAN,40.774143,-73.98682,0,0,True
4699020,2024-01-28,QUEENS,40.794327,-73.82443,0,0,True
4699021,2024-01-30,UNKNOWN,40.786358,-73.794685,2,0,True
4699022,2024-01-30,UNKNOWN,40.786133,-73.824356,0,0,True
4699023,2024-01-30,QUEENS,40.790855,-73.82215,1,0,True
4699024,2024-01-29,UNKNOWN,40.763382,-73.8303,0,0,True
4699025,2024-01-30,QUEENS,40.765873,-73.8089,1,0,True
4699026,2024-01-30,UNKNOWN,,,2,0,False
4699028,2024-01-25,UNKNOWN,40.76635,-73.95103,2,0,True
4699029,2024-01-29,UNKNOWN,40.894093,-73.86266,0,0,True
4699030,2024-01-22,QUEENS,40.746372,-73.914276,0,0,True
4699031,2024-01-28,UNKNOWN,,,1,0,False
4699032,2024-01-27,UNKNOWN,40.73195,-73.863434,1,0,True
4699033,2024-01-29,QUEENS,40.740276,-73.92782,0,0,True
4699034,2024-01-25,QUEENS,40.73688,-73.90564,0,0,True
4699035,2024-01-30,QUEENS,40.74479,-73.91743,1,0,True
4699036,2024-01-30,QUEENS,40.725075,-73.75835,0,0,True
4699037,2024-01-30,QUEENS,40.72013,-73.79038,4,0,True
4699038,2024-01-29,UNKNOWN,,,1,0,False
4699039,2024-01-30,QUEENS,40.73376,-73.93743,1,0,True
4699040,2024-01-30,BROOKLYN,40.714455,-73.96321,0,0,True
4699041,2024-01-24,BROOKLYN,40.7012,-73.93992,1,0,True
4699042,2024-01-25,BROOKLYN,40.705547,-73.967865,0,0,True
4699043,2024-01-31,MANHATTAN,40.759308,-73.9653,3,0,True
4699044,2024-01-26,MANHATTAN,40.759,-73.97054,1,0,True
4699045,2024-01-26,MANHATTAN,40.753,-73.969894,1,0,True
4699046,2024-01-30,BROOKLYN,40.588173,-73.95246,1,0,True
4699047,2024-01-25,MANHATTAN,40.774532,-73.95576,0,0,True
4699048,2024-01-30,BROOKLYN,40.6406,-73.99434,1,0,True
4699049,2024-01-29,MANHATTAN,40.762177,-73.96613,0,0,True
4699050,2024-01-30,UNKNOWN,,,0,0,False
4699051,2024-01-30,QUEENS,40.581295,-73.847984,1,0,True
4699052,2024-01-31,QUEENS,40.611275,-73.81919,0,0,True
4699053,2024-01-30,UNKNOWN,,,1,0,False
4699054,2024-01-30,QUEENS,40.670876,-73.82274,1,0,True
4699055,2024-01-31,BROOKLYN,40.6771,-73.92479,0,0,True
4699056,2024-01-21,MANHATTAN,40.720318,-74.01218,1,0,True
4699057,2024-01-29,UNKNOWN,40.618805,-74.00182,1,0,True
4699058,2024-01-30,BROOKLYN,40.602432,-73.996956,0,0,True
4699059,2024-01-30,UNKNOWN,40.771736,-73.96125,0,0,True
4699060,2024-01-31,QUEENS,40.70493,-73.81262,0,0,True
4699061,2024-01-30,QUEENS,40.74209,-73.854324,0,0,True
4699062,2024-01-30,QUEENS,40.73995,-73.878525,0,0,True
4699063,2024-01-25,UNKNOWN,40.680088,-73.94398,1,0,True
4699064,2024-01-21,STATEN ISLAND,40.619026,-74.12795,0,0,True
4699065,2024-01-28,BROOKLYN,40.68375,-73.95899,0,0,True
4699066,2024-01-30,QUEENS,40.73602,-73.87954,0,0,True
4699067,2024-01-29,UNKNOWN,40.6972,-73.952934,0,0,True
4699068,2024-01-30,STATEN ISLAND,40.527668,-74.23023,0,0,True
4699069,2024-01-28,STATEN ISLAND,40.516907,-74.240814,3,0,True
4699070,2024-01-30,UNKNOWN,40.838196,-73.901184,2,0,True
4699071,2024-01-30,BROOKLYN,40.655693,-74.003006,0,0,True
4699072,2024-01-28,BRONX,40.831795,-73.89845,0,0,True
4699073,2024-01-26,UNKNOWN,,,0,0,False
4699074,2024-01-11,BRONX,40.83171,-73.90893,1,0,True
4699075,2024-01-29,BRONX,40.835056,-73.903656,0,0,True
4699076,2024-01-30,BRONX,40.831383,-73.906845,0,0,True
4699077,2024-01-29,UNKNOWN,40.621563,-74.16849,0,0,True
4699078,2024-01-31,BRONX,40.82705,-73.89856,1,0,True
4699079,2024-01-30,QUEENS,40.700497,-73.90021,1,0,True
4699080,2024-01-30,QUEENS,40.71338,-73.859665,2,0,True
4699081,2024-01-30,UNKNOWN,40.6884,-73.95118,0,0,True
4699082,2024-01-30,UNKNOWN,40.729755,-74.00217,1,0,True
4699083,2024-01-31,BROOKLYN,40.63613,-73.97274,2,0,True
4699084,2024-01-31,UNKNOWN,40.651863,-73.86536,0,0,True
4699085,2024-01-29,BROOKLYN,40.638603,-73.94827,0,0,True
4699086,2024-01-30,BROOKLYN,40.641365,-73.94179,1,0,True
4699087,2024-01-31,STATEN ISLAND,40.561882,-74.09997,0,0,True
4699088,2024-01-30,QUEENS,40.734863,-73.862656,0,0,True
4699089,2024-01-30,MANHATTAN,40.754177,-73.984604,1,0,True
4699090,2024-01-30,BROOKLYN,40.642056,-73.945724,0,0,True
4699091,2024-01-30,UNKNOWN,40.7528,-73.979294,0,0,True
4699092,2024-01-31,UNKNOWN,40.549427,-74.16019,0,0,True
4699093,2024-01-31,UNKNOWN,40.75537,-73.98746,0,0,True
4699094,2024-01-26,UNKNOWN,40.80751,-73.93413,0,0,True
4699095,2024-01-30,UNKNOWN,,,0,0,False
4699096,2024-01-30,MANHATTAN,40.80738,-73.93944,1,0,True
4699097,2024-01-30,BROOKLYN,40.66384,-73.8784,0,0,True
4699098,2024-01-30,BROOKLYN,40.676327,-73.86547,1,0,True
4699099,2024-01-30,UNKNOWN,0.0,0.0,1,0,False
4699100,2024-01-31,BROOKLYN,40.65766,-73.89705,1,0,True
4699101,2024-01-31,BROOKLYN,40.675804,-73.869156,1,0,True
4699102,2024-01-31,QUEENS,40.70439,-73.796875,0,0,True
4699103,2024-01-30,BROOKLYN,40.686314,-73.87393,0,0,True
4699104,2024-01-26,QUEENS,40.70026,-73.80868,0,0,True
4699106,2024-01-31,UNKNOWN,40.826427,-73.950455,0,0,True
4699107,2024-01-26,MANHATTAN,40.82754,-73.943245,0,0,True
4699108,2024-01-21,BROOKLYN,40.634434,-73.94091,0,0,True
4699109,2024-01-26,UNKNOWN,40.82465,-73.94623,0,0,True
4699110,2024-01-24,BROOKLYN,40.654316,-73.922165,0,0,True
4699111,2024-01-29,UNKNOWN,40.824562,-73.948105,0,0,True
4699112,2024-01-30,BROOKLYN,40.651733,-73.93039,1,0,True
4699114,2024-01-30,STATEN ISLAND,40.61744,-74.06644,0,0,True
4699115,2024-01-31,QUEENS,40.718647,-73.83399,0,0,True
4699116,2024-01-31,MANHATTAN,40.715157,-74.00848,0,0,True
4699117,2024-01-29,BRONX,40.85705,-73.89043,0,0,True
4699118,2024-01-29,BRONX,40.848606,-73.8898,1,0,True
4699119,2024-01-31,UNKNOWN,,,1,0,False
4699120,2024-01-31,UNKNOWN,0.0,0.0,0,0,False
4699121,2024-01-29,BRONX,40.845642,-73.90211,0,0,True
4699122,2024-01-29,BRONX,40.850304,-73.85137,1,0,True
4699123,2024-01-29,BRONX,40.866028,-73.86258,0,0,True
4699124,2024-01-31,QUEENS,40.67172,-73.850975,3,0,True
4699125,2024-01-31,QUEENS,40.76314,-73.75978,0,0,True
4699126,2024-01-31,UNKNOWN,40.782887,-73.9439,3,0,True
4699127,2024-01-31,STATEN ISLAND,40.54443,-74.165405,1,0,True
4699128,2024-01-30,STATEN ISLAND,40.60792,-74.08921,1,0,True
4699129,2024-01-30,UNKNOWN,40.754147,-73.722885,0,0,True
4699130,2024-01-30,BROOKLYN,40.697838,-73.97078,0,0,True
4699131,2024-01-03,QUEENS,40.707237,-73.79271,0,0,True
4699132,2024-01-30,QUEENS,40.723083,-73.72817,0,0,True
4699133,2024-01-30,UNKNOWN,40.573204,-74.09711,0,0,True
4699134,2024-01-26,UNKNOWN,,,1,0,False
4699135,2024-01-29,STATEN ISLAND,40.587635,-74.091125,0,0,True
4699136,2024-01-28,MANHATTAN,40.75271,-73.99074,1,0,True
4699137,2024-01-29,MANHATTAN,40.75348,-73.980896,0,0,True
4699138,2024-01-30,BRONX,40.84233,-73.88041,0,0,True
4699139,2024-01-29,STATEN ISLAND,40.598484,-74.06513,0,0,True
4699140,2024-01-27,MANHATTAN,40.761875,-74.00085,1,0,True
4699141,2024-01-26,QUEENS,40.722088,-73.75798,0,0,True
4699142,2024-01-31,UNKNOWN,40.758533,-73.98885,0,0,True
4699143,2024-01-26,UNKNOWN,40.74955,-74.00654,1,0,True
4699144,2024-01-29,STATEN ISLAND,40.560318,-74.166115,0,0,True
4699145,2024-01-30,BRONX,40.8726,-73.85455,0,0,True
4699146,2024-01-30,BROOKLYN,40.70004,-73.9361,4,0,True
4699147,2024-01-31,BROOKLYN,40.641388,-73.989075,1,0,True
4699148,2024-01-29,BRONX,40.85695,-73.885414,0,0,True
4699149,2024-01-30,UNKNOWN,40.696037,-73.968414,0,0,True
4699150,2024-01-29,BRONX,40.837524,-73.866936,0,0,True
4699151,2024-01-30,BRONX,40.837124,-73.869125,0,0,True
4699152,2024-01-31,BROOKLYN,40.69811,-73.91713,0,0,True
4699153,2024-01-29,UNKNOWN,40.75967,-73.92725,1,0,True
4699154,2024-01-29,BROOKLYN,40.685947,-73.95943,0,0,True
4699155,2024-01-27,UNKNOWN,40.75182,-73.93834,0,0,True
4699156,2024-01-30,QUEENS,40.76854,-73.911194,1,0,True
4699157,2024-01-31,UNKNOWN,40.729176,-73.87898,0,0,True
4699158,2024-01-30,UNKNOWN,40.70403,-73.81711,0,0,True
4699159,2024-01-31,QUEENS,40.702515,-73.89412,0,0,True
4699160,2024-01-30,UNKNOWN,40.712833,-73.82741,0,0,True
4699161,2024-01-30,QUEENS,40.69444,-73.815125,0,0,True
4699162,2024-01-28,BRONX,40.823334,-73.90574,0,0,True
4699163,2024-01-30,UNKNOWN,40.606457,-73.76098,2,0,True
4699164,2024-01-24,UNKNOWN,40.824738,-73.95435,0,0,True
4699165,2024-01-24,UNKNOWN,40.821262,-73.94608,2,0,True
4699166,2024-01-31,QUEENS,40.606125,-73.75479,0,0,True
4699167,2024-01-23,MANHATTAN,40.830845,-73.947235,0,0,True
4699168,2024-01-25,MANHATTAN,40.82664,-73.94306,1,0,True
4699169,2024-01-29,QUEENS,40.747654,-73.87072,0,0,True
4699170,2024-01-30,QUEENS,40.598354,-73.74833,0,0,True
4699171,2024-01-16,BRONX,40.81373,-73.9221,0,0,True
4699172,2024-01-28,MANHATTAN,40.80479,-73.95629,0,0,True
4699173,2024-01-31,UNKNOWN,40.63082,-73.88636,0,0,True
4699174,2024-01-28,MANHATTAN,40.807854,-73.94914,0,0,True
4699175,2024-01-31,UNKNOWN,40.7303,-73.810905,0,0,True
4699176,2024-01-22,BRONX,40.818798,-73.89213,2,0,True
4699177,2024-01-30,UNKNOWN,,,0,0,False
4699178,2024-01-31,UNKNOWN,40.698193,-73.98558,1,0,True
4699179,2024-01-28,BRONX,40.840366,-73.88926,0,0,True
4699180,2024-01-31,BROOKLYN,40.69605,-73.98509,0,0,True
4699181,2024-01-16,QUEENS,40.677998,-73.79663,2,0,True
4699182,2024-01-23,UNKNOWN,,,0,0,False
4699183,2024-01-24,UNKNOWN,,,0,0,False
4699184,2024-01-24,QUEENS,40.667713,-73.77792,0,0,True
4699185,2024-01-30,QUEENS,40.69955,-73.747734,1,0,True
4699186,2024-01-27,QUEENS,40.592575,-73.800896,0,0,True
4699187,2024-01-26,QUEENS,40.72711,-73.72126,0,0,True
4699188,2024-01-29,QUEENS,40.749462,-73.901665,0,0,True
4699189,2024-01-31,UNKNOWN,40.73701,-73.89993,1,0,True
4699190,2024-01-31,BROOKLYN,40.62436,-73.99886,1,0,True
4699191,2024-01-31,BRONX,40.876854,-73.86164,1,0,True
4699192,2024-01-31,BRONX,40.874428,-73.85425,0,0,True
4699193,2024-01-28,UNKNOWN,40.733376,-73.86665,0,0,True
4699194,2024-01-22,BRONX,40.881298,-73.826294,0,0,True
4699195,2024-01-31,UNKNOWN,,,1,0,False
4699196,2024-01-31,UNKNOWN,,,1,0,False
4699197,2024-01-31,QUEENS,40.709217,-73.77562,0,0,True
4699198,2024-01-30,QUEENS,40.71385,-73.77888,1,0,True
4699199,2024-01-26,UNKNOWN,40.698544,-73.96236,0,0,True
4699200,2024-01-30,BRONX,40.818226,-73.916794,0,0,True
4699201,2024-01-27,UNKNOWN,40.700993,-73.77083,0,0,True
4699202,2024-01-12,UNKNOWN,,,0,0,False
4699203,2024-01-26,UNKNOWN,,,4,0,False
4699204,2024-01-17,BRONX,40.80717,-73.917244,0,0,True
4699205,2024-01-30,BROOKLYN,40.678165,-73.962234,0,0,True
4699206,2024-01-24,UNKNOWN,40.67942,-73.96823,0,0,True
4699207,2024-01-12,UNKNOWN,,,1,0,False
4699208,2024-01-27,MANHATTAN,40.809143,-73.94277,0,0,True
4699209,2024-01-29,MANHATTAN,40.817844,-73.94185,1,0,True
4699210,2024-01-10,UNKNOWN,40.81401,-73.94466,0,0,True
4699211,2024-01-31,BRONX,40.84441,-73.8689,1,0,True
4699212,2024-01-30,MANHATTAN,40.811565,-73.942726,1,0,True
4699213,2024-01-27,MANHATTAN,40.723648,-73.98529,1,0,True
4699215,2024-01-28,UNKNOWN,40.81851,-73.93765,0,0,True
4699216,2024-01-26,MANHATTAN,40.80533,-73.95151,0,0,True
4699217,2024-01-30,QUEENS,40.69944,-73.76781,0,0,True
4699218,2024-01-31,UNKNOWN,40.681946,-73.904884,0,0,True
4699219,2024-01-31,BROOKLYN,40.6904,-73.92365,0,0,True
4699220,2024-01-29,MANHATTAN,40.84434,-73.93394,0,0,True
4699221,2024-01-30,UNKNOWN,,,0,0,False
4699223,2024-01-31,UNKNOWN,40.692356,-73.911064,0,0,True
4699224,2024-01-29,BROOKLYN,40.63905,-74.02028,0,0,True
4699225,2024-01-24,BROOKLYN,40.64974,-73.998314,0,0,True
4699226,2024-01-29,UNKNOWN,,,0,0,False
4699227,2024-01-29,MANHATTAN,40.843575,-73.93814,0,0,True
4699229,2024-01-22,UNKNOWN,,,0,0,False
4699230,2024-01-31,UNKNOWN,40.76327,-73.75887,0,0,True
4699231,2024-01-30,UNKNOWN,40.60719,-74.16243,0,0,True
4699232,2024-01-28,UNKNOWN,40.68623,-74.00046,0,0,True
4699233,2024-01-28,UNKNOWN,40.682194,-74.00239,1,0,True
4699234,2024-01-31,BROOKLYN,40.684967,-73.96138,1,0,True
4699235,2024-01-31,MANHATTAN,40.73244,-73.98733,0,0,True
4699236,2024-01-04,UNKNOWN,40.85208,-73.82685,1,0,True
4699237,2024-01-31,BRONX,40.8077,-73.92955,0,0,True
4699238,2024-01-23,UNKNOWN,40.727818,-73.99476,1,0,True
4699239,2024-01-28,MANHATTAN,40.730614,-73.98078,0,0,True
4699240,2024-01-29,MANHATTAN,40.72224,-73.9863,0,0,True
4699241,2024-01-25,UNKNOWN,40.723648,-73.99103,1,0,True
4699242,2024-01-17,MANHATTAN,40.724255,-73.98485,2,0,True
4699243,2024-01-21,MANHATTAN,40.7274,-73.98855,1,0,True
4699244,2024-01-28,BRONX,40.845642,-73.90211,1,0,True
4699245,2024-01-24,MANHATTAN,40.75513,-73.96525,1,0,True
4699246,2024-01-31,BRONX,40.846848,-73.90739,0,0,True
4699247,2024-01-30,UNKNOWN,,,1,0,False
4699248,2024-01-23,BROOKLYN,40.716393,-73.947495,0,0,True
4699249,2024-01-31,BROOKLYN,40.660362,-73.97858,0,0,True
4699250,2024-01-26,BROOKLYN,40.65039,-74.00851,1,0,True
4699251,2024-01-19,MANHATTAN,40.745068,-73.97258,0,0,True
4699252,2024-01-30,UNKNOWN,40.59412,-74.15801,0,0,True
4699253,2024-01-31,QUEENS,40.7684,-73.73755,0,0,True
4699254,2024-01-27,UNKNOWN,40.823566,-73.93768,0,0,True
4699255,2024-01-31,BROOKLYN,40.67164,-73.95034,1,0,True
4699256,2024-01-27,MANHATTAN,40.82195,-73.93579,0,0,True
4699257,2024-01-22,UNKNOWN,40.812725,-73.94931,1,0,True
4699258,2024-01-25,MANHATTAN,40.81094,-73.94318,1,0,True
4699259,2024-01-25,MANHATTAN,40.8214,-73.94062,0,0,True
4699260,2024-01-27,UNKNOWN,40.68777,-73.98701,1,0,True
4699261,2024-01-25,MANHATTAN,40.826412,-73.9406,1,0,True
4699262,2024-01-31,QUEENS,40.73043,-73.80598,0,0,True
4699263,2024-01-31,UNKNOWN,40.72804,-73.83171,0,0,True
4699264,2024-01-25,MANHATTAN,40.824757,-73.94052,0,0,True
4699265,2024-01-23,UNKNOWN,40.814102,-73.940865,0,0,True
4699266,2024-01-28,BROOKLYN,40.698036,-73.962845,1,0,True
4699267,2024-01-31,UNKNOWN,40.703663,-73.94706,1,0,True
4699268,2024-01-31,BROOKLYN,40.63063,-74.00923,1,0,True
4699269,2024-01-30,BROOKLYN,40.70145,-73.95648,1,0,True
4699270,2024-01-31,UNKNOWN,,,0,0,False
4699271,2024-01-31,BROOKLYN,40.712486,-73.957794,0,0,True
4699272,2024-01-31,UNKNOWN,40.764988,-73.82067,3,0,True
4699273,2024-01-31,UNKNOWN,40.789314,-73.80577,0,0,True
4699274,2024-01-31,UNKNOWN,,,2,0,False
4699275,2024-01-31,QUEENS,40.752052,-73.8307,0,0,True
4699276,2024-01-31,UNKNOWN,40.75543,-73.83142,0,0,True
4699277,2024-01-29,UNKNOWN,40.662296,-73.98874,2,0,True
4699278,2024-01-31,MANHATTAN,40.7528,-73.979294,1,0,True
4699279,2024-01-28,UNKNOWN,40.586117,-73.93604,2,0,True
4699280,2024-01-30,UNKNOWN,40.714104,-73.95322,0,0,True
4699281,2024-01-17,UNKNOWN,40.58478,-73.94526,2,0,True
4699282,2024-01-30,UNKNOWN,40.700836,-73.99495,0,0,True
4699283,2024-01-31,UNKNOWN,40.60301,-74.016884,1,0,True
4699284,2024-01-29,UNKNOWN,40.604927,-74.02372,0,0,True
4699285,2024-01-30,UNKNOWN,40.778603,-73.846115,0,0,True
4699286,2024-01-31,QUEENS,40.729908,-73.7876,1,0,True
4699287,2024-01-27,UNKNOWN,40.7684,-73.73755,0,0,True
4699288,2024-01-31,QUEENS,40.76851,-73.74127,0,0,True
4699289,2024-01-31,QUEENS,40.76945,-73.79019,1,0,True
4699291,2024-01-28,QUEENS,40.75775,-73.78339,0,0,True
4699292,2024-01-31,QUEENS,40.74454,-73.75898,0,0,True
4699293,2024-01-30,BROOKLYN,40.645134,-73.90232,0,0,True
4699294,2024-01-30,BROOKLYN,40.61312,-73.91745,0,0,True
4699295,2024-01-28,BROOKLYN,40.63413,-73.928505,0,0,True
4699296,2024-01-31,BROOKLYN,40.630695,-73.92493,0,0,True
4699297,2024-01-26,BROOKLYN,40.633144,-73.92356,4,0,True
4699298,2024-01-30,UNKNOWN,40.703587,-73.88547,0,0,True
4699299,2024-01-31,QUEENS,40.700054,-73.90672,0,0,True
4699300,2024-01-29,QUEENS,40.596706,-73.80148,0,0,True
4699301,2024-01-30,UNKNOWN,40.578392,-73.84735,1,0,True
4699302,2024-01-31,QUEENS,40.663918,-73.84303,0,0,True
4699303,2024-01-31,QUEENS,40.67979,-73.8477,0,0,True
4699304,2024-01-31,BROOKLYN,40.605663,-73.9548,0,0,True
4699305,2024-01-30,BROOKLYN,40.596607,-73.95089,0,0,True
4699306,2024-01-31,BROOKLYN,40.59379,-73.960526,0,0,True
4699307,2024-01-31,BROOKLYN,40.62473,-73.992096,1,0,True
4699308,2024-01-31,UNKNOWN,40.601734,-73.935036,1,0,True
4699309,2024-01-31,BROOKLYN,40.591366,-73.94309,1,0,True
4699310,2024-01-29,BROOKLYN,40.649548,-73.958496,1,0,True
4699311,2024-01-31,BROOKLYN,40.63367,-74.01427,0,0,True
4699312,2024-01-31,QUEENS,40.72857,-73.85809,0,0,True
4699313,2024-01-26,UNKNOWN,40.788357,-73.97453,0,0,True
4699315,2024-01-18,MANHATTAN,40.764286,-73.95562,0,0,True
4699316,2024-01-31,MANHATTAN,40.78187,-73.955986,0,0,True
4699317,2024-01-31,MANHATTAN,40.77855,-73.951256,0,0,True
4699318,2024-01-29,UNKNOWN,40.79465,-73.97179,0,0,True
4699319,2024-01-31,MANHATTAN,40.76724,-73.95874,0,0,True
4699320,2024-01-09,MANHATTAN,40.786423,-73.94239,0,0,True
4699321,2024-01-31,UNKNOWN,40.607918,-74.138916,0,0,True
4699322,2024-01-31,UNKNOWN,40.7179,-73.83202,0,0,True
4699323,2024-01-31,BRONX,40.858418,-73.88514,0,0,True
4699324,2024-01-31,BROOKLYN,40.64269,-73.95764,1,0,True
4699325,2024-01-31,BRONX,40.843765,-73.88546,4,0,True
4699326,2024-01-31,UNKNOWN,,,1,0,False
4699327,2024-01-16,BRONX,40.841007,-73.89036,2,0,True
4699328,2024-01-26,BRONX,40.85814,-73.884026,1,0,True
4699329,2024-01-31,UNKNOWN,40.53774,-74.20876,1,0,True
4699330,2024-01-31,STATEN ISLAND,40.517864,-74.197,0,0,True
4699331,2024-01-31,STATEN ISLAND,40.55079,-74.20098,0,0,True
4699332,2024-01-31,UNKNOWN,40.785732,-73.97645,0,0,True
4699333,2024-01-31,UNKNOWN,40.550148,-74.18758,1,0,True
4699334,2024-01-31,BRONX,40.865353,-73.89494,1,0,True
4699336,2024-01-26,MANHATTAN,40.750988,-73.99063,0,0,True
4699338,2024-01-31,BROOKLYN,40.6845,-73.92639,0,0,True
4699339,2024-01-31,UNKNOWN,40.696686,-73.9378,2,0,True
4699340,2024-01-30,MANHATTAN,40.71012,-74.00757,0,0,True
4699341,2024-01-30,UNKNOWN,40.727875,-74.00543,0,0,True
4699343,2024-01-31,QUEENS,40.689476,-73.82769,1,0,True
4699345,2024-01-31,BROOKLYN,40.63555,-73.97803,0,0,True
4699346,2024-01-25,BROOKLYN,40.579803,-73.97184,1,0,True
4699347,2024-01-31,UNKNOWN,40.583626,-73.98407,0,0,True
4699348,2024-01-30,UNKNOWN,40.792362,-73.96418,0,0,True
4699349,2024-01-27,BROOKLYN,40.58038,-73.967606,0,0,True
4699350,2024-01-29,BROOKLYN,40.619984,-73.96427,0,0,True
4699351,2024-01-19,MANHATTAN,40.79304,-73.97199,0,0,True
4699352,2024-01-31,MANHATTAN,40.723625,-74.00479,1,0,True
4699353,2024-01-26,UNKNOWN,40.852383,-73.90365,1,0,True
4699354,2024-01-30,QUEENS,40.7244,-73.84981,1,0,True
4699355,2024-01-27,STATEN ISLAND,40.57274,-74.13847,0,0,True
4699356,2024-01-30,STATEN ISLAND,40.58479,-74.0885,1,0,True
4699357,2024-01-28,MANHATTAN,40.742107,-73.98075,0,0,True
4699358,2024-01-31,STATEN ISLAND,40.606358,-74.120926,0,0,True
4699360,2024-01-30,BRONX,40.852642,-73.908424,0,0,True
4699361,2024-01-04,UNKNOWN,40.653385,-73.93736,1,0,True
4699363,2024-01-31,BROOKLYN,40.632133,-73.939865,1,0,True
4699364,2024-01-31,STATEN ISLAND,40.63472,-74.10894,0,0,True
4699365,2024-01-31,UNKNOWN,40.61913,-73.99019,0,0,True
4699367,2024-01-26,BRONX,40.806065,-73.90905,0,0,True
4699369,2024-01-31,BROOKLYN,40.675236,-73.919945,0,0,True
4699371,2024-01-28,BROOKLYN,40.66425,-73.922104,1,0,True
4699372,2024-01-29,UNKNOWN,40.658497,-73.904,0,0,True
4699373,2024-01-18,BROOKLYN,40.657227,-73.900764,1,0,True
4699374,2024-01-30,BROOKLYN,40.66527,-73.90143,0,0,True
4699375,2024-01-26,BROOKLYN,40.670044,-73.91085,1,0,True
4699376,2024-01-31,BROOKLYN,40.677525,-73.90795,1,0,True
4699377,2024-01-29,UNKNOWN,40.612537,-74.16636,1,0,True
4699379,2024-01-31,QUEENS,40.74417,-73.88017,0,0,True
4699380,2024-01-31,QUEENS,40.701176,-73.78616,0,0,True
4699381,2024-01-31,UNKNOWN,40.704365,-73.81181,1,0,True
4699382,2024-01-24,UNKNOWN,40.89463,-73.88229,1,0,True
4699384,2024-01-31,MANHATTAN,40.733307,-73.98098,0,0,True
4699385,2024-01-26,MANHATTAN,40.736885,-73.978546,0,0,True
4699386,2024-01-31,MANHATTAN,40.738796,-73.97716,1,0,True
4699388,2024-01-24,MANHATTAN,40.729156,-73.97528,0,0,True
4699389,2024-01-30,MANHATTAN,40.742645,-73.98246,0,0,True
4699390,2024-01-29,MANHATTAN,40.716537,-73.991035,0,0,True
4699391,2024-01-31,STATEN ISLAND,40.63721,-74.12689,1,0,True
4699392,2024-01-23,MANHATTAN,40.739193,-73.98403,1,0,True
4699393,2024-01-31,BRONX,40.825886,-73.84965,1,0,True
4699394,2024-01-31,STATEN ISLAND,40.613167,-74.11322,1,0,True
4699395,2024-01-31,BRONX,40.828938,-73.86572,1,0,True
4699396,2024-01-26,UNKNOWN,40.738503,-73.973526,2,0,True
4699397,2024-01-09,MANHATTAN,40.737144,-73.983116,0,0,True
4699398,2024-01-23,BROOKLYN,40.67801,-73.94138,0,0,True
4699401,2024-01-30,BRONX,40.858994,-73.90573,0,0,True
4699402,2024-01-31,UNKNOWN,40.71435,-73.75224,0,0,True
4699403,2024-01-31,BRONX,40.84398,-73.8696,1,0,True
4699404,2024-01-31,QUEENS,40.70947,-73.74581,0,0,True
4699406,2024-01-24,UNKNOWN,40.679634,-73.94959,0,0,True
4699407,2024-01-24,QUEENS,40.666695,-73.767136,0,0,True
4699408,2024-01-27,BRONX,40.86702,-73.90009,0,0,True
4699409,2024-01-30,BROOKLYN,,,0,0,False
4699410,2024-01-31,STATEN ISLAND,40.610912,-74.06576,0,0,True
4699411,2024-01-31,BRONX,40.86764,-73.85376,0,0,True
4699412,2024-01-30,UNKNOWN,40.86804,-73.879105,0,0,True
4699413,2024-01-31,UNKNOWN,40.598965,-74.1256,0,0,True
4699414,2024-01-30,QUEENS,40.73274,-73.729675,0,0,True
4699415,2024-01-30,UNKNOWN,40.877106,-73.90616,0,0,True
4699416,2024-01-22,BRONX,40.901703,-73.89674,0,0,True
4699417,2024-01-23,BRONX,40.90453,-73.90632,0,0,True
4699418,2024-01-27,UNKNOWN,40.87656,-73.90436,0,0,True
4699419,2024-01-29,BRONX,40.908127,-73.896576,1,0,True
4699420,2024-01-28,BRONX,40.876877,-73.9034,1,0,True
4699421,2024-01-24,BRONX,,,0,0,False
4699422,2024-01-22,BRONX,40.869534,-73.9001,2,0,True
4699423,2024-01-31,UNKNOWN,40.874638,-73.909744,1,0,True
4699424,2024-01-06,UNKNOWN,,,0,0,False
4699425,2024-01-31,BROOKLYN,40.67854,-73.95111,0,0,True
4699426,2024-01-28,BRONX,40.874535,-73.90626,0,0,True
4699427,2024-01-27,UNKNOWN,40.874474,-73.90031,0,0,True
4699428,2024-01-31,UNKNOWN,40.88387,-73.886955,1,0,True
4699429,2024-01-26,BRONX,40.88476,-73.89874,0,0,True
4699431,2024-01-22,UNKNOWN,40.877106,-73.90616,1,0,True
4699432,2024-01-15,UNKNOWN,40.884346,-73.88706,3,0,True
4699433,2024-01-25,BRONX,40.886528,-73.89979,1,0,True
4699434,2024-01-26,BRONX,40.884033,-73.89797,1,0,True
4699435,2024-01-26,UNKNOWN,40.888596,-73.89068,0,0,True
4699437,2024-01-31,UNKNOWN,,,1,0,False
4699438,2024-01-22,UNKNOWN,40.822308,-73.93859,0,0,True
4699440,2024-01-31,BROOKLYN,40.639446,-74.02696,0,0,True
4699441,2024-01-31,QUEENS,40.70824,-73.80283,1,0,True
4699442,2024-01-27,STATEN ISLAND,40.54758,-74.1988,0,0,True
4699443,2024-01-28,UNKNOWN,40.60204,-74.129456,0,0,True
4699444,2024-01-31,QUEENS,40.722744,-73.800804,0,0,True
4699447,2024-01-26,STATEN ISLAND,40.565224,-74.18394,0,0,True
4699448,2024-01-31,QUEENS,40.713284,-73.7358,2,0,True
4699449,2024-01-29,UNKNOWN,,,0,0,False
4699451,2024-01-31,STATEN ISLAND,40.609474,-74.08653,0,0,True
4699452,2024-01-31,BRONX,40.90362,-73.85068,0,0,True
4699453,2024-01-31,UNKNOWN,40.792015,-73.98051,0,0,True
4699454,2024-01-30,UNKNOWN,40.67996,-73.955444,0,0,True
4699455,2024-01-31,BROOKLYN,40.636105,-74.02292,1,0,True
4699457,2024-01-31,STATEN ISLAND,40.524567,-74.1871,0,0,True
4699461,2024-01-31,UNKNOWN,40.67657,-73.94431,1,0,True
4699463,2024-01-31,BROOKLYN,40.67308,-73.91124,1,0,True
4699464,2024-01-30,BROOKLYN,40.69816,-73.97834,1,0,True
4699465,2024-01-31,MANHATTAN,40.759308,-73.9653,1,0,True
4699466,2024-01-31,UNKNOWN,,,0,0,False
4699467,2024-01-27,QUEENS,40.758617,-73.77581,0,0,True
4699468,2024-01-27,QUEENS,40.757187,-73.78088,0,0,True
4699469,2024-01-31,QUEENS,40.720592,-73.74913,0,0,True
4699470,2024-01-31,QUEENS,40.665634,-73.75817,1,0,True
4699471,2024-01-23,BRONX,40.8124,-73.90442,1,0,True
4699472,2024-01-25,BRONX,40.887302,-73.847275,0,0,True
4699474,2024-01-29,QUEENS,40.749474,-73.87857,1,0,True
4699475,2024-01-31,BRONX,40.8721,-73.849884,3,0,True
4699476,2024-01-26,UNKNOWN,40.742836,-73.97214,2,0,True
4699478,2024-01-28,BROOKLYN,40.725433,-73.951744,0,0,True
4699479,2024-01-27,UNKNOWN,40.811367,-73.95402,1,0,True
4699480,2024-01-31,BROOKLYN,40.72972,-73.95925,1,0,True
4699482,2024-01-31,BROOKLYN,40.724964,-73.94153,0,0,True
4699484,2024-01-29,MANHATTAN,40.81576,-73.94482,1,0,True
4699486,2024-01-31,UNKNOWN,40.66827,-73.90263,0,0,True
4699487,2024-01-31,BROOKLYN,40.66775,-73.90625,1,0,True
4699488,2024-01-31,QUEENS,40.690987,-73.85192,0,0,True
4699490,2024-01-31,QUEENS,40.68277,-73.8529,0,0,True
4699491,2024-01-31,MANHATTAN,40.73018,-73.99146,0,0,True
4699493,2024-01-31,BROOKLYN,40.649025,-73.89635,0,1,True
4699495,2024-01-31,UNKNOWN,40.68239,-73.876625,1,0,True
4699496,2024-01-28,QUEENS,40.752132,-73.859505,1,0,True
4699499,2024-01-31,MANHATTAN,40.716316,-74.00128,1,0,True
4699500,2024-01-08,MANHATTAN,40.76457,-73.97364,0,0,True
4699506,2024-01-31,BROOKLYN,40.633606,-73.91623,1,0,True
4699507,2024-01-31,BROOKLYN,40.646294,-73.904526,0,0,True
4699508,2024-01-31,MANHATTAN,40.78383,-73.97783,1,0,True
4699509,2024-01-29,BROOKLYN,40.63945,-73.89196,0,0,True
4699511,2024-01-31,BROOKLYN,40.646114,-73.904785,0,0,True
4699513,2024-01-31,BROOKLYN,40.700726,-73.94194,0,0,True
4699515,2024-01-31,BROOKLYN,40.648705,-74.010254,0,0,True
4699517,2024-01-27,QUEENS,40.71479,-73.78815,0,0,True
4699519,2024-01-26,MANHATTAN,40.804165,-73.96668,0,0,True
4699521,2024-01-31,UNKNOWN,40.634724,-74.01642,1,0,True
4699526,2024-01-31,BROOKLYN,40.583687,-73.94487,2,0,True
4699532,2024-01-30,QUEENS,40.71385,-73.77888,1,0,True
4699533,2024-01-30,QUEENS,40.696384,-73.802826,0,0,True
4699535,2024-01-31,BRONX,40.837513,-73.91478,0,0,True
4699536,2024-01-26,UNKNOWN,40.862602,-73.92028,2,0,True
4699537,2024-01-26,MANHATTAN,40.867767,-73.92593,1,0,True
4699539,2024-01-31,MANHATTAN,40.744305,-73.97473,0,0,True
4699541,2024-01-28,UNKNOWN,40.812622,-73.92934,0,0,True
4699542,2024-01-26,UNKNOWN,40.851765,-73.94191,0,0,True
4699543,2024-01-27,MANHATTAN,40.872314,-73.91274,0,0,True
4699544,2024-01-29,BRONX,40.84434,-73.91475,0,0,True
4699545,2024-01-31,QUEENS,40.784187,-73.84582,1,0,True
4699548,2024-01-28,UNKNOWN,,,2,0,False
4699549,2024-01-31,BRONX,,,6,0,False
4699550,2024-01-23,BRONX,40.84263,-73.90597,1,0,True
4699551,2024-01-28,BROOKLYN,40.595757,-73.94586,0,0,True
4699558,2024-01-31,UNKNOWN,,,1,0,False
4699559,2024-01-29,MANHATTAN,40.81022,-73.95126,0,0,True
4699560,2024-01-26,MANHATTAN,40.80583,-73.95623,0,0,True
4699561,2024-01-31,BRONX,40.822533,-73.88509,0,0,True
4699562,2024-01-18,BRONX,40.820984,-73.891624,1,0,True
4699563,2024-01-31,BRONX,40.81614,-73.894875,0,0,True
4699564,2024-01-26,BRONX,40.815964,-73.88688,0,0,True
4699565,2024-01-30,BROOKLYN,40.61778,-73.91026,1,0,True
4699566,2024-01-30,BROOKLYN,40.612946,-73.943756,1,0,True
4699567,2024-01-31,BROOKLYN,40.621418,-73.92614,1,0,True
4699568,2024-01-29,BROOKLYN,40.629257,-73.94243,0,0,True
4699571,2024-01-27,BRONX,40.859306,-73.89885,1,0,True
4699573,2024-01-25,QUEENS,40.691235,-73.79401,0,0,True
4699576,2024-01-16,MANHATTAN,40.75582,-73.970764,1,0,True
4699577,2024-01-30,BROOKLYN,40.649376,-74.0023,0,0,True
4699580,2024-01-21,BROOKLYN,40.685513,-73.97429,0,0,True
4699581,2024-01-26,BROOKLYN,40.69596,-73.970406,1,0,True
4699583,2024-01-29,BRONX,40.88351,-73.91697,0,0,True
4699584,2024-01-28,UNKNOWN,40.870388,-73.90153,1,0,True
4699585,2024-01-25,BRONX,40.90959,-73.89962,0,0,True
4699586,2024-01-08,BRONX,40.88437,-73.90105,0,0,True
4699601,2024-01-29,UNKNOWN,,,0,0,False
4699603,2024-01-31,BROOKLYN,40.615547,-73.9743,2,0,True
4699610,2024-01-31,UNKNOWN,40.850098,-73.84498,1,0,True
4699611,2024-01-23,BRONX,40.813095,-73.89827,0,0,True
4699612,2024-01-24,BRONX,40.8139,-73.90114,0,0,True
4699614,2024-01-26,BRONX,40.826195,-73.89049,0,0,True
4699615,2024-01-25,BRONX,40.826195,-73.89049,0,0,True
4699616,2024-01-29,BROOKLYN,40.698246,-73.98055,1,0,True
4699625,2024-01-30,QUEENS,40.72854,-73.72941,1,0,True
4699626,2024-01-31,UNKNOWN,40.666187,-73.79176,2,0,True
4699630,2024-01-28,BROOKLYN,40.639996,-74.00488,1,0,True
4699636,2024-01-28,UNKNOWN,,,0,0,False
4699643,2024-01-31,UNKNOWN,40.853706,-73.871864,1,0,True
4699644,2024-01-31,UNKNOWN,40.82696,-73.85154,1,0,True
4699645,2024-01-30,UNKNOWN,40.80119,-73.93003,0,0,True
4699646,2024-01-31,UNKNOWN,40.80834,-73.92775,0,0,True
4699649,2024-01-29,UNKNOWN,40.664795,-73.93985,0,0,True
4699652,2024-01-24,UNKNOWN,40.689243,-73.98873,0,0,True
4699656,2024-01-27,UNKNOWN,40.732613,-73.925156,0,0,True
4699667,2024-01-31,BRONX,40.835297,-73.91291,2,0,True
4699675,2024-01-27,UNKNOWN,40.86674,-73.928734,0,0,True
4699676,2024-01-31,STATEN ISLAND,40.63133,-74.09968,1,0,True
4699678,2024-01-16,MANHATTAN,40.744778,-73.97589,1,0,True
4699680,2024-01-29,MANHATTAN,40.86674,-73.928734,0,0,True
4699681,2024-01-27,UNKNOWN,40.76241,-73.95443,3,0,True
4699683,2024-01-26,MANHATTAN,40.779762,-73.94437,0,0,True
4699685,2024-01-31,QUEENS,40.699192,-73.909,0,0,True
4699686,2024-01-31,QUEENS,40.702595,-73.8553,1,0,True
4699687,2024-01-29,QUEENS,40.757977,-73.88297,1,0,True
4699688,2024-01-31,MANHATTAN,40.853535,-73.938385,0,0,True
4699689,2024-01-31,STATEN ISLAND,40.610085,-74.11668,0,0,True
4699690,2024-01-27,STATEN ISLAND,40.59183,-74.10098,0,0,True
4699697,2024-01-31,MANHATTAN,40.811096,-73.95235,0,0,True
4699702,2024-01-29,QUEENS,40.708263,-73.895584,0,0,True
4699703,2024-01-29,QUEENS,40.708183,-73.87512,0,0,True
4699704,2024-01-24,BROOKLYN,40.686203,-73.950745,0,0,True
4699705,2024-01-30,MANHATTAN,40.802395,-73.936775,1,0,True
4699706,2024-01-31,UNKNOWN,40.802074,-73.93407,0,0,True
4699708,2024-01-25,UNKNOWN,,,0,0,False
4699710,2024-01-30,MANHATTAN,40.848118,-73.93089,0,0,True
4699713,2024-01-31,MANHATTAN,40.775486,-73.98217,1,0,True
4699714,2024-01-31,QUEENS,40.700768,-73.81019,0,0,True
4699715,2024-01-31,QUEENS,40.6996,-73.81061,0,0,True
4699716,2024-01-30,QUEENS,40.706253,-73.804054,0,0,True
4699718,2024-01-30,BROOKLYN,40.65019,-73.89107,0,0,True
4699719,2024-01-26,MANHATTAN,40.794052,-73.970375,1,0,True
4699720,2024-01-30,BRONX,40.82495,-73.91395,0,0,True
4699721,2024-01-31,BRONX,40.83354,-73.89631,1,0,True
4699722,2024-01-31,BRONX,40.833466,-73.90456,0,0,True
4699723,2024-01-31,UNKNOWN,,,0,0,False
4699724,2024-01-17,BRONX,40.866047,-73.87207,0,0,True
4699730,2024-01-31,UNKNOWN,,,1,0,False
4699732,2024-01-28,BROOKLYN,40.68258,-73.97955,1,0,True
4699734,2024-01-29,BROOKLYN,40.659725,-73.95681,0,0,True
4699735,2024-01-31,BROOKLYN,40.661385,-73.95362,0,0,True
4699737,2024-01-30,BROOKLYN,40.673973,-73.9857,1,0,True
4699750,2024-01-26,UNKNOWN,40.686203,-73.950745,1,0,True
4699751,2024-01-21,BROOKLYN,40.69819,-73.96191,0,0,True
4699752,2024-01-28,BROOKLYN,40.68107,-73.94972,0,0,True
4699758,2024-01-30,STATEN ISLAND,40.633057,-74.0843,0,0,True
4699760,2024-01-27,UNKNOWN,,,1,0,False
4699782,2024-01-17,BRONX,40.850315,-73.843124,0,0,True
4699783,2024-01-29,BROOKLYN,40.607216,-73.99039,0,0,True
4699786,2024-01-29,BROOKLYN,40.597267,-73.998665,1,0,True
4699792,2024-01-31,UNKNOWN,40.806705,-73.96486,2,0,True
4699794,2024-01-26,MANHATTAN,40.81722,-73.95228,0,0,True
4699795,2024-01-27,QUEENS,40.750694,-73.87217,1,0,True
4699799,2024-01-22,UNKNOWN,,,1,0,False
4699804,2024-01-25,BROOKLYN,40.621105,-74.01376,0,0,True
4699812,2024-01-27,UNKNOWN,40.662663,-73.99894,1,0,True
4699817,2024-01-27,BROOKLYN,40.655014,-74.016205,0,0,True
4699823,2024-01-26,UNKNOWN,40.767612,-73.950005,0,0,True
4699834,2024-01-25,UNKNOWN,40.703556,-73.78805,1,0,True
4699841,2024-01-30,UNKNOWN,40.68488,-73.92311,1,0,True
4699843,2024-01-30,BROOKLYN,40.69393,-73.937225,0,0,True
4699850,2024-01-27,MANHATTAN,40.738167,-73.98364,0,0,True
4699852,2024-01-31,BROOKLYN,40.70482,-73.94977,0,0,True
4699867,2024-01-24,UNKNOWN,40.864807,-73.91937,0,0,True
4699874,2024-01-27,MANHATTAN,40.85459,-73.92893,0,0,True
4699875,2024-01-28,UNKNOWN,40.867012,-73.92312,0,0,True
4699878,2024-01-31,UNKNOWN,40.865795,-73.920006,0,0,True
4699889,2024-01-27,BROOKLYN,40.64196,-73.95708,1,0,True
4699890,2024-01-29,UNKNOWN,40.650208,-73.959984,1,0,True
4699892,2024-01-30,BROOKLYN,40.635662,-73.95195,1,0,True
4699895,2024-01-29,BRONX,40.830364,-73.87283,0,0,True
4699897,2024-01-26,MANHATTAN,40.871765,-73.91817,0,0,True
4699905,2024-01-31,BROOKLYN,40.633427,-73.95298,0,0,True
4699910,2024-01-22,UNKNOWN,40.85061,-73.94437,2,0,True
4699917,2024-01-24,BROOKLYN,40.655754,-73.92403,2,0,True
4699921,2024-01-16,BROOKLYN,40.639782,-73.95495,1,0,True
4699922,2024-01-29,QUEENS,40.7569,-73.92288,0,0,True
4699926,2024-01-30,QUEENS,40.753338,-73.92028,1,0,True
4699927,2024-01-30,QUEENS,40.75869,-73.942474,1,0,True
4699928,2024-01-30,QUEENS,40.75705,-73.92167,1,0,True
4699932,2024-01-31,UNKNOWN,40.768875,-73.90852,3,0,True
4699933,2024-01-31,QUEENS,40.77065,-73.9181,0,0,True
4699936,2024-01-31,QUEENS,40.757313,-73.93927,0,0,True
4699937,2024-01-30,MANHATTAN,40.864403,-73.923775,1,0,True
4699938,2024-01-30,BROOKLYN,40.631493,-73.971855,0,0,True
4699939,2024-01-31,QUEENS,40.754944,-73.92338,0,0,True
4699953,2024-01-31,UNKNOWN,40.751522,-73.98023,0,0,True
4699955,2024-01-30,BROOKLYN,40.639862,-73.95777,0,0,True
4699956,2024-01-27,QUEENS,40.775017,-73.92642,0,0,True
4699958,2024-01-31,QUEENS,40.765404,-73.91352,1,0,True
4699962,2024-01-30,QUEENS,40.776546,-73.92377,0,0,True
4699963,2024-01-28,MANHATTAN,40.720608,-74.00848,2,0,True
4699965,2024-01-21,UNKNOWN,40.75247,-73.96456,2,0,True
4699991,2024-01-25,MANHATTAN,40.854168,-73.93371,0,0,True
4699992,2024-01-31,UNKNOWN,40.67624,-73.866104,1,0,True
4699993,2024-01-31,BROOKLYN,40.661606,-73.86634,0,0,True
4699994,2024-01-31,BROOKLYN,40.681973,-73.87651,0,0,True
4699995,2024-01-31,BROOKLYN,40.680016,-73.87743,0,0,True
4699996,2024-01-30,BROOKLYN,40.681084,-73.88304,1,0,True
4699997,2024-01-31,UNKNOWN,40.648464,-73.87139,0,0,True
4699999,2024-01-29,BROOKLYN,40.683754,-73.88565,3,0,True
4700006,2024-01-26,BROOKLYN,40.659157,-73.89911,1,0,True
4700007,2024-01-31,UNKNOWN,40.66742,-73.897644,0,0,True
4700008,2024-01-27,UNKNOWN,40.65945,-73.89847,1,0,True
4700009,2024-01-31,BROOKLYN,40.669624,-73.88488,0,0,True
4700010,2024-01-31,BROOKLYN,40.66879,-73.88839,1,0,True
4700011,2024-01-29,BROOKLYN,40.679733,-73.87983,0,0,True
4700023,2024-01-30,BROOKLYN,40.666256,-73.900215,0,0,True
4700032,2024-01-28,BROOKLYN,40.710552,-73.943726,0,0,True
4700043,2024-01-27,UNKNOWN,40.68442,-73.97839,1,0,True
4700056,2024-01-30,UNKNOWN,40.68902,-73.98617,0,0,True
4700059,2024-01-31,UNKNOWN,40.70241,-73.993256,0,0,True
4700062,2024-01-10,MANHATTAN,40.81701,-73.9595,1,0,True
4700082,2024-01-31,QUEENS,40.667114,-73.834656,2,0,True
4700095,2024-01-29,BROOKLYN,40.655827,-73.94336,1,0,True
4700096,2024-01-28,QUEENS,40.747063,-73.889435,0,0,True
4700103,2024-01-27,QUEENS,40.766815,-73.83038,0,0,True
4700106,2024-01-31,QUEENS,40.79276,-73.848434,0,0,True
4700118,2024-01-25,STATEN ISLAND,40.547543,-74.15634,1,0,True
4700130,2024-01-24,UNKNOWN,40.83406,-73.944885,0,0,True
4700136,2024-01-29,UNKNOWN,40.83335,-73.93524,0,0,True
4700137,2024-01-18,MANHATTAN,40.836746,-73.94546,1,0,True
4700145,2024-01-31,BROOKLYN,40.642097,-74.00987,0,0,True
4700147,2024-01-27,UNKNOWN,,,0,0,False
4700152,2024-01-19,UNKNOWN,40.665245,-73.87513,0,0,True
4700156,2024-01-30,BROOKLYN,40.667023,-73.90819,0,0,True
4700162,2024-01-27,BROOKLYN,40.665493,-73.92137,2,0,True
4700167,2024-01-23,BRONX,40.869083,-73.83188,0,0,True
4700174,2024-01-23,BRONX,40.842075,-73.834724,1,0,True
4700175,2024-01-28,UNKNOWN,40.58428,-73.92529,2,0,True
4700178,2024-01-24,BRONX,40.87318,-73.827286,0,0,True
4700183,2024-01-31,QUEENS,40.73025,-73.88731,0,0,True
4700190,2024-01-24,BRONX,40.828518,-73.84119,3,0,True
4700191,2024-01-29,UNKNOWN,40.804585,-73.91213,0,0,True
4700195,2024-01-28,BRONX,40.816746,-73.915306,0,0,True
4700198,2024-01-30,BROOKLYN,40.579197,-73.98195,0,0,True
4700208,2024-01-31,BROOKLYN,40.72775,-73.942,0,0,True
4700210,2024-01-28,UNKNOWN,40.730198,-73.954254,2,0,True
4700212,2024-01-31,BROOKLYN,40.7242,-73.93765,0,0,True
4700215,2024-01-25,UNKNOWN,,,1,0,False
4700224,2024-01-28,UNKNOWN,40.673103,-73.92793,0,0,True
4700225,2024-01-25,BRONX,40.835957,-73.85058,1,0,True
4700226,2024-01-26,BRONX,40.879765,-73.831955,0,0,True
4700235,2024-01-27,BRONX,40.853203,-73.789925,1,0,True
4700236,2024-01-28,UNKNOWN,40.868458,-73.8214,0,0,True
4700237,2024-01-29,BRONX,40.843178,-73.836815,0,0,True
4700270,2024-01-31,QUEENS,40.73025,-73.88731,1,0,True
4700274,2024-01-12,BROOKLYN,40.6481,-73.91474,0,0,True
4700275,2024-01-26,BROOKLYN,40.643604,-73.94301,1,0,True
4700276,2024-01-31,BROOKLYN,40.643005,-73.95263,1,0,True
4700295,2024-01-27,UNKNOWN,40.795456,-73.96564,0,0,True
4700298,2024-01-27,UNKNOWN,40.79209,-73.973656,0,0,True
4700301,2024-01-31,BROOKLYN,40.593323,-73.964645,0,0,True
4700302,2024-01-31,UNKNOWN,40.793377,-73.97086,0,0,True
4700310,2024-01-30,UNKNOWN,40.793198,-73.82414,0,0,True
4700311,2024-01-31,QUEENS,40.66753,-73.84339,0,0,True
4700312,2024-01-26,STATEN ISLAND,40.543777,-74.16347,0,0,True
4700315,2024-01-29,UNKNOWN,40.79531,-73.93592,0,0,True
4700319,2024-01-29,BROOKLYN,40.638447,-73.95117,2,0,True
4700320,2024-01-30,BROOKLYN,40.616848,-73.96076,0,0,True
4700321,2024-01-21,MANHATTAN,40.73548,-73.97545,0,0,True
4700322,2024-01-30,UNKNOWN,40.656105,-74.00594,2,0,True
4700334,2024-01-27,MANHATTAN,40.82195,-73.93579,0,0,True
4700337,2024-01-26,MANHATTAN,40.818813,-73.94223,0,0,True
4700338,2024-01-18,MANHATTAN,40.81362,-73.9457,0,0,True
4700341,2024-01-04,UNKNOWN,40.69249,-73.81706,0,0,True
4700346,2024-01-29,MANHATTAN,40.714363,-74.003716,0,0,True
4700348,2024-01-26,UNKNOWN,40.760857,-73.961075,1,0,True
4700354,2024-01-30,MANHATTAN,40.713253,-73.97759,0,0,True
4700359,2024-01-26,MANHATTAN,40.825333,-73.943825,0,0,True
4700371,2024-01-31,QUEENS,40.78555,-73.85822,0,0,True
4700376,2024-01-29,BRONX,40.820187,-73.890686,0,0,True
4700377,2024-01-30,BRONX,40.820576,-73.88434,2,0,True
4700405,2024-01-29,MANHATTAN,40.7431,-73.974014,0,0,True
4700417,2024-01-30,BROOKLYN,40.65484,-73.9597,1,0,True
4700425,2024-01-26,BROOKLYN,40.68529,-73.976204,1,0,True
4700436,2024-01-31,MANHATTAN,40.851334,-73.94022,0,0,True
4700450,2024-01-26,MANHATTAN,40.72543,-73.99678,0,0,True
4700495,2024-01-25,BROOKLYN,40.67079,-73.91857,0,0,True
4700497,2024-01-27,UNKNOWN,40.664654,-73.916275,0,0,True
4700515,2024-01-30,MANHATTAN,40.75425,-73.96899,1,0,True
4700541,2024-01-28,UNKNOWN,40.813114,-73.93147,2,0,True
4700544,2024-01-31,BRONX,40.80808,-73.92838,0,0,True
4700547,2024-01-30,UNKNOWN,40.823833,-73.87807,0,0,True
4700549,2024-01-30,QUEENS,40.758045,-73.84202,1,0,True
4700554,2024-01-13,QUEENS,40.743755,-73.87926,1,0,True
4700575,2024-01-11,UNKNOWN,,,3,0,False
4700583,2024-01-28,BRONX,40.818157,-73.90625,2,0,True
4700593,2024-01-12,MANHATTAN,40.76428,-73.99859,0,0,True
4700600,2024-01-31,MANHATTAN,40.768795,-73.958374,0,0,True
4700631,2024-01-26,BRONX,40.843296,-73.88685,0,0,True
4700632,2024-01-26,BRONX,40.824654,-73.89194,0,0,True
4700634,2024-01-30,BRONX,40.80801,-73.88961,1,0,True
4700637,2024-01-14,BROOKLYN,40.636368,-73.961586,0,0,True
4700638,2024-01-31,BRONX,40.815754,-73.89529,0,0,True
4700645,2024-01-26,MANHATTAN,40.757584,-73.98213,1,0,True
4700654,2024-01-27,QUEENS,40.70564,-73.75048,2,0,True
4700671,2024-01-03,UNKNOWN,40.60567,-74.030945,0,0,True
4700684,2024-01-31,BROOKLYN,40.723484,-73.95165,0,0,True
4700693,2024-01-30,UNKNOWN,40.831566,-73.942986,0,0,True
4700694,2024-01-06,UNKNOWN,40.79149,-73.93577,0,0,True
4700696,2024-01-22,MANHATTAN,40.78943,-73.94169,0,0,True
4700698,2024-01-29,MANHATTAN,40.82919,-73.94716,1,0,True
4700701,2024-01-21,UNKNOWN,40.643063,-73.95166,0,0,True
4700707,2024-01-11,BROOKLYN,40.653923,-73.92867,2,0,True
4700709,2024-01-28,UNKNOWN,40.656307,-73.91887,0,0,True
4700710,2024-01-02,BROOKLYN,40.6967,-73.91031,0,0,True
4700712,2024-01-28,UNKNOWN,40.64166,-73.93705,0,0,True
4700713,2024-01-31,BROOKLYN,40.638477,-73.94247,1,0,True
4700717,2024-01-31,BROOKLYN,40.649788,-73.92532,0,0,True
4700720,2024-01-21,BROOKLYN,40.651733,-73.93039,0,0,True
4700723,2024-01-17,QUEENS,40.703373,-73.759186,1,0,True
4700778,2024-01-28,MANHATTAN,40.810318,-73.943634,0,0,True
4700782,2024-01-29,UNKNOWN,40.718075,-73.97511,0,0,True
4700798,2024-01-05,MANHATTAN,40.754215,-73.97087,0,0,True
4700815,2024-01-30,UNKNOWN,,,0,0,False
4700829,2024-01-30,QUEENS,40.591934,-73.800095,1,0,True
4700832,2024-01-28,UNKNOWN,40.741547,-73.98958,1,0,True
4700837,2024-01-31,BROOKLYN,40.668934,-73.9858,0,0,True
4700838,2024-01-30,BROOKLYN,40.66826,-73.98961,0,0,True
4700864,2024-01-29,BROOKLYN,40.61384,-73.981445,0,0,True
4700883,2024-01-16,UNKNOWN,40.79272,-73.97319,0,0,True
4700884,2024-01-17,BROOKLYN,40.669403,-73.94221,1,0,True
4700888,2024-01-31,UNKNOWN,40.660946,-73.937195,0,0,True
4700890,2024-01-16,UNKNOWN,40.668507,-73.92561,0,0,True
4700892,2024-01-31,BROOKLYN,40.582508,-73.96211,0,0,True
4700896,2024-01-26,BROOKLYN,40.676647,-73.91647,3,0,True
4700899,2024-01-25,UNKNOWN,40.665066,-73.91348,0,0,True
4700909,2024-01-21,BRONX,40.833965,-73.8629,0,0,True
4700926,2024-01-29,UNKNOWN,40.86203,-73.80215,0,0,True
4700940,2024-01-28,BROOKLYN,40.644943,-73.9004,0,0,True
4700948,2024-01-29,BROOKLYN,40.68425,-73.98934,0,0,True
4700952,2024-01-25,UNKNOWN,40.69158,-73.79319,0,0,True
4700956,2024-01-18,UNKNOWN,40.814774,-73.94038,0,0,True
4700970,2024-01-28,UNKNOWN,40.807518,-73.92611,1,0,True
4700978,2024-01-28,MANHATTAN,40.78517,-73.94332,0,0,True
4701068,2024-01-27,BROOKLYN,40.650948,-73.94668,1,0,True
4701083,2024-01-11,BROOKLYN,40.69401,-73.9611,1,0,True
4701087,2024-01-27,QUEENS,40.698013,-73.90265,0,0,True
4701091,2024-01-31,BROOKLYN,40.662437,-73.911804,1,0,True
4701107,2024-01-30,QUEENS,,,1,0,False
4701112,2024-01-27,UNKNOWN,,,1,0,False
4701120,2024-01-31,BROOKLYN,40.632435,-73.88818,0,0,True
4701123,2024-01-21,UNKNOWN,40.584137,-73.96386,2,0,True
4701124,2024-01-30,BROOKLYN,40.586002,-73.97221,0,0,True
4701125,2024-01-10,MANHATTAN,40.765648,-73.99108,0,0,True
4701164,2024-01-25,BRONX,40.8352,-73.86599,1,0,True
4701175,2024-01-12,BRONX,40.815533,-73.91861,1,0,True
4701210,2024-01-16,MANHATTAN,40.789948,-73.94293,1,0,True
4701272,2024-01-24,UNKNOWN,40.619507,-74.15036,0,0,True
4701297,2024-01-31,BROOKLYN,40.602654,-73.99499,0,0,True
4701312,2024-01-31,BROOKLYN,40.6216,-73.92327,0,0,True
4701335,2024-01-31,BROOKLYN,40.627815,-73.93345,0,0,True
4701363,2024-01-24,MANHATTAN,40.848392,-73.937675,1,0,True
4701364,2024-01-25,MANHATTAN,40.846153,-73.932335,0,0,True
4701374,2024-01-26,BROOKLYN,40.72289,-73.94023,1,0,True
4701427,2024-01-31,BROOKLYN,40.71774,-73.938126,0,0,True
4701452,2024-01-20,UNKNOWN,40.69246,-73.726875,0,0,True
4701539,2024-01-10,UNKNOWN,40.735424,-73.974754,0,0,True
4701544,2024-01-30,BRONX,40.866356,-73.89168,0,0,True
4701559,2024-01-22,UNKNOWN,40.757908,-73.9893,1,0,True
4701606,2024-01-20,QUEENS,40.732414,-73.73347,0,0,True
4701621,2024-01-28,BRONX,40.83553,-73.86317,1,0,True
4701622,2024-01-29,BROOKLYN,40.66435,-73.92906,0,0,True
4701633,2024-01-30,BRONX,40.83136,-73.86816,1,0,True
4701640,2024-01-30,BROOKLYN,40.65509,-73.94043,1,0,True
4701699,2024-01-31,UNKNOWN,40.68731,-73.94761,1,0,True
4701707,2024-01-16,QUEENS,40.777332,-73.922745,0,0,True
4701813,2024-01-31,BRONX,40.80642,-73.92646,1,0,True
4701814,2024-01-21,UNKNOWN,,,0,0,False
4701822,2024-01-23,UNKNOWN,,,0,0,False
4701851,2024-01-07,QUEENS,40.77583,-73.91026,0,0,True
4701860,2024-01-18,UNKNOWN,,,0,0,False
4701875,2024-01-28,BROOKLYN,40.67363,-73.910484,0,0,True
4701881,2024-01-30,BROOKLYN,40.667473,-73.90796,0,0,True
4701882,2024-01-31,UNKNOWN,40.76242,-73.82752,1,0,True
4701884,2024-01-25,BROOKLYN,40.667095,-73.92276,0,0,True
4701928,2024-01-04,BRONX,40.863503,-73.90943,1,0,True
4701940,2024-01-22,BRONX,40.86609,-73.88268,0,0,True
4701942,2024-01-20,UNKNOWN,40.860287,-73.90494,0,0,True
4701958,2024-01-30,BRONX,40.817387,-73.92277,0,0,True
4701971,2024-01-26,BRONX,40.80948,-73.91576,1,0,True
4701988,2024-01-19,BRONX,40.885498,-73.90165,0,0,True
4701991,2024-01-22,UNKNOWN,40.888596,-73.89068,1,0,True
4702051,2024-01-27,BRONX,40.837814,-73.88637,0,0,True
4702062,2024-01-30,MANHATTAN,40.719097,-73.97616,1,0,True
4702082,2024-01-01,BROOKLYN,40.665657,-73.888084,0,0,True
4702146,2024-01-30,BRONX,40.823208,-73.81965,0,0,True
4702150,2024-01-31,UNKNOWN,40.896694,-73.853516,1,0,True
4702233,2024-01-24,UNKNOWN,40.812263,-73.92059,2,0,True
4702250,2024-01-31,UNKNOWN,40.79507,-73.93919,0,0,True
4702267,2024-01-22,QUEENS,0.0,0.0,0,0,False
4702326,2024-01-19,BRONX,40.85104,-73.89742,0,0,True
4702330,2024-01-30,UNKNOWN,,,3,0,False
4702402,2024-01-09,BRONX,40.82371,-73.822914,0,1,True
4702434,2024-01-28,UNKNOWN,40.70722,-73.78957,1,0,True
4702478,2024-01-03,MANHATTAN,40.736164,-73.97891,1,0,True
4702633,2024-01-25,UNKNOWN,40.86159,-73.91295,0,0,True
4702637,2024-01-31,UNKNOWN,,,0,0,False
4702641,2024-01-30,UNKNOWN,40.856487,-73.872406,0,0,True
4702671,2024-01-27,UNKNOWN,40.74498,-73.89325,1,0,True
4702674,2024-01-26,UNKNOWN,40.740532,-73.94451,0,0,True
4702740,2024-01-10,BROOKLYN,40.648705,-73.943565,0,0,True
4702772,2024-01-28,UNKNOWN,40.840153,-73.88572,1,0,True
4702778,2024-01-18,UNKNOWN,40.8327,-73.950226,0,0,True
4702794,2024-01-31,UNKNOWN,40.68039,-73.94956,0,0,True
4702798,2024-01-27,BRONX,40.866695,-73.90231,1,0,True
4702810,2024-01-31,UNKNOWN,,,0,0,False
4702814,2024-01-29,QUEENS,40.66743,-73.76676,0,0,True
4702815,2024-01-23,UNKNOWN,40.599945,-73.90318,0,0,True
4702829,2024-01-22,UNKNOWN,40.678364,-73.77949,0,0,True
4702929,2024-01-21,QUEENS,40.681202,-73.78019,1,0,True
4703044,2024-01-22,UNKNOWN,40.66755,-73.773575,0,0,True
4703216,2024-01-30,BROOKLYN,40.626335,-73.97924,1,0,True
4703301,2024-01-24,BRONX,40.8283,-73.88296,1,0,True
4703339,2024-01-30,QUEENS,40.68654,-73.76785,0,0,True
4703361,2024-01-26,UNKNOWN,40.788555,-73.7787,0,0,True
4703397,2024-01-29,MANHATTAN,40.792698,-73.97508,0,0,True
4703489,2024-01-22,UNKNOWN,,,1,0,False
4703490,2024-01-28,BRONX,40.83425,-73.82908,0,0,True
4703665,2024-01-30,UNKNOWN,40.804585,-73.91213,0,0,True
4703905,2024-01-22,BRONX,40.81343,-73.91003,1,0,True
4703919,2024-01-12,BRONX,40.83926,-73.85169,0,0,True
4704078,2024-01-29,QUEENS,40.675926,-73.78291,0,0,True
4704203,2024-01-29,UNKNOWN,40.85482,-73.9112,11,0,True
4704295,2024-01-21,MANHATTAN,40.75488,-73.99207,1,0,True
4704589,2024-01-26,BRONX,40.839497,-73.90231,3,0,True
4705040,2024-01-26,QUEENS,40.700104,-73.884926,1,0,True
4705433,2024-01-30,QUEENS,40.69336,-73.85301,1,0,True
4705447,2024-01-12,UNKNOWN,40.820435,-73.93623,2,0,True
4705712,2024-01-05,MANHATTAN,40.81439,-73.948105,0,0,True
4705869,2024-01-30,UNKNOWN,,,0,0,False
4706753,2024-01-14,UNKNOWN,40.900925,-73.88852,0,0,True
4707134,2024-01-15,QUEENS,40.749264,-73.86847,1,0,True
4707513,2024-01-29,MANHATTAN,40.78719,-73.94416,0,0,True
4707623,2024-01-22,UNKNOWN,,,1,0,False
4709582,2024-01-24,BROOKLYN,40.674118,-73.89839,0,0,True
4710577,2024-01-21,BROOKLYN,40.699406,-73.95338,0,0,True
4710579,2024-01-10,UNKNOWN,40.62368,-74.028,0,0,True
4710921,2024-01-04,BROOKLYN,40.685764,-73.97308,0,0,True
4711083,2024-01-20,MANHATTAN,40.736317,-73.97484,0,0,True
4711419,2024-01-25,BRONX,40.824207,-73.87529,1,0,True
4712806,2024-01-19,UNKNOWN,40.75529,-73.99493,0,0,True
4729308,2024-01-09,BROOKLYN,40.60981,-73.92251,1,0,True
4734215,2024-01-17,UNKNOWN,40.69603,-73.943535,0,0,True
4735663,2024-01-25,UNKNOWN,40.76624,-73.960236,1,0,True
4741138,2024-01-05,BROOKLYN,40.675575,-74.01597,0,0,True
4783287,2024-01-01,QUEENS,40.757652,-73.91989,0,0,True
4783350,2024-01-02,BROOKLYN,40.67994,-73.95788,0,0,True
4783576,2024-01-02,BRONX,0.0,0.0,0,0,False
4783654,2024-01-02,BROOKLYN,40.669056,-73.99303,0,0,True
4783736,2024-01-04,BROOKLYN,40.653805,-73.9306,0,0,True
4783835,2024-01-02,MANHATTAN,40.805214,-73.94735,1,0,True
4783861,2024-01-03,BRONX,40.906227,-73.84804,0,0,True
4784289,2024-01-05,UNKNOWN,40.767418,-73.90202,0,0,True
4784298,2024-01-03,UNKNOWN,40.583626,-73.98407,0,0,True
4785088,2024-01-05,QUEENS,40.616737,-73.824844,0,0,True
4785149,2024-01-05,BROOKLYN,40.646076,-73.96045,0,0,True
4786091,2024-01-14,MANHATTAN,40.773342,-73.94901,0,0,True
4786110,2024-01-14,BROOKLYN,40.662243,-73.9499,0,0,True
4786149,2024-01-07,BRONX,40.805836,-73.90957,1,0,True
4786269,2024-01-13,QUEENS,40.687508,-73.806656,0,0,True
4786356,2024-01-15,MANHATTAN,40.8023,-73.95075,0,0,True
4786390,2024-01-17,UNKNOWN,40.61456,-74.156555,3,0,True
4786399,2024-01-13,BROOKLYN,40.643147,-73.90147,0,0,True
4786422,2024-01-14,BRONX,40.857117,-73.89906,0,0,True
4786696,2024-01-10,MANHATTAN,40.84932,-73.93373,0,0,True
4787220,2024-01-20,UNKNOWN,40.660774,-73.8955,0,0,True
4789938,2024-01-31,UNKNOWN,40.885426,-73.897446,1,0,True
4871442,2024-01-13,MANHATTAN,40.781387,-73.952126,0,0,True
4872399,2024-01-11,BRONX,40.843666,-73.84488,0,0,True
