track_id,timestamp_ms,x,y,agent_type
1,0.0,31.3787,24.6648,motorcycle
2,0.0,30.4623,23.4049,motorcycle
3,0.0,50.1503,24.331,bus
4,0.0,48.2911,19.9935,motorcycle
5,0.0,17.3925,24.0318,car
7,0.0,46.926,14.862,car
8,0.0,43.506,7.5177,car
1,100.10010010010012,31.0296,24.7673,motorcycle
2,100.10010010010012,29.9829,23.5316,motorcycle
3,100.10010010010012,50.1503,24.331,bus
4,100.10010010010012,47.4972,20.0264,motorcycle
5,100.10010010010012,17.8536,23.4143,car
7,100.10010010010012,47.7859,14.8814,car
8,100.10010010010012,43.506,7.5177,car
1,200.2002002002002,30.6853,24.8656,motorcycle
2,200.2002002002002,29.5141,23.6574,motorcycle
3,200.2002002002002,50.1503,24.331,bus
4,200.2002002002002,46.7131,20.0461,motorcycle
5,200.2002002002002,18.3299,22.8062,car
6,200.2002002002002,11.4807,37.9797,car
7,200.2002002002002,48.6543,14.8978,car
8,200.2002002002002,43.506,7.5177,car
1,300.3003003003003,30.3448,24.9585,motorcycle
2,300.3003003003003,29.0586,23.7825,motorcycle
3,300.3003003003003,50.1503,24.331,bus
4,300.3003003003003,45.9386,20.0662,motorcycle
5,300.3003003003003,18.8509,22.2177,car
6,300.3003003003003,11.5125,37.2776,car
7,300.3003003003003,49.5289,14.9148,car
8,300.3003003003003,43.506,7.5177,car
1,400.4004004004004,30.0119,25.0461,motorcycle
2,400.4004004004004,28.6112,23.9082,motorcycle
3,400.4004004004004,50.1503,24.331,bus
4,400.4004004004004,45.1777,20.0858,motorcycle
5,400.4004004004004,19.4143,21.6825,car
6,400.4004004004004,11.5399,36.5865,car
7,400.4004004004004,50.4094,14.9335,car
8,400.4004004004004,43.506,7.5177,car
1,500.5005005005005,29.6914,25.1287,motorcycle
2,500.5005005005005,28.1738,24.0495,motorcycle
3,500.5005005005005,50.1503,24.331,bus
4,500.5005005005005,44.4308,20.1063,motorcycle
5,500.5005005005005,19.9906,21.1685,car
6,500.5005005005005,11.5691,35.9051,car
7,500.5005005005005,51.2954,14.9532,car
8,500.5005005005005,43.506,7.5177,car
1,600.6006006006006,29.3889,25.2057,motorcycle
2,600.6006006006006,27.7342,24.1882,motorcycle
3,600.6006006006006,50.1503,24.331,bus
4,600.6006006006006,43.6991,20.1267,motorcycle
5,600.6006006006006,20.5821,20.683,car
6,600.6006006006006,11.6033,35.2363,car
7,600.6006006006006,52.1871,14.9725,car
8,600.6006006006006,43.506,7.5177,car
1,700.7007007007007,29.1112,25.2763,motorcycle
2,700.7007007007007,27.2944,24.3236,motorcycle
3,700.7007007007007,50.1503,24.331,bus
4,700.7007007007007,42.9847,20.1467,motorcycle
5,700.7007007007007,21.1814,20.21,car
6,700.7007007007007,11.6431,34.5773,car
7,700.7007007007007,53.0805,14.9914,car
8,700.7007007007007,43.506,7.5177,car
1,800.8008008008009,28.8648,25.3408,motorcycle
2,800.8008008008009,26.8592,24.4665,motorcycle
3,800.8008008008009,50.1503,24.331,bus
4,800.8008008008009,42.2881,20.1661,motorcycle
5,800.8008008008009,21.7916,19.7329,car
6,800.8008008008009,11.702,33.9265,car
7,800.8008008008009,53.9735,15.008,car
8,800.8008008008009,43.506,7.5177,car
1,900.900900900901,28.6095,25.4114,motorcycle
2,900.900900900901,26.4322,24.6118,motorcycle
3,900.900900900901,50.1503,24.331,bus
4,900.900900900901,41.6083,20.1845,motorcycle
5,900.900900900901,22.4085,19.2647,car
6,900.900900900901,11.7821,33.2718,car
7,900.900900900901,54.8673,15.0234,car
8,900.900900900901,43.506,7.5177,car
1,1001.001001001001,28.3578,25.4864,motorcycle
2,1001.001001001001,25.9855,24.7838,motorcycle
3,1001.001001001001,50.1503,24.331,bus
4,1001.001001001001,40.9478,20.2027,motorcycle
5,1001.001001001001,23.048,18.8177,car
6,1001.001001001001,11.9024,32.6211,car
8,1001.001001001001,43.506,7.5177,car
1,1101.101101101101,28.101,25.5627,motorcycle
2,1101.101101101101,25.5596,24.9672,motorcycle
3,1101.101101101101,50.1503,24.331,bus
4,1101.101101101101,40.3061,20.2217,motorcycle
5,1101.101101101101,23.7067,18.397,car
6,1101.101101101101,12.0434,31.9871,car
8,1101.101101101101,43.506,7.5177,car
1,1201.2012012012012,27.8482,25.6379,motorcycle
2,1201.2012012012012,25.1145,25.1627,motorcycle
3,1201.2012012012012,50.1503,24.331,bus
4,1201.2012012012012,39.6856,20.2406,motorcycle
5,1201.2012012012012,24.3839,17.9987,car
6,1201.2012012012012,12.1983,31.368,car
8,1201.2012012012012,43.506,7.5177,car
1,1301.3013013013017,27.5833,25.7277,motorcycle
2,1301.3013013013017,24.696,25.3452,motorcycle
3,1301.3013013013017,50.1503,24.331,bus
4,1301.3013013013017,39.082,20.2602,motorcycle
5,1301.3013013013017,25.075,17.6211,car
6,1301.3013013013017,12.3581,30.7581,car
8,1301.3013013013017,43.506,7.5177,car
1,1401.4014014014017,27.3133,25.8279,motorcycle
2,1401.4014014014017,24.2797,25.5533,motorcycle
3,1401.4014014014017,50.1503,24.331,bus
4,1401.4014014014017,38.4953,20.2786,motorcycle
5,1401.4014014014017,25.7793,17.2496,car
6,1401.4014014014017,12.5377,30.1547,car
8,1401.4014014014017,43.506,7.5177,car
1,1501.5015015015017,27.0386,25.9345,motorcycle
2,1501.5015015015017,23.8521,25.7738,motorcycle
3,1501.5015015015017,50.1503,24.331,bus
4,1501.5015015015017,37.9262,20.2952,motorcycle
5,1501.5015015015017,26.504,16.9002,car
6,1501.5015015015017,12.7383,29.5586,car
8,1501.5015015015017,43.506,7.5177,car
1,1601.6016016016015,26.762,26.0471,motorcycle
2,1601.6016016016015,23.4247,26.0099,motorcycle
3,1601.6016016016015,50.1503,24.331,bus
4,1601.6016016016015,37.3761,20.3106,motorcycle
5,1601.6016016016015,27.2491,16.5759,car
6,1601.6016016016015,12.9543,28.9768,car
8,1601.6016016016015,43.506,7.5177,car
1,1701.7017017017015,26.4837,26.1762,motorcycle
2,1701.7017017017015,23.0024,26.2582,motorcycle
3,1701.7017017017015,50.1503,24.331,bus
4,1701.7017017017015,36.8459,20.3255,motorcycle
5,1701.7017017017015,28.0124,16.2757,car
6,1701.7017017017015,13.1765,28.3862,car
8,1701.7017017017015,43.506,7.5177,car
1,1801.801801801802,26.2209,26.3111,motorcycle
2,1801.801801801802,22.5751,26.5199,motorcycle
3,1801.801801801802,50.1503,24.331,bus
4,1801.801801801802,36.3313,20.3404,motorcycle
5,1801.801801801802,28.7852,15.9984,car
6,1801.801801801802,13.3994,27.7842,car
8,1801.801801801802,43.506,7.5177,car
1,1901.901901901902,25.9698,26.447,motorcycle
2,1901.901901901902,22.1521,26.8115,motorcycle
3,1901.901901901902,50.1503,24.331,bus
4,1901.901901901902,35.8299,20.3542,motorcycle
5,1901.901901901902,29.5705,15.7265,car
6,1901.901901901902,13.6341,27.1882,car
8,1901.901901901902,43.506,7.5177,car
1,2002.002002002002,25.7301,26.5791,motorcycle
2,2002.002002002002,21.7574,27.1133,motorcycle
3,2002.002002002002,50.1503,24.331,bus
4,2002.002002002002,35.3452,20.3665,motorcycle
5,2002.002002002002,30.3649,15.4649,car
6,2002.002002002002,13.9183,26.5797,car
8,2002.002002002002,43.506,7.5177,car
1,2102.102102102102,25.5055,26.7002,motorcycle
2,2102.102102102102,21.3992,27.4114,motorcycle
3,2102.102102102102,50.1503,24.331,bus
4,2102.102102102102,34.8768,20.3801,motorcycle
5,2102.102102102102,31.1735,15.2198,car
6,2102.102102102102,14.2316,26.0036,car
8,2102.102102102102,43.506,7.5177,car
1,2202.202202202202,25.292,26.8125,motorcycle
2,2202.202202202202,21.0904,27.6889,motorcycle
3,2202.202202202202,50.1503,24.331,bus
4,2202.202202202202,34.4272,20.3942,motorcycle
5,2202.202202202202,32.0003,15.0067,car
6,2202.202202202202,14.5594,25.4422,car
8,2202.202202202202,43.506,7.5177,car
1,2302.3023023023025,25.064,26.9264,motorcycle
2,2302.3023023023025,20.8377,27.9307,motorcycle
3,2302.3023023023025,50.1503,24.331,bus
4,2302.3023023023025,33.9946,20.4085,motorcycle
5,2302.3023023023025,32.8366,14.8088,car
6,2302.3023023023025,14.8995,24.8907,car
8,2302.3023023023025,43.506,7.5177,car
1,2402.4024024024025,24.8219,27.0389,motorcycle
2,2402.4024024024025,20.571,28.1875,motorcycle
3,2402.4024024024025,50.1503,24.331,bus
4,2402.4024024024025,33.5757,20.421,motorcycle
5,2402.4024024024025,33.678,14.6408,car
6,2402.4024024024025,15.2513,24.3498,car
8,2402.4024024024025,43.506,7.5177,car
1,2502.5025025025025,24.5682,27.1517,motorcycle
2,2502.5025025025025,20.3128,28.4496,motorcycle
3,2502.5025025025025,50.1503,24.331,bus
4,2502.5025025025025,33.1682,20.4335,motorcycle
5,2502.5025025025025,34.5296,14.4828,car
6,2502.5025025025025,15.61,23.8085,car
8,2502.5025025025025,43.506,7.5177,car
1,2602.602602602603,24.3088,27.2567,motorcycle
2,2602.602602602603,20.0563,28.7382,motorcycle
3,2602.602602602603,50.1503,24.331,bus
4,2602.602602602603,32.7737,20.4449,motorcycle
5,2602.602602602603,35.3883,14.3369,car
6,2602.602602602603,15.9764,23.2708,car
8,2602.602602602603,43.506,7.5177,car
1,2702.702702702703,24.0756,27.3524,motorcycle
2,2702.702702702703,19.8236,29.0233,motorcycle
3,2702.702702702703,50.1503,24.331,bus
4,2702.702702702703,32.3899,20.4541,motorcycle
5,2702.702702702703,36.2547,14.2195,car
6,2702.702702702703,16.3537,22.7365,car
8,2702.702702702703,43.506,7.5177,car
1,2802.802802802803,23.8577,27.4472,motorcycle
2,2802.802802802803,19.5939,29.3074,motorcycle
3,2802.802802802803,50.1503,24.331,bus
4,2802.802802802803,32.0155,20.4598,motorcycle
5,2802.802802802803,37.1325,14.11,car
6,2802.802802802803,16.7445,22.2081,car
8,2802.802802802803,43.506,7.5177,car
9,2802.802802802803,54.926,20.3205,car
1,2902.902902902903,23.6138,27.5641,motorcycle
2,2902.902902902903,19.3737,29.6039,motorcycle
3,2902.902902902903,50.1503,24.331,bus
4,2902.902902902903,31.6404,20.4609,motorcycle
5,2902.902902902903,38.0163,14.0079,car
6,2902.902902902903,17.157,21.6959,car
8,2902.902902902903,43.506,7.5177,car
9,2902.902902902903,53.9364,20.3494,car
1,3003.003003003003,23.3435,27.7064,motorcycle
2,3003.003003003003,19.1577,29.9095,motorcycle
3,3003.003003003003,50.1503,24.331,bus
4,3003.003003003003,31.3801,20.5016,motorcycle
5,3003.003003003003,38.9033,13.9185,car
6,3003.003003003003,17.5841,21.1881,car
8,3003.003003003003,43.506,7.5177,car
9,3003.003003003003,52.9667,20.3638,car
1,3103.103103103103,23.1086,27.848,motorcycle
2,3103.103103103103,18.9359,30.226,motorcycle
3,3103.103103103103,50.1503,24.331,bus
4,3103.103103103103,31.0444,20.5151,motorcycle
5,3103.103103103103,39.7917,13.857,car
6,3103.103103103103,18.0297,20.6959,car
8,3103.103103103103,43.506,7.5177,car
9,3103.103103103103,52.0149,20.3768,car
1,3203.2032032032034,22.8965,27.9815,motorcycle
2,3203.2032032032034,18.722,30.5468,motorcycle
3,3203.2032032032034,50.1503,24.331,bus
4,3203.2032032032034,30.737,20.5295,motorcycle
5,3203.2032032032034,40.6836,13.8057,car
6,3203.2032032032034,18.4875,20.2093,car
8,3203.2032032032034,43.506,7.5177,car
9,3203.2032032032034,51.0846,20.3874,car
1,3303.3033033033034,22.6814,28.1191,motorcycle
2,3303.3033033033034,18.5264,30.8735,motorcycle
3,3303.3033033033034,50.1503,24.331,bus
4,3303.3033033033034,30.417,20.5356,motorcycle
5,3303.3033033033034,41.5723,13.7797,car
6,3303.3033033033034,18.9697,19.7369,car
8,3303.3033033033034,43.506,7.5177,car
9,3303.3033033033034,50.1747,20.3949,car
1,3403.4034034034034,22.4826,28.2535,motorcycle
2,3403.4034034034034,18.3399,31.2098,motorcycle
3,3403.4034034034034,50.1503,24.331,bus
4,3403.4034034034034,30.0999,20.5383,motorcycle
5,3403.4034034034034,42.4655,13.7614,car
6,3403.4034034034034,19.4723,19.28,car
8,3403.4034034034034,43.506,7.5177,car
9,3403.4034034034034,49.2867,20.4,car
1,3503.5035035035035,22.2941,28.3865,motorcycle
2,3503.5035035035035,18.1621,31.5829,motorcycle
3,3503.5035035035035,50.1503,24.331,bus
4,3503.5035035035035,29.8002,20.5389,motorcycle
5,3503.5035035035035,43.3586,13.7506,car
6,3503.5035035035035,19.9892,18.8397,car
8,3503.5035035035035,43.506,7.5177,car
9,3503.5035035035035,48.4145,20.4037,car
1,3603.603603603604,22.0408,28.5753,motorcycle
2,3603.603603603604,18.0274,31.9258,motorcycle
3,3603.603603603604,50.1503,24.331,bus
4,3603.603603603604,29.49,20.5294,motorcycle
5,3603.603603603604,44.2562,13.7496,car
6,3603.603603603604,20.5175,18.4025,car
8,3603.603603603604,43.506,7.5177,car
9,3603.603603603604,47.5611,20.4061,car
1,3703.703703703704,21.8145,28.7774,motorcycle
2,3703.703703703704,17.8814,32.2871,motorcycle
3,3703.703703703704,50.1503,24.331,bus
4,3703.703703703704,29.1783,20.5161,motorcycle
5,3703.703703703704,45.1584,13.7587,car
6,3703.703703703704,21.0632,17.9798,car
8,3703.703703703704,43.506,7.5177,car
9,3703.703703703704,46.727,20.4065,car
1,3803.803803803804,21.6087,28.9807,motorcycle
2,3803.803803803804,17.7394,32.6627,motorcycle
3,3803.803803803804,50.1503,24.331,bus
4,3803.803803803804,28.8642,20.4987,motorcycle
5,3803.803803803804,46.0737,13.7609,car
6,3803.803803803804,21.6188,17.5649,car
8,3803.803803803804,43.506,7.5177,car
9,3803.803803803804,45.9133,20.4056,car
1,3903.903903903904,21.424,29.1767,motorcycle
2,3903.903903903904,17.6003,33.0494,motorcycle
3,3903.903903903904,50.1503,24.331,bus
4,3903.903903903904,28.5466,20.4769,motorcycle
5,3903.903903903904,46.997,13.7588,car
6,3903.903903903904,22.1888,17.1687,car
8,3903.903903903904,43.506,7.5177,car
9,3903.903903903904,45.123,20.4042,car
1,4004.004004004004,21.2361,29.3799,motorcycle
2,4004.004004004004,17.4708,33.4487,motorcycle
3,4004.004004004004,50.1503,24.331,bus
4,4004.004004004004,28.216,20.4505,motorcycle
5,4004.004004004004,47.9316,13.757,car
6,4004.004004004004,22.7707,16.7829,car
8,4004.004004004004,43.506,7.5177,car
9,4004.004004004004,44.3541,20.403,car
1,4104.104104104104,21.0535,29.5865,motorcycle
2,4104.104104104104,17.3367,33.8751,motorcycle
3,4104.104104104104,50.1503,24.331,bus
4,4104.104104104104,27.8699,20.4157,motorcycle
5,4104.104104104104,48.8722,13.7591,car
6,4104.104104104104,23.3761,16.4157,car
8,4104.104104104104,43.506,7.5177,car
9,4104.104104104104,43.6067,20.4023,car
1,4204.204204204204,20.8988,29.7737,motorcycle
10,4204.204204204204,54.9718,22.3386,bicycle
2,4204.204204204204,17.1998,34.302,motorcycle
3,4204.204204204204,50.1503,24.331,bus
4,4204.204204204204,27.5105,20.3728,motorcycle
5,4204.204204204204,49.8194,13.7664,car
6,4204.204204204204,24.0003,16.0689,car
8,4204.204204204204,43.506,7.5177,car
9,4204.204204204204,42.8788,20.4018,car
1,4304.304304304304,20.7296,29.9803,motorcycle
10,4304.304304304304,54.5174,22.3249,bicycle
2,4304.304304304304,17.0728,34.7499,motorcycle
3,4304.304304304304,50.1503,24.331,bus
4,4304.304304304304,27.1396,20.3218,motorcycle
5,4304.304304304304,50.7679,13.7784,car
6,4304.304304304304,24.6394,15.7401,car
8,4304.304304304304,43.506,7.5177,car
9,4304.304304304304,42.1701,20.4015,car
1,4404.404404404404,20.564,30.1935,motorcycle
10,4404.404404404404,54.0778,22.3142,bicycle
2,4404.404404404404,16.9512,35.214,motorcycle
3,4404.404404404404,50.1503,24.331,bus
4,4404.404404404404,26.7589,20.2626,motorcycle
5,4404.404404404404,51.7215,13.7966,car
6,4404.404404404404,25.2865,15.4169,car
8,4404.404404404404,43.506,7.5177,car
9,4404.404404404404,41.48,20.4021,car
1,4504.504504504504,20.4055,30.4067,motorcycle
10,4504.504504504504,53.6934,22.3024,bicycle
2,4504.504504504504,16.8586,35.67,motorcycle
3,4504.504504504504,50.1503,24.331,bus
4,4504.504504504504,26.3697,20.1949,motorcycle
5,4504.504504504504,52.6774,13.8218,car
6,4504.504504504504,25.9487,15.1129,car
8,4504.504504504504,43.506,7.5177,car
9,4504.504504504504,40.8081,20.4023,car
1,4604.604604604605,20.2669,30.6172,motorcycle
10,4604.604604604605,53.319,22.2882,bicycle
2,4604.604604604605,16.7683,36.1438,motorcycle
3,4604.604604604605,50.1503,24.331,bus
4,4604.604604604605,25.9801,20.1188,motorcycle
5,4604.604604604605,53.6308,13.8565,car
6,4604.604604604605,26.6222,14.8189,car
8,4604.604604604605,43.506,7.5177,car
9,4604.604604604605,40.1524,20.4036,car
1,4704.704704704705,20.1312,30.8313,motorcycle
10,4704.704704704705,52.9468,22.275,bicycle
2,4704.704704704705,16.6934,36.6279,motorcycle
3,4704.704704704705,50.1503,24.331,bus
4,4704.704704704705,25.5917,20.0313,motorcycle
5,4704.704704704705,54.5879,13.9037,car
6,4704.704704704705,27.3164,14.5492,car
8,4704.704704704705,43.506,7.5177,car
9,4704.704704704705,39.5089,20.407,car
1,4804.804804804805,20.0025,31.0488,motorcycle
10,4804.804804804805,52.5689,22.2619,bicycle
11,4804.804804804805,54.6965,22.3709,bicycle
2,4804.804804804805,16.6447,37.1194,motorcycle
3,4804.804804804805,50.1503,24.331,bus
4,4804.804804804805,25.1685,19.9108,motorcycle
6,4804.804804804805,28.0221,14.3073,car
8,4804.804804804805,43.506,7.5177,car
9,4804.804804804805,38.8752,20.4123,car
1,4904.904904904905,19.8825,31.2651,motorcycle
10,4904.904904904905,52.1815,22.2483,bicycle
11,4904.904904904905,54.253,22.3571,bicycle
2,4904.904904904905,16.6094,37.6121,motorcycle
3,4904.904904904905,50.1503,24.331,bus
4,4904.904904904905,24.7638,19.771,motorcycle
6,4904.904904904905,28.7333,14.0901,car
8,4904.904904904905,43.506,7.5177,car
9,4904.904904904905,38.2458,20.419,car
1,5005.005005005005,19.7688,31.4806,motorcycle
10,5005.005005005005,51.7961,22.2345,bicycle
11,5005.005005005005,53.8248,22.3458,bicycle
2,5005.005005005005,16.5839,38.1016,motorcycle
3,5005.005005005005,50.1503,24.331,bus
4,5005.005005005005,24.3625,19.6149,motorcycle
6,5005.005005005005,29.4558,13.8792,car
8,5005.005005005005,43.506,7.5177,car
9,5005.005005005005,37.6185,20.4273,car
1,5105.105105105105,19.6598,31.703,motorcycle
10,5105.105105105105,51.4035,22.2165,bicycle
11,5105.105105105105,53.4118,22.3357,bicycle
3,5105.105105105105,50.1503,24.331,bus
4,5105.105105105105,23.9675,19.439,motorcycle
6,5105.105105105105,30.185,13.6825,car
8,5105.105105105105,43.506,7.5177,car
9,5105.105105105105,36.9926,20.4364,car
1,5205.205205205206,19.5516,31.9476,motorcycle
10,5205.205205205206,51.0141,22.1997,bicycle
11,5205.205205205206,53.0088,22.3268,bicycle
3,5205.205205205206,50.1503,24.331,bus
4,5205.205205205206,23.5678,19.2495,motorcycle
6,5205.205205205206,30.9353,13.5119,car
8,5205.205205205206,43.506,7.5177,car
9,5205.205205205206,36.3689,20.4422,car
1,5305.305305305305,19.4427,32.226,motorcycle
10,5305.305305305305,50.6363,22.1854,bicycle
11,5305.305305305305,52.6145,22.3205,bicycle
3,5305.305305305305,50.1503,24.331,bus
4,5305.305305305305,23.1657,19.0443,motorcycle
6,5305.305305305305,31.6937,13.3705,car
8,5305.305305305305,43.506,7.5177,car
9,5305.305305305305,35.7458,20.4425,car
1,5405.405405405406,19.3449,32.5908,motorcycle
10,5405.405405405406,50.2661,22.1721,bicycle
11,5405.405405405406,52.2227,22.3142,bicycle
3,5405.405405405406,50.1503,24.331,bus
4,5405.405405405406,22.7526,18.8105,motorcycle
6,5405.405405405406,32.4596,13.2386,car
8,5405.405405405406,43.506,7.5177,car
9,5405.405405405406,35.1486,20.5833,car
1,5505.505505505505,19.2978,32.9014,motorcycle
10,5505.505505505505,49.9045,22.1591,bicycle
11,5505.505505505505,51.8318,22.3057,bicycle
3,5505.505505505505,50.1503,24.331,bus
4,5505.505505505505,22.3324,18.5461,motorcycle
6,5505.505505505505,33.2351,13.131,car
8,5505.505505505505,43.506,7.5177,car
9,5505.505505505505,34.5341,20.6346,car
1,5605.605605605606,19.2635,33.1847,motorcycle
10,5605.605605605606,49.5439,22.1468,bicycle
11,5605.605605605606,51.4394,22.2949,bicycle
3,5605.605605605606,50.1503,24.331,bus
4,5605.605605605606,21.9197,18.2506,motorcycle
6,5605.605605605606,34.0173,13.0495,car
8,5605.605605605606,43.506,7.5177,car
9,5605.605605605606,33.9192,20.7022,car
1,5705.705705705705,19.2328,33.4465,motorcycle
10,5705.705705705705,49.1805,22.1361,bicycle
11,5705.705705705705,51.0466,22.2813,bicycle
3,5705.705705705705,50.1503,24.331,bus
4,5705.705705705705,21.5134,17.9375,motorcycle
6,5705.705705705705,34.804,12.9892,car
8,5705.705705705705,43.506,7.5177,car
9,5705.705705705705,33.3086,20.7833,car
1,5805.805805805806,19.199,33.7017,motorcycle
10,5805.805805805806,48.8124,22.128,bicycle
11,5805.805805805806,50.6565,22.2664,bicycle
12,5805.805805805806,54.7115,17.701,car
3,5805.805805805806,50.1503,24.331,bus
4,5805.805805805806,21.1029,17.6125,motorcycle
6,5805.805805805806,35.5998,12.9341,car
8,5805.805805805806,43.506,7.5177,car
9,5805.805805805806,32.7066,20.8758,car
1,5905.905905905906,19.1649,33.9448,motorcycle
10,5905.905905905906,48.4287,22.1225,bicycle
11,5905.905905905906,50.2663,22.2516,bicycle
12,5905.905905905906,53.9825,17.6975,car
3,5905.905905905906,50.1503,24.331,bus
4,5905.905905905906,20.6828,17.2707,motorcycle
6,5905.905905905906,36.4087,12.9013,car
8,5905.905905905906,43.506,7.5177,car
9,5905.905905905906,32.1086,20.9794,car
1,6006.006006006006,19.1309,34.188,motorcycle
10,6006.006006006006,48.0378,22.1204,bicycle
11,6006.006006006006,49.8801,22.2374,bicycle
12,6006.006006006006,53.2643,17.6905,car
3,6006.006006006006,50.1503,24.331,bus
4,6006.006006006006,20.2521,16.921,motorcycle
6,6006.006006006006,37.2231,12.8924,car
8,6006.006006006006,43.506,7.5177,car
9,6006.006006006006,31.5172,21.1037,car
1,6106.106106106106,19.0998,34.4548,motorcycle
10,6106.106106106106,47.645,22.122,bicycle
11,6106.106106106106,49.4913,22.2229,bicycle
12,6106.106106106106,52.5553,17.682,car
3,6106.106106106106,50.1503,24.331,bus
4,6106.106106106106,19.8217,16.566,motorcycle
6,6106.106106106106,38.0422,12.9053,car
8,6106.106106106106,43.506,7.5177,car
9,6106.106106106106,30.9276,21.2386,car
1,6206.206206206206,19.0677,34.7384,motorcycle
10,6206.206206206206,47.2486,22.1285,bicycle
11,6206.206206206206,49.1106,22.2095,bicycle
12,6206.206206206206,51.8594,17.6732,car
3,6206.206206206206,50.1503,24.331,bus
4,6206.206206206206,19.3884,16.1885,motorcycle
6,6206.206206206206,38.86,12.9356,car
8,6206.206206206206,43.506,7.5177,car
9,6206.206206206206,30.34,21.3824,car
1,6306.306306306306,19.0388,35.0306,motorcycle
10,6306.306306306306,46.8433,22.1396,bicycle
11,6306.306306306306,48.7312,22.1969,bicycle
12,6306.306306306306,51.1754,17.6655,car
3,6306.306306306306,50.1503,24.331,bus
4,6306.306306306306,18.9581,15.8039,motorcycle
6,6306.306306306306,39.688,12.9649,car
8,6306.306306306306,43.506,7.5177,car
9,6306.306306306306,29.7587,21.5379,car
1,6406.406406406407,19.0133,35.3458,motorcycle
10,6406.406406406407,46.4361,22.1565,bicycle
11,6406.406406406407,48.3529,22.1848,bicycle
12,6406.406406406407,50.5038,17.658,car
3,6406.406406406407,50.1503,24.331,bus
4,6406.406406406407,18.5345,15.4045,motorcycle
6,6406.406406406407,40.5166,12.9809,car
8,6406.406406406407,43.506,7.5177,car
9,6406.406406406407,29.1771,21.7185,car
1,6506.506506506507,18.9799,35.6386,motorcycle
10,6506.506506506507,46.0357,22.18,bicycle
11,6506.506506506507,47.9718,22.1741,bicycle
12,6506.506506506507,49.8403,17.6505,car
3,6506.506506506507,50.1503,24.331,bus
4,6506.506506506507,18.1025,15.0039,motorcycle
6,6506.506506506507,41.3491,13.0043,car
8,6506.506506506507,43.506,7.5177,car
9,6506.506506506507,28.6096,21.9207,car
1,6606.606606606607,18.9523,35.942,motorcycle
10,6606.606606606607,45.6338,22.2077,bicycle
11,6606.606606606607,47.5896,22.1649,bicycle
12,6606.606606606607,49.1822,17.643,car
3,6606.606606606607,50.1503,24.331,bus
4,6606.606606606607,17.6708,14.5924,motorcycle
6,6606.606606606607,42.1899,13.0222,car
8,6606.606606606607,43.506,7.5177,car
9,6606.606606606607,28.0547,22.1308,car
1,6706.706706706707,18.9289,36.2471,motorcycle
10,6706.706706706707,45.2344,22.2418,bicycle
11,6706.706706706707,47.2054,22.1577,bicycle
12,6706.706706706707,48.5311,17.636,car
3,6706.706706706707,50.1503,24.331,bus
4,6706.706706706707,17.2388,14.1802,motorcycle
6,6706.706706706707,43.0323,13.0363,car
8,6706.706706706707,43.506,7.5177,car
9,6706.706706706707,27.5136,22.3598,car
1,6806.806806806807,18.9092,36.5478,motorcycle
10,6806.806806806807,44.8374,22.2836,bicycle
11,6806.806806806807,46.8188,22.1531,bicycle
12,6806.806806806807,47.8885,17.6306,car
3,6806.806806806807,50.1503,24.331,bus
4,6806.806806806807,16.809,13.7506,motorcycle
6,6806.806806806807,43.8758,13.0643,car
8,6806.806806806807,43.506,7.5177,car
9,6806.806806806807,26.9791,22.5993,car
1,6906.906906906907,18.8971,36.8465,motorcycle
10,6906.906906906907,44.4403,22.3331,bicycle
11,6906.906906906907,46.4331,22.1503,bicycle
12,6906.906906906907,47.2562,17.626,car
3,6906.906906906907,50.1503,24.331,bus
4,6906.906906906907,16.3871,13.3081,motorcycle
6,6906.906906906907,44.7309,13.0889,car
8,6906.906906906907,43.506,7.5177,car
9,6906.906906906907,26.4522,22.8486,car
1,7007.007007007007,18.8859,37.1459,motorcycle
10,7007.007007007007,44.0411,22.3901,bicycle
11,7007.007007007007,46.0557,22.153,bicycle
12,7007.007007007007,46.6367,17.6214,car
3,7007.007007007007,50.1503,24.331,bus
4,7007.007007007007,15.9726,12.8556,motorcycle
6,7007.007007007007,45.5952,13.1085,car
8,7007.007007007007,43.506,7.5177,car
9,7007.007007007007,25.9345,23.1085,car
1,7107.107107107107,18.8743,37.4495,motorcycle
10,7107.107107107107,43.6409,22.4525,bicycle
11,7107.107107107107,45.6861,22.1627,bicycle
12,7107.107107107107,46.0308,17.6175,car
3,7107.107107107107,50.1503,24.331,bus
4,7107.107107107107,15.5518,12.3988,motorcycle
6,7107.107107107107,46.4676,13.1249,car
8,7107.107107107107,43.506,7.5177,car
9,7107.107107107107,25.4209,23.3941,car
1,7207.207207207208,18.8653,37.7555,motorcycle
10,7207.207207207208,43.2398,22.5186,bicycle
11,7207.207207207208,45.3235,22.1798,bicycle
12,7207.207207207208,45.439,17.6138,car
3,7207.207207207208,50.1503,24.331,bus
4,7207.207207207208,15.1362,11.9416,motorcycle
6,7207.207207207208,47.3479,13.14,car
8,7207.207207207208,43.506,7.5177,car
9,7207.207207207208,24.9202,23.7023,car
1,7307.307307307307,18.8633,38.0599,motorcycle
10,7307.307307307307,42.8381,22.5871,bicycle
11,7307.307307307307,44.9605,22.2012,bicycle
12,7307.307307307307,44.8597,17.6095,car
3,7307.307307307307,50.1503,24.331,bus
4,7307.307307307307,14.7282,11.4678,motorcycle
6,7307.307307307307,48.2333,13.1546,car
8,7307.307307307307,43.506,7.5177,car
9,7307.307307307307,24.4362,24.0269,car
1,7407.407407407408,18.8676,38.3645,motorcycle
10,7407.407407407408,42.4365,22.6571,bicycle
11,7407.407407407408,44.5977,22.2272,bicycle
12,7407.407407407408,44.2954,17.6063,car
3,7407.407407407408,50.1503,24.331,bus
4,7407.407407407408,14.3344,10.986,motorcycle
6,7407.407407407408,49.1276,13.1707,car
8,7407.407407407408,43.506,7.5177,car
9,7407.407407407408,23.9657,24.3658,car
10,7507.507507507507,42.0359,22.7282,bicycle
11,7507.507507507507,44.2327,22.2562,bicycle
12,7507.507507507507,43.7477,17.6025,car
13,7507.507507507507,16.1503,-7.3365,car
3,7507.507507507507,50.1503,24.331,bus
4,7507.507507507507,13.9545,10.498,motorcycle
6,7507.507507507507,50.0302,13.1885,car
8,7507.507507507507,43.506,7.5177,car
9,7507.507507507507,23.5022,24.7102,car
10,7607.607607607608,41.6382,22.7998,bicycle
11,7607.607607607608,43.8676,22.2885,bicycle
12,7607.607607607608,43.2184,17.5993,car
13,7607.607607607608,16.1711,-7.0518,car
3,7607.607607607608,50.1503,24.331,bus
4,7607.607607607608,13.5893,10.0047,motorcycle
6,7607.607607607608,50.9388,13.2078,car
8,7607.607607607608,43.506,7.5177,car
9,7607.607607607608,23.0522,25.0715,car
10,7707.707707707707,41.2461,22.8714,bicycle
11,7707.707707707707,43.5005,22.323,bicycle
12,7707.707707707707,42.711,17.5954,car
13,7707.707707707707,16.1872,-6.7269,car
3,7707.707707707707,50.1503,24.331,bus
4,7707.707707707707,13.2393,9.5065,motorcycle
6,7707.707707707707,51.8508,13.2295,car
8,7707.707707707707,43.506,7.5177,car
9,7707.707707707707,22.6187,25.4482,car
10,7807.807807807808,40.8635,22.9426,bicycle
11,7807.807807807808,43.141,22.3605,bicycle
12,7807.807807807808,42.2242,17.5918,car
13,7807.807807807808,16.2059,-6.3572,car
3,7807.807807807808,50.1503,24.331,bus
4,7807.807807807808,12.906,9.0003,motorcycle
6,7807.807807807808,52.7707,13.2397,car
8,7807.807807807808,43.506,7.5177,car
9,7807.807807807808,22.2005,25.8385,car
10,7907.907907907908,40.4955,23.0127,bicycle
11,7907.907907907908,42.7825,22.399,bicycle
12,7907.907907907908,41.7593,17.5889,car
13,7907.907907907908,16.2276,-5.9378,car
3,7907.907907907908,50.1503,24.331,bus
4,7907.907907907908,12.5874,8.4695,motorcycle
6,7907.907907907908,53.6906,13.262,car
8,7907.907907907908,43.506,7.5177,car
9,7907.907907907908,21.7913,26.2481,car
10,8008.008008008008,40.1484,23.0806,bicycle
11,8008.008008008008,42.422,22.4378,bicycle
12,8008.008008008008,41.3105,17.587,car
13,8008.008008008008,16.2529,-5.4804,car
3,8008.008008008008,50.1503,24.331,bus
4,8008.008008008008,12.2901,7.929,motorcycle
6,8008.008008008008,54.6082,13.3019,car
8,8008.008008008008,43.506,7.5177,car
9,8008.008008008008,21.3889,26.6786,car
10,8108.108108108108,39.8287,23.1455,bicycle
11,8108.108108108108,42.0578,22.4775,bicycle
12,8108.108108108108,40.8811,17.5864,car
13,8108.108108108108,16.2816,-4.998,car
3,8108.108108108108,50.1503,24.331,bus
4,8108.108108108108,12.0013,7.3845,motorcycle
8,8108.108108108108,43.506,7.5177,car
9,8108.108108108108,21.0016,27.1348,car
10,8208.208208208209,39.5414,23.2069,bicycle
11,8208.208208208209,41.6883,22.5192,bicycle
12,8208.208208208209,40.4732,17.5869,car
13,8208.208208208209,16.3138,-4.5009,car
3,8208.208208208209,50.1503,24.331,bus
4,8208.208208208209,11.732,6.8254,motorcycle
8,8208.208208208209,43.506,7.5177,car
9,8208.208208208209,20.6267,27.6062,car
10,8308.308308308307,39.2484,23.2732,bicycle
11,8308.308308308307,41.3092,22.5613,bicycle
12,8308.308308308307,40.0974,17.5871,car
13,8308.308308308307,16.3505,-3.9983,car
3,8308.308308308307,50.1503,24.331,bus
4,8308.308308308307,11.4851,6.2498,motorcycle
8,8308.308308308307,43.506,7.5177,car
9,8308.308308308307,20.2716,28.0978,car
10,8408.408408408408,38.9191,23.3506,bicycle
11,8408.408408408408,40.9208,22.603,bicycle
12,8408.408408408408,39.7575,17.5863,car
13,8408.408408408408,16.4037,-3.4799,car
3,8408.408408408408,50.1503,24.331,bus
4,8408.408408408408,11.2694,5.6582,motorcycle
8,8408.408408408408,43.506,7.5177,car
9,8408.408408408408,19.9305,28.5991,car
10,8508.508508508508,38.5618,23.4442,bicycle
11,8508.508508508508,40.526,22.6468,bicycle
12,8508.508508508508,39.4465,17.586,car
13,8508.508508508508,16.4821,-2.9523,car
14,8508.508508508508,11.5473,38.4376,car
3,8508.508508508508,50.1503,24.331,bus
4,8508.508508508508,11.0728,5.0617,motorcycle
8,8508.508508508508,43.506,7.5177,car
9,8508.508508508508,19.5984,29.1142,car
10,8608.608608608609,38.2237,23.54,bicycle
11,8608.608608608609,40.1253,22.6934,bicycle
12,8608.608608608609,39.1582,17.5864,car
13,8608.608608608609,16.5817,-2.441,car
14,8608.608608608609,11.5477,37.732,car
3,8608.608608608609,50.1503,24.331,bus
4,8608.608608608609,10.8927,4.4548,motorcycle
8,8608.608608608609,43.506,7.5177,car
9,8608.608608608609,19.2737,29.6328,car
10,8708.70870870871,37.9037,23.6364,bicycle
11,8708.70870870871,39.7238,22.743,bicycle
12,8708.70870870871,38.8885,17.5872,car
13,8708.70870870871,16.6965,-1.9522,car
14,8708.70870870871,11.5506,37.0151,car
3,8708.70870870871,50.1503,24.331,bus
4,8708.70870870871,10.7298,3.8367,motorcycle
8,8708.70870870871,43.506,7.5177,car
9,8708.70870870871,18.9628,30.1671,car
10,8808.808808808808,37.518,23.7346,bicycle
11,8808.808808808808,39.319,22.7959,bicycle
12,8808.808808808808,38.6397,17.5883,car
13,8808.808808808808,16.816,-1.4651,car
14,8808.808808808808,11.5537,36.289,car
3,8808.808808808808,50.1503,24.331,bus
4,8808.808808808808,10.5855,3.2078,motorcycle
8,8808.808808808808,43.506,7.5177,car
9,8808.808808808808,18.6705,30.7179,car
10,8908.908908908908,37.1307,23.8072,bicycle
11,8908.908908908908,38.9123,22.8537,bicycle
12,8908.908908908908,38.4115,17.5898,car
13,8908.908908908908,16.9409,-0.9893,car
14,8908.908908908908,11.5571,35.5583,car
3,8908.908908908908,50.1503,24.331,bus
4,8908.908908908908,10.4603,2.5707,motorcycle
8,8908.908908908908,43.506,7.5177,car
9,8908.908908908908,18.3979,31.284,car
10,9009.009009009009,36.7422,23.8755,bicycle
11,9009.009009009009,38.5057,22.9167,bicycle
12,9009.009009009009,38.2012,17.592,car
13,9009.009009009009,17.0839,-0.5144,car
14,9009.009009009009,11.561,34.829,car
3,9009.009009009009,50.1503,24.331,bus
4,9009.009009009009,10.3656,1.937,motorcycle
8,9009.009009009009,43.506,7.5177,car
9,9009.009009009009,18.1385,31.8668,car
10,9109.10910910911,36.3382,23.948,bicycle
11,9109.10910910911,38.1058,22.983,bicycle
12,9109.10910910911,38.0165,17.593,car
13,9109.10910910911,17.2422,-0.056,car
14,9109.10910910911,11.5658,34.101,car
3,9109.10910910911,50.1503,24.331,bus
4,9109.10910910911,10.2708,1.2939,motorcycle
8,9109.10910910911,43.506,7.5177,car
9,9109.10910910911,17.8745,32.4688,car
10,9209.20920920921,35.9313,24.0231,bicycle
11,9209.20920920921,37.7187,23.0506,bicycle
12,9209.20920920921,37.8537,17.5954,car
13,9209.20920920921,17.4097,0.3804,car
14,9209.20920920921,11.5717,33.3723,car
3,9209.20920920921,50.1503,24.331,bus
4,9209.20920920921,10.1957,0.6441,motorcycle
8,9209.20920920921,43.506,7.5177,car
9,9209.20920920921,17.6143,33.0761,car
10,9309.30930930931,35.5287,24.0981,bicycle
11,9309.30930930931,37.3509,23.1175,bicycle
12,9309.30930930931,37.7129,17.5984,car
13,9309.30930930931,17.5834,0.8157,car
14,9309.30930930931,11.5789,32.6468,car
3,9309.30930930931,50.1503,24.331,bus
4,9309.30930930931,10.1629,-0.0262,motorcycle
8,9309.30930930931,43.506,7.5177,car
9,9309.30930930931,17.3678,33.7093,car
10,9409.40940940941,35.1369,24.1708,bicycle
11,9409.40940940941,37.009,23.182,bicycle
12,9409.40940940941,37.5941,17.6015,car
13,9409.40940940941,17.7625,1.2453,car
14,9409.40940940941,11.5884,31.9257,car
3,9409.40940940941,50.1503,24.331,bus
4,9409.40940940941,10.1563,-0.6909,motorcycle
8,9409.40940940941,43.506,7.5177,car
9,9409.40940940941,17.1402,34.3606,car
10,9509.509509509511,34.7624,24.2395,bicycle
11,9509.509509509511,36.698,23.2419,bicycle
12,9509.509509509511,37.4986,17.604,car
13,9509.509509509511,17.9581,1.6691,car
14,9509.509509509511,11.5995,31.2116,car
3,9509.509509509511,50.1503,24.331,bus
4,9509.509509509511,10.1598,-1.3571,motorcycle
8,9509.509509509511,43.506,7.5177,car
9,9509.509509509511,16.9309,35.0285,car
10,9609.60960960961,34.4114,24.3031,bicycle
11,9609.60960960961,36.376,23.3023,bicycle
12,9609.60960960961,37.4259,17.6055,car
13,9609.60960960961,18.1746,2.0934,car
14,9609.60960960961,11.6127,30.5027,car
3,9609.60960960961,50.1503,24.331,bus
4,9609.60960960961,10.175,-2.0307,motorcycle
8,9609.60960960961,43.506,7.5177,car
9,9609.60960960961,16.738,35.7076,car
10,9709.70970970971,34.0884,24.36,bicycle
11,9709.70970970971,36.0437,23.3635,bicycle
12,9709.70970970971,37.3735,17.6055,car
13,9709.70970970971,18.409,2.4954,car
14,9709.70970970971,11.6262,29.7922,car
15,9709.70970970971,16.0963,-7.1738,car
3,9709.70970970971,50.1503,24.331,bus
4,9709.70970970971,10.1946,-2.6987,motorcycle
8,9709.70970970971,43.506,7.5177,car
9,9709.70970970971,16.5601,36.3965,car
10,9809.80980980981,33.7535,24.4184,bicycle
11,9809.80980980981,35.7194,23.4291,bicycle
12,9809.80980980981,37.3385,17.6052,car
13,9809.80980980981,18.6497,2.8803,car
14,9809.80980980981,11.6401,29.0764,car
15,9809.80980980981,16.1007,-6.7536,car
3,9809.80980980981,50.1503,24.331,bus
4,9809.80980980981,10.234,-3.372,motorcycle
8,9809.80980980981,43.506,7.5177,car
9,9809.80980980981,16.3856,37.0856,car
10,9909.909909909911,33.42,24.4733,bicycle
11,9909.909909909911,35.372,23.489,bicycle
12,9909.909909909911,37.3195,17.6047,car
13,9909.909909909911,18.8949,3.2594,car
14,9909.909909909911,11.6543,28.3551,car
15,9909.909909909911,16.1023,-6.2575,car
3,9909.909909909911,50.1503,24.331,bus
4,9909.909909909911,10.2775,-4.0551,motorcycle
8,9909.909909909911,43.506,7.5177,car
9,9909.909909909911,16.2274,37.7801,car
10,10010.01001001001,33.0869,24.5353,bicycle
11,10010.01001001001,35.0196,23.5503,bicycle
12,10010.01001001001,37.3159,17.6056,car
13,10010.01001001001,19.1512,3.63,car
14,10010.01001001001,11.6676,27.6292,car
15,10010.01001001001,16.1031,-5.6772,car
3,10010.01001001001,50.1503,24.331,bus
4,10010.01001001001,10.3141,-4.7423,motorcycle
8,10010.01001001001,43.506,7.5177,car
10,10110.11011011011,32.7532,24.5996,bicycle
11,10110.11011011011,34.6285,23.622,bicycle
12,10110.11011011011,37.3189,17.6068,car
13,10110.11011011011,19.4201,3.9878,car
14,10110.11011011011,11.6811,26.9002,car
15,10110.11011011011,16.1039,-5.0037,car
3,10110.11011011011,50.1503,24.331,bus
4,10110.11011011011,10.364,-5.4358,motorcycle
8,10110.11011011011,43.506,7.5177,car
10,10210.21021021021,32.427,24.6654,bicycle
11,10210.21021021021,34.2486,23.7002,bicycle
12,10210.21021021021,37.3264,17.6079,car
13,10210.21021021021,19.6949,4.3284,car
14,10210.21021021021,11.6957,26.1673,car
15,10210.21021021021,16.1028,-4.2553,car
3,10210.21021021021,50.1503,24.331,bus
4,10210.21021021021,10.4421,-6.134,motorcycle
8,10210.21021021021,43.506,7.5177,car
10,10310.310310310311,32.0499,24.7491,bicycle
11,10310.310310310311,33.8527,23.7772,bicycle
12,10310.310310310311,37.3335,17.6075,car
13,10310.310310310311,19.9743,4.6641,car
14,10310.310310310311,11.7127,25.431,car
15,10310.310310310311,16.1001,-3.4555,car
3,10310.310310310311,50.1503,24.331,bus
4,10310.310310310311,10.5445,-6.8226,motorcycle
8,10310.310310310311,43.506,7.5177,car
10,10410.410410410412,31.6943,24.8458,bicycle
11,10410.410410410412,33.4551,23.8457,bicycle
12,10410.410410410412,37.3411,17.6066,car
13,10410.410410410412,20.2563,4.9957,car
14,10410.410410410412,11.7306,24.6913,car
15,10410.410410410412,16.0965,-2.6226,car
3,10410.410410410412,50.1503,24.331,bus
8,10410.410410410412,43.506,7.5177,car
10,10510.51051051051,31.3441,24.9446,bicycle
11,10510.51051051051,33.0599,23.9123,bicycle
12,10510.51051051051,37.353,17.6058,car
13,10510.51051051051,20.5433,5.3239,car
14,10510.51051051051,11.751,23.9468,car
15,10510.51051051051,16.0911,-1.7689,car
3,10510.51051051051,50.1503,24.331,bus
8,10510.51051051051,43.506,7.5177,car
10,10610.61061061061,30.9873,25.0464,bicycle
11,10610.61061061061,32.6734,23.9778,bicycle
12,10610.61061061061,37.3671,17.6038,car
13,10610.61061061061,20.8393,5.648,car
14,10610.61061061061,11.7743,23.1984,car
15,10610.61061061061,16.0844,-0.9036,car
3,10610.61061061061,50.1503,24.331,bus
8,10610.61061061061,43.506,7.5177,car
10,10710.710710710711,30.6133,25.147,bicycle
11,10710.710710710711,32.3061,24.0407,bicycle
12,10710.710710710711,37.3794,17.6012,car
13,10710.710710710711,21.1463,5.9685,car
14,10710.710710710711,11.7993,22.4457,car
15,10710.710710710711,16.0783,-0.0308,car
3,10710.710710710711,50.1503,24.331,bus
8,10710.710710710711,43.506,7.5177,car
10,10810.810810810812,30.2427,25.2445,bicycle
11,10810.810810810812,31.9666,24.0992,bicycle
12,10810.810810810812,37.3921,17.5994,car
13,10810.810810810812,21.4761,6.2851,car
14,10810.810810810812,11.8258,21.69,car
15,10810.810810810812,16.0729,0.8451,car
3,10810.810810810812,50.1503,24.331,bus
8,10810.810810810812,43.506,7.5177,car
10,10910.910910910912,29.8651,25.3504,bicycle
11,10910.910910910912,31.6614,24.1536,bicycle
12,10910.910910910912,37.4027,17.5988,car
13,10910.910910910912,21.8169,6.5874,car
14,10910.910910910912,11.8522,20.9329,car
15,10910.910910910912,16.0685,1.7241,car
3,10910.910910910912,50.1503,24.331,bus
8,10910.910910910912,43.506,7.5177,car
10,11011.01101101101,29.4804,25.4586,bicycle
11,11011.01101101101,31.3453,24.2156,bicycle
12,11011.01101101101,37.411,17.598,car
13,11011.01101101101,22.1637,6.8756,car
14,11011.01101101101,11.8779,20.1764,car
15,11011.01101101101,16.0644,2.6018,car
16,11011.01101101101,11.1682,38.0356,car
3,11011.01101101101,50.1503,24.331,bus
8,11011.01101101101,43.506,7.5177,car
10,11111.111111111111,29.1059,25.5669,bicycle
11,11111.111111111111,30.962,24.3024,bicycle
12,11111.111111111111,37.4172,17.5978,car
13,11111.111111111111,22.5129,7.1584,car
14,11111.111111111111,11.9031,19.4208,car
15,11111.111111111111,16.0596,3.4795,car
16,11111.111111111111,11.1962,37.1619,car
3,11111.111111111111,50.1503,24.331,bus
8,11111.111111111111,43.506,7.5177,car
10,11211.211211211212,28.7358,25.6829,bicycle
11,11211.211211211212,30.5995,24.4047,bicycle
12,11211.211211211212,37.4225,17.5987,car
13,11211.211211211212,22.8806,7.4351,car
14,11211.211211211212,11.9281,18.6679,car
15,11211.211211211212,16.0548,4.3575,car
16,11211.211211211212,11.2204,36.294,car
3,11211.211211211212,50.1503,24.331,bus
8,11211.211211211212,43.506,7.5177,car
10,11311.311311311312,28.3649,25.8024,bicycle
11,11311.311311311312,30.2381,24.5133,bicycle
12,11311.311311311312,37.427,17.5994,car
13,11311.311311311312,23.2563,7.6881,car
14,11311.311311311312,11.954,17.9202,car
15,11311.311311311312,16.0501,5.238,car
16,11311.311311311312,11.2463,35.4344,car
3,11311.311311311312,50.1503,24.331,bus
8,11311.311311311312,43.506,7.5177,car
10,11411.41141141141,27.9813,25.9354,bicycle
11,11411.41141141141,29.8745,24.6364,bicycle
12,11411.41141141141,37.4343,17.601,car
13,11411.41141141141,23.6365,7.9389,car
14,11411.41141141141,11.9812,17.1819,car
15,11411.41141141141,16.0447,6.1216,car
16,11411.41141141141,11.2728,34.5846,car
3,11411.41141141141,50.1503,24.331,bus
8,11411.41141141141,43.506,7.5177,car
10,11511.511511511511,27.6096,26.0686,bicycle
11,11511.511511511511,29.5109,24.7614,bicycle
12,11511.511511511511,37.4397,17.6021,car
13,11511.511511511511,24.0273,8.1835,car
14,11511.511511511511,12.0105,16.4494,car
15,11511.511511511511,16.0391,7.005,car
16,11511.511511511511,11.2993,33.7476,car
3,11511.511511511511,50.1503,24.331,bus
8,11511.511511511511,43.506,7.5177,car
10,11611.611611611612,27.2694,26.1933,bicycle
11,11611.611611611612,29.1375,24.8887,bicycle
12,11611.611611611612,37.4443,17.6034,car
13,11611.611611611612,24.4369,8.4331,car
14,11611.611611611612,12.0408,15.7228,car
15,11611.611611611612,16.0308,7.8887,car
16,11611.611611611612,11.3261,32.9235,car
17,11611.611611611612,13.1814,-7.0293,motorcycle
3,11611.611611611612,50.1503,24.331,bus
8,11611.611611611612,43.506,7.5177,car
10,11711.711711711712,26.9322,26.3212,bicycle
11,11711.711711711712,28.7756,25.01,bicycle
12,11711.711711711712,37.4494,17.605,car
13,11711.711711711712,24.8535,8.679,car
14,11711.711711711712,12.0724,14.9998,car
15,11711.711711711712,16.0195,8.7734,car
16,11711.711711711712,11.3532,32.1141,car
17,11711.711711711712,12.9549,-6.5088,motorcycle
3,11711.711711711712,50.1503,24.331,bus
8,11711.711711711712,43.506,7.5177,car
10,11811.811811811813,26.6423,26.4427,bicycle
11,11811.811811811813,28.41,25.1335,bicycle
12,11811.811811811813,37.4525,17.6064,car
13,11811.811811811813,25.2931,8.9176,car
14,11811.811811811813,12.1049,14.2794,car
15,11811.811811811813,16.0055,9.6616,car
16,11811.811811811813,11.3815,31.3207,car
17,11811.811811811813,12.7116,-5.9829,motorcycle
3,11811.811811811813,50.1503,24.331,bus
8,11811.811811811813,43.506,7.5177,car
10,11911.911911911911,26.3365,26.5688,bicycle
11,11911.911911911911,28.0485,25.2476,bicycle
12,11911.911911911911,37.4546,17.6075,car
13,11911.911911911911,25.7502,9.1456,car
14,11911.911911911911,12.1376,13.5593,car
15,11911.911911911911,15.9895,10.5555,car
16,11911.911911911911,11.4105,30.5427,car
17,11911.911911911911,12.4211,-5.4736,motorcycle
3,11911.911911911911,50.1503,24.331,bus
8,11911.911911911911,43.506,7.5177,car
10,12012.012012012012,26.0282,26.7091,bicycle
11,12012.012012012012,27.7339,25.3506,bicycle
12,12012.012012012012,37.4563,17.6078,car
13,12012.012012012012,26.2208,9.3622,car
14,12012.012012012012,12.1707,12.8412,car
15,12012.012012012012,15.9713,11.4551,car
16,12012.012012012012,11.4417,29.7831,car
17,12012.012012012012,12.1238,-4.971,motorcycle
3,12012.012012012012,50.1503,24.331,bus
8,12012.012012012012,43.506,7.5177,car
10,12112.112112112112,25.7093,26.8629,bicycle
11,12112.112112112112,27.4508,25.4537,bicycle
12,12112.112112112112,37.4577,17.6078,car
13,12112.112112112112,26.7038,9.5684,car
14,12112.112112112112,12.2049,12.1227,car
15,12112.112112112112,15.9507,12.3586,car
16,12112.112112112112,11.4733,29.0444,car
17,12112.112112112112,11.8306,-4.4724,motorcycle
3,12112.112112112112,50.1503,24.331,bus
8,12112.112112112112,43.506,7.5177,car
10,12212.212212212213,25.3864,27.0319,bicycle
11,12212.212212212213,27.1659,25.5695,bicycle
12,12212.212212212213,37.459,17.6073,car
13,12212.212212212213,27.1991,9.7636,car
14,12212.212212212213,12.2394,11.4058,car
15,12212.212212212213,15.9286,13.265,car
16,12212.212212212213,11.5063,28.3242,car
17,12212.212212212213,11.532,-3.9835,motorcycle
3,12212.212212212213,50.1503,24.331,bus
8,12212.212212212213,43.506,7.5177,car
10,12312.312312312311,25.0845,27.2008,bicycle
11,12312.312312312311,26.7504,25.7439,bicycle
12,12312.312312312311,37.4601,17.6065,car
13,12312.312312312311,27.7029,9.9478,car
14,12312.312312312311,12.2748,10.6896,car
15,12312.312312312311,15.9065,14.174,car
16,12312.312312312311,11.5418,27.6198,car
17,12312.312312312311,11.243,-3.4939,motorcycle
3,12312.312312312311,50.1503,24.331,bus
8,12312.312312312311,43.506,7.5177,car
10,12412.412412412412,24.8058,27.363,bicycle
11,12412.412412412412,26.4967,25.897,bicycle
12,12412.412412412412,37.4612,17.6054,car
13,12412.412412412412,28.2119,10.1207,car
14,12412.412412412412,12.3105,9.9735,car
15,12412.412412412412,15.883,15.0843,car
16,12412.412412412412,11.5779,26.9311,car
17,12412.412412412412,10.9523,-3.0091,motorcycle
3,12412.412412412412,50.1503,24.331,bus
8,12412.412412412412,43.506,7.5177,car
10,12512.512512512512,24.5591,27.5124,bicycle
11,12512.512512512512,26.2116,26.0615,bicycle
12,12512.512512512512,37.4617,17.6058,car
13,12512.512512512512,28.7319,10.293,car
14,12512.512512512512,12.3467,9.2565,car
15,12512.512512512512,15.8596,15.9976,car
16,12512.512512512512,11.6159,26.2604,car
17,12512.512512512512,10.6653,-2.5248,motorcycle
3,12512.512512512512,50.1503,24.331,bus
8,12512.512512512512,43.506,7.5177,car
10,12612.612612612613,24.2166,27.7385,bicycle
11,12612.612612612613,25.9144,26.247,bicycle
12,12612.612612612613,37.4621,17.6065,car
13,12612.612612612613,29.2639,10.4648,car
14,12612.612612612613,12.3832,8.5379,car
15,12612.612612612613,15.837,16.9138,car
16,12612.612612612613,11.6545,25.6064,car
17,12612.612612612613,10.3794,-2.0376,motorcycle
3,12612.612612612613,50.1503,24.331,bus
8,12612.612612612613,43.506,7.5177,car
10,12712.712712712711,23.9605,27.9312,bicycle
11,12712.712712712711,25.6212,26.4397,bicycle
12,12712.712712712711,37.4664,17.6074,car
13,12712.712712712711,29.8164,10.6348,car
14,12712.712712712711,12.4208,7.8145,car
15,12712.712712712711,15.8148,17.8334,car
16,12712.712712712711,11.6941,24.9681,car
17,12712.712712712711,10.1014,-1.5463,motorcycle
3,12712.712712712711,50.1503,24.331,bus
8,12712.712712712711,43.506,7.5177,car
10,12812.812812812814,23.6898,28.1268,bicycle
11,12812.812812812814,25.3323,26.6387,bicycle
12,12812.812812812814,37.4723,17.6078,car
13,12812.812812812814,30.3858,10.7994,car
14,12812.812812812814,12.4602,7.0838,car
15,12812.812812812814,15.7922,18.7575,car
16,12812.812812812814,11.736,24.3416,car
17,12812.812812812814,9.8214,-1.0601,motorcycle
3,12812.812812812814,50.1503,24.331,bus
8,12812.812812812814,43.506,7.5177,car
10,12912.912912912912,23.4288,28.3164,bicycle
11,12912.912912912912,25.0576,26.8297,bicycle
12,12912.912912912912,37.4776,17.6077,car
13,12912.912912912912,30.9689,10.9544,car
14,12912.912912912912,12.4986,6.3449,car
15,12912.912912912912,15.7687,19.6851,car
16,12912.912912912912,11.7808,23.7251,car
17,12912.912912912912,9.5329,-0.5729,motorcycle
3,12912.912912912912,50.1503,24.331,bus
8,12912.912912912912,43.506,7.5177,car
10,13013.013013013016,23.1698,28.5141,bicycle
11,13013.013013013016,24.7873,27.0235,bicycle
12,13013.013013013016,37.4808,17.6069,car
13,13013.013013013016,31.5626,11.0898,car
14,13013.013013013016,12.5365,5.5978,car
15,13013.013013013016,15.7447,20.6194,car
16,13013.013013013016,11.8329,23.1224,car
17,13013.013013013016,9.2262,-0.087,motorcycle
3,13013.013013013016,50.1503,24.331,bus
8,13013.013013013016,43.506,7.5177,car
10,13113.113113113111,22.9189,28.7103,bicycle
11,13113.113113113111,24.5202,27.2145,bicycle
12,13113.113113113111,37.4811,17.6054,car
13,13113.113113113111,32.1643,11.2193,car
14,13113.113113113111,12.5741,4.8418,car
15,13113.113113113111,15.7206,21.5588,car
16,13113.113113113111,11.9063,22.5232,car
17,13113.113113113111,8.9179,0.3804,motorcycle
3,13113.113113113111,50.1503,24.331,bus
8,13113.113113113111,43.506,7.5177,car
10,13213.213213213214,22.641,28.9431,bicycle
11,13213.213213213214,24.2387,27.4098,bicycle
12,13213.213213213214,37.4798,17.6032,car
13,13213.213213213214,32.7712,11.3449,car
14,13213.213213213214,12.6107,4.0778,car
15,13213.213213213214,15.6974,22.5036,car
16,13213.213213213214,12.0114,21.9274,car
17,13213.213213213214,8.6089,0.8576,motorcycle
3,13213.213213213214,50.1503,24.331,bus
8,13213.213213213214,43.506,7.5177,car
10,13313.313313313312,22.3858,29.182,bicycle
11,13313.313313313312,23.9544,27.607,bicycle
12,13313.313313313312,37.4772,17.6004,car
13,13313.313313313312,33.3827,11.4653,car
14,13313.313313313312,12.647,3.3062,car
15,13313.313313313312,15.6742,23.4516,car
16,13313.313313313312,12.1432,21.349,car
17,13313.313313313312,8.3146,1.3368,motorcycle
3,13313.313313313312,50.1503,24.331,bus
8,13313.313313313312,43.506,7.5177,car
10,13413.413413413416,22.1395,29.43,bicycle
11,13413.413413413416,23.6816,27.8017,bicycle
12,13413.413413413416,37.4734,17.597,car
13,13413.413413413416,34.007,11.5805,car
14,13413.413413413416,12.6819,2.527,car
15,13413.413413413416,15.6511,24.4032,car
16,13413.413413413416,12.2971,20.7829,car
17,13413.413413413416,8.0204,1.8076,motorcycle
3,13413.413413413416,50.1503,24.331,bus
8,13413.413413413416,43.506,7.5177,car
10,13513.513513513511,21.9228,29.6657,bicycle
11,13513.513513513511,23.4085,28.0085,bicycle
12,13513.513513513511,37.471,17.5946,car
13,13513.513513513511,34.6392,11.7007,car
14,13513.513513513511,12.7148,1.7379,car
15,13513.513513513511,15.6288,25.3535,car
16,13513.513513513511,12.4623,20.2275,car
17,13513.513513513511,7.7113,2.2716,motorcycle
3,13513.513513513511,50.1503,24.331,bus
8,13513.513513513511,43.506,7.5177,car
10,13613.613613613614,21.7161,29.9051,bicycle
11,13613.613613613614,23.132,28.2282,bicycle
12,13613.613613613614,37.4675,17.5927,car
13,13613.613613613614,35.2818,11.8116,car
14,13613.613613613614,12.7467,0.941,car
15,13613.613613613614,15.6064,26.3064,car
16,13613.613613613614,12.6581,19.6843,car
17,13613.613613613614,7.4023,2.7185,motorcycle
3,13613.613613613614,50.1503,24.331,bus
8,13613.613613613614,43.506,7.5177,car
10,13713.713713713712,21.5113,30.1669,bicycle
11,13713.713713713712,22.868,28.4575,bicycle
12,13713.713713713712,37.4625,17.5903,car
13,13713.713713713712,35.9321,11.9138,car
14,13713.713713713712,12.7767,0.1384,car
15,13713.713713713712,15.5831,27.2616,car
16,13713.713713713712,12.8716,19.1567,car
17,13713.713713713712,7.0968,3.1654,motorcycle
3,13713.713713713712,50.1503,24.331,bus
8,13713.713713713712,43.506,7.5177,car
10,13813.813813813817,21.3198,30.4379,bicycle
11,13813.813813813817,22.6088,28.6945,bicycle
12,13813.813813813817,37.4595,17.5884,car
13,13813.813813813817,36.5958,12.0201,car
14,13813.813813813817,12.8043,-0.6668,car
15,13813.813813813817,15.5595,28.2196,car
16,13813.813813813817,13.0951,18.6374,car
17,13813.813813813817,6.7994,3.6056,motorcycle
3,13813.813813813817,50.1503,24.331,bus
8,13813.813813813817,43.506,7.5177,car
10,13913.913913913912,21.1419,30.7129,bicycle
11,13913.913913913912,22.3672,28.9321,bicycle
12,13913.913913913912,37.4601,17.5878,car
13,13913.913913913912,37.2693,12.1175,car
14,13913.913913913912,12.829,-1.474,car
15,13913.913913913912,15.5353,29.1822,car
16,13913.913913913912,13.3544,18.1177,car
17,13913.913913913912,6.5065,4.0406,motorcycle
3,13913.913913913912,50.1503,24.331,bus
8,13913.913913913912,43.506,7.5177,car
10,14014.014014014014,20.9739,30.9911,bicycle
11,14014.014014014014,22.1223,29.1754,bicycle
12,14014.014014014014,37.4645,17.5878,car
13,14014.014014014014,37.9517,12.2041,car
14,14014.014014014014,12.8499,-2.2771,car
15,14014.014014014014,15.5126,30.1496,car
16,14014.014014014014,13.6462,17.6144,car
17,14014.014014014014,6.217,4.469,motorcycle
3,14014.014014014014,50.1503,24.331,bus
8,14014.014014014014,43.506,7.5177,car
10,14114.114114114112,20.8056,31.3049,bicycle
11,14114.114114114112,21.8826,29.4257,bicycle
12,14114.114114114112,37.469,17.5879,car
13,14114.114114114112,38.6477,12.2823,car
14,14114.114114114112,12.8677,-3.0759,car
15,14114.114114114112,15.4904,31.12,car
16,14114.114114114112,13.9645,17.1317,car
17,14114.114114114112,5.9317,4.8762,motorcycle
18,14114.114114114112,54.4745,19.8236,car
3,14114.114114114112,50.1503,24.331,bus
8,14114.114114114112,43.506,7.5177,car
10,14214.214214214217,20.6642,31.6088,bicycle
11,14214.214214214217,21.6528,29.6784,bicycle
12,14214.214214214217,37.4674,17.588,car
13,14214.214214214217,39.3554,12.3538,car
14,14214.214214214217,12.8844,-3.8668,car
15,14214.214214214217,15.469,32.0939,car
16,14214.214214214217,14.3014,16.6716,car
17,14214.214214214217,5.6521,5.2956,motorcycle
18,14214.214214214217,53.9507,19.847,car
3,14214.214214214217,50.1503,24.331,bus
8,14214.214214214217,43.506,7.5177,car
10,14314.314314314312,20.5393,31.9086,bicycle
11,14314.314314314312,21.4336,29.9327,bicycle
12,14314.314314314312,37.4597,17.5885,car
13,14314.314314314312,40.0724,12.4337,car
14,14314.314314314312,12.8993,-4.644,car
15,14314.314314314312,15.449,33.0701,car
16,14314.314314314312,14.65,16.2264,car
17,14314.314314314312,5.3823,5.7012,motorcycle
18,14314.314314314312,53.43,19.8618,car
3,14314.314314314312,50.1503,24.331,bus
8,14314.314314314312,43.506,7.5177,car
10,14414.414414414416,20.4287,32.2027,bicycle
11,14414.414414414416,21.2135,30.1917,bicycle
12,14414.414414414416,37.4449,17.5894,car
13,14414.414414414416,40.7974,12.5084,car
14,14414.414414414416,12.9125,-5.4006,car
15,14414.414414414416,15.4288,34.048,car
16,14414.414414414416,15.0179,15.8033,car
17,14414.414414414416,5.1141,6.0989,motorcycle
18,14414.414414414416,52.9089,19.8758,car
3,14414.414414414416,50.1503,24.331,bus
8,14414.414414414416,43.506,7.5177,car
10,14514.514514514516,20.3282,32.5061,bicycle
11,14514.514514514516,20.9933,30.4669,bicycle
12,14514.514514514516,37.4253,17.5909,car
13,14514.514514514516,41.5315,12.5876,car
14,14514.514514514516,12.9244,-6.1346,car
15,14514.514514514516,15.4074,35.0279,car
16,14514.514514514516,15.3989,15.397,car
17,14514.514514514516,4.8449,6.4786,motorcycle
18,14514.514514514516,52.3839,19.8914,car
3,14514.514514514516,50.1503,24.331,bus
8,14514.514514514516,43.506,7.5177,car
10,14614.614614614617,20.2454,32.8132,bicycle
11,14614.614614614617,20.806,30.7435,bicycle
12,14614.614614614617,37.4036,17.593,car
13,14614.614614614617,42.2693,12.6584,car
14,14614.614614614617,12.934,-6.8377,car
15,14614.614614614617,15.3855,36.0104,car
16,14614.614614614617,15.8013,15.0113,car
17,14614.614614614617,4.5684,6.8501,motorcycle
18,14614.614614614617,51.8573,19.908,car
3,14614.614614614617,50.1503,24.331,bus
8,14614.614614614617,43.506,7.5177,car
10,14714.714714714715,20.1689,33.116,bicycle
11,14714.714714714715,20.6209,31.0308,bicycle
12,14714.714714714715,37.3779,17.5958,car
13,14714.714714714715,43.0185,12.7327,car
14,14714.714714714715,12.9427,-7.5285,car
15,14714.714714714715,15.3645,36.9958,car
16,14714.714714714715,16.2209,14.6525,car
17,14714.714714714715,4.2656,7.2252,motorcycle
18,14714.714714714715,51.3334,19.925,car
3,14714.714714714715,50.1503,24.331,bus
8,14714.714714714715,43.506,7.5177,car
10,14814.814814814816,20.1031,33.4115,bicycle
11,14814.814814814816,20.4473,31.3274,bicycle
12,14814.814814814816,37.3436,17.5993,car
13,14814.814814814816,43.7759,12.7954,car
15,14814.814814814816,15.3457,37.9831,car
16,14814.814814814816,16.6533,14.3196,car
17,14814.814814814816,3.9609,7.5703,motorcycle
18,14814.814814814816,50.8167,19.9422,car
3,14814.814814814816,50.1503,24.331,bus
8,14814.814814814816,43.506,7.5177,car
10,14914.914914914916,20.0292,33.7278,bicycle
11,14914.914914914916,20.2832,31.6421,bicycle
12,14914.914914914916,37.2973,17.6025,car
13,14914.914914914916,44.5351,12.8482,car
16,14914.914914914916,17.0909,14.0157,car
17,14914.914914914916,3.6766,7.8957,motorcycle
18,14914.914914914916,50.2983,19.9596,car
3,14914.914914914916,50.1503,24.331,bus
8,14914.914914914916,43.506,7.5177,car
10,15015.015015015017,19.9533,34.0646,bicycle
11,15015.015015015017,20.1612,31.9134,bicycle
12,15015.015015015017,37.2357,17.6053,car
13,15015.015015015017,45.3015,12.9069,car
16,15015.015015015017,17.537,13.7263,car
17,15015.015015015017,3.405,8.2134,motorcycle
18,15015.015015015017,49.7847,19.9774,car
19,15015.015015015017,-19.7785,14.9735,car
3,15015.015015015017,50.1503,24.331,bus
8,15015.015015015017,43.506,7.5177,car
10,15115.115115115115,19.8831,34.4161,bicycle
11,15115.115115115115,20.0233,32.1996,bicycle
12,15115.115115115115,37.1539,17.6077,car
13,15115.115115115115,46.074,12.9564,car
16,15115.115115115115,17.9921,13.4605,car
17,15115.115115115115,3.1303,8.5573,motorcycle
18,15115.115115115115,49.2749,19.9955,car
19,15115.115115115115,-18.9082,15.0214,car
3,15115.115115115115,50.1503,24.331,bus
8,15115.115115115115,43.506,7.5177,car
10,15215.215215215216,19.8249,34.7874,bicycle
11,15215.215215215216,19.8884,32.4857,bicycle
12,15215.215215215216,37.0488,17.61,car
13,15215.215215215216,46.8537,13.0067,car
16,15215.215215215216,18.4524,13.2131,car
17,15215.215215215216,2.8699,8.9133,motorcycle
18,15215.215215215216,48.7648,20.0125,car
19,15215.215215215216,-18.0627,15.0609,car
3,15215.215215215216,50.1503,24.331,bus
8,15215.215215215216,43.506,7.5177,car
10,15315.315315315316,19.789,35.0758,bicycle
11,15315.315315315316,19.7686,32.7702,bicycle
12,15315.315315315316,36.9172,17.6112,car
13,15315.315315315316,47.6381,13.0451,car
16,15315.315315315316,18.9187,12.9921,car
17,15315.315315315316,2.6337,9.2597,motorcycle
18,15315.315315315316,48.2562,20.0294,car
19,15315.315315315316,-17.2405,15.1032,car
3,15315.315315315316,50.1503,24.331,bus
8,15315.315315315316,43.506,7.5177,car
10,15415.415415415417,19.7371,35.3681,bicycle
11,15415.415415415417,19.6506,33.0722,bicycle
12,15415.415415415417,36.7606,17.6121,car
13,15415.415415415417,48.4359,13.0857,car
16,15415.415415415417,19.389,12.7884,car
17,15415.415415415417,2.4194,9.5827,motorcycle
18,15415.415415415417,47.7497,20.0461,car
19,15415.415415415417,-16.4441,15.1477,car
3,15415.415415415417,50.1503,24.331,bus
8,15415.415415415417,43.506,7.5177,car
10,15515.515515515515,19.6906,35.7072,bicycle
11,15515.515515515515,19.5362,33.4124,bicycle
12,15515.515515515515,36.5842,17.6146,car
13,15515.515515515515,49.2439,13.1293,car
16,15515.515515515515,19.8684,12.6098,car
17,15515.515515515515,2.2224,9.8654,motorcycle
18,15515.515515515515,47.2452,20.0621,car
19,15515.515515515515,-15.6726,15.1964,car
3,15515.515515515515,50.1503,24.331,bus
8,15515.515515515515,43.506,7.5177,car
10,15615.615615615616,19.6543,36.0425,bicycle
11,15615.615615615616,19.4152,33.8218,bicycle
12,15615.615615615616,36.3856,17.6163,car
13,15615.615615615616,50.0619,13.1713,car
16,15615.615615615616,20.3474,12.4593,car
17,15615.615615615616,2.0113,10.1402,motorcycle
18,15615.615615615616,46.7387,20.0769,car
19,15615.615615615616,-14.9228,15.2461,car
3,15615.615615615616,50.1503,24.331,bus
8,15615.615615615616,43.506,7.5177,car
10,15715.715715715718,19.6236,36.3628,bicycle
11,15715.715715715718,19.3736,34.1298,bicycle
12,15715.715715715718,36.161,17.6189,car
13,15715.715715715718,50.8842,13.2092,car
16,15715.715715715718,20.8149,12.3358,car
17,15715.715715715718,1.7476,10.433,motorcycle
18,15715.715715715718,46.2324,20.0893,car
19,15715.715715715718,-14.1907,15.2969,car
3,15715.715715715718,50.1503,24.331,bus
8,15715.715715715718,43.506,7.5177,car
10,15815.815815815817,19.5914,36.6926,bicycle
11,15815.815815815817,19.3127,34.4867,bicycle
12,15815.815815815817,35.9083,17.6223,car
13,15815.815815815817,51.7104,13.2412,car
16,15815.815815815817,21.2816,12.2244,car
17,15815.815815815817,1.4569,10.7018,motorcycle
18,15815.815815815817,45.7277,20.1005,car
19,15815.815815815817,-13.4729,15.3489,car
3,15815.815815815817,50.1503,24.331,bus
8,15815.815815815817,43.506,7.5177,car
10,15915.915915915915,19.5619,37.026,bicycle
11,15915.915915915915,19.2714,34.8568,bicycle
12,15915.915915915915,35.6275,17.625,car
13,15915.915915915915,52.5421,13.2646,car
16,15915.915915915915,21.753,12.1235,car
17,15915.915915915915,1.1606,10.9324,motorcycle
18,15915.915915915915,45.2287,20.1102,car
19,15915.915915915915,-12.7673,15.4013,car
3,15915.915915915915,50.1503,24.331,bus
8,15915.915915915915,43.506,7.5177,car
10,16016.016016016016,19.5334,37.3562,bicycle
11,16016.016016016016,19.2442,35.2023,bicycle
12,16016.016016016016,35.3182,17.6271,car
13,16016.016016016016,53.3755,13.2781,car
16,16016.016016016016,22.2321,12.0354,car
17,16016.016016016016,0.8583,11.145,motorcycle
18,16016.016016016016,44.7305,20.1195,car
19,16016.016016016016,-12.0745,15.4652,car
3,16016.016016016016,50.1503,24.331,bus
8,16016.016016016016,43.506,7.5177,car
10,16116.116116116118,19.5116,37.6929,bicycle
11,16116.116116116118,19.2171,35.5269,bicycle
12,16116.116116116118,34.9782,17.6284,car
13,16116.116116116118,54.2083,13.2774,car
16,16116.116116116118,22.7171,11.9689,car
17,16116.116116116118,0.557,11.3409,motorcycle
18,16116.116116116118,44.2283,20.1292,car
19,16116.116116116118,-11.3939,15.5279,car
3,16116.116116116118,50.1503,24.331,bus
8,16116.116116116118,43.506,7.5177,car
10,16216.216216216217,19.4959,38.0314,bicycle
11,16216.216216216217,19.1839,35.8519,bicycle
12,16216.216216216217,34.6094,17.6293,car
16,16216.216216216217,23.2059,11.913,car
17,16216.216216216217,0.2549,11.5311,motorcycle
18,16216.216216216217,43.7236,20.1376,car
19,16216.216216216217,-10.7201,15.6017,car
3,16216.216216216217,50.1503,24.331,bus
8,16216.216216216217,43.506,7.5177,car
10,16316.316316316315,19.492,38.364,bicycle
11,16316.316316316315,19.1516,36.1784,bicycle
12,16316.316316316315,34.221,17.6298,car
16,16316.316316316315,23.7054,11.863,car
17,16316.316316316315,-0.0583,11.72,motorcycle
18,16316.316316316315,43.2209,20.1446,car
19,16316.316316316315,-10.0527,15.6846,car
3,16316.316316316315,50.1503,24.331,bus
8,16316.316316316315,43.506,7.5177,car
11,16416.416416416418,19.1193,36.5172,bicycle
12,16416.416416416418,33.8168,17.6293,car
16,16416.416416416418,24.2206,11.8099,car
17,16416.416416416418,-0.3793,11.9087,motorcycle
18,16416.416416416418,42.7193,20.1514,car
19,16416.416416416418,-9.388,15.7648,car
3,16416.416416416418,50.1503,24.331,bus
8,16416.416416416418,43.506,7.5177,car
11,16516.516516516516,19.0897,36.8693,bicycle
12,16516.516516516516,33.3961,17.6276,car
16,16516.516516516516,24.7556,11.7646,car
17,16516.516516516516,-0.7243,12.0948,motorcycle
18,16516.516516516516,42.215,20.1591,car
19,16516.516516516516,-8.7244,15.8549,car
3,16516.516516516516,50.1503,24.331,bus
8,16516.516516516516,43.506,7.5177,car
11,16616.616616616615,19.0693,37.2414,bicycle
12,16616.616616616615,32.9581,17.6249,car
16,16616.616616616615,25.3073,11.7316,car
17,16616.616616616615,-1.0912,12.2686,motorcycle
18,16616.616616616615,41.7102,20.1676,car
19,16616.616616616615,-8.0643,15.9555,car
3,16616.616616616615,50.1503,24.331,bus
8,16616.616616616615,43.506,7.5177,car
11,16716.716716716717,19.0559,37.6334,bicycle
12,16716.716716716717,32.5013,17.6218,car
16,16716.716716716717,25.8798,11.7123,car
17,16716.716716716717,-1.4494,12.4274,motorcycle
18,16716.716716716717,41.2057,20.1753,car
19,16716.716716716717,-7.412,16.0647,car
3,16716.716716716717,50.1503,24.331,bus
8,16716.716716716717,43.506,7.5177,car
11,16816.816816816816,19.0483,38.0205,bicycle
12,16816.816816816816,32.026,17.6186,car
16,16816.816816816816,26.472,11.6972,car
17,16816.816816816816,-1.8187,12.5924,motorcycle
18,16816.816816816816,40.6988,20.1822,car
19,16816.816816816816,-6.7641,16.1822,car
20,16816.816816816816,7.3606,38.3297,bicycle
3,16816.816816816816,50.1503,24.331,bus
8,16816.816816816816,43.506,7.5177,car
11,16916.916916916918,19.05,38.3802,bicycle
12,16916.916916916918,31.5328,17.6154,car
16,16916.916916916918,27.0842,11.6966,car
17,16916.916916916918,-2.194,12.7669,motorcycle
18,16916.916916916918,40.1889,20.1891,car
19,16916.916916916918,-6.1202,16.3091,car
20,16916.916916916918,7.3394,38.063,bicycle
21,16916.916916916918,6.2,38.4619,bicycle
3,16916.916916916918,50.1503,24.331,bus
8,16916.916916916918,43.506,7.5177,car
12,17017.017017017017,31.0244,17.6128,car
16,17017.017017017017,27.7075,11.7116,car
17,17017.017017017017,-2.5688,12.9461,motorcycle
18,17017.017017017017,39.6797,20.1958,car
19,17017.017017017017,-5.4781,16.4476,car
20,17017.017017017017,7.3244,37.7969,bicycle
21,17017.017017017017,6.1961,38.2007,bicycle
3,17017.017017017017,50.1503,24.331,bus
8,17017.017017017017,43.506,7.5177,car
12,17117.11711711712,30.5065,17.6094,car
16,17117.11711711712,28.3569,11.7295,car
17,17117.11711711712,-2.9524,13.1302,motorcycle
18,17117.11711711712,39.1755,20.2045,car
19,17117.11711711712,-4.8409,16.5974,car
20,17117.11711711712,7.309,37.5287,bicycle
21,17117.11711711712,6.1905,37.9397,bicycle
3,17117.11711711712,50.1503,24.331,bus
8,17117.11711711712,43.506,7.5177,car
12,17217.217217217218,29.9781,17.6052,car
16,17217.217217217218,29.0231,11.7378,car
17,17217.217217217218,-3.3358,13.3233,motorcycle
18,17217.217217217218,38.6702,20.2158,car
19,17217.217217217218,-4.2121,16.7566,car
20,17217.217217217218,7.2941,37.2591,bicycle
21,17217.217217217218,6.1847,37.6772,bicycle
3,17217.217217217218,50.1503,24.331,bus
8,17217.217217217218,43.506,7.5177,car
12,17317.31731731732,29.4382,17.6003,car
16,17317.31731731732,29.7108,11.7537,car
17,17317.31731731732,-3.723,13.5151,motorcycle
18,17317.31731731732,38.1544,20.2296,car
19,17317.31731731732,-3.5914,16.9248,car
20,17317.31731731732,7.2774,36.9918,bicycle
21,17317.31731731732,6.1801,37.4173,bicycle
3,17317.31731731732,50.1503,24.331,bus
8,17317.31731731732,43.506,7.5177,car
12,17417.41741741742,28.8881,17.5949,car
16,17417.41741741742,30.425,11.7677,car
17,17417.41741741742,-4.123,13.7082,motorcycle
18,17417.41741741742,37.6305,20.2442,car
19,17417.41741741742,-2.9781,17.0924,car
20,17417.41741741742,7.2616,36.7294,bicycle
21,17417.41741741742,6.1725,37.1598,bicycle
3,17417.41741741742,50.1503,24.331,bus
8,17417.41741741742,43.506,7.5177,car
12,17517.517517517517,28.3255,17.5891,car
16,17517.517517517517,31.1534,11.7823,car
17,17517.517517517517,-4.5288,13.8929,motorcycle
18,17517.517517517517,37.1055,20.2604,car
19,17517.517517517517,-2.3661,17.2866,car
20,17517.517517517517,7.245,36.4706,bicycle
21,17517.517517517517,6.1603,36.9068,bicycle
3,17517.517517517517,50.1503,24.331,bus
8,17517.517517517517,43.506,7.5177,car
12,17617.617617617616,27.7536,17.5814,car
16,17617.617617617616,31.8936,11.8127,car
17,17617.617617617616,-4.9387,14.0807,motorcycle
18,17617.617617617616,36.5774,20.2767,car
19,17617.617617617616,-1.7586,17.4943,car
20,17617.617617617616,7.2276,36.2144,bicycle
21,17617.617617617616,6.1474,36.6626,bicycle
3,17617.617617617616,50.1503,24.331,bus
8,17617.617617617616,43.506,7.5177,car
12,17717.71771771772,27.1722,17.5715,car
16,17717.71771771772,32.6473,11.8439,car
17,17717.71771771772,-5.3507,14.2713,motorcycle
18,17717.71771771772,36.0461,20.2915,car
19,17717.71771771772,-1.1551,17.7126,car
20,17717.71771771772,7.2104,35.9599,bicycle
21,17717.71771771772,6.132,36.4252,bicycle
3,17717.71771771772,50.1503,24.331,bus
8,17717.71771771772,43.506,7.5177,car
12,17817.817817817817,26.5831,17.5589,car
16,17817.817817817817,33.411,11.8748,car
17,17817.817817817817,-5.7642,14.4662,motorcycle
18,17817.817817817817,35.5056,20.3052,car
19,17817.817817817817,-0.5561,17.9423,car
20,17817.817817817817,7.1925,35.7062,bicycle
21,17817.817817817817,6.1145,36.1918,bicycle
3,17817.817817817817,50.1503,24.331,bus
8,17817.817817817817,43.506,7.5177,car
12,17917.91791791792,25.9884,17.545,car
16,17917.91791791792,34.1841,11.9056,car
17,17917.91791791792,-6.1731,14.6688,motorcycle
18,17917.91791791792,34.9577,20.3182,car
19,17917.91791791792,0.0381,18.1843,car
20,17917.91791791792,7.1735,35.4509,bicycle
21,17917.91791791792,6.0951,35.9596,bicycle
3,17917.91791791792,50.1503,24.331,bus
8,17917.91791791792,43.506,7.5177,car
12,18018.018018018018,25.3855,17.5298,car
16,18018.018018018018,34.9682,11.937,car
17,18018.018018018018,-6.5865,14.872,motorcycle
18,18018.018018018018,34.4039,20.3321,car
19,18018.018018018018,0.6271,18.4403,car
20,18018.018018018018,7.1531,35.1896,bicycle
21,18018.018018018018,6.0718,35.7262,bicycle
3,18018.018018018018,50.1503,24.331,bus
8,18018.018018018018,43.506,7.5177,car
12,18118.11811811812,24.7724,17.5148,car
16,18118.11811811812,35.7615,11.9694,car
17,18118.11811811812,-7.0059,15.0764,motorcycle
18,18118.11811811812,33.841,20.3459,car
19,18118.11811811812,1.2044,18.7196,car
20,18118.11811811812,7.1305,34.9275,bicycle
21,18118.11811811812,6.0297,35.4372,bicycle
3,18118.11811811812,50.1503,24.331,bus
8,18118.11811811812,43.506,7.5177,car
12,18218.21821821822,24.1477,17.4997,car
16,18218.21821821822,36.5625,12.004,car
17,18218.21821821822,-7.4298,15.2809,motorcycle
18,18218.21821821822,33.2749,20.359,car
19,18218.21821821822,1.7775,19.0131,car
20,18218.21821821822,7.109,34.6647,bicycle
21,18218.21821821822,5.9774,35.1927,bicycle
3,18218.21821821822,50.1503,24.331,bus
8,18218.21821821822,43.506,7.5177,car
12,18318.31831831832,23.5125,17.4831,car
16,18318.31831831832,37.3696,12.04,car
17,18318.31831831832,-7.8605,15.4893,motorcycle
18,18318.31831831832,32.7078,20.37,car
19,18318.31831831832,2.3466,19.3317,car
20,18318.31831831832,7.086,34.4033,bicycle
21,18318.31831831832,5.9285,34.9515,bicycle
3,18318.31831831832,50.1503,24.331,bus
8,18318.31831831832,43.506,7.5177,car
12,18418.41841841842,22.8721,17.4653,car
16,18418.41841841842,38.1787,12.0783,car
17,18418.41841841842,-8.2956,15.6988,motorcycle
18,18418.41841841842,32.1399,20.3808,car
19,18418.41841841842,2.9049,19.6731,car
20,18418.41841841842,7.0579,34.1276,bicycle
21,18418.41841841842,5.8622,34.6635,bicycle
3,18418.41841841842,50.1503,24.331,bus
8,18418.41841841842,43.506,7.5177,car
12,18518.51851851852,22.2253,17.4472,car
16,18518.51851851852,38.9881,12.1182,car
17,18518.51851851852,-8.7369,15.91,motorcycle
18,18518.51851851852,31.5708,20.3917,car
19,18518.51851851852,3.4619,20.0293,car
20,18518.51851851852,7.0242,33.8726,bicycle
21,18518.51851851852,5.8076,34.4332,bicycle
3,18518.51851851852,50.1503,24.331,bus
8,18518.51851851852,43.506,7.5177,car
12,18618.61861861862,21.5637,17.4281,car
16,18618.61861861862,39.7943,12.1589,car
17,18618.61861861862,-9.1826,16.1228,motorcycle
18,18618.61861861862,30.9993,20.4021,car
19,18618.61861861862,4.013,20.4121,car
20,18618.61861861862,6.9889,33.5974,bicycle
21,18618.61861861862,5.7687,34.2309,bicycle
3,18618.61861861862,50.1503,24.331,bus
8,18618.61861861862,43.506,7.5177,car
12,18718.71871871872,20.8894,17.4087,car
16,18718.71871871872,40.5999,12.2001,car
17,18718.71871871872,-9.6324,16.3343,motorcycle
18,18718.71871871872,30.4243,20.4115,car
19,18718.71871871872,4.5548,20.8223,car
20,18718.71871871872,6.9537,33.3283,bicycle
21,18718.71871871872,5.7334,34.0335,bicycle
3,18718.71871871872,50.1503,24.331,bus
8,18718.71871871872,43.506,7.5177,car
12,18818.81881881882,20.1976,17.3896,car
16,18818.81881881882,41.4067,12.2391,car
17,18818.81881881882,-10.0943,16.539,motorcycle
18,18818.81881881882,29.848,20.4203,car
19,18818.81881881882,5.0856,21.2553,car
20,18818.81881881882,6.9121,33.023,bicycle
21,18818.81881881882,5.6883,33.7697,bicycle
3,18818.81881881882,50.1503,24.331,bus
8,18818.81881881882,43.506,7.5177,car
12,18918.91891891892,19.4932,17.3721,car
16,18918.91891891892,42.2134,12.2625,car
17,18918.91891891892,-10.5525,16.7308,motorcycle
18,18918.91891891892,29.2764,20.4267,car
19,18918.91891891892,5.6114,21.7016,car
20,18918.91891891892,6.8666,32.8224,bicycle
21,18918.91891891892,5.6543,33.5135,bicycle
3,18918.91891891892,50.1503,24.331,bus
8,18918.91891891892,43.506,7.5177,car
12,19019.019019019022,18.7735,17.3561,car
16,19019.019019019022,43.014,12.2879,car
17,19019.019019019022,-11.025,16.9303,motorcycle
18,19019.019019019022,28.7033,20.4324,car
19,19019.019019019022,6.1277,22.1736,car
20,19019.019019019022,6.8203,32.5772,bicycle
21,19019.019019019022,5.6322,33.3243,bicycle
3,19019.019019019022,50.1503,24.331,bus
8,19019.019019019022,43.506,7.5177,car
12,19119.11911911912,18.0357,17.3411,car
16,19119.11911911912,43.8063,12.316,car
17,19119.11911911912,-11.4985,17.1296,motorcycle
18,19119.11911911912,28.1212,20.4355,car
19,19119.11911911912,6.6268,22.6664,car
20,19119.11911911912,6.7666,32.3273,bicycle
21,19119.11911911912,5.586,33.0513,bicycle
3,19119.11911911912,50.1503,24.331,bus
8,19119.11911911912,43.506,7.5177,car
12,19219.21921921922,17.2797,17.3265,car
16,19219.21921921922,44.5938,12.3461,car
17,19219.21921921922,-11.9819,17.322,motorcycle
18,19219.21921921922,27.5423,20.4331,car
19,19219.21921921922,7.1195,23.1698,car
20,19219.21921921922,6.7064,32.0741,bicycle
21,19219.21921921922,5.5339,32.7959,bicycle
3,19219.21921921922,50.1503,24.331,bus
8,19219.21921921922,43.506,7.5177,car
12,19319.31931931932,16.5129,17.3134,car
16,19319.31931931932,45.3753,12.3771,car
17,19319.31931931932,-12.4701,17.5052,motorcycle
18,19319.31931931932,26.9592,20.4272,car
19,19319.31931931932,7.5982,23.6942,car
20,19319.31931931932,6.6401,31.8187,bicycle
21,19319.31931931932,5.4824,32.5588,bicycle
3,19319.31931931932,50.1503,24.331,bus
8,19319.31931931932,43.506,7.5177,car
12,19419.41941941942,15.7371,17.3022,car
16,19419.41941941942,46.154,12.4092,car
17,19419.41941941942,-12.9588,17.6839,motorcycle
18,19419.41941941942,26.3694,20.4187,car
19,19419.41941941942,8.0588,24.2359,car
20,19419.41941941942,6.573,31.5804,bicycle
21,19419.41941941942,5.4341,32.326,bicycle
3,19419.41941941942,50.1503,24.331,bus
8,19419.41941941942,43.506,7.5177,car
12,19519.51951951952,14.9528,17.2932,car
16,19519.51951951952,46.9354,12.4407,car
17,19519.51951951952,-13.4583,17.873,motorcycle
18,19519.51951951952,25.7727,20.4096,car
19,19519.51951951952,8.5021,24.7927,car
20,19519.51951951952,6.5006,31.3352,bicycle
21,19519.51951951952,5.3865,32.0861,bicycle
3,19519.51951951952,50.1503,24.331,bus
8,19519.51951951952,43.506,7.5177,car
12,19619.61961961962,14.1619,17.2866,car
16,19619.61961961962,47.7225,12.4712,car
17,19619.61961961962,-13.9542,18.063,motorcycle
18,19619.61961961962,25.163,20.3989,car
19,19619.61961961962,8.9239,25.3651,car
20,19619.61961961962,6.4204,31.0908,bicycle
21,19619.61961961962,5.3416,31.8558,bicycle
3,19619.61961961962,50.1503,24.331,bus
8,19619.61961961962,43.506,7.5177,car
12,19719.71971971972,13.3602,17.2812,car
16,19719.71971971972,48.5176,12.5017,car
17,19719.71971971972,-14.4685,18.2478,motorcycle
18,19719.71971971972,24.5462,20.3861,car
19,19719.71971971972,9.3149,25.9566,car
20,19719.71971971972,6.3321,30.8409,bicycle
21,19719.71971971972,5.2871,31.5831,bicycle
3,19719.71971971972,50.1503,24.331,bus
8,19719.71971971972,43.506,7.5177,car
12,19819.819819819822,12.5475,17.2766,car
16,19819.819819819822,49.3225,12.5322,car
17,19819.819819819822,-14.9828,18.4246,motorcycle
18,19819.819819819822,23.9419,20.3707,car
19,19819.819819819822,9.6885,26.5554,car
20,19819.819819819822,6.2284,30.5853,bicycle
21,19819.819819819822,5.2219,31.2642,bicycle
3,19819.819819819822,50.1503,24.331,bus
8,19819.819819819822,43.506,7.5177,car
12,19919.91991991992,11.7197,17.2729,car
16,19919.91991991992,50.1361,12.5651,car
17,19919.91991991992,-15.5029,18.6066,motorcycle
18,19919.91991991992,23.3469,20.3531,car
19,19919.91991991992,10.0543,27.1554,car
20,19919.91991991992,6.1192,30.3361,bicycle
21,19919.91991991992,5.1928,31.1252,bicycle
3,19919.91991991992,50.1503,24.331,bus
8,19919.91991991992,43.506,7.5177,car
12,20020.02002002002,10.8778,17.2704,car
16,20020.02002002002,50.9599,12.5999,car
17,20020.02002002002,-16.0215,18.7908,motorcycle
18,20020.02002002002,22.7478,20.3325,car
19,20020.02002002002,10.4043,27.7734,car
20,20020.02002002002,6.0063,30.0906,bicycle
21,20020.02002002002,5.1476,30.9617,bicycle
3,20020.02002002002,50.1503,24.331,bus
8,20020.02002002002,43.506,7.5177,car
12,20120.12012012012,10.0264,17.27,car
16,20120.12012012012,51.7935,12.6363,car
17,20120.12012012012,-16.544,18.9769,motorcycle
18,20120.12012012012,22.1408,20.3077,car
19,20120.12012012012,10.7345,28.4079,car
20,20120.12012012012,5.8892,29.8502,bicycle
21,20120.12012012012,5.1101,30.8095,bicycle
3,20120.12012012012,50.1503,24.331,bus
8,20120.12012012012,43.506,7.5177,car
12,20220.22022022022,9.1634,17.2709,car
16,20220.22022022022,52.6361,12.6755,car
17,20220.22022022022,-17.0714,19.1644,motorcycle
18,20220.22022022022,21.5168,20.2815,car
19,20220.22022022022,11.0435,29.0514,car
20,20220.22022022022,5.7722,29.6175,bicycle
21,20220.22022022022,5.0608,30.6284,bicycle
3,20220.22022022022,50.1503,24.331,bus
8,20220.22022022022,43.506,7.5177,car
12,20320.32032032032,8.2877,17.2721,car
16,20320.32032032032,53.4836,12.7183,car
17,20320.32032032032,-17.5982,19.3475,motorcycle
18,20320.32032032032,20.8814,20.2538,car
19,20320.32032032032,11.3491,29.7081,car
20,20320.32032032032,5.6602,29.387,bicycle
21,20320.32032032032,5.0209,30.4818,bicycle
3,20320.32032032032,50.1503,24.331,bus
8,20320.32032032032,43.506,7.5177,car
12,20420.42042042042,7.4028,17.2722,car
16,20420.42042042042,54.3308,12.7668,car
17,20420.42042042042,-18.127,19.516,motorcycle
18,20420.42042042042,20.2392,20.2247,car
19,20420.42042042042,11.6459,30.3721,car
20,20420.42042042042,5.5537,29.1612,bicycle
21,20420.42042042042,4.9491,30.2675,bicycle
3,20420.42042042042,50.1503,24.331,bus
8,20420.42042042042,43.506,7.5177,car
12,20520.52052052052,6.5061,17.2731,car
17,20520.52052052052,-18.6601,19.684,motorcycle
18,20520.52052052052,19.5935,20.1929,car
19,20520.52052052052,11.9228,31.0534,car
20,20520.52052052052,5.4496,28.9345,bicycle
21,20520.52052052052,4.819,29.959,bicycle
3,20520.52052052052,50.1503,24.331,bus
8,20520.52052052052,43.506,7.5177,car
12,20620.620620620623,5.5948,17.2747,car
17,20620.620620620623,-19.1935,19.8484,motorcycle
18,20620.620620620623,18.9429,20.1592,car
19,20620.620620620623,12.1919,31.7484,car
20,20620.620620620623,5.3382,28.6902,bicycle
21,20620.620620620623,4.696,29.7277,bicycle
3,20620.620620620623,50.1503,24.331,bus
8,20620.620620620623,43.506,7.5177,car
12,20720.72072072072,4.6687,17.276,car
17,20720.72072072072,-19.728,20.0,motorcycle
18,20720.72072072072,18.2878,20.1254,car
19,20720.72072072072,12.4428,32.4634,car
20,20720.72072072072,5.2221,28.4354,bicycle
21,20720.72072072072,4.5828,29.5307,bicycle
3,20720.72072072072,50.1503,24.331,bus
8,20720.72072072072,43.506,7.5177,car
12,20820.820820820823,3.7301,17.2777,car
18,20820.820820820823,17.6389,20.0921,car
19,20820.820820820823,12.6867,33.1928,car
20,20820.820820820823,5.1056,28.1775,bicycle
21,20820.820820820823,4.4676,29.3367,bicycle
3,20820.820820820823,50.1503,24.331,bus
8,20820.820820820823,43.506,7.5177,car
12,20920.92092092092,2.7799,17.2793,car
18,20920.92092092092,16.9942,20.0576,car
19,20920.92092092092,12.9098,33.9423,car
20,20920.92092092092,4.9848,27.9201,bicycle
21,20920.92092092092,4.3307,29.1272,bicycle
3,20920.92092092092,50.1503,24.331,bus
8,20920.92092092092,43.506,7.5177,car
12,21021.02102102102,1.8166,17.2808,car
18,21021.02102102102,16.3461,20.0222,car
19,21021.02102102102,13.1091,34.7039,car
20,21021.02102102102,4.8839,27.7212,bicycle
21,21021.02102102102,4.1809,28.9199,bicycle
3,21021.02102102102,50.1503,24.331,bus
8,21021.02102102102,43.506,7.5177,car
12,21121.12112112112,0.838,17.2831,car
18,21121.12112112112,15.6881,19.9855,car
19,21121.12112112112,13.3,35.4765,car
20,21121.12112112112,4.7622,27.4915,bicycle
21,21121.12112112112,4.0176,28.7148,bicycle
3,21121.12112112112,50.1503,24.331,bus
8,21121.12112112112,43.506,7.5177,car
12,21221.22122122122,-0.1521,17.2859,car
18,21221.22122122122,15.0175,19.9484,car
19,21221.22122122122,13.4678,36.2607,car
20,21221.22122122122,4.6217,27.2499,bicycle
21,21221.22122122122,3.8538,28.5217,bicycle
3,21221.22122122122,50.1503,24.331,bus
8,21221.22122122122,43.506,7.5177,car
12,21321.32132132132,-1.1533,17.2882,car
18,21321.32132132132,14.3415,19.9125,car
19,21321.32132132132,13.6262,37.054,car
20,21321.32132132132,4.4655,27.0061,bicycle
21,21321.32132132132,3.7092,28.3526,bicycle
22,21321.32132132132,21.1956,-7.3912,bicycle
3,21321.32132132132,50.1503,24.331,bus
8,21321.32132132132,43.506,7.5177,car
12,21421.421421421423,-2.1672,17.2906,car
18,21421.421421421423,13.6531,19.878,car
19,21421.421421421423,13.7584,37.854,car
20,21421.421421421423,4.3109,26.776,bicycle
21,21421.421421421423,3.5621,28.1836,bicycle
22,21421.421421421423,21.2518,-7.0955,bicycle
3,21421.421421421423,50.1503,24.331,bus
8,21421.421421421423,43.506,7.5177,car
12,21521.52152152152,-3.1905,17.2911,car
18,21521.52152152152,12.9602,19.8463,car
20,21521.52152152152,4.1599,26.5559,bicycle
21,21521.52152152152,3.3986,28.0042,bicycle
22,21521.52152152152,21.2934,-6.7975,bicycle
3,21521.52152152152,50.1503,24.331,bus
8,21521.52152152152,43.506,7.5177,car
12,21621.621621621623,-4.2272,17.2917,car
18,21621.621621621623,12.2556,19.8166,car
20,21621.621621621623,4.0139,26.342,bicycle
21,21621.621621621623,3.2255,27.8261,bicycle
22,21621.621621621623,21.3277,-6.4961,bicycle
3,21621.621621621623,50.1503,24.331,bus
8,21621.621621621623,43.506,7.5177,car
12,21721.72172172173,-5.2718,17.2924,car
18,21721.72172172173,11.5361,19.7889,car
20,21721.72172172173,3.8618,26.1158,bicycle
21,21721.72172172173,3.0427,27.6487,bicycle
22,21721.72172172173,21.3544,-6.2049,bicycle
3,21721.72172172173,50.1503,24.331,bus
8,21721.72172172173,43.506,7.5177,car
12,21821.821821821824,-6.3258,17.2926,car
18,21821.821821821824,10.8141,19.7636,car
20,21821.821821821824,3.7133,25.8915,bicycle
21,21821.821821821824,2.853,27.4716,bicycle
22,21821.821821821824,21.3826,-5.9161,bicycle
3,21821.821821821824,50.1503,24.331,bus
8,21821.821821821824,43.506,7.5177,car
12,21921.921921921923,-7.391,17.2898,car
18,21921.921921921923,10.0919,19.7398,car
20,21921.921921921923,3.5722,25.6849,bicycle
21,21921.921921921923,2.6549,27.2992,bicycle
22,21921.921921921923,21.4127,-5.6271,bicycle
3,21921.921921921923,50.1503,24.331,bus
8,21921.921921921923,43.506,7.5177,car
12,22022.02202202202,-8.4687,17.2837,car
18,22022.02202202202,9.3677,19.7177,car
20,22022.02202202202,3.4152,25.4633,bicycle
21,22022.02202202202,2.4475,27.1271,bicycle
22,22022.02202202202,21.443,-5.3378,bicycle
3,22022.02202202202,50.1503,24.331,bus
8,22022.02202202202,43.506,7.5177,car
12,22122.122122122124,-9.5637,17.2759,car
18,22122.122122122124,8.6455,19.6966,car
20,22122.122122122124,3.2621,25.258,bicycle
21,22122.122122122124,2.2455,26.9664,bicycle
22,22122.122122122124,21.4747,-5.0466,bicycle
3,22122.122122122124,50.1503,24.331,bus
8,22122.122122122124,43.506,7.5177,car
12,22222.222222222223,-10.6695,17.2662,car
18,22222.222222222223,7.9246,19.6786,car
20,22222.222222222223,3.058,25.0213,bicycle
21,22222.222222222223,2.0401,26.8134,bicycle
22,22222.222222222223,21.5067,-4.7462,bicycle
3,22222.222222222223,50.1503,24.331,bus
8,22222.222222222223,43.506,7.5177,car
12,22322.322322322325,-11.7853,17.2549,car
18,22322.322322322325,7.2074,19.6641,car
20,22322.322322322325,2.8256,24.7845,bicycle
21,22322.322322322325,1.8287,26.6649,bicycle
22,22322.322322322325,21.5377,-4.4381,bicycle
3,22322.322322322325,50.1503,24.331,bus
8,22322.322322322325,43.506,7.5177,car
12,22422.422422422424,-12.9079,17.2402,car
18,22422.422422422424,6.4878,19.6525,car
20,22422.422422422424,2.5866,24.5736,bicycle
21,22422.422422422424,1.6068,26.5169,bicycle
22,22422.422422422424,21.5628,-4.1299,bicycle
3,22422.422422422424,50.1503,24.331,bus
8,22422.422422422424,43.506,7.5177,car
12,22522.52252252253,-14.0364,17.2247,car
18,22522.52252252253,5.7532,19.6433,car
20,22522.52252252253,2.3756,24.3963,bicycle
21,22522.52252252253,1.3789,26.3775,bicycle
22,22522.52252252253,21.5892,-3.8224,bicycle
3,22522.52252252253,50.1503,24.331,bus
8,22522.52252252253,43.506,7.5177,car
12,22622.622622622624,-15.1696,17.2091,car
18,22622.622622622624,5.0047,19.6363,car
20,22622.622622622624,2.1798,24.2248,bicycle
21,22622.622622622624,1.1435,26.2445,bicycle
22,22622.622622622624,21.618,-3.5168,bicycle
3,22622.622622622624,50.1503,24.331,bus
8,22622.622622622624,43.506,7.5177,car
12,22722.722722722723,-16.3083,17.1936,car
18,22722.722722722723,4.2381,19.6299,car
20,22722.722722722723,2.034,24.0802,bicycle
21,22722.722722722723,0.904,26.1174,bicycle
22,22722.722722722723,21.6477,-3.2187,bicycle
3,22722.722722722723,50.1503,24.331,bus
8,22722.722722722723,43.506,7.5177,car
12,22822.82282282282,-17.4563,17.1781,car
18,22822.82282282282,3.4682,19.6239,car
20,22822.82282282282,1.959,23.968,bicycle
21,22822.82282282282,0.6622,25.9947,bicycle
22,22822.82282282282,21.6769,-2.9316,bicycle
3,22822.82282282282,50.1503,24.331,bus
8,22822.82282282282,43.506,7.5177,car
12,22922.922922922924,-18.6134,17.1614,car
18,22922.922922922924,2.6931,19.6216,car
20,22922.922922922924,1.841,23.8238,bicycle
21,22922.922922922924,0.4191,25.8754,bicycle
22,22922.922922922924,21.7069,-2.6462,bicycle
3,22922.922922922924,50.1503,24.331,bus
8,22922.922922922924,43.506,7.5177,car
12,23023.023023023023,-19.7727,17.1441,car
18,23023.023023023023,1.9198,19.6233,car
20,23023.023023023023,1.5871,23.5683,bicycle
21,23023.023023023023,0.1752,25.7588,bicycle
22,23023.023023023023,21.7374,-2.3588,bicycle
3,23023.023023023023,50.1503,24.331,bus
8,23023.023023023023,43.506,7.5177,car
18,23123.123123123125,1.1431,19.6296,car
20,23123.123123123125,1.4047,23.3576,bicycle
21,23123.123123123125,-0.0692,25.6444,bicycle
22,23123.123123123125,21.7673,-2.0635,bicycle
3,23123.123123123125,50.1503,24.331,bus
8,23123.123123123125,43.506,7.5177,car
18,23223.223223223224,0.3603,19.6354,car
20,23223.223223223224,1.2603,23.1938,bicycle
21,23223.223223223224,-0.3136,25.5319,bicycle
22,23223.223223223224,21.7983,-1.7679,bicycle
3,23223.223223223224,50.1503,24.331,bus
8,23223.223223223224,43.506,7.5177,car
18,23323.32332332333,-0.4305,19.6401,car
20,23323.32332332333,1.074,23.005,bicycle
21,23323.32332332333,-0.5575,25.4215,bicycle
22,23323.32332332333,21.8323,-1.4615,bicycle
3,23323.32332332333,50.1503,24.331,bus
8,23323.32332332333,43.506,7.5177,car
18,23423.423423423425,-1.2331,19.6457,car
20,23423.423423423425,0.8349,22.7922,bicycle
21,23423.423423423425,-0.8003,25.3135,bicycle
22,23423.423423423425,21.8663,-1.1442,bicycle
3,23423.423423423425,50.1503,24.331,bus
8,23423.423423423425,43.506,7.5177,car
18,23523.523523523527,-2.0368,19.6555,car
20,23523.523523523527,0.5956,22.6092,bicycle
21,23523.523523523527,-1.0406,25.2084,bicycle
22,23523.523523523527,21.8987,-0.821,bicycle
3,23523.523523523527,50.1503,24.331,bus
8,23523.523523523527,43.506,7.5177,car
18,23623.623623623625,-2.8521,19.6673,car
20,23623.623623623625,0.3404,22.4355,bicycle
21,23623.623623623625,-1.277,25.107,bicycle
22,23623.623623623625,21.9303,-0.4911,bicycle
3,23623.623623623625,50.1503,24.331,bus
8,23623.623623623625,43.506,7.5177,car
18,23723.723723723724,-3.6792,19.6806,car
20,23723.723723723724,0.076,22.2756,bicycle
21,23723.723723723724,-1.5069,25.0106,bicycle
22,23723.723723723724,21.9699,-0.1726,bicycle
3,23723.723723723724,50.1503,24.331,bus
8,23723.723723723724,43.506,7.5177,car
18,23823.823823823823,-4.5149,19.6969,car
20,23823.823823823823,-0.1509,22.1402,bicycle
21,23823.823823823823,-1.7264,24.9208,bicycle
22,23823.823823823823,22.0088,0.1054,bicycle
3,23823.823823823823,50.1503,24.331,bus
8,23823.823823823823,43.506,7.5177,car
18,23923.923923923925,-5.3566,19.7172,car
20,23923.923923923925,-0.3527,22.0092,bicycle
21,23923.923923923925,-1.9307,24.8391,bicycle
22,23923.923923923925,22.0511,0.3718,bicycle
3,23923.923923923925,50.1503,24.331,bus
8,23923.923923923925,43.506,7.5177,car
18,24024.024024024024,-6.2057,19.7391,car
20,24024.024024024024,-0.5573,21.8706,bicycle
21,24024.024024024024,-2.1157,24.7672,bicycle
22,24024.024024024024,22.0934,0.6288,bicycle
3,24024.024024024024,50.1503,24.331,bus
8,24024.024024024024,43.506,7.5177,car
18,24124.12412412413,-7.06,19.7616,car
20,24124.12412412413,-0.769,21.7244,bicycle
21,24124.12412412413,-2.3126,24.6928,bicycle
22,24124.12412412413,22.1387,0.8629,bicycle
3,24124.12412412413,50.1503,24.331,bus
8,24124.12412412413,43.506,7.5177,car
18,24224.224224224225,-7.923,19.7849,car
20,24224.224224224225,-0.9842,21.5733,bicycle
21,24224.224224224225,-2.5151,24.6214,bicycle
22,24224.224224224225,22.1882,1.0562,bicycle
3,24224.224224224225,50.1503,24.331,bus
8,24224.224224224225,43.506,7.5177,car
18,24324.324324324327,-8.7917,19.8075,car
20,24324.324324324327,-1.2013,21.4202,bicycle
21,24324.324324324327,-2.7286,24.5492,bicycle
22,24324.324324324327,22.2499,1.1876,bicycle
3,24324.324324324327,50.1503,24.331,bus
8,24324.324324324327,43.506,7.5177,car
18,24424.424424424426,-9.6629,19.8283,car
20,24424.424424424426,-1.4185,21.2705,bicycle
21,24424.424424424426,-2.9479,24.4798,bicycle
22,24424.424424424426,22.363,1.7657,bicycle
23,24424.424424424426,8.3512,38.2507,motorcycle
3,24424.424424424426,50.1503,24.331,bus
8,24424.424424424426,43.506,7.5177,car
18,24524.524524524524,-10.5378,19.8492,car
20,24524.524524524524,-1.6352,21.1261,bicycle
21,24524.524524524524,-3.1867,24.4094,bicycle
22,24524.524524524524,22.5111,2.0426,bicycle
23,24524.524524524524,8.2659,37.8362,motorcycle
3,24524.524524524524,50.1503,24.331,bus
8,24524.524524524524,43.506,7.5177,car
18,24624.624624624623,-11.4136,19.872,car
20,24624.624624624623,-1.8524,20.9882,bicycle
21,24624.624624624623,-3.4309,24.3419,bicycle
22,24624.624624624623,22.6649,2.3027,bicycle
23,24624.624624624623,8.1856,37.4127,motorcycle
3,24624.624624624623,50.1503,24.331,bus
8,24624.624624624623,43.506,7.5177,car
18,24724.724724724725,-12.2953,19.8963,car
20,24724.724724724725,-2.0757,20.8592,bicycle
21,24724.724724724725,-3.6831,24.2779,bicycle
22,24724.724724724725,22.8198,2.53,bicycle
23,24724.724724724725,8.1069,36.9791,motorcycle
3,24724.724724724725,50.1503,24.331,bus
8,24724.724724724725,43.506,7.5177,car
18,24824.824824824824,-13.1805,19.9202,car
20,24824.824824824824,-2.3184,20.7353,bicycle
21,24824.824824824824,-3.9403,24.2174,bicycle
22,24824.824824824824,22.9724,2.7318,bicycle
23,24824.824824824824,8.0566,36.6137,motorcycle
3,24824.824824824824,50.1503,24.331,bus
8,24824.824824824824,43.506,7.5177,car
18,24924.92492492493,-14.072,19.9421,car
20,24924.92492492493,-2.5758,20.6223,bicycle
21,24924.92492492493,-4.1996,24.1598,bicycle
22,24924.92492492493,23.1292,2.9321,bicycle
23,24924.92492492493,7.983,36.2069,motorcycle
3,24924.92492492493,50.1503,24.331,bus
8,24924.92492492493,43.506,7.5177,car
18,25025.025025025025,-14.9718,19.9612,car
20,25025.025025025025,-2.837,20.5223,bicycle
21,25025.025025025025,-4.4598,24.1043,bicycle
22,25025.025025025025,23.2854,3.1191,bicycle
23,25025.025025025025,7.9095,35.8237,motorcycle
3,25025.025025025025,50.1503,24.331,bus
8,25025.025025025025,43.506,7.5177,car
18,25125.125125125127,-15.8825,19.9767,car
20,25125.125125125127,-3.1,20.4333,bicycle
21,25125.125125125127,-4.7204,24.0501,bicycle
22,25125.125125125127,23.4499,3.3145,bicycle
23,25125.125125125127,7.8519,35.4643,motorcycle
3,25125.125125125127,50.1503,24.331,bus
8,25125.125125125127,43.506,7.5177,car
18,25225.225225225226,-16.8014,19.972,car
20,25225.225225225226,-3.3668,20.3548,bicycle
21,25225.225225225226,-4.9809,23.9969,bicycle
22,25225.225225225226,23.6311,3.5242,bicycle
23,25225.225225225226,7.7793,35.0592,motorcycle
3,25225.225225225226,50.1503,24.331,bus
8,25225.225225225226,43.506,7.5177,car
18,25325.325325325328,-17.7312,19.9668,car
20,25325.325325325328,-3.6362,20.286,bicycle
21,25325.325325325328,-5.2415,23.9446,bicycle
22,25325.325325325328,23.8238,3.7329,bicycle
23,25325.325325325328,7.6966,34.6574,motorcycle
24,25325.325325325328,54.9007,21.9079,bicycle
3,25325.325325325328,50.1503,24.331,bus
8,25325.325325325328,43.506,7.5177,car
18,25425.425425425427,-18.6643,19.9583,car
20,25425.425425425427,-3.9045,20.2285,bicycle
21,25425.425425425427,-5.502,23.8928,bicycle
22,25425.425425425427,24.0308,3.9273,bicycle
23,25425.425425425427,7.6151,34.2962,motorcycle
24,25425.425425425427,54.5649,21.8823,bicycle
3,25425.425425425427,50.1503,24.331,bus
8,25425.425425425427,43.506,7.5177,car
18,25525.525525525525,-19.598,19.9428,car
20,25525.525525525525,-4.1786,20.1752,bicycle
21,25525.525525525525,-5.7625,23.8416,bicycle
22,25525.525525525525,24.2554,4.1282,bicycle
23,25525.525525525525,7.5375,33.8901,motorcycle
24,25525.525525525525,54.2199,21.8622,bicycle
3,25525.525525525525,50.1503,24.331,bus
8,25525.525525525525,43.506,7.5177,car
20,25625.625625625627,-4.4584,20.1251,bicycle
21,25625.625625625627,-6.023,23.7909,bicycle
22,25625.625625625627,24.4854,4.3213,bicycle
23,25625.625625625627,7.4742,33.5787,motorcycle
24,25625.625625625627,53.8733,21.8433,bicycle
3,25625.625625625627,50.1503,24.331,bus
8,25625.625625625627,43.506,7.5177,car
20,25725.72572572573,-4.7431,20.0782,bicycle
21,25725.72572572573,-6.2836,23.7407,bicycle
22,25725.72572572573,24.7424,4.508,bicycle
23,25725.72572572573,7.3776,33.1705,motorcycle
24,25725.72572572573,53.5224,21.8263,bicycle
3,25725.72572572573,50.1503,24.331,bus
8,25725.72572572573,43.506,7.5177,car
20,25825.825825825825,-5.0315,20.0352,bicycle
21,25825.825825825825,-6.544,23.6911,bicycle
22,25825.825825825825,24.9801,4.6634,bicycle
23,25825.825825825825,7.2792,32.8117,motorcycle
24,25825.825825825825,53.1643,21.8106,bicycle
25,25825.825825825825,-15.7793,8.2438,motorcycle
3,25825.825825825825,50.1503,24.331,bus
8,25825.825825825825,43.506,7.5177,car
20,25925.92592592593,-5.3222,19.9968,bicycle
21,25925.92592592593,-6.804,23.6421,bicycle
22,25925.92592592593,25.2058,4.8086,bicycle
23,25925.92592592593,7.1874,32.4763,motorcycle
24,25925.92592592593,52.7992,21.7971,bicycle
25,25925.92592592593,-15.5972,8.1998,motorcycle
3,25925.92592592593,50.1503,24.331,bus
8,25925.92592592593,43.506,7.5177,car
20,26026.02602602603,-5.6141,19.9639,bicycle
21,26026.02602602603,-7.0629,23.5941,bicycle
22,26026.02602602603,25.431,4.9537,bicycle
23,26026.02602602603,7.1018,32.1034,motorcycle
24,26026.02602602603,52.4325,21.7851,bicycle
25,26026.02602602603,-15.4315,8.1677,motorcycle
3,26026.02602602603,50.1503,24.331,bus
8,26026.02602602603,43.506,7.5177,car
20,26126.126126126128,-5.9063,19.9381,bicycle
21,26126.126126126128,-7.3198,23.5472,bicycle
22,26126.126126126128,25.6658,5.0975,bicycle
23,26126.126126126128,7.034,31.7157,motorcycle
24,26126.126126126128,52.068,21.7741,bicycle
25,26126.126126126128,-15.2679,8.1335,motorcycle
3,26126.126126126128,50.1503,24.331,bus
8,26126.126126126128,43.506,7.5177,car
20,26226.226226226227,-6.1985,19.9213,bicycle
21,26226.226226226227,-7.5734,23.5019,bicycle
22,26226.226226226227,25.9079,5.2387,bicycle
23,26226.226226226227,6.9858,31.3475,motorcycle
24,26226.226226226227,51.7121,21.7637,bicycle
25,26226.226226226227,-15.0982,8.0999,motorcycle
3,26226.226226226227,50.1503,24.331,bus
8,26226.226226226227,43.506,7.5177,car
20,26326.32632632633,-6.4904,19.9165,bicycle
21,26326.32632632633,-7.8216,23.4586,bicycle
22,26326.32632632633,26.1603,5.3737,bicycle
23,26326.32632632633,6.9501,30.9983,motorcycle
24,26326.32632632633,51.365,21.7544,bicycle
25,26326.32632632633,-14.9233,8.0679,motorcycle
3,26326.32632632633,50.1503,24.331,bus
8,26326.32632632633,43.506,7.5177,car
20,26426.426426426427,-6.6742,19.8301,bicycle
21,26426.426426426427,-8.0618,23.418,bicycle
22,26426.426426426427,26.4271,5.5023,bicycle
23,26426.426426426427,6.9179,30.6572,motorcycle
24,26426.426426426427,51.0238,21.7461,bicycle
25,26426.426426426427,-14.7379,8.0388,motorcycle
3,26426.426426426427,50.1503,24.331,bus
8,26426.426426426427,43.506,7.5177,car
20,26526.52652652653,-6.894,19.8193,bicycle
21,26526.52652652653,-8.2904,23.3806,bicycle
22,26526.52652652653,26.7067,5.6223,bicycle
23,26526.52652652653,6.888,30.3232,motorcycle
24,26526.52652652653,50.6813,21.7399,bicycle
25,26526.52652652653,-14.5426,8.0106,motorcycle
3,26526.52652652653,50.1503,24.331,bus
8,26526.52652652653,43.506,7.5177,car
20,26626.626626626625,-7.1337,19.8119,bicycle
21,26626.626626626625,-8.5032,23.3471,bicycle
22,26626.626626626625,26.9986,5.7332,bicycle
23,26626.626626626625,6.8597,29.9936,motorcycle
24,26626.626626626625,50.3351,21.7359,bicycle
25,26626.626626626625,-14.3381,7.9814,motorcycle
3,26626.626626626625,50.1503,24.331,bus
8,26626.626626626625,43.506,7.5177,car
20,26726.72672672673,-7.3826,19.8049,bicycle
21,26726.72672672673,-8.6973,23.3182,bicycle
22,26726.72672672673,27.2752,5.8216,bicycle
23,26726.72672672673,6.8285,29.6614,motorcycle
24,26726.72672672673,49.9819,21.7342,bicycle
25,26726.72672672673,-14.1206,7.9524,motorcycle
3,26726.72672672673,50.1503,24.331,bus
8,26726.72672672673,43.506,7.5177,car
20,26826.82682682683,-7.6455,19.8001,bicycle
21,26826.82682682683,-8.905,23.2901,bicycle
22,26826.82682682683,27.5552,5.91,bicycle
23,26826.82682682683,6.7943,29.3176,motorcycle
24,26826.82682682683,49.6248,21.7338,bicycle
25,26826.82682682683,-13.8886,7.9272,motorcycle
3,26826.82682682683,50.1503,24.331,bus
8,26826.82682682683,43.506,7.5177,car
20,26926.926926926928,-7.9245,19.7928,bicycle
21,26926.926926926928,-9.127,23.2629,bicycle
22,26926.926926926928,27.839,5.9997,bicycle
23,26926.926926926928,6.7585,28.9512,motorcycle
24,26926.926926926928,49.2655,21.7344,bicycle
25,26926.926926926928,-13.654,7.9029,motorcycle
3,26926.926926926928,50.1503,24.331,bus
8,26926.926926926928,43.506,7.5177,car
20,27027.027027027027,-8.2024,19.7842,bicycle
21,27027.027027027027,-9.3616,23.2382,bicycle
22,27027.027027027027,28.1254,6.09,bicycle
23,27027.027027027027,6.7139,28.6803,motorcycle
24,27027.027027027027,48.9014,21.7368,bicycle
25,27027.027027027027,-13.4102,7.8773,motorcycle
27,27027.027027027027,54.1377,19.6645,car
3,27027.027027027027,50.1503,24.331,bus
8,27027.027027027027,43.506,7.5177,car
20,27127.12712712713,-8.4699,19.7772,bicycle
21,27127.12712712713,-9.6043,23.2148,bicycle
22,27127.12712712713,28.4144,6.1801,bicycle
23,27127.12712712713,6.6787,28.312,motorcycle
24,27127.12712712713,48.5292,21.742,bicycle
25,27127.12712712713,-13.1594,7.8515,motorcycle
26,27127.12712712713,13.293,38.4413,motorcycle
27,27127.12712712713,53.0681,19.6912,car
3,27127.12712712713,50.1503,24.331,bus
8,27127.12712712713,43.506,7.5177,car
20,27227.227227227228,-8.7541,19.7645,bicycle
21,27227.227227227228,-9.8607,23.198,bicycle
22,27227.227227227228,28.7063,6.2694,bicycle
23,27227.227227227228,6.6548,27.9552,motorcycle
24,27227.227227227228,48.1594,21.7496,bicycle
25,27227.227227227228,-12.9,7.8263,motorcycle
26,27227.227227227228,13.4663,38.2525,motorcycle
27,27227.227227227228,52.0083,19.7029,car
3,27227.227227227228,50.1503,24.331,bus
8,27227.227227227228,43.506,7.5177,car
20,27327.327327327326,-9.0357,19.7518,bicycle
21,27327.327327327326,-10.1299,23.1837,bicycle
22,27327.327327327326,29.0002,6.3576,bicycle
23,27327.327327327326,6.6366,27.6202,motorcycle
24,27327.327327327326,47.7965,21.7607,bicycle
25,27327.327327327326,-12.634,7.8019,motorcycle
26,27327.327327327326,13.6337,38.0707,motorcycle
27,27327.327327327326,50.9574,19.7174,car
3,27327.327327327326,50.1503,24.331,bus
8,27327.327327327326,43.506,7.5177,car
20,27427.427427427425,-9.3203,19.7413,bicycle
21,27427.427427427425,-10.4096,23.1685,bicycle
22,27427.427427427425,29.2948,6.4445,bicycle
23,27427.427427427425,6.6159,27.286,motorcycle
24,27427.427427427425,47.4429,21.7752,bicycle
25,27427.427427427425,-12.3627,7.7786,motorcycle
26,27427.427427427425,13.7964,37.8976,motorcycle
27,27427.427427427425,49.9134,19.7361,car
3,27427.427427427425,50.1503,24.331,bus
8,27427.427427427425,43.506,7.5177,car
20,27527.52752752753,-9.6056,19.7336,bicycle
21,27527.52752752753,-10.6903,23.1527,bicycle
22,27527.52752752753,29.5891,6.5299,bicycle
23,27527.52752752753,6.5986,26.9534,motorcycle
24,27527.52752752753,47.0968,21.7932,bicycle
25,27527.52752752753,-12.0854,7.7571,motorcycle
26,27527.52752752753,13.9766,37.7141,motorcycle
27,27527.52752752753,48.8769,19.7572,car
3,27527.52752752753,50.1503,24.331,bus
8,27527.52752752753,43.506,7.5177,car
20,27627.62762762763,-9.8915,19.7282,bicycle
21,27627.62762762763,-10.9639,23.1376,bicycle
22,27627.62762762763,29.8817,6.6134,bicycle
23,27627.62762762763,6.5804,26.6131,motorcycle
24,27627.62762762763,46.7546,21.8152,bicycle
25,27627.62762762763,-11.804,7.74,motorcycle
26,27627.62762762763,14.1397,37.5511,motorcycle
27,27627.62762762763,47.8428,19.7811,car
3,27627.62762762763,50.1503,24.331,bus
8,27627.62762762763,43.506,7.5177,car
20,27727.727727727728,-10.1801,19.7251,bicycle
21,27727.727727727728,-11.2296,23.1233,bicycle
22,27727.727727727728,30.1709,6.6945,bicycle
23,27727.727727727728,6.5622,26.2756,motorcycle
24,27727.727727727728,46.4125,21.8413,bicycle
25,27727.727727727728,-11.5161,7.7246,motorcycle
26,27727.727727727728,14.3313,37.3434,motorcycle
27,27727.727727727728,46.8123,19.8073,car
3,27727.727727727728,50.1503,24.331,bus
8,27727.727727727728,43.506,7.5177,car
20,27827.827827827827,-10.47,19.7238,bicycle
21,27827.827827827827,-11.4889,23.1105,bicycle
22,27827.827827827827,30.4542,6.7723,bicycle
23,27827.827827827827,6.55,25.9339,motorcycle
24,27827.827827827827,46.0667,21.8721,bicycle
25,27827.827827827827,-11.219,7.7109,motorcycle
26,27827.827827827827,14.52,37.1168,motorcycle
27,27827.827827827827,45.7885,19.8368,car
3,27827.827827827827,50.1503,24.331,bus
8,27827.827827827827,43.506,7.5177,car
20,27927.92792792793,-10.7614,19.7243,bicycle
21,27927.92792792793,-11.7453,23.1005,bicycle
22,27927.92792792793,30.728,6.8456,bicycle
23,27927.92792792793,6.538,25.585,motorcycle
24,27927.92792792793,45.7131,21.9068,bicycle
25,27927.92792792793,-10.9112,7.6966,motorcycle
26,27927.92792792793,14.7004,36.8862,motorcycle
27,27927.92792792793,44.769,19.8679,car
3,27927.92792792793,50.1503,24.331,bus
8,27927.92792792793,43.506,7.5177,car
20,28028.028028028028,-11.0518,19.7248,bicycle
21,28028.028028028028,-12.0048,23.0929,bicycle
22,28028.028028028028,30.9871,6.9132,bicycle
23,28028.028028028028,6.5261,25.2299,motorcycle
24,28028.028028028028,45.3549,21.9463,bicycle
25,28028.028028028028,-10.593,7.6845,motorcycle
26,28028.028028028028,14.872,36.6556,motorcycle
27,28028.028028028028,43.7532,19.8997,car
3,28028.028028028028,50.1503,24.331,bus
8,28028.028028028028,43.506,7.5177,car
20,28128.128128128126,-11.3431,19.7253,bicycle
21,28128.128128128126,-12.2669,23.0867,bicycle
22,28128.128128128126,31.2247,6.9736,bicycle
23,28128.128128128126,6.5152,24.8699,motorcycle
24,28128.128128128126,44.991,21.9911,bicycle
25,28128.128128128126,-10.2658,7.6759,motorcycle
26,28128.128128128126,15.0406,36.4267,motorcycle
27,28128.128128128126,42.7447,19.9322,car
3,28128.128128128126,50.1503,24.331,bus
8,28128.128128128126,43.506,7.5177,car
20,28228.228228228225,-11.6258,19.7206,bicycle
21,28228.228228228225,-12.5336,23.0823,bicycle
22,28228.228228228225,31.433,7.0266,bicycle
23,28228.228228228225,6.5065,24.5052,motorcycle
24,28228.228228228225,44.6216,22.0422,bicycle
25,28228.228228228225,-9.9325,7.6703,motorcycle
26,28228.228228228225,15.1997,36.2047,motorcycle
27,28228.228228228225,41.7421,19.9634,car
3,28228.228228228225,50.1503,24.331,bus
8,28228.228228228225,43.506,7.5177,car
20,28328.32832832833,-11.915,19.7189,bicycle
21,28328.32832832833,-12.7886,23.0765,bicycle
22,28328.32832832833,31.6508,7.0842,bicycle
23,28328.32832832833,6.4997,24.1358,motorcycle
24,28328.32832832833,44.2466,22.0995,bicycle
25,28328.32832832833,-9.5965,7.6664,motorcycle
26,28328.32832832833,15.347,36.0173,motorcycle
27,28328.32832832833,40.7457,19.9939,car
3,28328.32832832833,50.1503,24.331,bus
8,28328.32832832833,43.506,7.5177,car
20,28428.42842842843,-12.2292,19.7273,bicycle
21,28428.42842842843,-13.0064,23.0665,bicycle
22,28428.42842842843,31.9123,7.1588,bicycle
23,28428.42842842843,6.4949,23.7614,motorcycle
24,28428.42842842843,43.8692,22.1614,bicycle
25,28428.42842842843,-9.2578,7.6629,motorcycle
26,28428.42842842843,15.4953,35.8169,motorcycle
27,28428.42842842843,39.7529,20.0221,car
3,28428.42842842843,50.1503,24.331,bus
8,28428.42842842843,43.506,7.5177,car
20,28528.528528528528,-12.5254,19.7325,bicycle
21,28528.528528528528,-13.2155,23.0521,bicycle
22,28528.528528528528,32.1416,7.229,bicycle
23,28528.528528528528,6.4917,23.3807,motorcycle
24,28528.528528528528,43.4915,22.2262,bicycle
25,28528.528528528528,-8.9179,7.66,motorcycle
26,28528.528528528528,15.635,35.638,motorcycle
27,28528.528528528528,38.7608,20.048,car
3,28528.528528528528,50.1503,24.331,bus
8,28528.528528528528,43.506,7.5177,car
20,28628.628628628627,-12.8183,19.7408,bicycle
21,28628.628628628627,-13.457,23.0488,bicycle
22,28628.628628628627,32.3982,7.3,bicycle
23,28628.628628628627,6.4904,22.9939,motorcycle
24,28628.628628628627,43.116,22.2929,bicycle
25,28628.628628628627,-8.5773,7.6569,motorcycle
26,28628.628628628627,15.775,35.4599,motorcycle
27,28628.628628628627,37.7695,20.0726,car
3,28628.628628628627,50.1503,24.331,bus
8,28628.628628628627,43.506,7.5177,car
20,28728.728728728733,-13.1146,19.7522,bicycle
21,28728.728728728733,-13.7046,23.0466,bicycle
22,28728.728728728733,32.6679,7.3711,bicycle
23,28728.728728728733,6.4902,22.6012,motorcycle
24,28728.728728728733,42.7452,22.3605,bicycle
25,28728.728728728733,-8.2385,7.6552,motorcycle
26,28728.728728728733,15.933,35.2626,motorcycle
27,28728.728728728733,36.778,20.0955,car
3,28728.728728728733,50.1503,24.331,bus
8,28728.728728728733,43.506,7.5177,car
20,28828.82882882883,-13.3872,19.7707,bicycle
21,28828.82882882883,-13.9573,23.0449,bicycle
22,28828.82882882883,32.9397,7.4355,bicycle
23,28828.82882882883,6.4933,22.2047,motorcycle
24,28828.82882882883,42.3826,22.4284,bicycle
25,28828.82882882883,-7.9021,7.6552,motorcycle
26,28828.82882882883,16.1365,35.0197,motorcycle
27,28828.82882882883,35.7917,20.1161,car
3,28828.82882882883,50.1503,24.331,bus
8,28828.82882882883,43.506,7.5177,car
20,28928.92892892893,-13.6689,19.7922,bicycle
21,28928.92892892893,-14.2183,23.0439,bicycle
22,28928.92892892893,33.2182,7.5002,bicycle
23,28928.92892892893,6.5002,21.8062,motorcycle
24,28928.92892892893,42.0324,22.496,bicycle
25,28928.92892892893,-7.5702,7.6563,motorcycle
26,28928.92892892893,16.3645,34.779,motorcycle
27,28928.92892892893,34.8118,20.1345,car
3,28928.92892892893,50.1503,24.331,bus
8,28928.92892892893,43.506,7.5177,car
20,29029.029029029032,-13.969,19.8222,bicycle
21,29029.029029029032,-14.4859,23.0416,bicycle
22,29029.029029029032,33.5078,7.5655,bicycle
23,29029.029029029032,6.5096,21.4036,motorcycle
24,29029.029029029032,41.6993,22.5627,bicycle
25,29029.029029029032,-7.2415,7.6578,motorcycle
26,29029.029029029032,16.5813,34.576,motorcycle
27,29029.029029029032,33.838,20.1514,car
28,29029.029029029032,54.5809,17.7205,car
3,29029.029029029032,50.1503,24.331,bus
8,29029.029029029032,43.506,7.5177,car
20,29129.12912912913,-14.3302,19.8744,bicycle
21,29129.12912912913,-14.76,23.0376,bicycle
22,29129.12912912913,33.7908,7.6285,bicycle
23,29129.12912912913,6.5217,20.9944,motorcycle
24,29129.12912912913,41.3878,22.6275,bicycle
25,29129.12912912913,-6.9167,7.6591,motorcycle
26,29129.12912912913,16.7766,34.3953,motorcycle
27,29129.12912912913,32.87,20.1674,car
28,29129.12912912913,53.3754,17.7367,car
3,29129.12912912913,50.1503,24.331,bus
8,29129.12912912913,43.506,7.5177,car
20,29229.22922922923,-14.6484,19.9401,bicycle
21,29229.22922922923,-15.0315,23.0302,bicycle
22,29229.22922922923,34.0744,7.6937,bicycle
23,29229.22922922923,6.5373,20.5764,motorcycle
24,29229.22922922923,41.1013,22.6896,bicycle
25,29229.22922922923,-6.5958,7.6613,motorcycle
26,29229.22922922923,16.9474,34.2305,motorcycle
27,29229.22922922923,31.904,20.18,car
28,29229.22922922923,52.192,17.7363,car
3,29229.22922922923,50.1503,24.331,bus
8,29229.22922922923,43.506,7.5177,car
20,29329.329329329328,-14.9537,20.0086,bicycle
21,29329.329329329328,-15.2952,23.0204,bicycle
22,29329.329329329328,34.3605,7.7579,bicycle
23,29329.329329329328,6.557,20.1524,motorcycle
24,29329.329329329328,40.8036,22.7539,bicycle
25,29329.329329329328,-6.2793,7.6635,motorcycle
26,29329.329329329328,17.1013,34.0729,motorcycle
27,29329.329329329328,30.9385,20.1886,car
28,29329.329329329328,51.026,17.7359,car
3,29329.329329329328,50.1503,24.331,bus
8,29329.329329329328,43.506,7.5177,car
20,29429.429429429438,-15.2476,20.0723,bicycle
21,29429.429429429438,-15.5473,23.0084,bicycle
22,29429.429429429438,34.6578,7.8273,bicycle
23,29429.429429429438,6.5807,19.7236,motorcycle
24,29429.429429429438,40.5014,22.8226,bicycle
25,29429.429429429438,-5.9653,7.6671,motorcycle
26,29429.429429429438,17.2763,33.8891,motorcycle
27,29429.429429429438,29.9769,20.1936,car
28,29429.429429429438,49.8812,17.7365,car
3,29429.429429429438,50.1503,24.331,bus
8,29429.429429429438,43.506,7.5177,car
20,29529.529529529533,-15.5328,20.1358,bicycle
21,29529.529529529533,-15.7927,22.9969,bicycle
22,29529.529529529533,34.9481,7.8979,bicycle
23,29529.529529529533,6.6085,19.2916,motorcycle
24,29529.529529529533,40.1752,22.8866,bicycle
25,29529.529529529533,-5.6514,7.6715,motorcycle
26,29529.529529529533,17.4696,33.6693,motorcycle
27,29529.529529529533,29.0184,20.1947,car
28,29529.529529529533,48.7576,17.738,car
3,29529.529529529533,50.1503,24.331,bus
8,29529.529529529533,43.506,7.5177,car
20,29629.62962962963,-15.816,20.1967,bicycle
21,29629.62962962963,-16.0331,22.9885,bicycle
22,29629.62962962963,35.2432,7.9653,bicycle
23,29629.62962962963,6.6392,18.8562,motorcycle
24,29629.62962962963,39.8465,22.9506,bicycle
25,29629.62962962963,-5.3377,7.6773,motorcycle
26,29629.62962962963,17.6513,33.4446,motorcycle
27,29629.62962962963,28.0638,20.1935,car
28,29629.62962962963,47.6541,17.7421,car
3,29629.62962962963,50.1503,24.331,bus
8,29629.62962962963,43.506,7.5177,car
20,29729.72972972973,-16.1311,20.2621,bicycle
21,29729.72972972973,-16.2669,22.9837,bicycle
22,29729.72972972973,35.5316,8.03,bicycle
23,29729.72972972973,6.6746,18.4176,motorcycle
24,29729.72972972973,39.5184,23.0144,bicycle
25,29729.72972972973,-5.0231,7.6855,motorcycle
26,29729.72972972973,17.8139,33.2279,motorcycle
27,29729.72972972973,27.1151,20.19,car
28,29729.72972972973,46.564,17.748,car
3,29729.72972972973,50.1503,24.331,bus
8,29729.72972972973,43.506,7.5177,car
20,29829.829829829832,-16.397,20.307,bicycle
22,29829.829829829832,35.8216,8.0887,bicycle
23,29829.829829829832,6.7144,17.9739,motorcycle
24,29829.829829829832,39.182,23.0786,bicycle
25,29829.829829829832,-4.7094,7.7008,motorcycle
26,29829.829829829832,17.9714,33.0176,motorcycle
27,29829.829829829832,26.1741,20.1848,car
28,29829.829829829832,45.4896,17.7551,car
3,29829.829829829832,50.1503,24.331,bus
8,29829.829829829832,43.506,7.5177,car
20,29929.92992992993,-16.6988,20.3656,bicycle
22,29929.92992992993,36.1101,8.1482,bicycle
23,29929.92992992993,6.7592,17.5277,motorcycle
24,29929.92992992993,38.8672,23.1453,bicycle
25,29929.92992992993,-4.3934,7.7155,motorcycle
26,29929.92992992993,18.1281,32.8074,motorcycle
27,29929.92992992993,25.2352,20.1774,car
28,29929.92992992993,44.4307,17.7636,car
3,29929.92992992993,50.1503,24.331,bus
8,29929.92992992993,43.506,7.5177,car
20,30030.03003003003,-16.9917,20.4225,bicycle
22,30030.03003003003,36.4069,8.2147,bicycle
23,30030.03003003003,6.8072,17.0763,motorcycle
24,30030.03003003003,38.5328,23.203,bicycle
25,30030.03003003003,-4.0728,7.7305,motorcycle
26,30030.03003003003,18.276,32.6111,motorcycle
27,30030.03003003003,24.2941,20.1682,car
28,30030.03003003003,43.3875,17.7737,car
3,30030.03003003003,50.1503,24.331,bus
8,30030.03003003003,43.506,7.5177,car
20,30130.13013013013,-17.2853,20.4771,bicycle
22,30130.13013013013,36.7042,8.2923,bicycle
23,30130.13013013013,6.8595,16.6216,motorcycle
24,30130.13013013013,38.2061,23.2563,bicycle
25,30130.13013013013,-3.7518,7.7472,motorcycle
26,30130.13013013013,18.4236,32.4126,motorcycle
27,30130.13013013013,23.3506,20.1567,car
28,30130.13013013013,42.3606,17.7847,car
3,30130.13013013013,50.1503,24.331,bus
8,30130.13013013013,43.506,7.5177,car
20,30230.230230230238,-17.663,20.538,bicycle
22,30230.230230230238,36.9995,8.3739,bicycle
23,30230.230230230238,6.9149,16.1617,motorcycle
24,30230.230230230238,37.878,23.3079,bicycle
25,30230.230230230238,-3.4389,7.7644,motorcycle
26,30230.230230230238,18.5788,32.2074,motorcycle
27,30230.230230230238,22.4058,20.143,car
28,30230.230230230238,41.3446,17.7965,car
3,30230.230230230238,50.1503,24.331,bus
8,30230.230230230238,43.506,7.5177,car
20,30330.330330330333,-17.9496,20.5626,bicycle
22,30330.330330330333,37.2833,8.4596,bicycle
23,30330.330330330333,6.9729,15.6995,motorcycle
24,30330.330330330333,37.5308,23.3675,bicycle
25,30330.330330330333,-3.1332,7.7829,motorcycle
26,30330.330330330333,18.7305,32.0152,motorcycle
27,30330.330330330333,21.4608,20.129,car
28,30330.330330330333,40.336,17.8078,car
3,30330.330330330333,50.1503,24.331,bus
8,30330.330330330333,43.506,7.5177,car
20,30430.43043043043,-18.2552,20.5935,bicycle
22,30430.43043043043,37.5652,8.5455,bicycle
23,30430.43043043043,7.0334,15.2361,motorcycle
24,30430.43043043043,37.194,23.4201,bicycle
25,30430.43043043043,-2.7904,7.815,motorcycle
26,30430.43043043043,18.8917,31.8167,motorcycle
27,30430.43043043043,20.5101,20.1138,car
28,30430.43043043043,39.3333,17.82,car
3,30430.43043043043,50.1503,24.331,bus
8,30430.43043043043,43.506,7.5177,car
20,30530.53053053053,-18.5669,20.6168,bicycle
22,30530.53053053053,37.8407,8.6304,bicycle
23,30530.53053053053,7.096,14.7695,motorcycle
24,30530.53053053053,36.8549,23.4596,bicycle
25,30530.53053053053,-2.4293,7.8637,motorcycle
26,30530.53053053053,19.0743,31.606,motorcycle
27,30530.53053053053,19.5591,20.0972,car
28,30530.53053053053,38.3402,17.8342,car
3,30530.53053053053,50.1503,24.331,bus
8,30530.53053053053,43.506,7.5177,car
20,30630.630630630632,-18.8769,20.6353,bicycle
22,30630.630630630632,38.1283,8.7245,bicycle
23,30630.630630630632,7.1603,14.2966,motorcycle
24,30630.630630630632,36.5105,23.4819,bicycle
25,30630.630630630632,-2.1029,7.9228,motorcycle
26,30630.630630630632,19.2243,31.4509,motorcycle
27,30630.630630630632,18.5998,20.0791,car
28,30630.630630630632,37.3559,17.8498,car
3,30630.630630630632,50.1503,24.331,bus
8,30630.630630630632,43.506,7.5177,car
20,30730.73073073073,-19.1833,20.6461,bicycle
22,30730.73073073073,38.4178,8.8196,bicycle
23,30730.73073073073,7.2268,13.8156,motorcycle
24,30730.73073073073,36.1703,23.4881,bicycle
25,30730.73073073073,-1.7841,7.9805,motorcycle
26,30730.73073073073,19.3843,31.2831,motorcycle
27,30730.73073073073,17.6325,20.0593,car
28,30730.73073073073,36.378,17.867,car
3,30730.73073073073,50.1503,24.331,bus
8,30730.73073073073,43.506,7.5177,car
20,30830.83083083083,-19.4817,20.6531,bicycle
22,30830.83083083083,38.7111,8.9202,bicycle
23,30830.83083083083,7.3033,13.3395,motorcycle
24,30830.83083083083,35.6209,23.6545,bicycle
25,30830.83083083083,-1.4746,8.0401,motorcycle
26,30830.83083083083,19.5744,31.0995,motorcycle
27,30830.83083083083,16.6593,20.0361,car
28,30830.83083083083,35.4069,17.8837,car
3,30830.83083083083,50.1503,24.331,bus
8,30830.83083083083,43.506,7.5177,car
20,30930.93093093093,-19.7783,20.6562,bicycle
22,30930.93093093093,38.9735,9.0026,bicycle
23,30930.93093093093,7.3807,12.8601,motorcycle
24,30930.93093093093,35.2447,23.7034,bicycle
25,30930.93093093093,-1.1907,8.0904,motorcycle
26,30930.93093093093,19.7788,30.9102,motorcycle
27,30930.93093093093,15.6776,20.0095,car
28,30930.93093093093,34.4423,17.8993,car
3,30930.93093093093,50.1503,24.331,bus
8,30930.93093093093,43.506,7.5177,car
22,31031.031031031034,39.2477,9.0834,bicycle
23,31031.031031031034,7.4665,12.3752,motorcycle
24,31031.031031031034,34.869,23.7575,bicycle
25,31031.031031031034,-0.9324,8.1242,motorcycle
26,31031.031031031034,19.9531,30.7581,motorcycle
27,31031.031031031034,14.6884,19.9812,car
28,31031.031031031034,33.4804,17.9137,car
3,31031.031031031034,50.1503,24.331,bus
8,31031.031031031034,43.506,7.5177,car
22,31131.131131131133,39.5522,9.1615,bicycle
23,31131.131131131133,7.5642,11.8744,motorcycle
24,31131.131131131133,34.5401,23.8127,bicycle
25,31131.131131131133,-0.6453,8.1569,motorcycle
26,31131.131131131133,20.1233,30.6022,motorcycle
27,31131.131131131133,13.6917,19.9521,car
28,31131.131131131133,32.5228,17.9277,car
29,31131.131131131133,-19.7868,11.606,car
3,31131.131131131133,50.1503,24.331,bus
8,31131.131131131133,43.506,7.5177,car
22,31231.23123123123,39.8162,9.2194,bicycle
23,31231.23123123123,7.6827,11.3947,motorcycle
24,31231.23123123123,34.2225,23.8566,bicycle
25,31231.23123123123,-0.2252,8.1909,motorcycle
26,31231.23123123123,20.2986,30.4354,motorcycle
27,31231.23123123123,12.6868,19.9209,car
28,31231.23123123123,31.5637,17.9416,car
29,31231.23123123123,-18.5326,11.595,car
3,31231.23123123123,50.1503,24.331,bus
8,31231.23123123123,43.506,7.5177,car
22,31331.33133133133,40.0971,9.278,bicycle
23,31331.33133133133,7.7956,10.893,motorcycle
24,31331.33133133133,33.9348,23.879,bicycle
25,31331.33133133133,0.1054,8.1753,motorcycle
26,31331.33133133133,20.4761,30.2603,motorcycle
27,31331.33133133133,11.6739,19.8889,car
28,31331.33133133133,30.6081,17.954,car
29,31331.33133133133,-17.2873,11.5978,car
3,31331.33133133133,50.1503,24.331,bus
8,31331.33133133133,43.506,7.5177,car
22,31431.43143143144,40.3683,9.3326,bicycle
23,31431.43143143144,7.901,10.3723,motorcycle
24,31431.43143143144,33.6449,23.8898,bicycle
25,31431.43143143144,0.4363,8.1523,motorcycle
26,31431.43143143144,20.6378,30.0997,motorcycle
27,31431.43143143144,10.6526,19.8537,car
28,31431.43143143144,29.6593,17.9644,car
29,31431.43143143144,-16.0474,11.6021,car
3,31431.43143143144,50.1503,24.331,bus
8,31431.43143143144,43.506,7.5177,car
22,31531.53153153153,40.6523,9.3807,bicycle
23,31531.53153153153,7.9889,9.8775,motorcycle
24,31531.53153153153,33.4404,24.0219,bicycle
25,31531.53153153153,0.7688,8.1248,motorcycle
26,31531.53153153153,20.8238,29.9254,motorcycle
27,31531.53153153153,9.6283,19.8161,car
28,31531.53153153153,28.7133,17.9708,car
29,31531.53153153153,-14.8154,11.6067,car
3,31531.53153153153,50.1503,24.331,bus
8,31531.53153153153,43.506,7.5177,car
22,31631.631631631637,40.9279,9.4198,bicycle
23,31631.631631631637,8.0872,9.3674,motorcycle
24,31631.631631631637,33.1503,24.0682,bicycle
25,31631.631631631637,1.098,8.0876,motorcycle
26,31631.631631631637,21.0157,29.7586,motorcycle
27,31631.631631631637,8.6013,19.7767,car
28,31631.631631631637,27.7732,17.9754,car
29,31631.631631631637,-13.5931,11.6122,car
3,31631.631631631637,50.1503,24.331,bus
30,31631.631631631637,6.7844,38.2249,bicycle
8,31631.631631631637,43.506,7.5177,car
22,31731.73173173173,41.206,9.4585,bicycle
23,31731.73173173173,8.1761,8.8555,motorcycle
24,31731.73173173173,32.8504,24.1149,bicycle
25,31731.73173173173,1.4214,8.0424,motorcycle
26,31731.73173173173,21.2109,29.5963,motorcycle
27,31731.73173173173,7.5677,19.7366,car
28,31731.73173173173,26.8341,17.9769,car
29,31731.73173173173,-12.3769,11.6177,car
3,31731.73173173173,50.1503,24.331,bus
30,31731.73173173173,6.7924,37.8829,bicycle
8,31731.73173173173,43.506,7.5177,car
22,31831.831831831834,41.4689,9.4923,bicycle
23,31831.831831831834,8.2621,8.3371,motorcycle
24,31831.831831831834,32.5369,24.1646,bicycle
25,31831.831831831834,1.7384,7.9899,motorcycle
26,31831.831831831834,21.4093,29.4359,motorcycle
27,31831.831831831834,6.5283,19.698,car
28,31831.831831831834,25.8886,17.9772,car
29,31831.831831831834,-11.165,11.6235,car
3,31831.831831831834,50.1503,24.331,bus
30,31831.831831831834,6.8022,37.5405,bicycle
8,31831.831831831834,43.506,7.5177,car
22,31931.931931931933,41.7431,9.5309,bicycle
23,31931.931931931933,8.337,7.8135,motorcycle
24,31931.931931931933,32.223,24.2167,bicycle
25,31931.931931931933,2.0586,7.9326,motorcycle
26,31931.931931931933,21.6152,29.2774,motorcycle
27,31931.931931931933,5.4841,19.6618,car
28,31931.931931931933,24.9355,17.9764,car
29,31931.931931931933,-9.9584,11.629,car
3,31931.931931931933,50.1503,24.331,bus
30,31931.931931931933,6.8169,37.1997,bicycle
8,31931.931931931933,43.506,7.5177,car
22,32032.03203203203,42.0452,9.5678,bicycle
23,32032.03203203203,8.4011,7.2871,motorcycle
24,32032.03203203203,31.9002,24.2649,bicycle
25,32032.03203203203,2.3617,7.8652,motorcycle
26,32032.03203203203,21.8328,29.1182,motorcycle
27,32032.03203203203,4.4369,19.6271,car
28,32032.03203203203,23.9793,17.9742,car
29,32032.03203203203,-8.7565,11.6347,car
3,32032.03203203203,50.1503,24.331,bus
30,32032.03203203203,6.8309,36.8608,bicycle
8,32032.03203203203,43.506,7.5177,car
22,32132.13213213213,42.3919,9.594,bicycle
23,32132.13213213213,8.455,6.7615,motorcycle
24,32132.13213213213,31.588,24.3069,bicycle
25,32132.13213213213,2.6713,7.783,motorcycle
26,32132.13213213213,22.025,28.9819,motorcycle
27,32132.13213213213,3.3854,19.594,car
28,32132.13213213213,23.0275,17.9697,car
29,32132.13213213213,-7.5563,11.6402,car
3,32132.13213213213,50.1503,24.331,bus
30,32132.13213213213,6.8428,36.5247,bicycle
8,32132.13213213213,43.506,7.5177,car
22,32232.23223223224,42.7128,9.6031,bicycle
23,32232.23223223224,8.5092,6.2416,motorcycle
24,32232.23223223224,31.28,24.3491,bicycle
25,32232.23223223224,3.0458,7.6703,motorcycle
26,32232.23223223224,22.2866,28.8148,motorcycle
27,32232.23223223224,2.3302,19.5633,car
28,32232.23223223224,22.0812,17.9633,car
29,32232.23223223224,-6.3576,11.6462,car
3,32232.23223223224,50.1503,24.331,bus
30,32232.23223223224,6.852,36.1916,bicycle
31,32232.23223223224,8.6757,38.3372,bicycle
8,32232.23223223224,43.506,7.5177,car
22,32332.33233233233,43.0432,9.6119,bicycle
23,32332.33233233233,8.5562,5.7209,motorcycle
24,32332.33233233233,30.9327,24.3849,bicycle
25,32332.33233233233,3.3615,7.5421,motorcycle
26,32332.33233233233,22.5218,28.6765,motorcycle
27,32332.33233233233,1.2705,19.5342,car
28,32332.33233233233,21.1416,17.9556,car
29,32332.33233233233,-5.1589,11.6539,car
3,32332.33233233233,50.1503,24.331,bus
30,32332.33233233233,6.8598,35.8607,bicycle
31,32332.33233233233,8.6749,38.0057,bicycle
8,32332.33233233233,43.506,7.5177,car
22,32432.432432432437,43.3853,9.6234,bicycle
23,32432.432432432437,8.6149,5.1817,motorcycle
24,32432.432432432437,30.5843,24.4103,bicycle
25,32432.432432432437,3.6769,7.4053,motorcycle
26,32432.432432432437,22.7502,28.5436,motorcycle
27,32432.432432432437,0.2085,19.5061,car
28,32432.432432432437,20.2007,17.9473,car
29,32432.432432432437,-3.9588,11.6632,car
3,32432.432432432437,50.1503,24.331,bus
30,32432.432432432437,6.8685,35.5333,bicycle
31,32432.432432432437,8.677,37.6764,bicycle
8,32432.432432432437,43.506,7.5177,car
22,32532.532532532536,43.7195,9.6363,bicycle
23,32532.532532532536,8.6796,4.655,motorcycle
24,32532.532532532536,30.2613,24.4292,bicycle
25,32532.532532532536,3.9892,7.2622,motorcycle
26,32532.532532532536,22.9678,28.4139,motorcycle
27,32532.532532532536,-0.8528,19.4764,car
28,32532.532532532536,19.263,17.9393,car
29,32532.532532532536,-2.757,11.6733,car
3,32532.532532532536,50.1503,24.331,bus
30,32532.532532532536,6.8784,35.2095,bicycle
31,32532.532532532536,8.6767,37.3518,bicycle
8,32532.532532532536,43.506,7.5177,car
22,32632.632632632634,44.0326,9.6477,bicycle
23,32632.632632632634,8.7405,4.1224,motorcycle
24,32632.632632632634,29.9262,24.4552,bicycle
25,32632.632632632634,4.3221,7.0959,motorcycle
26,32632.632632632634,23.1813,28.2847,motorcycle
27,32632.632632632634,-1.9135,19.4463,car
28,32632.632632632634,18.3283,17.9323,car
29,32632.632632632634,-1.5514,11.6836,car
3,32632.632632632634,50.1503,24.331,bus
30,32632.632632632634,6.8881,34.8896,bicycle
31,32632.632632632634,8.6734,37.0332,bicycle
8,32632.632632632634,43.506,7.5177,car
22,32732.732732732733,44.3148,9.6552,bicycle
23,32732.732732732733,8.8103,3.5813,motorcycle
24,32732.732732732733,29.6054,24.4806,bicycle
25,32732.732732732733,4.6537,6.9085,motorcycle
26,32732.732732732733,23.394,28.1499,motorcycle
27,32732.732732732733,-2.9708,19.4151,car
28,32732.732732732733,17.3948,17.9254,car
29,32732.732732732733,-0.3418,11.6945,car
3,32732.732732732733,50.1503,24.331,bus
30,32732.732732732733,6.8991,34.5717,bicycle
31,32732.732732732733,8.6695,36.719,bicycle
8,32732.732732732733,43.506,7.5177,car
22,32832.832832832835,44.5974,9.6602,bicycle
23,32832.832832832835,8.8915,3.0342,motorcycle
24,32832.832832832835,29.2839,24.4993,bicycle
25,32832.832832832835,4.9748,6.7058,motorcycle
26,32832.832832832835,23.6003,28.0171,motorcycle
27,32832.832832832835,-4.0228,19.3833,car
28,32832.832832832835,16.4642,17.9188,car
29,32832.832832832835,0.8747,11.7057,car
3,32832.832832832835,50.1503,24.331,bus
30,32832.832832832835,6.9128,34.2561,bicycle
31,32832.832832832835,8.666,36.4076,bicycle
32,32832.832832832835,53.9868,22.4511,bicycle
8,32832.832832832835,43.506,7.5177,car
22,32932.932932932934,44.877,9.6596,bicycle
23,32932.932932932934,8.9853,2.5087,motorcycle
24,32932.932932932934,28.9501,24.519,bicycle
25,32932.932932932934,5.2866,6.4944,motorcycle
26,32932.932932932934,23.807,27.8863,motorcycle
27,32932.932932932934,-5.0663,19.3498,car
28,32932.932932932934,15.5292,17.9114,car
29,32932.932932932934,2.0987,11.7164,car
3,32932.932932932934,50.1503,24.331,bus
30,32932.932932932934,6.929,33.9441,bicycle
31,32932.932932932934,8.6622,36.0976,bicycle
32,32932.932932932934,53.5621,22.418,bicycle
8,32932.932932932934,43.506,7.5177,car
22,33033.03303303303,45.1413,9.6529,bicycle
23,33033.03303303303,9.0656,1.9519,motorcycle
24,33033.03303303303,28.6215,24.5387,bicycle
25,33033.03303303303,5.5903,6.2685,motorcycle
26,33033.03303303303,24.0143,27.7533,motorcycle
27,33033.03303303303,-6.1078,19.3163,car
28,33033.03303303303,14.5914,17.9034,car
29,33033.03303303303,3.3289,11.7274,car
3,33033.03303303303,50.1503,24.331,bus
30,33033.03303303303,6.9494,33.639,bicycle
31,33033.03303303303,8.654,35.7915,bicycle
32,33033.03303303303,53.142,22.3902,bicycle
8,33033.03303303303,43.506,7.5177,car
22,33133.13313313313,45.4236,9.6423,bicycle
23,33133.13313313313,9.1296,1.3962,motorcycle
24,33133.13313313313,28.2775,24.5525,bicycle
25,33133.13313313313,5.8845,6.0353,motorcycle
26,33133.13313313313,24.2426,27.6063,motorcycle
27,33133.13313313313,-7.1503,19.282,car
28,33133.13313313313,13.6135,17.8932,car
29,33133.13313313313,4.5638,11.7385,car
3,33133.13313313313,50.1503,24.331,bus
30,33133.13313313313,6.968,33.3423,bicycle
31,33133.13313313313,8.6487,35.4827,bicycle
32,33133.13313313313,52.7119,22.3625,bicycle
8,33133.13313313313,43.506,7.5177,car
22,33233.23323323323,45.7128,9.6323,bicycle
23,33233.23323323323,9.1861,0.8379,motorcycle
24,33233.23323323323,27.939,24.562,bicycle
25,33233.23323323323,6.1724,5.7918,motorcycle
26,33233.23323323323,24.4368,27.4793,motorcycle
27,33233.23323323323,-8.1934,19.2458,car
28,33233.23323323323,12.6234,17.8814,car
29,33233.23323323323,5.8038,11.7491,car
3,33233.23323323323,50.1503,24.331,bus
30,33233.23323323323,6.9837,33.0518,bicycle
31,33233.23323323323,8.6505,35.1768,bicycle
32,33233.23323323323,52.2712,22.3369,bicycle
8,33233.23323323323,43.506,7.5177,car
22,33333.333333333336,46.0018,9.6261,bicycle
23,33333.333333333336,9.2391,0.2817,motorcycle
24,33333.333333333336,27.6018,24.5718,bicycle
25,33333.333333333336,6.456,5.5362,motorcycle
26,33333.333333333336,24.6799,27.3343,motorcycle
27,33333.333333333336,-9.2371,19.2058,car
28,33333.333333333336,11.6321,17.8687,car
29,33333.333333333336,7.0475,11.7603,car
3,33333.333333333336,50.1503,24.331,bus
30,33333.333333333336,6.9959,32.7658,bicycle
31,33333.333333333336,8.6529,34.8718,bicycle
32,33333.333333333336,51.8263,22.3149,bicycle
8,33333.333333333336,43.506,7.5177,car
22,33433.433433433434,46.2899,9.6188,bicycle
23,33433.433433433434,9.2921,-0.2745,motorcycle
24,33433.433433433434,27.2502,24.5768,bicycle
25,33433.433433433434,6.7358,5.2646,motorcycle
26,33433.433433433434,24.9409,27.1899,motorcycle
27,33433.433433433434,-10.2831,19.1645,car
28,33433.433433433434,10.64,17.8554,car
29,33433.433433433434,8.2951,11.7716,car
3,33433.433433433434,50.1503,24.331,bus
30,33433.433433433434,7.0036,32.4856,bicycle
31,33433.433433433434,8.6526,34.5584,bicycle
32,33433.433433433434,51.3784,22.2921,bicycle
8,33433.433433433434,43.506,7.5177,car
22,33533.53353353353,46.5815,9.6187,bicycle
23,33533.53353353353,9.3707,-0.8159,motorcycle
24,33533.53353353353,26.8823,24.5813,bicycle
25,33533.53353353353,7.0136,4.9674,motorcycle
26,33533.53353353353,25.1845,27.0634,motorcycle
27,33533.53353353353,-11.3331,19.1208,car
28,33533.53353353353,9.6406,17.8418,car
29,33533.53353353353,9.5518,11.7828,car
3,33533.53353353353,50.1503,24.331,bus
30,33533.53353353353,7.0083,32.2116,bicycle
31,33533.53353353353,8.6552,34.2492,bicycle
32,33533.53353353353,50.9298,22.2712,bicycle
8,33533.53353353353,43.506,7.5177,car
22,33633.63363363363,46.8729,9.6189,bicycle
23,33633.63363363363,9.4398,-1.3839,motorcycle
24,33633.63363363363,26.5334,24.7234,bicycle
25,33633.63363363363,7.2813,4.6517,motorcycle
26,33633.63363363363,25.4081,26.945,motorcycle
27,33633.63363363363,-12.3845,19.0761,car
28,33633.63363363363,8.6391,17.8299,car
29,33633.63363363363,10.8178,11.7945,car
3,33633.63363363363,50.1503,24.331,bus
30,33633.63363363363,7.0067,31.9437,bicycle
31,33633.63363363363,8.662,33.934,bicycle
32,33633.63363363363,50.4757,22.2518,bicycle
8,33633.63363363363,43.506,7.5177,car
22,33733.73373373374,47.1713,9.6186,bicycle
23,33733.73373373374,9.4956,-1.9407,motorcycle
24,33733.73373373374,26.2563,24.7687,bicycle
25,33733.73373373374,7.5384,4.3226,motorcycle
26,33733.73373373374,25.6328,26.8235,motorcycle
27,33733.73373373374,-13.4347,19.0312,car
28,33733.73373373374,7.6403,17.8187,car
29,33733.73373373374,12.0932,11.806,car
3,33733.73373373374,50.1503,24.331,bus
30,33733.73373373374,7.0048,31.6808,bicycle
31,33733.73373373374,8.6786,33.6231,bicycle
32,33733.73373373374,50.0159,22.2339,bicycle
8,33733.73373373374,43.506,7.5177,car
22,33833.83383383384,47.4624,9.6141,bicycle
23,33833.83383383384,9.5533,-2.4981,motorcycle
24,33833.83383383384,25.9917,24.827,bicycle
25,33833.83383383384,7.7801,3.9706,motorcycle
26,33833.83383383384,25.8572,26.7011,motorcycle
27,33833.83383383384,-14.4831,18.9875,car
28,33833.83383383384,6.6469,17.808,car
29,33833.83383383384,13.3792,11.8177,car
3,33833.83383383384,50.1503,24.331,bus
30,33833.83383383384,7.0041,31.4214,bicycle
31,33833.83383383384,8.6977,33.3088,bicycle
32,33833.83383383384,49.56,22.2188,bicycle
8,33833.83383383384,43.506,7.5177,car
22,33933.933933933935,47.7449,9.6094,bicycle
23,33933.933933933935,9.6047,-3.0521,motorcycle
24,33933.933933933935,25.6665,24.9107,bicycle
25,33933.933933933935,7.9964,3.6171,motorcycle
26,33933.933933933935,26.0843,26.5759,motorcycle
27,33933.933933933935,-15.5357,18.9451,car
28,33933.933933933935,5.6535,17.7979,car
29,33933.933933933935,14.6751,11.8292,car
3,33933.933933933935,50.1503,24.331,bus
30,33933.933933933935,7.0045,31.1651,bicycle
31,33933.933933933935,8.7191,32.9963,bicycle
32,33933.933933933935,49.1133,22.2048,bicycle
8,33933.933933933935,43.506,7.5177,car
22,34034.03403403403,48.0243,9.6061,bicycle
23,34034.03403403403,9.6599,-3.6071,motorcycle
24,34034.03403403403,25.4039,25.0131,bicycle
25,34034.03403403403,8.1965,3.2582,motorcycle
26,34034.03403403403,26.3125,26.4475,motorcycle
27,34034.03403403403,-16.5941,18.9024,car
28,34034.03403403403,4.6589,17.7872,car
29,34034.03403403403,15.9754,11.8411,car
3,34034.03403403403,50.1503,24.331,bus
30,34034.03403403403,7.0042,30.9105,bicycle
31,34034.03403403403,8.742,32.6899,bicycle
32,34034.03403403403,48.6753,22.1936,bicycle
8,34034.03403403403,43.506,7.5177,car
22,34134.13413413414,48.3033,9.6051,bicycle
23,34134.13413413414,9.7169,-4.1585,motorcycle
24,34134.13413413414,25.1564,25.1251,bicycle
25,34134.13413413414,8.3947,2.8917,motorcycle
26,34134.13413413414,26.542,26.3155,motorcycle
27,34134.13413413414,-17.6591,18.8611,car
28,34134.13413413414,3.6705,17.7771,car
29,34134.13413413414,17.2833,11.8529,car
3,34134.13413413414,50.1503,24.331,bus
30,34134.13413413414,7.0028,30.6562,bicycle
31,34134.13413413414,8.7685,32.3835,bicycle
32,34134.13413413414,48.2438,22.1856,bicycle
8,34134.13413413414,43.506,7.5177,car
22,34234.23423423424,48.5882,9.6056,bicycle
23,34234.23423423424,9.7738,-4.7019,motorcycle
24,34234.23423423424,24.9069,25.2504,bicycle
25,34234.23423423424,8.5928,2.488,motorcycle
26,34234.23423423424,26.7769,26.177,motorcycle
27,34234.23423423424,-18.7266,18.8217,car
28,34234.23423423424,2.684,17.7665,car
29,34234.23423423424,18.599,11.865,car
3,34234.23423423424,50.1503,24.331,bus
30,34234.23423423424,6.9999,30.4014,bicycle
31,34234.23423423424,8.7918,32.0735,bicycle
32,34234.23423423424,47.8152,22.1801,bicycle
8,34234.23423423424,43.506,7.5177,car
22,34334.33433433434,48.8801,9.6057,bicycle
23,34334.33433433434,9.8297,-5.2394,motorcycle
24,34334.33433433434,24.6379,25.3998,bicycle
25,34334.33433433434,8.7716,2.0511,motorcycle
26,34334.33433433434,27.0192,26.0293,motorcycle
27,34334.33433433434,-19.7942,18.7849,car
28,34334.33433433434,1.697,17.7556,car
29,34334.33433433434,19.9181,11.8787,car
3,34334.33433433434,50.1503,24.331,bus
30,34334.33433433434,6.9968,30.1482,bicycle
31,34334.33433433434,8.8057,31.7665,bicycle
32,34334.33433433434,47.3817,22.1771,bicycle
8,34334.33433433434,43.506,7.5177,car
22,34434.434434434435,49.1941,9.6073,bicycle
23,34434.434434434435,9.8872,-5.7691,motorcycle
24,34434.434434434435,24.3709,25.576,bicycle
25,34434.434434434435,8.9156,1.6143,motorcycle
26,34434.434434434435,27.2797,25.8681,motorcycle
28,34434.434434434435,0.7123,17.7449,car
29,34434.434434434435,21.244,11.8927,car
3,34434.434434434435,50.1503,24.331,bus
30,34434.434434434435,6.9917,29.8986,bicycle
31,34434.434434434435,8.8194,31.4613,bicycle
32,34434.434434434435,46.9422,22.1769,bicycle
8,34434.434434434435,43.506,7.5177,car
22,34534.53453453454,49.526,9.6092,bicycle
23,34534.53453453454,9.9684,-6.325,motorcycle
24,34534.53453453454,24.1295,25.7648,bicycle
25,34534.53453453454,9.0427,1.1771,motorcycle
26,34534.53453453454,27.4968,25.7249,motorcycle
28,34534.53453453454,-0.2612,17.7338,car
29,34534.53453453454,22.5728,11.9078,car
3,34534.53453453454,50.1503,24.331,bus
30,34534.53453453454,6.9871,29.6567,bicycle
31,34534.53453453454,8.8333,31.1531,bicycle
32,34534.53453453454,46.4979,22.1786,bicycle
8,34534.53453453454,43.506,7.5177,car
22,34634.63463463464,49.8617,9.6091,bicycle
23,34634.63463463464,10.0585,-6.8477,motorcycle
24,34634.63463463464,23.8892,25.9686,bicycle
25,34634.63463463464,9.1628,0.7279,motorcycle
26,34634.63463463464,27.7275,25.5887,motorcycle
28,34634.63463463464,-1.2192,17.7222,car
29,34634.63463463464,23.9061,11.9236,car
3,34634.63463463464,50.1503,24.331,bus
30,34634.63463463464,6.9809,29.4186,bicycle
31,34634.63463463464,8.8474,30.8416,bicycle
32,34634.63463463464,46.0554,22.1843,bicycle
8,34634.63463463464,43.506,7.5177,car
22,34734.73473473474,50.181,9.6068,bicycle
23,34734.73473473474,10.1376,-7.3851,motorcycle
24,34734.73473473474,23.6527,26.192,bicycle
25,34734.73473473474,9.2824,0.2752,motorcycle
26,34734.73473473474,27.932,25.4632,motorcycle
28,34734.73473473474,-2.1686,17.707,car
29,34734.73473473474,25.248,11.9401,car
3,34734.73473473474,50.1503,24.331,bus
30,34734.73473473474,6.9705,29.1761,bicycle
31,34734.73473473474,8.8607,30.5302,bicycle
32,34734.73473473474,45.6164,22.1926,bicycle
8,34734.73473473474,43.506,7.5177,car
22,34834.83483483484,50.4665,9.604,bicycle
24,34834.83483483484,23.4201,26.4366,bicycle
25,34834.83483483484,9.3888,-0.2002,motorcycle
26,34834.83483483484,28.1293,25.3379,motorcycle
28,34834.83483483484,-3.1104,17.6888,car
29,34834.83483483484,26.5961,11.9567,car
3,34834.83483483484,50.1503,24.331,bus
30,34834.83483483484,6.9618,28.938,bicycle
31,34834.83483483484,8.8726,30.2223,bicycle
32,34834.83483483484,45.1825,22.2068,bicycle
8,34834.83483483484,43.506,7.5177,car
22,34934.934934934936,50.7595,9.6029,bicycle
24,34934.934934934936,23.2197,26.6823,bicycle
25,34934.934934934936,9.4808,-0.6786,motorcycle
26,34934.934934934936,28.323,25.2152,motorcycle
28,34934.934934934936,-4.0378,17.668,car
29,34934.934934934936,27.9532,11.9734,car
3,34934.934934934936,50.1503,24.331,bus
30,34934.934934934936,6.9526,28.6979,bicycle
31,34934.934934934936,8.8832,29.9204,bicycle
32,34934.934934934936,44.7523,22.2288,bicycle
8,34934.934934934936,43.506,7.5177,car
22,35035.035035035035,51.0655,9.6061,bicycle
24,35035.035035035035,23.0367,26.9235,bicycle
25,35035.035035035035,9.5462,-1.1618,motorcycle
26,35035.035035035035,28.5266,25.0928,motorcycle
28,35035.035035035035,-4.9569,17.6428,car
29,35035.035035035035,29.3177,11.9912,car
3,35035.035035035035,50.1503,24.331,bus
30,35035.035035035035,6.9425,28.4568,bicycle
31,35035.035035035035,8.8924,29.6268,bicycle
32,35035.035035035035,44.3234,22.2576,bicycle
8,35035.035035035035,43.506,7.5177,car
22,35135.13513513513,51.354,9.6086,bicycle
24,35135.13513513513,22.8653,27.1602,bicycle
25,35135.13513513513,9.607,-1.6551,motorcycle
26,35135.13513513513,28.7428,24.9686,motorcycle
28,35135.13513513513,-5.8652,17.615,car
29,35135.13513513513,30.6904,12.0102,car
3,35135.13513513513,50.1503,24.331,bus
30,35135.13513513513,6.9345,28.2177,bicycle
31,35135.13513513513,8.899,29.3419,bicycle
32,35135.13513513513,43.8936,22.2938,bicycle
8,35135.13513513513,43.506,7.5177,car
22,35235.23523523523,51.661,9.6092,bicycle
24,35235.23523523523,22.6982,27.3991,bicycle
25,35235.23523523523,9.6666,-2.1362,motorcycle
26,35235.23523523523,28.9831,24.844,motorcycle
28,35235.23523523523,-6.7679,17.5844,car
29,35235.23523523523,32.0703,12.0301,car
3,35235.23523523523,50.1503,24.331,bus
30,35235.23523523523,6.9289,27.9801,bicycle
31,35235.23523523523,8.904,29.0663,bicycle
32,35235.23523523523,43.4603,22.3372,bicycle
8,35235.23523523523,43.506,7.5177,car
22,35335.33533533534,51.9816,9.6114,bicycle
24,35335.33533533534,22.5388,27.6421,bicycle
25,35335.33533533534,9.7163,-2.6269,motorcycle
26,35335.33533533534,29.2413,24.7254,motorcycle
28,35335.33533533534,-7.6624,17.5533,car
29,35335.33533533534,33.4593,12.0527,car
3,35335.33533533534,50.1503,24.331,bus
30,35335.33533533534,6.925,27.745,bicycle
31,35335.33533533534,8.909,28.8027,bicycle
32,35335.33533533534,43.0284,22.3873,bicycle
8,35335.33533533534,43.506,7.5177,car
22,35435.43543543544,52.2984,9.6148,bicycle
24,35435.43543543544,22.379,27.8944,bicycle
25,35435.43543543544,9.7569,-3.1112,motorcycle
26,35435.43543543544,29.5144,24.6119,motorcycle
28,35435.43543543544,-8.5527,17.5231,car
29,35435.43543543544,34.8516,12.0772,car
3,35435.43543543544,50.1503,24.331,bus
30,35435.43543543544,6.9238,27.511,bicycle
31,35435.43543543544,8.913,28.5505,bicycle
32,35435.43543543544,42.5985,22.4427,bicycle
8,35435.43543543544,43.506,7.5177,car
22,35535.535535535535,52.5957,9.6192,bicycle
24,35535.535535535535,22.2216,28.1573,bicycle
25,35535.535535535535,9.811,-3.5762,motorcycle
26,35535.535535535535,29.7711,24.5172,motorcycle
28,35535.535535535535,-9.4453,17.4951,car
29,35535.535535535535,36.2529,12.1037,car
3,35535.535535535535,50.1503,24.331,bus
30,35535.535535535535,6.9259,27.2774,bicycle
31,35535.535535535535,8.916,28.3075,bicycle
32,35535.535535535535,42.1665,22.5022,bicycle
8,35535.535535535535,43.506,7.5177,car
22,35635.635635635634,52.9085,9.6249,bicycle
24,35635.635635635634,22.078,28.4355,bicycle
25,35635.635635635634,9.8521,-4.071,motorcycle
26,35635.635635635634,30.0361,24.4252,motorcycle
28,35635.635635635634,-10.3273,17.4708,car
29,35635.635635635634,37.6698,12.1325,car
3,35635.635635635634,50.1503,24.331,bus
30,35635.635635635634,6.9301,27.0437,bicycle
31,35635.635635635634,8.9175,28.072,bicycle
32,35635.635635635634,41.721,22.5742,bicycle
8,35635.635635635634,43.506,7.5177,car
22,35735.73573573574,53.2306,9.6303,bicycle
24,35735.73573573574,21.9478,28.7118,bicycle
25,35735.73573573574,9.8844,-4.5639,motorcycle
26,35735.73573573574,30.3131,24.3401,motorcycle
28,35735.73573573574,-11.1934,17.4503,car
29,35735.73573573574,39.0956,12.1641,car
3,35735.73573573574,50.1503,24.331,bus
30,35735.73573573574,6.9385,26.8328,bicycle
31,35735.73573573574,8.917,27.843,bicycle
32,35735.73573573574,41.2743,22.6533,bicycle
8,35735.73573573574,43.506,7.5177,car
22,35835.83583583584,53.5538,9.6349,bicycle
24,35835.83583583584,21.8218,28.9923,bicycle
25,35835.83583583584,9.9119,-5.0598,motorcycle
26,35835.83583583584,30.632,24.2604,motorcycle
28,35835.83583583584,-12.0484,17.4335,car
29,35835.83583583584,40.5259,12.1975,car
3,35835.83583583584,50.1503,24.331,bus
30,35835.83583583584,6.9458,26.607,bicycle
31,35835.83583583584,8.914,27.622,bicycle
32,35835.83583583584,40.8295,22.7364,bicycle
8,35835.83583583584,43.506,7.5177,car
22,35935.93593593594,53.8685,9.6385,bicycle
24,35935.93593593594,21.7003,29.275,bicycle
25,35935.93593593594,9.9415,-5.5524,motorcycle
26,35935.93593593594,30.9393,24.2015,motorcycle
28,35935.93593593594,-12.8973,17.4167,car
29,35935.93593593594,41.9576,12.2317,car
3,35935.93593593594,50.1503,24.331,bus
30,35935.93593593594,6.9525,26.3877,bicycle
31,35935.93593593594,8.9098,27.4068,bicycle
32,35935.93593593594,40.3917,22.8213,bicycle
8,35935.93593593594,43.506,7.5177,car
22,36036.03603603604,54.1651,9.6414,bicycle
24,36036.03603603604,21.5771,29.5673,bicycle
25,36036.03603603604,9.9635,-6.0448,motorcycle
26,36036.03603603604,31.1749,24.1539,motorcycle
28,36036.03603603604,-13.7435,17.3988,car
29,36036.03603603604,43.389,12.2666,car
3,36036.03603603604,50.1503,24.331,bus
30,36036.03603603604,6.958,26.1695,bicycle
31,36036.03603603604,8.9052,27.1855,bicycle
32,36036.03603603604,39.9674,22.9067,bicycle
8,36036.03603603604,43.506,7.5177,car
22,36136.13613613614,54.4352,9.6439,bicycle
24,36136.13613613614,21.4771,29.8137,bicycle
25,36136.13613613614,9.9855,-6.5441,motorcycle
26,36136.13613613614,31.3678,24.099,motorcycle
28,36136.13613613614,-14.6041,17.3788,car
29,36136.13613613614,44.8226,12.3032,car
3,36136.13613613614,50.1503,24.331,bus
30,36136.13613613614,6.9632,25.953,bicycle
31,36136.13613613614,8.8966,26.9752,bicycle
32,36136.13613613614,39.5637,22.9912,bicycle
8,36136.13613613614,43.506,7.5177,car
22,36236.23623623624,54.714,9.6476,bicycle
24,36236.23623623624,21.3706,30.0772,bicycle
25,36236.23623623624,10.0029,-7.0392,motorcycle
26,36236.23623623624,31.5189,24.0403,motorcycle
28,36236.23623623624,-15.4618,17.3581,car
29,36236.23623623624,46.26,12.3413,car
3,36236.23623623624,50.1503,24.331,bus
30,36236.23623623624,6.9687,25.7384,bicycle
31,36236.23623623624,8.8868,26.7638,bicycle
32,36236.23623623624,39.1879,23.0734,bicycle
8,36236.23623623624,43.506,7.5177,car
22,36336.33633633634,54.9724,9.6532,bicycle
24,36336.33633633634,21.2524,30.3424,bicycle
26,36336.33633633634,31.6972,23.9758,motorcycle
28,36336.33633633634,-16.3155,17.3367,car
29,36336.33633633634,47.7052,12.3821,car
3,36336.33633633634,50.1503,24.331,bus
30,36336.33633633634,6.9743,25.5257,bicycle
31,36336.33633633634,8.8753,26.559,bicycle
32,36336.33633633634,38.8447,23.1523,bicycle
8,36336.33633633634,43.506,7.5177,car
24,36436.43643643644,21.087,30.6594,bicycle
26,36436.43643643644,31.9178,23.9007,motorcycle
28,36436.43643643644,-17.1623,17.3159,car
29,36436.43643643644,49.1567,12.4251,car
3,36436.43643643644,50.1503,24.331,bus
30,36436.43643643644,6.9804,25.3137,bicycle
31,36436.43643643644,8.8651,26.3576,bicycle
32,36436.43643643644,38.4994,23.2358,bicycle
8,36436.43643643644,43.506,7.5177,car
24,36536.536536536536,20.9087,30.9754,bicycle
26,36536.536536536536,32.2234,23.7972,motorcycle
28,36536.536536536536,-18.0244,17.2936,car
29,36536.536536536536,50.6102,12.4694,car
3,36536.536536536536,50.1503,24.331,bus
30,36536.536536536536,6.985,25.1033,bicycle
31,36536.536536536536,8.8552,26.1524,bicycle
32,36536.536536536536,38.074,23.3422,bicycle
8,36536.536536536536,43.506,7.5177,car
24,36636.63663663664,20.7695,31.2184,bicycle
26,36636.63663663664,32.4707,23.6902,motorcycle
28,36636.63663663664,-18.891,17.269,car
29,36636.63663663664,52.0646,12.5146,car
3,36636.63663663664,50.1503,24.331,bus
30,36636.63663663664,6.9904,24.8977,bicycle
31,36636.63663663664,8.843,25.9481,bicycle
32,36636.63663663664,37.654,23.46,bicycle
8,36636.63663663664,43.506,7.5177,car
24,36736.73673673673,20.6247,31.493,bicycle
26,36736.73673673673,32.7037,23.5867,motorcycle
28,36736.73673673673,-19.759,17.2417,car
29,36736.73673673673,53.5196,12.5594,car
3,36736.73673673673,50.1503,24.331,bus
30,36736.73673673673,6.9955,24.7034,bicycle
31,36736.73673673673,8.8289,25.7488,bicycle
32,36736.73673673673,37.2142,23.5801,bicycle
8,36736.73673673673,43.506,7.5177,car
24,36836.83683683684,20.5078,31.7474,bicycle
26,36836.83683683684,32.9351,23.4857,motorcycle
3,36836.83683683684,50.1503,24.331,bus
30,36836.83683683684,7.0,24.5296,bicycle
31,36836.83683683684,8.8097,25.5246,bicycle
32,36836.83683683684,36.8148,23.6616,bicycle
33,36836.83683683684,-19.7975,13.9769,car
8,36836.83683683684,43.506,7.5177,car
24,36936.93693693694,20.3894,32.0157,bicycle
26,36936.93693693694,33.1722,23.3886,motorcycle
3,36936.93693693694,50.1503,24.331,bus
30,36936.93693693694,7.0049,24.3837,bicycle
31,36936.93693693694,8.7849,25.3433,bicycle
32,36936.93693693694,36.4312,23.742,bicycle
33,36936.93693693694,-19.0896,13.9796,car
8,36936.93693693694,43.506,7.5177,car
24,37037.03703703704,20.2722,32.3094,bicycle
26,37037.03703703704,33.4058,23.298,motorcycle
3,37037.03703703704,50.1503,24.331,bus
30,37037.03703703704,7.0127,24.2778,bicycle
31,37037.03703703704,8.7595,25.1535,bicycle
32,37037.03703703704,36.0484,23.8276,bicycle
33,37037.03703703704,-18.3756,13.9857,car
8,37037.03703703704,43.506,7.5177,car
24,37137.137137137135,20.1718,32.5974,bicycle
26,37137.137137137135,33.6324,23.2162,motorcycle
3,37137.137137137135,50.1503,24.331,bus
30,37137.137137137135,7.0358,23.9461,bicycle
31,37137.137137137135,8.7282,24.9576,bicycle
32,37137.137137137135,35.6692,23.9165,bicycle
33,37137.137137137135,-17.6573,13.9903,car
8,37137.137137137135,43.506,7.5177,car
24,37237.23723723724,20.073,32.8989,bicycle
26,37237.23723723724,33.8617,23.1386,motorcycle
3,37237.23723723724,50.1503,24.331,bus
30,37237.23723723724,7.0635,23.7034,bicycle
31,37237.23723723724,8.6916,24.764,bicycle
32,37237.23723723724,35.2924,24.007,bicycle
33,37237.23723723724,-16.9314,13.9944,car
8,37237.23723723724,43.506,7.5177,car
24,37337.33733733734,19.9835,33.2142,bicycle
26,37337.33733733734,34.0964,23.0654,motorcycle
3,37337.33733733734,50.1503,24.331,bus
30,37337.33733733734,7.0631,23.5879,bicycle
31,37337.33733733734,8.652,24.5803,bicycle
32,37337.33733733734,34.9168,24.098,bicycle
33,37337.33733733734,-16.1971,13.998,car
8,37337.33733733734,43.506,7.5177,car
24,37437.43743743744,19.8964,33.5366,bicycle
26,37437.43743743744,34.3263,22.9994,motorcycle
3,37437.43743743744,50.1503,24.331,bus
30,37437.43743743744,7.0535,23.5033,bicycle
31,37437.43743743744,8.6166,24.4217,bicycle
32,37437.43743743744,34.5416,24.1894,bicycle
33,37437.43743743744,-15.4534,14.0022,car
8,37437.43743743744,43.506,7.5177,car
24,37537.53753753754,19.8022,33.861,bicycle
26,37537.53753753754,34.5552,22.9379,motorcycle
3,37537.53753753754,50.1503,24.331,bus
30,37537.53753753754,7.0425,23.421,bicycle
31,37537.53753753754,8.5892,24.2915,bicycle
32,37537.53753753754,34.1667,24.2809,bicycle
33,37537.53753753754,-14.7012,14.0072,car
8,37537.53753753754,43.506,7.5177,car
24,37637.63763763764,19.728,34.1842,bicycle
26,37637.63763763764,34.7855,22.8799,motorcycle
3,37637.63763763764,50.1503,24.331,bus
30,37637.63763763764,7.0348,23.2932,bicycle
31,37637.63763763764,8.5755,24.2029,bicycle
32,37637.63763763764,33.7917,24.3725,bicycle
33,37637.63763763764,-13.9387,14.0126,car
8,37637.63763763764,43.506,7.5177,car
24,37737.73773773774,19.6449,34.5168,bicycle
26,37737.73773773774,35.0214,22.8248,motorcycle
3,37737.73773773774,50.1503,24.331,bus
30,37737.73773773774,7.0242,23.0803,bicycle
31,37737.73773773774,8.5737,24.1561,bicycle
32,37737.73773773774,33.4167,24.4643,bicycle
33,37737.73773773774,-13.167,14.0162,car
8,37737.73773773774,43.506,7.5177,car
24,37837.83783783784,19.5934,34.7907,bicycle
26,37837.83783783784,35.2566,22.7732,motorcycle
3,37837.83783783784,50.1503,24.331,bus
30,37837.83783783784,6.9957,22.8016,bicycle
31,37837.83783783784,8.56,24.0792,bicycle
32,37837.83783783784,33.0416,24.5562,bicycle
33,37837.83783783784,-12.3869,14.0186,car
8,37837.83783783784,43.506,7.5177,car
24,37937.93793793794,19.5158,35.1019,bicycle
26,37937.93793793794,35.4903,22.7228,motorcycle
3,37937.93793793794,50.1503,24.331,bus
30,37937.93793793794,6.948,22.571,bicycle
31,37937.93793793794,8.5443,23.962,bicycle
32,37937.93793793794,32.6668,24.6482,bicycle
33,37937.93793793794,-11.5998,14.0196,car
8,37937.93793793794,43.506,7.5177,car
24,38038.038038038045,19.4419,35.4123,bicycle
26,38038.038038038045,35.7287,22.6703,motorcycle
3,38038.038038038045,50.1503,24.331,bus
30,38038.038038038045,6.91,22.4318,bicycle
31,38038.038038038045,8.5216,23.7131,bicycle
32,38038.038038038045,32.2927,24.7402,bicycle
33,38038.038038038045,-10.8066,14.0181,car
8,38038.038038038045,43.506,7.5177,car
24,38138.13813813814,19.3549,35.7634,bicycle
26,38138.13813813814,35.9506,22.6177,motorcycle
3,38138.13813813814,50.1503,24.331,bus
30,38138.13813813814,6.8773,22.3026,bicycle
31,38138.13813813814,8.518,23.531,bicycle
32,38138.13813813814,31.92,24.8322,bicycle
33,38138.13813813814,-10.0073,14.0156,car
8,38138.13813813814,43.506,7.5177,car
24,38238.23823823824,19.2735,36.0881,bicycle
26,38238.23823823824,36.1684,22.5654,motorcycle
3,38238.23823823824,50.1503,24.331,bus
30,38238.23823823824,6.8515,22.1928,bicycle
31,38238.23823823824,8.5182,23.3785,bicycle
32,38238.23823823824,31.5497,24.9242,bicycle
33,38238.23823823824,-9.2029,14.0133,car
8,38238.23823823824,43.506,7.5177,car
24,38338.33833833834,19.2193,36.3577,bicycle
26,38338.33833833834,36.4181,22.5034,motorcycle
3,38338.33833833834,50.1503,24.331,bus
30,38338.33833833834,6.8334,22.1073,bicycle
31,38338.33833833834,8.5176,23.2345,bicycle
32,38338.33833833834,31.1834,25.0161,bicycle
33,38338.33833833834,-8.3913,14.0103,car
8,38338.33833833834,43.506,7.5177,car
24,38438.43843843844,19.1572,36.6693,bicycle
26,38438.43843843844,36.6466,22.438,motorcycle
3,38438.43843843844,50.1503,24.331,bus
30,38438.43843843844,6.8197,22.0418,bicycle
31,38438.43843843844,8.5159,23.1025,bicycle
32,38438.43843843844,30.8227,25.1078,bicycle
33,38438.43843843844,-7.5744,14.0054,car
8,38438.43843843844,43.506,7.5177,car
24,38538.53853853854,19.0945,36.9854,bicycle
26,38538.53853853854,36.8783,22.3695,motorcycle
3,38538.53853853854,50.1503,24.331,bus
30,38538.53853853854,6.802,21.9966,bicycle
31,38538.53853853854,8.5135,22.9681,bicycle
32,38538.53853853854,30.4696,25.1991,bicycle
33,38538.53853853854,-6.7513,13.9987,car
8,38538.53853853854,43.506,7.5177,car
24,38638.63863863864,19.0411,37.3114,bicycle
26,38638.63863863864,37.1174,22.2948,motorcycle
3,38638.63863863864,50.1503,24.331,bus
30,38638.63863863864,6.7771,21.9372,bicycle
31,38638.63863863864,8.5108,22.8378,bicycle
32,38638.63863863864,30.1258,25.2898,bicycle
33,38638.63863863864,-5.9209,13.9903,car
8,38638.63863863864,43.506,7.5177,car
24,38738.738738738735,18.9961,37.6191,bicycle
26,38738.738738738735,37.3615,22.2147,motorcycle
3,38738.738738738735,50.1503,24.331,bus
30,38738.738738738735,6.7507,21.8554,bicycle
31,38738.738738738735,8.5072,22.7062,bicycle
32,38738.738738738735,29.7922,25.3794,bicycle
33,38738.738738738735,-5.0825,13.9819,car
8,38738.738738738735,43.506,7.5177,car
24,38838.83883883884,18.9631,37.9026,bicycle
26,38838.83883883884,37.595,22.1335,motorcycle
3,38838.83883883884,50.1503,24.331,bus
30,38838.83883883884,6.7344,21.7693,bicycle
31,38838.83883883884,8.5027,22.5688,bicycle
32,38838.83883883884,29.4299,25.4777,bicycle
33,38838.83883883884,-4.2388,13.9729,car
8,38838.83883883884,43.506,7.5177,car
24,38938.93893893894,18.9373,38.1919,bicycle
26,38938.93893893894,37.7999,22.059,motorcycle
3,38938.93893893894,50.1503,24.331,bus
30,38938.93893893894,6.7083,21.6309,bicycle
31,38938.93893893894,8.4962,22.4326,bicycle
32,38938.93893893894,29.0841,25.5674,bicycle
33,38938.93893893894,-3.3902,13.9634,car
8,38938.93893893894,43.506,7.5177,car
24,39039.03903903904,18.9198,38.4781,bicycle
26,39039.03903903904,37.9757,21.996,motorcycle
3,39039.03903903904,50.1503,24.331,bus
30,39039.03903903904,6.6976,21.5073,bicycle
31,39039.03903903904,8.4874,22.317,bicycle
32,39039.03903903904,28.723,25.667,bicycle
33,39039.03903903904,-2.5342,13.9536,car
8,39039.03903903904,43.506,7.5177,car
26,39139.13913913914,38.1904,21.9271,motorcycle
3,39139.13913913914,50.1503,24.331,bus
30,39139.13913913914,6.668,21.3347,bicycle
31,39139.13913913914,8.4759,22.2239,bicycle
32,39139.13913913914,28.3257,25.7845,bicycle
33,39139.13913913914,-1.6714,13.9436,car
8,39139.13913913914,43.506,7.5177,car
26,39239.23923923924,38.5033,21.8483,motorcycle
3,39239.23923923924,50.1503,24.331,bus
30,39239.23923923924,6.6331,21.1186,bicycle
31,39239.23923923924,8.4622,22.1322,bicycle
32,39239.23923923924,27.9371,25.9127,bicycle
33,39239.23923923924,-0.8019,13.9336,car
8,39239.23923923924,43.506,7.5177,car
26,39339.33933933934,38.8029,21.7932,motorcycle
3,39339.33933933934,50.1503,24.331,bus
30,39339.33933933934,6.576,20.9142,bicycle
31,39339.33933933934,8.4443,21.9476,bicycle
32,39339.33933933934,27.569,26.0427,bicycle
33,39339.33933933934,0.073,13.9237,car
34,39339.33933933934,8.6199,38.261,tricycle
8,39339.33933933934,43.506,7.5177,car
26,39439.43943943944,39.0479,21.7494,motorcycle
3,39439.43943943944,50.1503,24.331,bus
30,39439.43943943944,6.527,20.7188,bicycle
31,39439.43943943944,8.4086,21.7207,bicycle
32,39439.43943943944,27.2264,26.1683,bicycle
33,39439.43943943944,0.9521,13.9156,car
34,39439.43943943944,8.6513,37.9214,tricycle
8,39439.43943943944,43.506,7.5177,car
26,39539.53953953954,39.2337,21.7024,motorcycle
3,39539.53953953954,50.1503,24.331,bus
30,39539.53953953954,6.4967,20.581,bicycle
31,39539.53953953954,8.3621,21.5442,bicycle
32,39539.53953953954,26.9103,26.2884,bicycle
33,39539.53953953954,1.8344,13.9087,car
34,39539.53953953954,8.6782,37.5871,tricycle
8,39539.53953953954,43.506,7.5177,car
26,39639.639639639645,39.3991,21.6473,motorcycle
3,39639.639639639645,50.1503,24.331,bus
30,39639.639639639645,6.4737,20.4616,bicycle
31,39639.639639639645,8.3094,21.3675,bicycle
32,39639.639639639645,26.6273,26.4082,bicycle
33,39639.639639639645,2.7178,13.9027,car
34,39639.639639639645,8.7055,37.2608,tricycle
8,39639.639639639645,43.506,7.5177,car
26,39739.73973973974,39.5795,21.5873,motorcycle
3,39739.73973973974,50.1503,24.331,bus
30,39739.73973973974,6.4404,20.2536,bicycle
31,39739.73973973974,8.2534,21.1904,bicycle
32,39739.73973973974,26.2272,26.5912,bicycle
33,39739.73973973974,3.6016,13.898,car
34,39739.73973973974,8.7344,36.9459,tricycle
8,39739.73973973974,43.506,7.5177,car
26,39839.83983983984,39.7886,21.5186,motorcycle
3,39839.83983983984,50.1503,24.331,bus
30,39839.83983983984,6.4154,20.0089,bicycle
31,39839.83983983984,8.2,21.0308,bicycle
32,39839.83983983984,25.8823,26.7843,bicycle
33,39839.83983983984,4.486,13.8953,car
34,39839.83983983984,8.7719,36.624,tricycle
8,39839.83983983984,43.506,7.5177,car
26,39939.93993993994,40.03,21.4392,motorcycle
3,39939.93993993994,50.1503,24.331,bus
30,39939.93993993994,6.4022,19.801,bicycle
31,39939.93993993994,8.1523,20.8851,bicycle
32,39939.93993993994,25.5677,26.9759,bicycle
33,39939.93993993994,5.373,13.8941,car
34,39939.93993993994,8.8261,36.2869,tricycle
8,39939.93993993994,43.506,7.5177,car
26,40040.04004004004,40.3196,21.3364,motorcycle
3,40040.04004004004,50.1503,24.331,bus
30,40040.04004004004,6.392,19.5974,bicycle
31,40040.04004004004,8.1097,20.7513,bicycle
32,40040.04004004004,25.265,27.1601,bicycle
33,40040.04004004004,6.2616,13.8929,car
34,40040.04004004004,8.8952,35.9674,tricycle
8,40040.04004004004,43.506,7.5177,car
26,40140.14014014014,40.5745,21.2308,motorcycle
3,40140.14014014014,50.1503,24.331,bus
30,40140.14014014014,6.3845,19.3963,bicycle
31,40140.14014014014,8.0654,20.6115,bicycle
32,40140.14014014014,24.9081,27.3583,bicycle
33,40140.14014014014,7.1503,13.8915,car
34,40140.14014014014,8.9738,35.6412,tricycle
8,40140.14014014014,43.506,7.5177,car
26,40240.24024024024,40.8268,21.1265,motorcycle
3,40240.24024024024,50.1503,24.331,bus
30,40240.24024024024,6.3804,19.1975,bicycle
31,40240.24024024024,8.0152,20.4578,bicycle
32,40240.24024024024,24.5279,27.5628,bicycle
33,40240.24024024024,8.0368,13.8903,car
34,40240.24024024024,9.067,35.3103,tricycle
8,40240.24024024024,43.506,7.5177,car
26,40340.34034034034,41.0739,21.0213,motorcycle
3,40340.34034034034,50.1503,24.331,bus
30,40340.34034034034,6.3804,18.9823,bicycle
31,40340.34034034034,7.9618,20.2963,bicycle
32,40340.34034034034,24.2278,27.7296,bicycle
33,40340.34034034034,8.9167,13.8897,car
34,40340.34034034034,9.1754,34.9768,tricycle
8,40340.34034034034,43.506,7.5177,car
26,40440.44044044044,41.3114,20.9225,motorcycle
3,40440.44044044044,50.1503,24.331,bus
30,40440.44044044044,6.382,18.7677,bicycle
31,40440.44044044044,7.9067,20.1217,bicycle
32,40440.44044044044,23.9945,27.9028,bicycle
33,40440.44044044044,9.7944,13.889,car
34,40440.44044044044,9.2914,34.654,tricycle
8,40440.44044044044,43.506,7.5177,car
26,40540.54054054054,41.5414,20.8278,motorcycle
3,40540.54054054054,50.1503,24.331,bus
30,40540.54054054054,6.388,18.5427,bicycle
31,40540.54054054054,7.8549,19.9524,bicycle
32,40540.54054054054,23.7183,28.1051,bicycle
33,40540.54054054054,10.6694,13.889,car
34,40540.54054054054,9.3948,34.3727,tricycle
8,40540.54054054054,43.506,7.5177,car
26,40640.64064064064,41.7633,20.7405,motorcycle
3,40640.64064064064,50.1503,24.331,bus
30,40640.64064064064,6.3953,18.3023,bicycle
31,40640.64064064064,7.7993,19.768,bicycle
32,40640.64064064064,23.4173,28.3508,bicycle
33,40640.64064064064,11.5421,13.889,car
34,40640.64064064064,9.4944,34.0922,tricycle
8,40640.64064064064,43.506,7.5177,car
26,40740.740740740745,41.9831,20.6574,motorcycle
3,40740.740740740745,50.1503,24.331,bus
30,40740.740740740745,6.403,18.051,bicycle
31,40740.740740740745,7.753,19.5948,bicycle
32,40740.740740740745,23.1363,28.6089,bicycle
33,40740.740740740745,12.4126,13.8894,car
34,40740.740740740745,9.5956,33.8073,tricycle
8,40740.740740740745,43.506,7.5177,car
26,40840.84084084084,42.222,20.5725,motorcycle
3,40840.84084084084,50.1503,24.331,bus
30,40840.84084084084,6.4126,17.7953,bicycle
31,40840.84084084084,7.7102,19.4261,bicycle
32,40840.84084084084,22.8546,28.8813,bicycle
33,40840.84084084084,13.2782,13.8895,car
34,40840.84084084084,9.6995,33.5199,tricycle
8,40840.84084084084,43.506,7.5177,car
26,40940.94094094094,42.4751,20.4944,motorcycle
3,40940.94094094094,50.1503,24.331,bus
30,40940.94094094094,6.4246,17.5401,bicycle
31,40940.94094094094,7.666,19.2431,bicycle
32,40940.94094094094,22.5853,29.1548,bicycle
33,40940.94094094094,14.1413,13.8899,car
34,40940.94094094094,9.8073,33.232,tricycle
8,40940.94094094094,43.506,7.5177,car
26,41041.04104104104,42.69,20.4292,motorcycle
3,41041.04104104104,50.1503,24.331,bus
30,41041.04104104104,6.4414,17.2591,bicycle
31,41041.04104104104,7.6256,19.0552,bicycle
32,41041.04104104104,22.3398,29.4171,bicycle
33,41041.04104104104,15.0035,13.8905,car
34,41041.04104104104,9.9138,32.944,tricycle
8,41041.04104104104,43.506,7.5177,car
26,41141.14114114115,42.9216,20.359,motorcycle
3,41141.14114114115,50.1503,24.331,bus
30,41141.14114114115,6.4632,16.9884,bicycle
31,41141.14114114115,7.5878,18.8545,bicycle
32,41141.14114114115,22.0822,29.6904,bicycle
33,41141.14114114115,15.8634,13.8918,car
34,41141.14114114115,10.0225,32.6567,tricycle
8,41141.14114114115,43.506,7.5177,car
26,41241.241241241245,43.124,20.2949,motorcycle
3,41241.241241241245,50.1503,24.331,bus
30,41241.241241241245,6.4845,16.7168,bicycle
31,41241.241241241245,7.5529,18.6288,bicycle
32,41241.241241241245,21.8315,29.9631,bicycle
33,41241.241241241245,16.721,13.8938,car
34,41241.241241241245,10.1269,32.3779,tricycle
8,41241.241241241245,43.506,7.5177,car
26,41341.341341341344,43.3467,20.2299,motorcycle
3,41341.341341341344,50.1503,24.331,bus
30,41341.341341341344,6.5091,16.4442,bicycle
31,41341.341341341344,7.5328,18.3766,bicycle
32,41341.341341341344,21.5969,30.2472,bicycle
33,41341.341341341344,17.5798,13.896,car
34,41341.341341341344,10.2356,32.0997,tricycle
8,41341.341341341344,43.506,7.5177,car
26,41441.44144144144,43.616,20.1648,motorcycle
3,41441.44144144144,50.1503,24.331,bus
30,41441.44144144144,6.5334,16.1629,bicycle
31,41441.44144144144,7.525,18.137,bicycle
32,41441.44144144144,21.3642,30.5373,bicycle
33,41441.44144144144,18.4377,13.8991,car
34,41441.44144144144,10.3393,31.8238,tricycle
8,41441.44144144144,43.506,7.5177,car
26,41541.54154154155,43.7821,20.1099,motorcycle
3,41541.54154154155,50.1503,24.331,bus
30,41541.54154154155,6.5578,15.8842,bicycle
31,41541.54154154155,7.5251,17.9067,bicycle
32,41541.54154154155,21.1408,30.8342,bicycle
33,41541.54154154155,19.296,13.9027,car
34,41541.54154154155,10.4357,31.5487,tricycle
8,41541.54154154155,43.506,7.5177,car
26,41641.64164164165,43.9858,20.0441,motorcycle
3,41641.64164164165,50.1503,24.331,bus
30,41641.64164164165,6.5828,15.6326,bicycle
31,41641.64164164165,7.5307,17.69,bicycle
32,41641.64164164165,20.9222,31.1313,bicycle
33,41641.64164164165,20.1567,13.9064,car
34,41641.64164164165,10.5269,31.2751,tricycle
8,41641.64164164165,43.506,7.5177,car
26,41741.74174174175,44.2337,19.9603,motorcycle
3,41741.74174174175,50.1503,24.331,bus
30,41741.74174174175,6.6058,15.3403,bicycle
31,41741.74174174175,7.5409,17.4733,bicycle
32,41741.74174174175,20.7086,31.4375,bicycle
33,41741.74174174175,21.016,13.9092,car
34,41741.74174174175,10.6188,31.0004,tricycle
8,41741.74174174175,43.506,7.5177,car
26,41841.84184184184,44.4573,19.8682,motorcycle
3,41841.84184184184,50.1503,24.331,bus
30,41841.84184184184,6.6267,15.0643,bicycle
31,41841.84184184184,7.5536,17.2652,bicycle
32,41841.84184184184,20.5142,31.7343,bicycle
33,41841.84184184184,21.8735,13.9117,car
34,41841.84184184184,10.6999,30.7368,tricycle
8,41841.84184184184,43.506,7.5177,car
26,41941.94194194194,44.6714,19.7739,motorcycle
3,41941.94194194194,50.1503,24.331,bus
30,41941.94194194194,6.6596,14.7546,bicycle
31,41941.94194194194,7.5692,17.0742,bicycle
32,41941.94194194194,20.3178,32.0398,bicycle
33,41941.94194194194,22.7321,13.9132,car
34,41941.94194194194,10.7786,30.4685,tricycle
8,41941.94194194194,43.506,7.5177,car
26,42042.04204204204,44.8809,19.6784,motorcycle
3,42042.04204204204,50.1503,24.331,bus
30,42042.04204204204,6.7009,14.4254,bicycle
31,42042.04204204204,7.5848,16.875,bicycle
32,42042.04204204204,20.1427,32.3166,bicycle
33,42042.04204204204,23.5893,13.9145,car
34,42042.04204204204,10.8489,30.2016,tricycle
8,42042.04204204204,43.506,7.5177,car
26,42142.14214214214,45.0863,19.5841,motorcycle
3,42142.14214214214,50.1503,24.331,bus
30,42142.14214214214,6.7554,14.1079,bicycle
31,42142.14214214214,7.5981,16.6765,bicycle
32,42142.14214214214,19.9966,32.5799,bicycle
33,42142.14214214214,24.4497,13.9161,car
34,42142.14214214214,10.9094,29.9358,tricycle
8,42142.14214214214,43.506,7.5177,car
26,42242.24224224224,45.3,19.4896,motorcycle
3,42242.24224224224,50.1503,24.331,bus
30,42242.24224224224,6.8096,13.8036,bicycle
31,42242.24224224224,7.6108,16.479,bicycle
32,42242.24224224224,19.8234,32.8826,bicycle
33,42242.24224224224,25.3179,13.9189,car
34,42242.24224224224,10.9642,29.661,tricycle
8,42242.24224224224,43.506,7.5177,car
26,42342.342342342345,45.5185,19.396,motorcycle
3,42342.342342342345,50.1503,24.331,bus
30,42342.342342342345,6.8656,13.5087,bicycle
31,42342.342342342345,7.6265,16.2566,bicycle
32,42342.342342342345,19.6549,33.1883,bicycle
33,42342.342342342345,26.1885,13.9223,car
34,42342.342342342345,11.0118,29.3666,tricycle
8,42342.342342342345,43.506,7.5177,car
26,42442.44244244244,45.7433,19.3038,motorcycle
3,42442.44244244244,50.1503,24.331,bus
30,42442.44244244244,6.9125,13.2256,bicycle
31,42442.44244244244,7.6438,16.0388,bicycle
32,42442.44244244244,19.4862,33.5252,bicycle
33,42442.44244244244,27.0659,13.9251,car
34,42442.44244244244,11.0499,29.0634,tricycle
8,42442.44244244244,43.506,7.5177,car
26,42542.54254254254,45.9763,19.2113,motorcycle
3,42542.54254254254,50.1503,24.331,bus
30,42542.54254254254,6.9428,12.9766,bicycle
31,42542.54254254254,7.6615,15.8697,bicycle
32,42542.54254254254,19.3398,33.868,bicycle
33,42542.54254254254,27.951,13.9275,car
34,42542.54254254254,11.0797,28.7572,tricycle
8,42542.54254254254,43.506,7.5177,car
26,42642.64264264264,46.2204,19.1164,motorcycle
3,42642.64264264264,50.1503,24.331,bus
30,42642.64264264264,6.9638,12.7519,bicycle
31,42642.64264264264,7.7046,15.5447,bicycle
32,42642.64264264264,19.2079,34.2122,bicycle
33,42642.64264264264,28.8409,13.9305,car
34,42642.64264264264,11.1021,28.4551,tricycle
8,42642.64264264264,43.506,7.5177,car
26,42742.74274274275,46.4415,19.0372,motorcycle
3,42742.74274274275,50.1503,24.331,bus
30,42742.74274274275,7.0017,12.3591,bicycle
31,42742.74274274275,7.757,15.2873,bicycle
32,42742.74274274275,19.0973,34.535,bicycle
33,42742.74274274275,29.7311,13.9345,car
34,42742.74274274275,11.1166,28.1661,tricycle
8,42742.74274274275,43.506,7.5177,car
26,42842.842842842845,46.6723,18.9496,motorcycle
3,42842.842842842845,50.1503,24.331,bus
30,42842.842842842845,7.0059,12.0275,bicycle
31,42842.842842842845,7.8127,15.0379,bicycle
32,42842.842842842845,18.9791,34.8714,bicycle
33,42842.842842842845,30.6206,13.9391,car
34,42842.842842842845,11.1291,27.8803,tricycle
8,42842.842842842845,43.506,7.5177,car
26,42942.942942942944,46.9052,18.8616,motorcycle
3,42942.942942942944,50.1503,24.331,bus
30,42942.942942942944,7.0021,11.7107,bicycle
31,42942.942942942944,7.8667,14.8055,bicycle
32,42942.942942942944,18.8766,35.2136,bicycle
33,42942.942942942944,31.5106,13.9434,car
34,42942.942942942944,11.1391,27.5904,tricycle
8,42942.942942942944,43.506,7.5177,car
26,43043.04304304304,47.1,18.7761,motorcycle
3,43043.04304304304,50.1503,24.331,bus
30,43043.04304304304,7.0018,11.3969,bicycle
31,43043.04304304304,7.9157,14.5839,bicycle
32,43043.04304304304,18.7845,35.5778,bicycle
33,43043.04304304304,32.4031,13.9475,car
34,43043.04304304304,11.1464,27.2996,tricycle
8,43043.04304304304,43.506,7.5177,car
26,43143.14314314315,47.2883,18.6919,motorcycle
3,43143.14314314315,50.1503,24.331,bus
30,43143.14314314315,7.0024,11.0951,bicycle
31,43143.14314314315,7.9655,14.3528,bicycle
32,43143.14314314315,18.7081,35.975,bicycle
33,43143.14314314315,33.2972,13.9519,car
34,43143.14314314315,11.1484,27.0035,tricycle
8,43143.14314314315,43.506,7.5177,car
26,43243.24324324325,47.4921,18.5975,motorcycle
3,43243.24324324325,50.1503,24.331,bus
30,43243.24324324325,7.004,10.8012,bicycle
31,43243.24324324325,8.0027,14.1408,bicycle
32,43243.24324324325,18.6705,36.3633,bicycle
33,43243.24324324325,34.194,13.956,car
34,43243.24324324325,11.1495,26.6928,tricycle
8,43243.24324324325,43.506,7.5177,car
26,43343.34334334335,47.7068,18.493,motorcycle
3,43343.34334334335,50.1503,24.331,bus
30,43343.34334334335,7.0113,10.506,bicycle
31,43343.34334334335,8.0413,13.9261,bicycle
32,43343.34334334335,18.6498,36.7359,bicycle
33,43343.34334334335,35.0962,13.9589,car
34,43343.34334334335,11.1546,26.3816,tricycle
8,43343.34334334335,43.506,7.5177,car
26,43443.44344344345,47.9229,18.382,motorcycle
3,43443.44344344345,50.1503,24.331,bus
30,43443.44344344345,7.0303,10.1745,bicycle
31,43443.44344344345,8.0852,13.7033,bicycle
32,43443.44344344345,18.6404,37.09,bicycle
33,43443.44344344345,36.0038,13.9609,car
34,43443.44344344345,11.1567,26.0623,tricycle
8,43443.44344344345,43.506,7.5177,car
26,43543.54354354355,48.1357,18.2706,motorcycle
3,43543.54354354355,50.1503,24.331,bus
30,43543.54354354355,7.0668,9.8206,bicycle
31,43543.54354354355,8.1209,13.5092,bicycle
32,43543.54354354355,18.6376,37.4337,bicycle
33,43543.54354354355,36.9162,13.9627,car
34,43543.54354354355,11.1577,25.7319,tricycle
8,43543.54354354355,43.506,7.5177,car
26,43643.64364364365,48.358,18.1595,motorcycle
3,43643.64364364365,50.1503,24.331,bus
30,43643.64364364365,7.1157,9.4685,bicycle
31,43643.64364364365,8.1801,13.2154,bicycle
32,43643.64364364365,18.6353,37.7753,bicycle
33,43643.64364364365,37.8329,13.9647,car
34,43643.64364364365,11.1573,25.4012,tricycle
8,43643.64364364365,43.506,7.5177,car
26,43743.74374374375,48.5694,18.0559,motorcycle
3,43743.74374374375,50.1503,24.331,bus
30,43743.74374374375,7.1641,9.1657,bicycle
31,43743.74374374375,8.2082,12.975,bicycle
32,43743.74374374375,18.6396,38.124,bicycle
33,43743.74374374375,38.7526,13.9662,car
34,43743.74374374375,11.15,25.0579,tricycle
8,43743.74374374375,43.506,7.5177,car
26,43843.843843843846,48.7819,17.9513,motorcycle
3,43843.843843843846,50.1503,24.331,bus
30,43843.843843843846,7.2065,8.8441,bicycle
31,43843.843843843846,8.2384,12.716,bicycle
33,43843.843843843846,39.6743,13.9666,car
34,43843.843843843846,11.1409,24.7056,tricycle
8,43843.843843843846,43.506,7.5177,car
26,43943.943943943945,48.9909,17.8561,motorcycle
3,43943.943943943945,50.1503,24.331,bus
30,43943.943943943945,7.2451,8.5263,bicycle
31,43943.943943943945,8.265,12.4428,bicycle
33,43943.943943943945,40.5978,13.966,car
34,43943.943943943945,11.1332,24.34,tricycle
8,43943.943943943945,43.506,7.5177,car
26,44044.04404404404,49.2123,17.7622,motorcycle
3,44044.04404404404,50.1503,24.331,bus
30,44044.04404404404,7.2829,8.2064,bicycle
31,44044.04404404404,8.2843,12.1755,bicycle
33,44044.04404404404,41.523,13.9652,car
34,44044.04404404404,11.1266,23.9624,tricycle
8,44044.04404404404,43.506,7.5177,car
26,44144.14414414414,49.4455,17.6728,motorcycle
3,44144.14414414414,50.1503,24.331,bus
30,44144.14414414414,7.3137,7.8922,bicycle
31,44144.14414414414,8.2992,11.9121,bicycle
33,44144.14414414414,42.4494,13.9637,car
34,44144.14414414414,11.1203,23.5774,tricycle
8,44144.14414414414,43.506,7.5177,car
26,44244.24424424425,49.6792,17.591,motorcycle
3,44244.24424424425,50.1503,24.331,bus
30,44244.24424424425,7.3394,7.5954,bicycle
31,44244.24424424425,8.3082,11.6539,bicycle
33,44244.24424424425,43.3784,13.962,car
34,44244.24424424425,11.1143,23.1856,tricycle
8,44244.24424424425,43.506,7.5177,car
26,44344.34434434435,49.9131,17.5151,motorcycle
3,44344.34434434435,50.1503,24.331,bus
30,44344.34434434435,7.3622,7.2636,bicycle
31,44344.34434434435,8.3178,11.3982,bicycle
33,44344.34434434435,44.3114,13.961,car
34,44344.34434434435,11.1012,22.7883,tricycle
8,44344.34434434435,43.506,7.5177,car
26,44444.444444444445,50.1471,17.4459,motorcycle
3,44444.444444444445,50.1503,24.331,bus
30,44444.444444444445,7.3815,6.9456,bicycle
31,44444.444444444445,8.3254,11.1448,bicycle
33,44444.444444444445,45.2501,13.9604,car
34,44444.444444444445,11.0879,22.3836,tricycle
8,44444.444444444445,43.506,7.5177,car
26,44544.544544544544,50.3742,17.3827,motorcycle
3,44544.544544544544,50.1503,24.331,bus
30,44544.544544544544,7.4121,6.5994,bicycle
31,44544.544544544544,8.3325,10.8956,bicycle
33,44544.544544544544,46.1924,13.9589,car
34,44544.544544544544,11.0758,21.9754,tricycle
8,44544.544544544544,43.506,7.5177,car
26,44644.64464464465,50.6078,17.3237,motorcycle
3,44644.64464464465,50.1503,24.331,bus
30,44644.64464464465,7.4434,6.2782,bicycle
31,44644.64464464465,8.3492,10.5764,bicycle
33,44644.64464464465,47.1367,13.9585,car
34,44644.64464464465,11.0554,21.5583,tricycle
8,44644.64464464465,43.506,7.5177,car
26,44744.74474474475,50.7434,17.2759,motorcycle
3,44744.74474474475,50.1503,24.331,bus
30,44744.74474474475,7.4755,5.9492,bicycle
31,44744.74474474475,8.3687,10.4013,bicycle
33,44744.74474474475,48.0845,13.9595,car
34,44744.74474474475,11.0363,21.1328,tricycle
8,44744.74474474475,43.506,7.5177,car
26,44844.84484484485,50.9514,17.2149,motorcycle
3,44844.84484484485,50.1503,24.331,bus
30,44844.84484484485,7.508,5.6066,bicycle
31,44844.84484484485,8.3918,10.1395,bicycle
33,44844.84484484485,49.0387,13.9618,car
34,44844.84484484485,11.0207,20.7015,tricycle
8,44844.84484484485,43.506,7.5177,car
26,44944.94494494495,51.1676,17.1456,motorcycle
3,44944.94494494495,50.1503,24.331,bus
30,44944.94494494495,7.5312,5.2771,bicycle
31,44944.94494494495,8.411,9.9096,bicycle
33,44944.94494494495,49.9994,13.9645,car
34,44944.94494494495,11.008,20.2674,tricycle
35,44944.94494494495,-19.9187,14.6821,car
8,44944.94494494495,43.506,7.5177,car
26,45045.04504504505,51.3814,17.0725,motorcycle
3,45045.04504504505,50.1503,24.331,bus
30,45045.04504504505,7.5616,4.9426,bicycle
31,45045.04504504505,8.4375,9.6511,bicycle
33,45045.04504504505,50.9658,13.9698,car
34,45045.04504504505,10.9966,19.831,tricycle
35,45045.04504504505,-19.3335,14.6858,car
8,45045.04504504505,43.506,7.5177,car
26,45145.14514514515,51.5867,16.9982,motorcycle
3,45145.14514514515,50.1503,24.331,bus
30,45145.14514514515,7.6004,4.6096,bicycle
31,45145.14514514515,8.4959,9.2736,bicycle
33,45145.14514514515,51.9354,13.9785,car
34,45145.14514514515,10.9855,19.3912,tricycle
35,45145.14514514515,-18.7616,14.6926,car
8,45145.14514514515,43.506,7.5177,car
26,45245.24524524525,51.7764,16.9303,motorcycle
3,45245.24524524525,50.1503,24.331,bus
30,45245.24524524525,7.6466,4.2703,bicycle
31,45245.24524524525,8.5637,8.9673,bicycle
33,45245.24524524525,52.9069,13.9902,car
34,45245.24524524525,10.9748,18.9499,tricycle
35,45245.24524524525,-18.2017,14.6982,car
8,45245.24524524525,43.506,7.5177,car
26,45345.34534534535,51.9955,16.8592,motorcycle
3,45345.34534534535,50.1503,24.331,bus
30,45345.34534534535,7.6987,3.9419,bicycle
31,45345.34534534535,8.6134,8.7323,bicycle
33,45345.34534534535,53.8798,14.0062,car
34,45345.34534534535,10.9635,18.5048,tricycle
35,45345.34534534535,-17.6566,14.7028,car
8,45345.34534534535,43.506,7.5177,car
26,45445.445445445446,52.2257,16.7961,motorcycle
3,45445.445445445446,50.1503,24.331,bus
30,45445.445445445446,7.7489,3.6257,bicycle
31,45445.445445445446,8.6479,8.5265,bicycle
33,45445.445445445446,54.8502,14.0288,car
34,45445.445445445446,10.9512,18.0586,tricycle
35,45445.445445445446,-17.1259,14.7072,car
8,45445.445445445446,43.506,7.5177,car
26,45545.545545545545,52.4386,16.7368,motorcycle
3,45545.545545545545,50.1503,24.331,bus
30,45545.545545545545,7.8024,3.2927,bicycle
31,45545.545545545545,8.6843,8.2967,bicycle
34,45545.545545545545,10.9394,17.6143,tricycle
35,45545.545545545545,-16.6086,14.7118,car
36,45545.545545545545,16.32,-7.3908,car
8,45545.545545545545,43.506,7.5177,car
26,45645.64564564564,52.635,16.6769,motorcycle
3,45645.64564564564,50.1503,24.331,bus
30,45645.64564564564,7.8596,2.9406,bicycle
31,45645.64564564564,8.7367,7.9672,bicycle
34,45645.64564564564,10.9287,17.1711,tricycle
35,45645.64564564564,-16.107,14.7164,car
36,45645.64564564564,16.3173,-7.2786,car
8,45645.64564564564,43.506,7.5177,car
26,45745.74574574574,52.8247,16.6167,motorcycle
3,45745.74574574574,50.1503,24.331,bus
30,45745.74574574574,7.8998,2.6186,bicycle
31,45745.74574574574,8.7644,7.6221,bicycle
34,45745.74574574574,10.9186,16.7271,tricycle
35,45745.74574574574,-15.6196,14.7208,car
36,45745.74574574574,16.3145,-7.157,car
8,45745.74574574574,43.506,7.5177,car
26,45845.84584584585,53.0154,16.5514,motorcycle
3,45845.84584584585,50.1503,24.331,bus
30,45845.84584584585,7.9558,2.2721,bicycle
31,45845.84584584585,8.7707,7.3308,bicycle
34,45845.84584584585,10.915,16.2848,tricycle
35,45845.84584584585,-15.1437,14.7249,car
36,45845.84584584585,16.3107,-7.027,car
8,45845.84584584585,43.506,7.5177,car
26,45945.94594594595,53.2208,16.4758,motorcycle
3,45945.94594594595,50.1503,24.331,bus
30,45945.94594594595,8.0146,1.9388,bicycle
31,45945.94594594595,8.7742,7.0391,bicycle
34,45945.94594594595,10.9211,15.8418,tricycle
35,45945.94594594595,-14.6802,14.7285,car
36,45945.94594594595,16.3061,-6.8831,car
8,45945.94594594595,43.506,7.5177,car
26,46046.046046046045,53.3905,16.3981,motorcycle
3,46046.046046046045,50.1503,24.331,bus
30,46046.046046046045,8.0673,1.6178,bicycle
31,46046.046046046045,8.7751,6.7467,bicycle
34,46046.046046046045,10.9279,15.3979,tricycle
35,46046.046046046045,-14.2294,14.7318,car
36,46046.046046046045,16.3013,-6.7237,car
8,46046.046046046045,43.506,7.5177,car
26,46146.146146146144,53.5754,16.3141,motorcycle
3,46146.146146146144,50.1503,24.331,bus
30,46146.146146146144,8.1123,1.3111,bicycle
31,46146.146146146144,8.7728,6.4485,bicycle
34,46146.146146146144,10.9336,14.954,tricycle
35,46146.146146146144,-13.7934,14.7347,car
36,46146.146146146144,16.2967,-6.5441,car
8,46146.146146146144,43.506,7.5177,car
26,46246.24624624625,53.7736,16.2233,motorcycle
3,46246.24624624625,50.1503,24.331,bus
30,46246.24624624625,8.1507,1.0109,bicycle
31,46246.24624624625,8.7713,6.1628,bicycle
34,46246.24624624625,10.9369,14.5123,tricycle
35,46246.24624624625,-13.3695,14.7378,car
36,46246.24624624625,16.2932,-6.3399,car
8,46246.24624624625,43.506,7.5177,car
26,46346.34634634635,53.9851,16.1238,motorcycle
3,46346.34634634635,50.1503,24.331,bus
30,46346.34634634635,8.2011,0.6492,bicycle
31,46346.34634634635,8.7679,5.8665,bicycle
34,46346.34634634635,10.9386,14.0707,tricycle
35,46346.34634634635,-12.9572,14.7415,car
36,46346.34634634635,16.2887,-6.1062,car
8,46346.34634634635,43.506,7.5177,car
26,46446.44644644645,54.2078,16.013,motorcycle
3,46446.44644644645,50.1503,24.331,bus
30,46446.44644644645,8.2259,0.2823,bicycle
31,46446.44644644645,8.7666,5.6307,bicycle
34,46446.44644644645,10.9396,13.6302,tricycle
35,46446.44644644645,-12.5564,14.746,car
36,46446.44644644645,16.2832,-5.8403,car
8,46446.44644644645,43.506,7.5177,car
26,46546.54654654655,54.4077,15.9024,motorcycle
3,46546.54654654655,50.1503,24.331,bus
30,46546.54654654655,8.2396,-0.0505,bicycle
31,46546.54654654655,8.7637,5.3718,bicycle
34,46546.54654654655,10.941,13.1905,tricycle
35,46546.54654654655,-12.17,14.7492,car
36,46546.54654654655,16.277,-5.5451,car
8,46546.54654654655,43.506,7.5177,car
26,46646.64664664665,54.5995,15.7963,motorcycle
3,46646.64664664665,50.1503,24.331,bus
30,46646.64664664665,8.2568,-0.3836,bicycle
31,46646.64664664665,8.7636,5.1372,bicycle
34,46646.64664664665,10.9506,12.7521,tricycle
35,46646.64664664665,-11.7969,14.7516,car
36,46646.64664664665,16.2698,-5.2293,car
8,46646.64664664665,43.506,7.5177,car
26,46746.74674674675,54.7856,15.6978,motorcycle
3,46746.74674674675,50.1503,24.331,bus
30,46746.74674674675,8.2835,-0.7303,bicycle
31,46746.74674674675,8.7864,4.7663,bicycle
34,46746.74674674675,10.9603,12.3133,tricycle
35,46746.74674674675,-11.4387,14.7526,car
36,46746.74674674675,16.2615,-4.8991,car
8,46746.74674674675,43.506,7.5177,car
26,46846.84684684685,54.9668,15.6076,motorcycle
3,46846.84684684685,50.1503,24.331,bus
30,46846.84684684685,8.3131,-1.0701,bicycle
31,46846.84684684685,8.8204,4.4443,bicycle
34,46846.84684684685,10.969,11.8733,tricycle
35,46846.84684684685,-11.0947,14.7532,car
36,46846.84684684685,16.254,-4.5567,car
8,46846.84684684685,43.506,7.5177,car
3,46946.94694694695,50.1503,24.331,bus
30,46946.94694694695,8.3401,-1.4156,bicycle
31,46946.94694694695,8.8454,4.1884,bicycle
34,46946.94694694695,10.9759,11.4319,tricycle
35,46946.94694694695,-10.7636,14.7549,car
36,46946.94694694695,16.2466,-4.2039,car
8,46946.94694694695,43.506,7.5177,car
3,47047.047047047054,50.1503,24.331,bus
30,47047.047047047054,8.3668,-1.7591,bicycle
31,47047.047047047054,8.8544,3.9652,bicycle
34,47047.047047047054,10.9816,10.9864,tricycle
35,47047.047047047054,-10.4481,14.7569,car
36,47047.047047047054,16.2408,-3.8419,car
8,47047.047047047054,43.506,7.5177,car
3,47147.14714714715,50.1503,24.331,bus
30,47147.14714714715,8.38,-2.1001,bicycle
31,47147.14714714715,8.8702,3.6387,bicycle
34,47147.14714714715,10.9852,10.535,tricycle
35,47147.14714714715,-10.1499,14.7592,car
36,47147.14714714715,16.2346,-3.4706,car
8,47147.14714714715,43.506,7.5177,car
3,47247.24724724725,50.1503,24.331,bus
30,47247.24724724725,8.3932,-2.4455,bicycle
31,47247.24724724725,8.8711,3.3081,bicycle
34,47247.24724724725,10.9885,10.0753,tricycle
35,47247.24724724725,-9.8698,14.7619,car
36,47247.24724724725,16.228,-3.0915,car
8,47247.24724724725,43.506,7.5177,car
3,47347.34734734735,50.1503,24.331,bus
30,47347.34734734735,8.3971,-2.7898,bicycle
31,47347.34734734735,8.857,3.0299,bicycle
34,47347.34734734735,10.9905,9.6116,tricycle
35,47347.34734734735,-9.6043,14.7643,car
36,47347.34734734735,16.22,-2.7084,car
8,47347.34734734735,43.506,7.5177,car
3,47447.44744744745,50.1503,24.331,bus
30,47447.44744744745,8.4022,-3.1255,bicycle
31,47447.44744744745,8.8488,2.7449,bicycle
34,47447.44744744745,10.9925,9.1424,tricycle
35,47447.44744744745,-9.3553,14.766,car
36,47447.44744744745,16.212,-2.3218,car
8,47447.44744744745,43.506,7.5177,car
3,47547.54754754755,50.1503,24.331,bus
30,47547.54754754755,8.3992,-3.4608,bicycle
31,47547.54754754755,8.8425,2.4533,bicycle
34,47547.54754754755,10.9935,8.6671,tricycle
35,47547.54754754755,-9.1253,14.767,car
36,47547.54754754755,16.2033,-1.9319,car
37,47547.54754754755,14.6742,38.3263,motorcycle
8,47547.54754754755,43.506,7.5177,car
3,47647.647647647645,50.1503,24.331,bus
30,47647.647647647645,8.398,-3.7928,bicycle
31,47647.647647647645,8.8408,2.1644,bicycle
34,47647.647647647645,10.9965,8.2337,tricycle
35,47647.647647647645,-8.9156,14.7689,car
36,47647.647647647645,16.1941,-1.5349,car
37,47647.647647647645,14.8435,38.1656,motorcycle
8,47647.647647647645,43.506,7.5177,car
3,47747.74774774775,50.1503,24.331,bus
30,47747.74774774775,8.3943,-4.1269,bicycle
31,47747.74774774775,8.8384,1.8687,bicycle
34,47747.74774774775,11.0017,7.7948,tricycle
35,47747.74774774775,-8.7263,14.7698,car
36,47747.74774774775,16.183,-1.1294,car
37,47747.74774774775,15.0112,38.0021,motorcycle
8,47747.74774774775,43.506,7.5177,car
3,47847.84784784785,50.1503,24.331,bus
30,47847.84784784785,8.3897,-4.4538,bicycle
31,47847.84784784785,8.8388,1.5675,bicycle
34,47847.84784784785,11.0087,7.3985,tricycle
35,47847.84784784785,-8.5552,14.7708,car
36,47847.84784784785,16.1709,-0.717,car
37,47847.84784784785,15.1923,37.8327,motorcycle
8,47847.84784784785,43.506,7.5177,car
3,47947.94794794795,50.1503,24.331,bus
30,47947.94794794795,8.3902,-4.7772,bicycle
31,47947.94794794795,8.8437,1.2672,bicycle
34,47947.94794794795,11.0178,6.9952,tricycle
35,47947.94794794795,-8.4015,14.7711,car
36,47947.94794794795,16.1572,-0.2992,car
37,47947.94794794795,15.3893,37.6538,motorcycle
8,47947.94794794795,43.506,7.5177,car
3,48048.04804804805,50.1503,24.331,bus
30,48048.04804804805,8.3977,-5.1072,bicycle
31,48048.04804804805,8.8539,0.9635,bicycle
34,48048.04804804805,11.0279,6.5858,tricycle
35,48048.04804804805,-8.265,14.7706,car
36,48048.04804804805,16.1416,0.1278,car
37,48048.04804804805,15.586,37.4803,motorcycle
8,48048.04804804805,43.506,7.5177,car
3,48148.14814814815,50.1503,24.331,bus
30,48148.14814814815,8.415,-5.4552,bicycle
31,48148.14814814815,8.8664,0.6561,bicycle
34,48148.14814814815,11.0362,6.1699,tricycle
35,48148.14814814815,-8.1462,14.7708,car
36,48148.14814814815,16.1243,0.5671,car
37,48148.14814814815,15.7825,37.3103,motorcycle
8,48148.14814814815,43.506,7.5177,car
3,48248.24824824825,50.1503,24.331,bus
30,48248.24824824825,8.4326,-5.7663,bicycle
31,48248.24824824825,8.8807,0.3418,bicycle
34,48248.24824824825,11.0372,5.748,tricycle
35,48248.24824824825,-8.0428,14.7712,car
36,48248.24824824825,16.1057,1.0174,car
37,48248.24824824825,15.9158,37.1837,motorcycle
8,48248.24824824825,43.506,7.5177,car
3,48348.34834834835,50.1503,24.331,bus
30,48348.34834834835,8.4435,-6.1142,bicycle
31,48348.34834834835,8.8979,0.0197,bicycle
34,48348.34834834835,11.0378,5.3201,tricycle
35,48348.34834834835,-7.9557,14.7715,car
36,48348.34834834835,16.0873,1.4806,car
37,48348.34834834835,16.1103,37.0094,motorcycle
8,48348.34834834835,43.506,7.5177,car
3,48448.44844844845,50.1503,24.331,bus
30,48448.44844844845,8.4439,-6.465,bicycle
31,48448.44844844845,8.9212,-0.3136,bicycle
34,48448.44844844845,11.0407,4.8891,tricycle
35,48448.44844844845,-7.8859,14.7715,car
36,48448.44844844845,16.0678,1.9535,car
37,48448.44844844845,16.2954,36.8421,motorcycle
8,48448.44844844845,43.506,7.5177,car
3,48548.54854854856,50.1503,24.331,bus
30,48548.54854854856,8.4391,-6.7959,bicycle
31,48548.54854854856,8.9587,-0.5485,bicycle
34,48548.54854854856,11.0437,4.4608,tricycle
35,48548.54854854856,-7.8331,14.771,car
36,48548.54854854856,16.0476,2.4341,car
37,48548.54854854856,16.5009,36.6517,motorcycle
8,48548.54854854856,43.506,7.5177,car
3,48648.648648648654,50.1503,24.331,bus
30,48648.648648648654,8.4385,-7.1361,bicycle
31,48648.648648648654,8.9982,-0.8916,bicycle
34,48648.648648648654,11.0395,4.0301,tricycle
35,48648.648648648654,-7.7967,14.7707,car
36,48648.648648648654,16.0272,2.9217,car
37,48648.648648648654,16.6317,36.5126,motorcycle
8,48648.648648648654,43.506,7.5177,car
3,48748.74874874875,50.1503,24.331,bus
30,48748.74874874875,8.4433,-7.4663,bicycle
31,48748.74874874875,9.018,-1.1367,bicycle
34,48748.74874874875,11.0349,3.5959,tricycle
35,48748.74874874875,-7.775,14.77,car
36,48748.74874874875,16.0056,3.4158,car
37,48748.74874874875,16.79,36.3536,motorcycle
8,48748.74874874875,43.506,7.5177,car
3,48848.84884884885,50.1503,24.331,bus
31,48848.84884884885,9.0608,-1.4856,bicycle
34,48848.84884884885,11.0316,3.1595,tricycle
35,48848.84884884885,-7.7666,14.7688,car
36,48848.84884884885,15.9823,3.9174,car
37,48848.84884884885,16.9064,36.2344,motorcycle
8,48848.84884884885,43.506,7.5177,car
3,48948.94894894895,50.1503,24.331,bus
31,48948.94894894895,9.0987,-1.7353,bicycle
34,48948.94894894895,11.0297,2.7227,tricycle
35,48948.94894894895,-7.7676,14.7677,car
36,48948.94894894895,15.9573,4.4276,car
37,48948.94894894895,17.0758,36.0645,motorcycle
8,48948.94894894895,43.506,7.5177,car
3,49049.04904904905,50.1503,24.331,bus
31,49049.04904904905,9.1393,-2.0731,bicycle
34,49049.04904904905,11.0282,2.2847,tricycle
35,49049.04904904905,-7.7749,14.7673,car
36,49049.04904904905,15.931,4.95,car
37,49049.04904904905,17.2176,35.925,motorcycle
8,49049.04904904905,43.506,7.5177,car
3,49149.14914914915,50.1503,24.331,bus
31,49149.14914914915,9.1668,-2.3999,bicycle
34,49149.14914914915,11.0241,1.844,tricycle
35,49149.14914914915,-7.7844,14.7668,car
36,49149.14914914915,15.9035,5.4842,car
37,49149.14914914915,17.4455,35.6742,motorcycle
8,49149.14914914915,43.506,7.5177,car
3,49249.249249249246,50.1503,24.331,bus
31,49249.249249249246,9.1822,-2.7155,bicycle
34,49249.249249249246,11.0178,1.4021,tricycle
35,49249.249249249246,-7.7929,14.7665,car
36,49249.249249249246,15.876,6.0289,car
37,49249.249249249246,17.6119,35.4639,motorcycle
8,49249.249249249246,43.506,7.5177,car
3,49349.34934934935,50.1503,24.331,bus
31,49349.34934934935,9.1904,-3.0239,bicycle
34,49349.34934934935,11.0111,0.963,tricycle
35,49349.34934934935,-7.7998,14.7663,car
36,49349.34934934935,15.847,6.5823,car
37,49349.34934934935,17.7773,35.2484,motorcycle
8,49349.34934934935,43.506,7.5177,car
3,49449.44944944945,50.1503,24.331,bus
31,49449.44944944945,9.1959,-3.3287,bicycle
34,49449.44944944945,11.0045,0.5263,tricycle
35,49449.44944944945,-7.8043,14.7666,car
36,49449.44944944945,15.8163,7.1403,car
37,49449.44944944945,17.9257,35.0309,motorcycle
8,49449.44944944945,43.506,7.5177,car
3,49549.54954954955,50.1503,24.331,bus
31,49549.54954954955,9.2021,-3.6435,bicycle
34,49549.54954954955,11.0,0.0905,tricycle
35,49549.54954954955,-7.8075,14.7685,car
36,49549.54954954955,15.7857,7.7042,car
37,49549.54954954955,18.0516,34.8414,motorcycle
8,49549.54954954955,43.506,7.5177,car
3,49649.64964964965,50.1503,24.331,bus
31,49649.64964964965,9.2059,-3.9458,bicycle
34,49649.64964964965,11.004,-0.345,tricycle
35,49649.64964964965,-7.8093,14.7714,car
36,49649.64964964965,15.7549,8.2742,car
37,49649.64964964965,18.1717,34.6581,motorcycle
8,49649.64964964965,43.506,7.5177,car
3,49749.74974974975,50.1503,24.331,bus
31,49749.74974974975,9.2027,-4.2518,bicycle
34,49749.74974974975,11.0058,-0.7828,tricycle
35,49749.74974974975,-7.81,14.7757,car
36,49749.74974974975,15.7222,8.8546,car
37,49749.74974974975,18.2877,34.4778,motorcycle
8,49749.74974974975,43.506,7.5177,car
3,49849.84984984985,50.1503,24.331,bus
31,49849.84984984985,9.2042,-4.5792,bicycle
34,49849.84984984985,11.0102,-1.2335,tricycle
35,49849.84984984985,-7.8108,14.7738,car
36,49849.84984984985,15.6952,9.4313,car
37,49849.84984984985,18.405,34.3003,motorcycle
8,49849.84984984985,43.506,7.5177,car
3,49949.94994994995,50.1503,24.331,bus
31,49949.94994994995,9.2103,-4.9148,bicycle
34,49949.94994994995,11.0206,-1.6888,tricycle
35,49949.94994994995,-7.812,14.771,car
36,49949.94994994995,15.6694,10.0134,car
37,49949.94994994995,18.5385,34.0915,motorcycle
8,49949.94994994995,43.506,7.5177,car
3,50050.05005005005,50.1503,24.331,bus
31,50050.05005005005,9.2163,-5.2522,bicycle
34,50050.05005005005,11.0294,-2.1454,tricycle
35,50050.05005005005,-7.8131,14.7679,car
36,50050.05005005005,15.6415,10.6067,car
37,50050.05005005005,18.6574,33.9124,motorcycle
8,50050.05005005005,43.506,7.5177,car
3,50150.15015015016,50.1503,24.331,bus
31,50150.15015015016,9.2227,-5.589,bicycle
34,50150.15015015016,11.0365,-2.6029,tricycle
35,50150.15015015016,-7.8159,14.7648,car
36,50150.15015015016,15.6096,11.2109,car
37,50150.15015015016,18.7914,33.6802,motorcycle
8,50150.15015015016,43.506,7.5177,car
3,50250.250250250254,50.1503,24.331,bus
31,50250.250250250254,9.2283,-5.9246,bicycle
34,50250.250250250254,11.0417,-3.058,tricycle
35,50250.250250250254,-7.8197,14.7622,car
36,50250.250250250254,15.5761,11.8276,car
37,50250.250250250254,18.8985,33.4906,motorcycle
8,50250.250250250254,43.506,7.5177,car
3,50350.35035035035,50.1503,24.331,bus
31,50350.35035035035,9.2347,-6.2591,bicycle
34,50350.35035035035,11.0455,-3.5082,tricycle
35,50350.35035035035,-7.8235,14.7605,car
36,50350.35035035035,15.5402,12.4556,car
37,50350.35035035035,19.0077,33.3081,motorcycle
8,50350.35035035035,43.506,7.5177,car
3,50450.45045045045,50.1503,24.331,bus
31,50450.45045045045,9.2441,-6.5951,bicycle
34,50450.45045045045,11.0499,-3.9555,tricycle
35,50450.45045045045,-7.8274,14.7582,car
36,50450.45045045045,15.5031,13.0933,car
37,50450.45045045045,19.1155,33.1264,motorcycle
8,50450.45045045045,43.506,7.5177,car
3,50550.55055055056,50.1503,24.331,bus
31,50550.55055055056,9.2561,-6.931,bicycle
34,50550.55055055056,11.0556,-4.4019,tricycle
35,50550.55055055056,-7.8311,14.7568,car
36,50550.55055055056,15.4636,13.7362,car
37,50550.55055055056,19.2281,32.9347,motorcycle
8,50550.55055055056,43.506,7.5177,car
3,50650.650650650656,50.1503,24.331,bus
31,50650.650650650656,9.2694,-7.2667,bicycle
34,50650.650650650656,11.0622,-4.8487,tricycle
35,50650.650650650656,-7.8339,14.7555,car
36,50650.650650650656,15.4229,14.3882,car
37,50650.650650650656,19.3441,32.7448,motorcycle
8,50650.650650650656,43.506,7.5177,car
3,50750.750750750754,50.1503,24.331,bus
34,50750.750750750754,11.0688,-5.2967,tricycle
35,50750.750750750754,-7.836,14.7546,car
36,50750.750750750754,15.3817,15.0488,car
37,50750.750750750754,19.4616,32.5557,motorcycle
8,50750.750750750754,43.506,7.5177,car
3,50850.85085085085,50.1503,24.331,bus
34,50850.85085085085,11.0755,-5.7464,tricycle
35,50850.85085085085,-7.8376,14.7533,car
36,50850.85085085085,15.3418,15.7163,car
37,50850.85085085085,19.5749,32.385,motorcycle
8,50850.85085085085,43.506,7.5177,car
3,50950.95095095095,50.1503,24.331,bus
34,50950.95095095095,11.084,-6.1968,tricycle
35,50950.95095095095,-7.839,14.7519,car
36,50950.95095095095,15.3015,16.3891,car
37,50950.95095095095,19.6945,32.2067,motorcycle
8,50950.95095095095,43.506,7.5177,car
3,51051.05105105105,50.1503,24.331,bus
34,51051.05105105105,11.0932,-6.6471,tricycle
35,51051.05105105105,-7.8393,14.7497,car
36,51051.05105105105,15.2621,17.069,car
37,51051.05105105105,19.8132,32.0353,motorcycle
8,51051.05105105105,43.506,7.5177,car
3,51151.15115115115,50.1503,24.331,bus
34,51151.15115115115,11.1032,-7.0977,tricycle
35,51151.15115115115,-7.8403,14.7483,car
36,51151.15115115115,15.2232,17.7564,car
37,51151.15115115115,19.9273,31.8714,motorcycle
8,51151.15115115115,43.506,7.5177,car
3,51251.251251251255,50.1503,24.331,bus
35,51251.251251251255,-7.8408,14.7472,car
36,51251.251251251255,15.1861,18.4507,car
37,51251.251251251255,20.0425,31.7093,motorcycle
8,51251.251251251255,43.506,7.5177,car
3,51351.35135135135,50.1503,24.331,bus
35,51351.35135135135,-7.8411,14.7462,car
36,51351.35135135135,15.1505,19.154,car
37,51351.35135135135,20.1714,31.5329,motorcycle
8,51351.35135135135,43.506,7.5177,car
3,51451.45145145145,50.1503,24.331,bus
35,51451.45145145145,-7.842,14.7458,car
36,51451.45145145145,15.1184,19.8659,car
37,51451.45145145145,20.3455,31.3036,motorcycle
8,51451.45145145145,43.506,7.5177,car
3,51551.55155155155,50.1503,24.331,bus
35,51551.55155155155,-7.8422,14.7447,car
36,51551.55155155155,15.089,20.588,car
37,51551.55155155155,20.5377,31.0843,motorcycle
8,51551.55155155155,43.506,7.5177,car
3,51651.65165165165,50.1503,24.331,bus
35,51651.65165165165,-7.842,14.7444,car
36,51651.65165165165,15.0618,21.3182,car
37,51651.65165165165,20.7042,30.9028,motorcycle
38,51651.65165165165,17.2117,-7.1385,bicycle
8,51651.65165165165,43.506,7.5177,car
3,51751.75175175175,50.1503,24.331,bus
35,51751.75175175175,-7.8414,14.744,car
36,51751.75175175175,15.0368,22.0569,car
37,51751.75175175175,20.8317,30.7544,motorcycle
38,51751.75175175175,17.2377,-6.7115,bicycle
8,51751.75175175175,43.506,7.5177,car
3,51851.85185185186,50.1503,24.331,bus
35,51851.85185185186,-7.8409,14.7442,car
36,51851.85185185186,15.013,22.801,car
37,51851.85185185186,20.9436,30.6087,motorcycle
38,51851.85185185186,17.2521,-6.2901,bicycle
8,51851.85185185186,43.506,7.5177,car
3,51951.95195195196,50.1503,24.331,bus
35,51951.95195195196,-7.8414,14.7435,car
36,51951.95195195196,14.9915,23.5478,car
37,51951.95195195196,21.0483,30.4654,motorcycle
38,51951.95195195196,17.2678,-5.8736,bicycle
8,51951.95195195196,43.506,7.5177,car
3,52052.05205205206,50.1503,24.331,bus
35,52052.05205205206,-7.8419,14.7422,car
36,52052.05205205206,14.9718,24.2971,car
37,52052.05205205206,21.2021,30.2646,motorcycle
38,52052.05205205206,17.2854,-5.4604,bicycle
8,52052.05205205206,43.506,7.5177,car
3,52152.15215215216,50.1503,24.331,bus
35,52152.15215215216,-7.844,14.7409,car
36,52152.15215215216,14.9545,25.05,car
37,52152.15215215216,21.3292,30.0804,motorcycle
38,52152.15215215216,17.3045,-5.0531,bicycle
8,52152.15215215216,43.506,7.5177,car
3,52252.252252252256,50.1503,24.331,bus
35,52252.252252252256,-7.8471,14.7401,car
36,52252.252252252256,14.9392,25.8045,car
37,52252.252252252256,21.4425,29.9139,motorcycle
38,52252.252252252256,17.3257,-4.6498,bicycle
8,52252.252252252256,43.506,7.5177,car
3,52352.35235235236,50.1503,24.331,bus
35,52352.35235235236,-7.8503,14.74,car
36,52352.35235235236,14.9244,26.5588,car
37,52352.35235235236,21.5708,29.7267,motorcycle
38,52352.35235235236,17.3495,-4.2516,bicycle
8,52352.35235235236,43.506,7.5177,car
3,52452.45245245245,50.1503,24.331,bus
35,52452.45245245245,-7.8544,14.7397,car
36,52452.45245245245,14.9094,27.3122,car
37,52452.45245245245,21.6952,29.5434,motorcycle
38,52452.45245245245,17.382,-3.8556,bicycle
8,52452.45245245245,43.506,7.5177,car
3,52552.55255255255,50.1503,24.331,bus
35,52552.55255255255,-7.8588,14.7393,car
36,52552.55255255255,14.8946,28.0673,car
37,52552.55255255255,21.8235,29.3539,motorcycle
38,52552.55255255255,17.4138,-3.461,bicycle
8,52552.55255255255,43.506,7.5177,car
3,52652.65265265266,50.1503,24.331,bus
35,52652.65265265266,-7.8616,14.7397,car
36,52652.65265265266,14.88,28.8214,car
37,52652.65265265266,21.9503,29.1584,motorcycle
38,52652.65265265266,17.444,-3.0639,bicycle
8,52652.65265265266,43.506,7.5177,car
3,52752.75275275276,50.1503,24.331,bus
35,52752.75275275276,-7.8628,14.7407,car
36,52752.75275275276,14.8645,29.5723,car
37,52752.75275275276,22.084,28.935,motorcycle
38,52752.75275275276,17.4738,-2.6664,bicycle
8,52752.75275275276,43.506,7.5177,car
3,52852.852852852855,50.1503,24.331,bus
35,52852.852852852855,-7.8616,14.7415,car
36,52852.852852852855,14.8487,30.319,car
37,52852.852852852855,22.2182,28.6898,motorcycle
38,52852.852852852855,17.5025,-2.2683,bicycle
8,52852.852852852855,43.506,7.5177,car
3,52952.95295295295,50.1503,24.331,bus
35,52952.95295295295,-7.858,14.7421,car
36,52952.95295295295,14.8336,31.0639,car
37,52952.95295295295,22.3416,28.4475,motorcycle
38,52952.95295295295,17.5317,-1.8702,bicycle
8,52952.95295295295,43.506,7.5177,car
3,53053.05305305305,50.1503,24.331,bus
35,53053.05305305305,-7.8534,14.743,car
36,53053.05305305305,14.8198,31.8074,car
37,53053.05305305305,22.4598,28.2078,motorcycle
38,53053.05305305305,17.5615,-1.4683,bicycle
8,53053.05305305305,43.506,7.5177,car
3,53153.15315315315,50.1503,24.331,bus
35,53153.15315315315,-7.8487,14.7446,car
36,53153.15315315315,14.8076,32.5499,car
37,53153.15315315315,22.5655,27.9776,motorcycle
38,53153.15315315315,17.5907,-1.0674,bicycle
8,53153.15315315315,43.506,7.5177,car
3,53253.25325325325,50.1503,24.331,bus
35,53253.25325325325,-7.8443,14.7457,car
36,53253.25325325325,14.7982,33.2901,car
37,53253.25325325325,22.6649,27.7606,motorcycle
38,53253.25325325325,17.62,-0.6668,bicycle
8,53253.25325325325,43.506,7.5177,car
3,53353.35335335335,50.1503,24.331,bus
35,53353.35335335335,-7.8406,14.746,car
36,53353.35335335335,14.7906,34.0334,car
37,53353.35335335335,22.7608,27.552,motorcycle
38,53353.35335335335,17.6504,-0.2595,bicycle
8,53353.35335335335,43.506,7.5177,car
3,53453.45345345346,50.1503,24.331,bus
35,53453.45345345346,-7.8378,14.7462,car
36,53453.45345345346,14.7827,34.7743,car
37,53453.45345345346,22.8561,27.3514,motorcycle
38,53453.45345345346,17.6788,0.1427,bicycle
8,53453.45345345346,43.506,7.5177,car
3,53553.55355355356,50.1503,24.331,bus
35,53553.55355355356,-7.8343,14.7466,car
36,53553.55355355356,14.774,35.5116,car
37,53553.55355355356,22.9365,27.2007,motorcycle
38,53553.55355355356,17.7054,0.54,bicycle
8,53553.55355355356,43.506,7.5177,car
3,53653.65365365366,50.1503,24.331,bus
35,53653.65365365366,-7.8312,14.7474,car
36,53653.65365365366,14.7639,36.2504,car
37,53653.65365365366,23.0155,27.0586,motorcycle
38,53653.65365365366,17.7237,0.9254,bicycle
8,53653.65365365366,43.506,7.5177,car
3,53753.75375375376,50.1503,24.331,bus
35,53753.75375375376,-7.829,14.7481,car
36,53753.75375375376,14.7505,36.9931,car
37,53753.75375375376,23.1033,26.9127,motorcycle
38,53753.75375375376,17.7433,1.3083,bicycle
8,53753.75375375376,43.506,7.5177,car
3,53853.853853853856,50.1503,24.331,bus
35,53853.853853853856,-7.8284,14.7489,car
36,53853.853853853856,14.7342,37.7376,car
37,53853.853853853856,23.2539,26.6306,motorcycle
38,53853.853853853856,17.7636,1.6863,bicycle
8,53853.853853853856,43.506,7.5177,car
3,53953.95395395396,50.1503,24.331,bus
35,53953.95395395396,-7.8281,14.7498,car
36,53953.95395395396,14.7139,38.4817,car
37,53953.95395395396,23.3862,26.44,motorcycle
38,53953.95395395396,17.7817,2.0615,bicycle
8,53953.95395395396,43.506,7.5177,car
3,54054.05405405405,50.1503,24.331,bus
35,54054.05405405405,-7.8273,14.7504,car
37,54054.05405405405,23.524,26.2474,motorcycle
38,54054.05405405405,17.7979,2.4323,bicycle
8,54054.05405405405,43.506,7.5177,car
3,54154.15415415415,50.1503,24.331,bus
35,54154.15415415415,-7.8275,14.7508,car
37,54154.15415415415,23.6656,26.0503,motorcycle
38,54154.15415415415,17.8103,2.8024,bicycle
8,54154.15415415415,43.506,7.5177,car
3,54254.25425425426,50.1503,24.331,bus
35,54254.25425425426,-7.8288,14.7512,car
37,54254.25425425426,23.8128,25.8521,motorcycle
38,54254.25425425426,17.8182,3.1742,bicycle
8,54254.25425425426,43.506,7.5177,car
3,54354.35435435436,50.1503,24.331,bus
35,54354.35435435436,-7.8302,14.7507,car
37,54354.35435435436,23.9608,25.6564,motorcycle
38,54354.35435435436,17.822,3.5462,bicycle
8,54354.35435435436,43.506,7.5177,car
3,54454.454454454455,50.1503,24.331,bus
35,54454.454454454455,-7.8309,14.751,car
37,54454.454454454455,24.1221,25.4533,motorcycle
38,54454.454454454455,17.822,3.9179,bicycle
8,54454.454454454455,43.506,7.5177,car
3,54554.55455455456,50.1503,24.331,bus
35,54554.55455455456,-7.831,14.7513,car
37,54554.55455455456,24.2838,25.2608,motorcycle
38,54554.55455455456,17.8188,4.2894,bicycle
8,54554.55455455456,43.506,7.5177,car
3,54654.65465465465,50.1503,24.331,bus
35,54654.65465465465,-7.8306,14.7515,car
37,54654.65465465465,24.4332,25.0822,motorcycle
38,54654.65465465465,17.8129,4.6553,bicycle
8,54654.65465465465,43.506,7.5177,car
3,54754.75475475475,50.1503,24.331,bus
35,54754.75475475475,-7.8299,14.7516,car
37,54754.75475475475,24.5777,24.906,motorcycle
38,54754.75475475475,17.804,5.017,bicycle
8,54754.75475475475,43.506,7.5177,car
3,54854.85485485485,50.1503,24.331,bus
35,54854.85485485485,-7.8298,14.7517,car
37,54854.85485485485,24.7255,24.7166,motorcycle
38,54854.85485485485,17.7927,5.378,bicycle
8,54854.85485485485,43.506,7.5177,car
3,54954.95495495496,50.1503,24.331,bus
35,54954.95495495496,-7.8292,14.7508,car
37,54954.95495495496,24.8664,24.5257,motorcycle
38,54954.95495495496,17.7782,5.7375,bicycle
8,54954.95495495496,43.506,7.5177,car
3,55055.05505505506,50.1503,24.331,bus
35,55055.05505505506,-7.8297,14.7509,car
37,55055.05505505506,25.0114,24.3259,motorcycle
38,55055.05505505506,17.7614,6.0927,bicycle
39,55055.05505505506,16.7466,-7.2447,car
8,55055.05505505506,43.506,7.5177,car
3,55155.15515515516,50.1503,24.331,bus
35,55155.15515515516,-7.8321,14.7513,car
37,55155.15515515516,25.1507,24.1259,motorcycle
38,55155.15515515516,17.7432,6.4442,bicycle
39,55155.15515515516,16.7639,-7.0351,car
8,55155.15515515516,43.506,7.5177,car
3,55255.25525525526,50.1503,24.331,bus
35,55255.25525525526,-7.8349,14.7516,car
37,55255.25525525526,25.2905,23.9265,motorcycle
38,55255.25525525526,17.7253,6.7931,bicycle
39,55255.25525525526,16.7761,-6.7967,car
8,55255.25525525526,43.506,7.5177,car
3,55355.35535535536,50.1503,24.331,bus
35,55355.35535535536,-7.8389,14.7516,car
37,55355.35535535536,25.4279,23.7187,motorcycle
38,55355.35535535536,17.7058,7.1427,bicycle
39,55355.35535535536,16.7897,-6.5277,car
8,55355.35535535536,43.506,7.5177,car
3,55455.455455455456,50.1503,24.331,bus
35,55455.455455455456,-7.8425,14.7511,car
37,55455.455455455456,25.555,23.522,motorcycle
38,55455.455455455456,17.6865,7.4936,bicycle
39,55455.455455455456,16.8044,-6.2206,car
8,55455.455455455456,43.506,7.5177,car
3,55555.55555555556,50.1503,24.331,bus
35,55555.55555555556,-7.8453,14.7498,car
37,55555.55555555556,25.6864,23.3207,motorcycle
38,55555.55555555556,17.6664,7.8472,bicycle
39,55555.55555555556,16.8196,-5.8806,car
8,55555.55555555556,43.506,7.5177,car
3,55655.65565565565,50.1503,24.331,bus
35,55655.65565565565,-7.8469,14.7476,car
37,55655.65565565565,25.8267,23.1088,motorcycle
38,55655.65565565565,17.6464,8.2038,bicycle
39,55655.65565565565,16.8338,-5.5182,car
8,55655.65565565565,43.506,7.5177,car
3,55755.75575575576,50.1503,24.331,bus
35,55755.75575575576,-7.8469,14.7458,car
37,55755.75575575576,25.9532,22.929,motorcycle
38,55755.75575575576,17.6272,8.5662,bicycle
39,55755.75575575576,16.8479,-5.1436,car
8,55755.75575575576,43.506,7.5177,car
3,55855.85585585586,50.1503,24.331,bus
35,55855.85585585586,-7.8466,14.7442,car
37,55855.85585585586,26.0886,22.7265,motorcycle
38,55855.85585585586,17.6118,8.9333,bicycle
39,55855.85585585586,16.8624,-4.7622,car
8,55855.85585585586,43.506,7.5177,car
3,55955.95595595596,50.1503,24.331,bus
35,55955.95595595596,-7.8445,14.7422,car
37,55955.95595595596,26.2249,22.5226,motorcycle
38,55955.95595595596,17.601,9.3041,bicycle
39,55955.95595595596,16.8777,-4.3805,car
8,55955.95595595596,43.506,7.5177,car
3,56056.056056056055,50.1503,24.331,bus
35,56056.056056056055,-7.8413,14.7407,car
37,56056.056056056055,26.356,22.3186,motorcycle
38,56056.056056056055,17.5955,9.678,bicycle
39,56056.056056056055,16.8943,-4.0047,car
8,56056.056056056055,43.506,7.5177,car
3,56156.15615615616,50.1503,24.331,bus
35,56156.15615615616,-7.8381,14.7395,car
37,56156.15615615616,26.4939,22.1032,motorcycle
38,56156.15615615616,17.5962,10.0549,bicycle
39,56156.15615615616,16.9118,-3.6368,car
8,56156.15615615616,43.506,7.5177,car
3,56256.25625625625,50.1503,24.331,bus
35,56256.25625625625,-7.8359,14.7381,car
37,56256.25625625625,26.6129,21.9311,motorcycle
38,56256.25625625625,17.6021,10.4348,bicycle
39,56256.25625625625,16.931,-3.2794,car
8,56256.25625625625,43.506,7.5177,car
3,56356.35635635635,50.1503,24.331,bus
35,56356.35635635635,-7.8343,14.7376,car
37,56356.35635635635,26.7419,21.7327,motorcycle
38,56356.35635635635,17.6131,10.8166,bicycle
39,56356.35635635635,16.951,-2.9311,car
8,56356.35635635635,43.506,7.5177,car
3,56456.45645645645,50.1503,24.331,bus
35,56456.45645645645,-7.8323,14.7383,car
37,56456.45645645645,26.8626,21.5495,motorcycle
38,56456.45645645645,17.626,11.2003,bicycle
39,56456.45645645645,16.9725,-2.5897,car
8,56456.45645645645,43.506,7.5177,car
3,56556.55655655656,50.1503,24.331,bus
35,56556.55655655656,-7.8305,14.7401,car
37,56556.55655655656,26.9848,21.3625,motorcycle
38,56556.55655655656,17.6397,11.5846,bicycle
39,56556.55655655656,17.0004,-2.2646,car
8,56556.55655655656,43.506,7.5177,car
3,56656.65665665666,50.1503,24.331,bus
35,56656.65665665666,-7.8291,14.7415,car
37,56656.65665665666,27.1016,21.1923,motorcycle
38,56656.65665665666,17.6531,11.9645,bicycle
39,56656.65665665666,17.0307,-1.9392,car
8,56656.65665665666,43.506,7.5177,car
3,56756.75675675676,50.1503,24.331,bus
35,56756.75675675676,-7.8273,14.7423,car
37,56756.75675675676,27.2239,21.0225,motorcycle
38,56756.75675675676,17.6667,12.3414,bicycle
39,56756.75675675676,17.0629,-1.6232,car
8,56756.75675675676,43.506,7.5177,car
3,56856.85685685686,50.1503,24.331,bus
35,56856.85685685686,-7.8269,14.7429,car
37,56856.85685685686,27.396,20.7993,motorcycle
38,56856.85685685686,17.6809,12.7189,bicycle
39,56856.85685685686,17.1075,-1.287,car
8,56856.85685685686,43.506,7.5177,car
3,56956.95695695696,50.1503,24.331,bus
35,56956.95695695696,-7.8268,14.7432,car
37,56956.95695695696,27.5766,20.5914,motorcycle
38,56956.95695695696,17.6962,13.0998,bicycle
39,56956.95695695696,17.1616,-0.9509,car
8,56956.95695695696,43.506,7.5177,car
3,57057.057057057056,50.1503,24.331,bus
35,57057.057057057056,-7.8268,14.7439,car
37,57057.057057057056,27.739,20.4154,motorcycle
38,57057.057057057056,17.7122,13.4833,bicycle
39,57057.057057057056,17.2254,-0.6249,car
8,57057.057057057056,43.506,7.5177,car
3,57157.15715715716,50.1503,24.331,bus
35,57157.15715715716,-7.8276,14.7439,car
37,57157.15715715716,27.8843,20.2578,motorcycle
38,57157.15715715716,17.7279,13.8688,bicycle
39,57157.15715715716,17.2904,-0.316,car
8,57157.15715715716,43.506,7.5177,car
3,57257.25725725725,50.1503,24.331,bus
35,57257.25725725725,-7.83,14.7433,car
37,57257.25725725725,28.0321,20.0989,motorcycle
38,57257.25725725725,17.7445,14.2544,bicycle
39,57257.25725725725,17.3559,-0.0174,car
8,57257.25725725725,43.506,7.5177,car
3,57357.35735735737,50.1503,24.331,bus
35,57357.35735735737,-7.834,14.7424,car
37,57357.35735735737,28.176,19.9394,motorcycle
38,57357.35735735737,17.7613,14.6405,bicycle
39,57357.35735735737,17.4188,0.2745,car
8,57357.35735735737,43.506,7.5177,car
3,57457.457457457465,50.1503,24.331,bus
35,57457.457457457465,-7.8383,14.7407,car
37,57457.457457457465,28.3396,19.773,motorcycle
38,57457.457457457465,17.78,15.0266,bicycle
39,57457.457457457465,17.4835,0.5609,car
8,57457.457457457465,43.506,7.5177,car
3,57557.55755755757,50.1503,24.331,bus
35,57557.55755755757,-7.844,14.7395,car
37,57557.55755755757,28.5082,19.6126,motorcycle
38,57557.55755755757,17.8053,15.4163,bicycle
39,57557.55755755757,17.5497,0.8385,car
8,57557.55755755757,43.506,7.5177,car
3,57657.65765765766,50.1503,24.331,bus
35,57657.65765765766,-7.8505,14.7374,car
37,57657.65765765766,28.6395,19.4833,motorcycle
38,57657.65765765766,17.8265,15.8034,bicycle
39,57657.65765765766,17.6167,1.1278,car
8,57657.65765765766,43.506,7.5177,car
3,57757.75775775776,50.1503,24.331,bus
35,57757.75775775776,-7.8566,14.7353,car
37,57757.75775775776,28.7763,19.3457,motorcycle
38,57757.75775775776,17.8418,16.1969,bicycle
39,57757.75775775776,17.6836,1.4131,car
8,57757.75775775776,43.506,7.5177,car
3,57857.85785785786,50.1503,24.331,bus
35,57857.85785785786,-7.8622,14.7332,car
37,57857.85785785786,28.9433,19.1811,motorcycle
38,57857.85785785786,17.8478,16.5861,bicycle
39,57857.85785785786,17.7568,1.6989,car
8,57857.85785785786,43.506,7.5177,car
3,57957.95795795796,50.1503,24.331,bus
35,57957.95795795796,-7.8647,14.7309,car
37,57957.95795795796,29.0987,19.0268,motorcycle
38,57957.95795795796,17.8536,16.9767,bicycle
39,57957.95795795796,17.8386,1.9859,car
8,57957.95795795796,43.506,7.5177,car
3,58058.058058058064,50.1503,24.331,bus
35,58058.058058058064,-7.8641,14.7294,car
37,58058.058058058064,29.269,18.8666,motorcycle
38,58058.058058058064,17.8604,17.3686,bicycle
39,58058.058058058064,17.93,2.2704,car
8,58058.058058058064,43.506,7.5177,car
3,58158.15815815816,50.1503,24.331,bus
35,58158.15815815816,-7.8638,14.729,car
37,58158.15815815816,29.45,18.7058,motorcycle
38,58158.15815815816,17.8664,17.7611,bicycle
39,58158.15815815816,18.0274,2.5506,car
8,58158.15815815816,43.506,7.5177,car
3,58258.25825825826,50.1503,24.331,bus
35,58258.25825825826,-7.8649,14.73,car
37,58258.25825825826,29.6428,18.5453,motorcycle
38,58258.25825825826,17.8727,18.1529,bicycle
39,58258.25825825826,18.1289,2.8227,car
8,58258.25825825826,43.506,7.5177,car
3,58358.35835835836,50.1503,24.331,bus
35,58358.35835835836,-7.8648,14.7311,car
37,58358.35835835836,29.8324,18.3959,motorcycle
38,58358.35835835836,17.8785,18.5454,bicycle
39,58358.35835835836,18.2337,3.0898,car
8,58358.35835835836,43.506,7.5177,car
3,58458.45845845846,50.1503,24.331,bus
35,58458.45845845846,-7.8646,14.7321,car
37,58458.45845845846,30.0086,18.2587,motorcycle
38,58458.45845845846,17.8833,18.9396,bicycle
39,58458.45845845846,18.3438,3.3539,car
8,58458.45845845846,43.506,7.5177,car
3,58558.55855855856,50.1503,24.331,bus
35,58558.55855855856,-7.8631,14.7334,car
37,58558.55855855856,30.1932,18.1133,motorcycle
38,58558.55855855856,17.8876,19.3347,bicycle
39,58558.55855855856,18.4565,3.6266,car
8,58558.55855855856,43.506,7.5177,car
3,58658.658658658656,50.1503,24.331,bus
35,58658.658658658656,-7.8645,14.7347,car
37,58658.658658658656,30.3787,17.9665,motorcycle
38,58658.658658658656,17.8921,19.7325,bicycle
39,58658.658658658656,18.5748,3.8988,car
8,58658.658658658656,43.506,7.5177,car
3,58758.75875875876,50.1503,24.331,bus
35,58758.75875875876,-7.8674,14.7354,car
37,58758.75875875876,30.5494,17.8296,motorcycle
38,58758.75875875876,17.898,20.1333,bicycle
39,58758.75875875876,18.7043,4.1688,car
8,58758.75875875876,43.506,7.5177,car
3,58858.85885885887,50.1503,24.331,bus
35,58858.85885885887,-7.8688,14.7366,car
37,58858.85885885887,30.7281,17.6902,motorcycle
38,58858.85885885887,17.9035,20.5355,bicycle
39,58858.85885885887,18.8387,4.4309,car
8,58858.85885885887,43.506,7.5177,car
3,58958.95895895897,50.1503,24.331,bus
35,58958.95895895897,-7.87,14.7375,car
37,58958.95895895897,30.9037,17.5526,motorcycle
38,58958.95895895897,17.9082,20.939,bicycle
39,58958.95895895897,18.9796,4.6935,car
8,58958.95895895897,43.506,7.5177,car
3,59059.059059059065,50.1503,24.331,bus
35,59059.059059059065,-7.8703,14.7383,car
37,59059.059059059065,31.0731,17.4149,motorcycle
38,59059.059059059065,17.9099,21.342,bicycle
39,59059.059059059065,19.1258,4.9564,car
8,59059.059059059065,43.506,7.5177,car
3,59159.15915915917,50.1503,24.331,bus
35,59159.15915915917,-7.8698,14.7386,car
37,59159.15915915917,31.2452,17.2733,motorcycle
38,59159.15915915917,17.9097,21.7454,bicycle
39,59159.15915915917,19.2849,5.2186,car
8,59159.15915915917,43.506,7.5177,car
3,59259.25925925926,50.1503,24.331,bus
35,59259.25925925926,-7.8682,14.7387,car
37,59259.25925925926,31.4307,17.1168,motorcycle
38,59259.25925925926,17.9098,22.1493,bicycle
39,59259.25925925926,19.4504,5.4768,car
8,59259.25925925926,43.506,7.5177,car
3,59359.35935935936,50.1503,24.331,bus
35,59359.35935935936,-7.8658,14.7383,car
37,59359.35935935936,31.5995,16.9628,motorcycle
38,59359.35935935936,17.9076,22.5531,bicycle
39,59359.35935935936,19.6188,5.7201,car
8,59359.35935935936,43.506,7.5177,car
3,59459.45945945946,50.1503,24.331,bus
35,59459.45945945946,-7.863,14.7376,car
37,59459.45945945946,31.7656,16.8105,motorcycle
38,59459.45945945946,17.9049,22.955,bicycle
39,59459.45945945946,19.7958,5.9713,car
8,59459.45945945946,43.506,7.5177,car
3,59559.55955955956,50.1503,24.331,bus
35,59559.55955955956,-7.859,14.7369,car
37,59559.55955955956,31.9329,16.6543,motorcycle
38,59559.55955955956,17.9001,23.3586,bicycle
39,59559.55955955956,19.9801,6.2271,car
8,59559.55955955956,43.506,7.5177,car
3,59659.65965965967,50.1503,24.331,bus
35,59659.65965965967,-7.8552,14.7362,car
37,59659.65965965967,32.0861,16.5081,motorcycle
38,59659.65965965967,17.8931,23.7648,bicycle
39,59659.65965965967,20.1751,6.4854,car
8,59659.65965965967,43.506,7.5177,car
3,59759.75975975976,50.1503,24.331,bus
35,59759.75975975976,-7.8512,14.7354,car
37,59759.75975975976,32.2482,16.3576,motorcycle
38,59759.75975975976,17.8854,24.1711,bicycle
39,59759.75975975976,20.381,6.744,car
8,59759.75975975976,43.506,7.5177,car
3,59859.85985985986,50.1503,24.331,bus
35,59859.85985985986,-7.8474,14.7345,car
37,59859.85985985986,32.413,16.207,motorcycle
38,59859.85985985986,17.877,24.578,bicycle
39,59859.85985985986,20.5954,7.0032,car
8,59859.85985985986,43.506,7.5177,car
3,59959.95995995996,50.1503,24.331,bus
35,59959.95995995996,-7.8439,14.7343,car
37,59959.95995995996,32.565,16.0662,motorcycle
38,59959.95995995996,17.8673,24.9831,bicycle
39,59959.95995995996,20.8178,7.2553,car
8,59959.95995995996,43.506,7.5177,car
3,60060.06006006006,50.1503,24.331,bus
35,60060.06006006006,-7.8428,14.7342,car
37,60060.06006006006,32.7329,15.9068,motorcycle
38,60060.06006006006,17.8555,25.3879,bicycle
39,60060.06006006006,21.04,7.4987,car
8,60060.06006006006,43.506,7.5177,car
3,60160.16016016016,50.1503,24.331,bus
35,60160.16016016016,-7.8437,14.7345,car
37,60160.16016016016,32.9091,15.7339,motorcycle
38,60160.16016016016,17.8414,25.795,bicycle
39,60160.16016016016,21.2624,7.7369,car
8,60160.16016016016,43.506,7.5177,car
3,60260.26026026026,50.1503,24.331,bus
35,60260.26026026026,-7.8469,14.7352,car
37,60260.26026026026,33.0524,15.5843,motorcycle
38,60260.26026026026,17.8283,26.2031,bicycle
39,60260.26026026026,21.486,7.9719,car
8,60260.26026026026,43.506,7.5177,car
3,60360.36036036036,50.1503,24.331,bus
35,60360.36036036036,-7.8501,14.7357,car
37,60360.36036036036,33.1951,15.4405,motorcycle
38,60360.36036036036,17.8156,26.6142,bicycle
39,60360.36036036036,21.7145,8.2048,car
8,60360.36036036036,43.506,7.5177,car
3,60460.46046046047,50.1503,24.331,bus
35,60460.46046046047,-7.8524,14.7371,car
37,60460.46046046047,33.3541,15.291,motorcycle
38,60460.46046046047,17.8039,27.0276,bicycle
39,60460.46046046047,21.9505,8.4445,car
8,60460.46046046047,43.506,7.5177,car
3,60560.56056056057,50.1503,24.331,bus
35,60560.56056056057,-7.8533,14.7384,car
37,60560.56056056057,33.5186,15.1428,motorcycle
38,60560.56056056057,17.7921,27.4394,bicycle
39,60560.56056056057,22.1913,8.6829,car
8,60560.56056056057,43.506,7.5177,car
3,60660.660660660666,50.1503,24.331,bus
35,60660.660660660666,-7.8526,14.7391,car
37,60660.660660660666,33.6845,15.0001,motorcycle
38,60660.660660660666,17.7819,27.8508,bicycle
39,60660.660660660666,22.4546,8.9294,car
8,60660.660660660666,43.506,7.5177,car
3,60760.76076076077,50.1503,24.331,bus
35,60760.76076076077,-7.8498,14.7384,car
37,60760.76076076077,33.8266,14.878,motorcycle
38,60760.76076076077,17.7735,28.2629,bicycle
39,60760.76076076077,22.7263,9.1658,car
8,60760.76076076077,43.506,7.5177,car
3,60860.86086086086,50.1503,24.331,bus
35,60860.86086086086,-7.8471,14.7367,car
37,60860.86086086086,33.9782,14.7454,motorcycle
38,60860.86086086086,17.7678,28.6748,bicycle
39,60860.86086086086,23.0001,9.3897,car
8,60860.86086086086,43.506,7.5177,car
3,60960.96096096096,50.1503,24.331,bus
35,60960.96096096096,-7.8446,14.7353,car
37,60960.96096096096,34.1379,14.6112,motorcycle
38,60960.96096096096,17.7645,29.0876,bicycle
39,60960.96096096096,23.2736,9.6033,car
8,60960.96096096096,43.506,7.5177,car
3,61061.06106106106,50.1503,24.331,bus
35,61061.06106106106,-7.8416,14.7345,car
37,61061.06106106106,34.319,14.467,motorcycle
38,61061.06106106106,17.7627,29.5023,bicycle
39,61061.06106106106,23.5552,9.8186,car
8,61061.06106106106,43.506,7.5177,car
3,61161.16116116116,50.1503,24.331,bus
35,61161.16116116116,-7.8396,14.7345,car
37,61161.16116116116,34.4785,14.35,motorcycle
38,61161.16116116116,17.7611,29.913,bicycle
39,61161.16116116116,23.8464,10.03,car
8,61161.16116116116,43.506,7.5177,car
3,61261.26126126127,50.1503,24.331,bus
35,61261.26126126127,-7.839,14.7347,car
37,61261.26126126127,34.6534,14.2253,motorcycle
38,61261.26126126127,17.7569,30.3201,bicycle
39,61261.26126126127,24.1542,10.2465,car
8,61261.26126126127,43.506,7.5177,car
3,61361.36136136136,50.1503,24.331,bus
35,61361.36136136136,-7.8392,14.7345,car
37,61361.36136136136,34.8326,14.1003,motorcycle
38,61361.36136136136,17.7494,30.7268,bicycle
39,61361.36136136136,24.4762,10.4665,car
8,61361.36136136136,43.506,7.5177,car
3,61461.46146146146,50.1503,24.331,bus
35,61461.46146146146,-7.8387,14.7338,car
37,61461.46146146146,34.9973,13.986,motorcycle
38,61461.46146146146,17.7401,31.1444,bicycle
39,61461.46146146146,24.8147,10.6821,car
8,61461.46146146146,43.506,7.5177,car
3,61561.56156156156,50.1503,24.331,bus
35,61561.56156156156,-7.8359,14.7339,car
37,61561.56156156156,35.185,13.8664,motorcycle
38,61561.56156156156,17.7325,31.5635,bicycle
39,61561.56156156156,25.1665,10.8979,car
8,61561.56156156156,43.506,7.5177,car
3,61661.66166166166,50.1503,24.331,bus
35,61661.66166166166,-7.8312,14.7346,car
37,61661.66166166166,35.3546,13.7618,motorcycle
38,61661.66166166166,17.7257,31.9832,bicycle
39,61661.66166166166,25.5226,11.109,car
8,61661.66166166166,43.506,7.5177,car
3,61761.76176176176,50.1503,24.331,bus
35,61761.76176176176,-7.8269,14.7356,car
37,61761.76176176176,35.5322,13.652,motorcycle
38,61761.76176176176,17.7194,32.4019,bicycle
39,61761.76176176176,25.8894,11.3113,car
8,61761.76176176176,43.506,7.5177,car
3,61861.86186186186,50.1503,24.331,bus
35,61861.86186186186,-7.8236,14.7365,car
37,61861.86186186186,35.7158,13.5404,motorcycle
38,61861.86186186186,17.7189,32.8018,bicycle
39,61861.86186186186,26.2644,11.511,car
40,61861.86186186186,-19.9604,14.6802,car
8,61861.86186186186,43.506,7.5177,car
3,61961.96196196197,50.1503,24.331,bus
35,61961.96196196197,-7.8216,14.7362,car
37,61961.96196196197,35.8904,13.4347,motorcycle
38,61961.96196196197,17.7081,33.2095,bicycle
39,61961.96196196197,26.6482,11.7105,car
40,61961.96196196197,-19.9058,14.6811,car
8,61961.96196196197,43.506,7.5177,car
3,62062.06206206207,50.1503,24.331,bus
35,62062.06206206207,-7.8212,14.7356,car
37,62062.06206206207,36.071,13.3297,motorcycle
38,62062.06206206207,17.696,33.616,bicycle
39,62062.06206206207,27.0449,11.9096,car
40,62062.06206206207,-19.8476,14.6822,car
8,62062.06206206207,43.506,7.5177,car
3,62162.16216216217,50.1503,24.331,bus
35,62162.16216216217,-7.8221,14.7342,car
37,62162.16216216217,36.2571,13.2225,motorcycle
38,62162.16216216217,17.6814,34.0246,bicycle
39,62162.16216216217,27.4568,12.1076,car
40,62162.16216216217,-19.7845,14.683,car
8,62162.16216216217,43.506,7.5177,car
3,62262.262262262266,50.1503,24.331,bus
35,62262.262262262266,-7.8243,14.7327,car
37,62262.262262262266,36.4386,13.1178,motorcycle
38,62262.262262262266,17.6653,34.4374,bicycle
39,62262.262262262266,27.8811,12.3029,car
40,62262.262262262266,-19.7199,14.6841,car
8,62262.262262262266,43.506,7.5177,car
3,62362.362362362364,50.1503,24.331,bus
35,62362.362362362364,-7.8258,14.7318,car
37,62362.362362362364,36.6209,13.0157,motorcycle
38,62362.362362362364,17.6507,34.8511,bicycle
39,62362.362362362364,28.3215,12.4881,car
40,62362.362362362364,-19.6556,14.6843,car
8,62362.362362362364,43.506,7.5177,car
3,62462.46246246246,50.1503,24.331,bus
35,62462.46246246246,-7.8265,14.7305,car
37,62462.46246246246,36.809,12.9109,motorcycle
38,62462.46246246246,17.6376,35.2657,bicycle
39,62462.46246246246,28.7729,12.6695,car
40,62462.46246246246,-19.5934,14.6839,car
8,62462.46246246246,43.506,7.5177,car
3,62562.56256256256,50.1503,24.331,bus
35,62562.56256256256,-7.8275,14.7288,car
37,62562.56256256256,36.9993,12.8068,motorcycle
38,62562.56256256256,17.6223,35.6801,bicycle
39,62562.56256256256,29.2367,12.8499,car
40,62562.56256256256,-19.5305,14.6831,car
8,62562.56256256256,43.506,7.5177,car
3,62662.66266266266,50.1503,24.331,bus
35,62662.66266266266,-7.8297,14.7271,car
37,62662.66266266266,37.1878,12.7057,motorcycle
38,62662.66266266266,17.6039,36.0935,bicycle
39,62662.66266266266,29.7126,13.028,car
40,62662.66266266266,-19.4667,14.6812,car
8,62662.66266266266,43.506,7.5177,car
3,62762.76276276277,50.1503,24.331,bus
35,62762.76276276277,-7.8323,14.7258,car
37,62762.76276276277,37.3796,12.6065,motorcycle
38,62762.76276276277,17.5836,36.5061,bicycle
39,62762.76276276277,30.1992,13.2021,car
40,62762.76276276277,-19.4043,14.6795,car
8,62762.76276276277,43.506,7.5177,car
3,62862.86286286287,50.1503,24.331,bus
35,62862.86286286287,-7.8338,14.7241,car
37,62862.86286286287,37.575,12.5059,motorcycle
38,62862.86286286287,17.5617,36.9185,bicycle
39,62862.86286286287,30.6985,13.3718,car
40,62862.86286286287,-19.3422,14.6771,car
8,62862.86286286287,43.506,7.5177,car
3,62962.96296296297,50.1503,24.331,bus
35,62962.96296296297,-7.833,14.7217,car
37,62962.96296296297,37.7641,12.4078,motorcycle
38,62962.96296296297,17.5399,37.331,bicycle
39,62962.96296296297,31.2069,13.5363,car
40,62962.96296296297,-19.2815,14.6741,car
8,62962.96296296297,43.506,7.5177,car
3,63063.06306306307,50.1503,24.331,bus
35,63063.06306306307,-7.8305,14.7192,car
37,63063.06306306307,37.9506,12.3117,motorcycle
38,63063.06306306307,17.5202,37.7463,bicycle
39,63063.06306306307,31.724,13.6952,car
40,63063.06306306307,-19.2194,14.671,car
8,63063.06306306307,43.506,7.5177,car
3,63163.16316316317,50.1503,24.331,bus
35,63163.16316316317,-7.8283,14.7179,car
37,63163.16316316317,38.145,12.2081,motorcycle
38,63163.16316316317,17.5045,38.1626,bicycle
39,63163.16316316317,32.2448,13.8562,car
40,63163.16316316317,-19.1586,14.6689,car
8,63163.16316316317,43.506,7.5177,car
3,63263.26326326327,50.1503,24.331,bus
35,63263.26326326327,-7.8274,14.7172,car
37,63263.26326326327,38.3179,12.1097,motorcycle
39,63263.26326326327,32.7744,14.01,car
40,63263.26326326327,-19.1013,14.6688,car
8,63263.26326326327,43.506,7.5177,car
3,63363.363363363365,50.1503,24.331,bus
35,63363.363363363365,-7.8282,14.7166,car
37,63363.363363363365,38.5058,12.006,motorcycle
39,63363.363363363365,33.3162,14.1544,car
40,63363.363363363365,-19.0478,14.6707,car
8,63363.363363363365,43.506,7.5177,car
3,63463.46346346346,50.1503,24.331,bus
35,63463.46346346346,-7.8304,14.7161,car
37,63463.46346346346,38.6957,11.8993,motorcycle
39,63463.46346346346,33.8701,14.2892,car
40,63463.46346346346,-18.9972,14.6735,car
8,63463.46346346346,43.506,7.5177,car
3,63563.56356356357,50.1503,24.331,bus
35,63563.56356356357,-7.8343,14.7159,car
37,63563.56356356357,38.8882,11.7889,motorcycle
39,63563.56356356357,34.4385,14.4154,car
40,63563.56356356357,-18.9485,14.6758,car
8,63563.56356356357,43.506,7.5177,car
3,63663.66366366367,50.1503,24.331,bus
35,63663.66366366367,-7.8388,14.7168,car
37,63663.66366366367,39.0666,11.6895,motorcycle
39,63663.66366366367,35.0141,14.5331,car
40,63663.66366366367,-18.9005,14.6775,car
8,63663.66366366367,43.506,7.5177,car
3,63763.76376376377,50.1503,24.331,bus
35,63763.76376376377,-7.8435,14.7182,car
37,63763.76376376377,39.2634,11.5767,motorcycle
39,63763.76376376377,35.6011,14.6437,car
40,63763.76376376377,-18.852,14.6792,car
8,63763.76376376377,43.506,7.5177,car
3,63863.863863863866,50.1503,24.331,bus
35,63863.863863863866,-7.8467,14.7202,car
37,63863.863863863866,39.4532,11.4657,motorcycle
39,63863.863863863866,36.1997,14.7482,car
40,63863.863863863866,-18.8063,14.6815,car
8,63863.863863863866,43.506,7.5177,car
3,63963.963963963964,50.1503,24.331,bus
35,63963.963963963964,-7.8477,14.723,car
37,63963.963963963964,39.6428,11.3543,motorcycle
39,63963.963963963964,36.7974,14.8547,car
40,63963.963963963964,-18.7643,14.6847,car
8,63963.963963963964,43.506,7.5177,car
3,64064.06406406406,50.1503,24.331,bus
35,64064.06406406406,-7.847,14.7256,car
37,64064.06406406406,39.8308,11.2432,motorcycle
39,64064.06406406406,37.4035,14.9401,car
40,64064.06406406406,-18.7232,14.6866,car
8,64064.06406406406,43.506,7.5177,car
3,64164.16416416416,50.1503,24.331,bus
35,64164.16416416416,-7.8454,14.7277,car
37,64164.16416416416,40.0159,11.1362,motorcycle
39,64164.16416416416,38.0145,15.0256,car
40,64164.16416416416,-18.6825,14.6877,car
8,64164.16416416416,43.506,7.5177,car
3,64264.26426426426,50.1503,24.331,bus
35,64264.26426426426,-7.8435,14.7293,car
37,64264.26426426426,40.1993,11.0356,motorcycle
39,64264.26426426426,38.6385,15.0916,car
40,64264.26426426426,-18.6394,14.6882,car
8,64264.26426426426,43.506,7.5177,car
3,64364.36436436437,50.1503,24.331,bus
35,64364.36436436437,-7.8389,14.7307,car
37,64364.36436436437,40.426,10.9207,motorcycle
39,64364.36436436437,39.2735,15.1483,car
40,64364.36436436437,-18.5955,14.6887,car
8,64364.36436436437,43.506,7.5177,car
3,64464.46446446447,50.1503,24.331,bus
35,64464.46446446447,-7.8324,14.7317,car
37,64464.46446446447,40.6391,10.8264,motorcycle
39,64464.46446446447,39.9184,15.1977,car
40,64464.46446446447,-18.5501,14.6889,car
8,64464.46446446447,43.506,7.5177,car
3,64564.56456456457,50.1503,24.331,bus
35,64564.56456456457,-7.8258,14.7319,car
37,64564.56456456457,40.842,10.7409,motorcycle
39,64564.56456456457,40.5711,15.2385,car
40,64564.56456456457,-18.5063,14.6883,car
8,64564.56456456457,43.506,7.5177,car
3,64664.66466466467,50.1503,24.331,bus
35,64664.66466466467,-7.8207,14.7321,car
37,64664.66466466467,41.0432,10.6615,motorcycle
39,64664.66466466467,41.2293,15.257,car
40,64664.66466466467,-18.4643,14.6879,car
8,64664.66466466467,43.506,7.5177,car
3,64764.76476476477,50.1503,24.331,bus
35,64764.76476476477,-7.8186,14.7324,car
37,64764.76476476477,41.2188,10.5927,motorcycle
39,64764.76476476477,41.8916,15.267,car
40,64764.76476476477,-18.4219,14.6876,car
8,64764.76476476477,43.506,7.5177,car
3,64864.86486486487,50.1503,24.331,bus
35,64864.86486486487,-7.8198,14.7313,car
37,64864.86486486487,41.4703,10.4889,motorcycle
39,64864.86486486487,42.5584,15.2704,car
40,64864.86486486487,-18.378,14.6875,car
8,64864.86486486487,43.506,7.5177,car
3,64964.964964964965,50.1503,24.331,bus
35,64964.964964964965,-7.8228,14.7298,car
37,64964.964964964965,41.7192,10.3821,motorcycle
39,64964.964964964965,43.2326,15.2659,car
40,64964.964964964965,-18.3334,14.6873,car
8,64964.964964964965,43.506,7.5177,car
3,65065.06506506507,50.1503,24.331,bus
35,65065.06506506507,-7.8264,14.7289,car
37,65065.06506506507,41.9382,10.2873,motorcycle
39,65065.06506506507,43.911,15.2636,car
40,65065.06506506507,-18.2897,14.6864,car
8,65065.06506506507,43.506,7.5177,car
3,65165.16516516517,50.1503,24.331,bus
35,65165.16516516517,-7.8307,14.7285,car
37,65165.16516516517,42.1756,10.1936,motorcycle
39,65165.16516516517,44.5972,15.2498,car
40,65165.16516516517,-18.249,14.6869,car
8,65165.16516516517,43.506,7.5177,car
3,65265.26526526527,50.1503,24.331,bus
35,65265.26526526527,-7.8355,14.7283,car
37,65265.26526526527,42.4148,10.1095,motorcycle
39,65265.26526526527,45.2908,15.2371,car
40,65265.26526526527,-18.2125,14.6876,car
8,65265.26526526527,43.506,7.5177,car
3,65365.36536536537,50.1503,24.331,bus
35,65365.36536536537,-7.8397,14.7283,car
37,65365.36536536537,42.6729,10.0282,motorcycle
39,65365.36536536537,45.9897,15.2258,car
40,65365.36536536537,-18.1805,14.6884,car
8,65365.36536536537,43.506,7.5177,car
3,65465.465465465466,50.1503,24.331,bus
35,65465.465465465466,-7.842,14.7285,car
37,65465.465465465466,42.9491,9.9558,motorcycle
39,65465.465465465466,46.6912,15.2133,car
40,65465.465465465466,-18.1505,14.6891,car
8,65465.465465465466,43.506,7.5177,car
3,65565.56556556557,50.1503,24.331,bus
35,65565.56556556557,-7.8417,14.7286,car
37,65565.56556556557,43.2225,9.8966,motorcycle
39,65565.56556556557,47.399,15.1979,car
40,65565.56556556557,-18.1224,14.6897,car
8,65565.56556556557,43.506,7.5177,car
3,65665.66566566567,50.1503,24.331,bus
35,65665.66566566567,-7.8394,14.728,car
37,65665.66566566567,43.4855,9.8477,motorcycle
39,65665.66566566567,48.1138,15.1813,car
40,65665.66566566567,-18.094,14.6895,car
8,65665.66566566567,43.506,7.5177,car
3,65765.76576576577,50.1503,24.331,bus
35,65765.76576576577,-7.8371,14.7272,car
37,65765.76576576577,43.7297,9.8078,motorcycle
39,65765.76576576577,48.8378,15.1652,car
40,65765.76576576577,-18.065,14.6889,car
8,65765.76576576577,43.506,7.5177,car
3,65865.86586586587,50.1503,24.331,bus
35,65865.86586586587,-7.8358,14.726,car
37,65865.86586586587,43.9466,9.7763,motorcycle
39,65865.86586586587,49.5741,15.1488,car
40,65865.86586586587,-18.0315,14.6879,car
8,65865.86586586587,43.506,7.5177,car
3,65965.96596596597,50.1503,24.331,bus
35,65965.96596596597,-7.8356,14.7255,car
37,65965.96596596597,44.1358,9.7527,motorcycle
39,65965.96596596597,50.3182,15.1313,car
40,65965.96596596597,-17.9979,14.6875,car
8,65965.96596596597,43.506,7.5177,car
3,66066.06606606607,50.1503,24.331,bus
35,66066.06606606607,-7.8373,14.7261,car
37,66066.06606606607,44.3259,9.7308,motorcycle
39,66066.06606606607,51.0677,15.1102,car
40,66066.06606606607,-17.9646,14.6866,car
8,66066.06606606607,43.506,7.5177,car
3,66166.16616616616,50.1503,24.331,bus
35,66166.16616616616,-7.8394,14.7267,car
37,66166.16616616616,44.5861,9.7162,motorcycle
39,66166.16616616616,51.8202,15.0745,car
40,66166.16616616616,-17.9329,14.6864,car
8,66166.16616616616,43.506,7.5177,car
3,66266.26626626626,50.1503,24.331,bus
35,66266.26626626626,-7.842,14.7271,car
37,66266.26626626626,44.7684,9.7114,motorcycle
39,66266.26626626626,52.576,15.0428,car
40,66266.26626626626,-17.9017,14.6859,car
8,66266.26626626626,43.506,7.5177,car
3,66366.36636636636,50.1503,24.331,bus
35,66366.36636636636,-7.8449,14.7273,car
37,66366.36636636636,44.9466,9.7025,motorcycle
39,66366.36636636636,53.3322,15.0162,car
40,66366.36636636636,-17.8717,14.6847,car
8,66366.36636636636,43.506,7.5177,car
3,66466.46646646646,50.1503,24.331,bus
35,66466.46646646646,-7.8473,14.7274,car
37,66466.46646646646,45.1233,9.6929,motorcycle
39,66466.46646646646,54.0922,14.9931,car
40,66466.46646646646,-17.8437,14.6825,car
8,66466.46646646646,43.506,7.5177,car
3,66566.56656656656,50.1503,24.331,bus
35,66566.56656656656,-7.849,14.7283,car
37,66566.56656656656,45.3112,9.6833,motorcycle
39,66566.56656656656,54.8512,14.974,car
40,66566.56656656656,-17.8178,14.68,car
8,66566.56656656656,43.506,7.5177,car
3,66666.66666666667,50.1503,24.331,bus
35,66666.66666666667,-7.8499,14.7294,car
37,66666.66666666667,45.504,9.6758,motorcycle
40,66666.66666666667,-17.7938,14.6777,car
8,66666.66666666667,43.506,7.5177,car
3,66766.76676676677,50.1503,24.331,bus
35,66766.76676676677,-7.8506,14.7296,car
37,66766.76676676677,45.7176,9.6688,motorcycle
40,66766.76676676677,-17.7722,14.6751,car
8,66766.76676676677,43.506,7.5177,car
3,66866.86686686687,50.1503,24.331,bus
35,66866.86686686687,-7.8491,14.7305,car
37,66866.86686686687,45.9337,9.6583,motorcycle
40,66866.86686686687,-17.7524,14.6732,car
8,66866.86686686687,43.506,7.5177,car
3,66966.96696696697,50.1503,24.331,bus
35,66966.96696696697,-7.8481,14.7321,car
37,66966.96696696697,46.1649,9.6487,motorcycle
40,66966.96696696697,-17.7322,14.6723,car
8,66966.96696696697,43.506,7.5177,car
3,67067.06706706707,50.1503,24.331,bus
35,67067.06706706707,-7.8466,14.7335,car
37,67067.06706706707,46.4059,9.6377,motorcycle
40,67067.06706706707,-17.712,14.6726,car
8,67067.06706706707,43.506,7.5177,car
3,67167.16716716716,50.1503,24.331,bus
35,67167.16716716716,-7.8456,14.7353,car
37,67167.16716716716,46.6472,9.6267,motorcycle
40,67167.16716716716,-17.6914,14.6737,car
8,67167.16716716716,43.506,7.5177,car
3,67267.26726726726,50.1503,24.331,bus
35,67267.26726726726,-7.8444,14.7365,car
37,67267.26726726726,46.8898,9.6167,motorcycle
40,67267.26726726726,-17.6688,14.6743,car
8,67267.26726726726,43.506,7.5177,car
3,67367.36736736736,50.1503,24.331,bus
35,67367.36736736736,-7.8436,14.737,car
37,67367.36736736736,47.1443,9.6056,motorcycle
40,67367.36736736736,-17.6428,14.6754,car
8,67367.36736736736,43.506,7.5177,car
3,67467.46746746748,50.1503,24.331,bus
35,67467.46746746748,-7.843,14.7366,car
37,67467.46746746748,47.3804,9.5917,motorcycle
40,67467.46746746748,-17.6139,14.6775,car
8,67467.46746746748,43.506,7.5177,car
3,67567.56756756757,50.1503,24.331,bus
35,67567.56756756757,-7.8431,14.7358,car
37,67567.56756756757,47.6319,9.5838,motorcycle
40,67567.56756756757,-17.5827,14.6797,car
8,67567.56756756757,43.506,7.5177,car
3,67667.66766766767,50.1503,24.331,bus
35,67667.66766766767,-7.8424,14.7356,car
37,67667.66766766767,47.8736,9.5784,motorcycle
40,67667.66766766767,-17.5516,14.6827,car
8,67667.66766766767,43.506,7.5177,car
3,67767.76776776777,50.1503,24.331,bus
35,67767.76776776777,-7.8416,14.7348,car
37,67767.76776776777,48.1059,9.5762,motorcycle
40,67767.76776776777,-17.5243,14.6853,car
8,67767.76776776777,43.506,7.5177,car
3,67867.86786786787,50.1503,24.331,bus
35,67867.86786786787,-7.8413,14.7327,car
37,67867.86786786787,48.328,9.5736,motorcycle
40,67867.86786786787,-17.4989,14.6874,car
8,67867.86786786787,43.506,7.5177,car
3,67967.96796796797,50.1503,24.331,bus
35,67967.96796796797,-7.8409,14.7307,car
37,67967.96796796797,48.5262,9.5723,motorcycle
40,67967.96796796797,-17.477,14.6874,car
8,67967.96796796797,43.506,7.5177,car
3,68068.06806806807,50.1503,24.331,bus
35,68068.06806806807,-7.8411,14.7293,car
37,68068.06806806807,48.7241,9.5687,motorcycle
40,68068.06806806807,-17.4567,14.6879,car
8,68068.06806806807,43.506,7.5177,car
3,68168.16816816817,50.1503,24.331,bus
35,68168.16816816817,-7.8416,14.7285,car
37,68168.16816816817,48.9261,9.5639,motorcycle
40,68168.16816816817,-17.4381,14.6884,car
8,68168.16816816817,43.506,7.5177,car
3,68268.26826826828,50.1503,24.331,bus
35,68268.26826826828,-7.8419,14.7283,car
37,68268.26826826828,49.1395,9.5581,motorcycle
40,68268.26826826828,-17.4206,14.6889,car
8,68268.26826826828,43.506,7.5177,car
3,68368.36836836838,50.1503,24.331,bus
35,68368.36836836838,-7.8414,14.7291,car
37,68368.36836836838,49.3645,9.5547,motorcycle
40,68368.36836836838,-17.402,14.6896,car
8,68368.36836836838,43.506,7.5177,car
3,68468.46846846848,50.1503,24.331,bus
35,68468.46846846848,-7.8409,14.7301,car
37,68468.46846846848,49.6072,9.5536,motorcycle
40,68468.46846846848,-17.3823,14.6898,car
41,68468.46846846848,54.9684,20.8668,motorcycle
8,68468.46846846848,43.506,7.5177,car
3,68568.56856856857,50.1503,24.331,bus
35,68568.56856856857,-7.8408,14.7306,car
37,68568.56856856857,49.8564,9.5565,motorcycle
40,68568.56856856857,-17.3619,14.6887,car
41,68568.56856856857,54.3643,20.8762,motorcycle
8,68568.56856856857,43.506,7.5177,car
3,68668.66866866867,50.1503,24.331,bus
35,68668.66866866867,-7.8406,14.7299,car
37,68668.66866866867,50.1066,9.5623,motorcycle
40,68668.66866866867,-17.34,14.6869,car
41,68668.66866866867,53.768,20.8782,motorcycle
42,68668.66866866867,8.6061,38.2606,tricycle
8,68668.66866866867,43.506,7.5177,car
3,68768.76876876877,50.1503,24.331,bus
35,68768.76876876877,-7.8414,14.7278,car
37,68768.76876876877,50.3486,9.5704,motorcycle
40,68768.76876876877,-17.3139,14.685,car
41,68768.76876876877,53.1727,20.8814,motorcycle
42,68768.76876876877,8.6125,37.7926,tricycle
8,68768.76876876877,43.506,7.5177,car
3,68868.86886886887,50.1503,24.331,bus
35,68868.86886886887,-7.844,14.7252,car
37,68868.86886886887,50.5839,9.5821,motorcycle
40,68868.86886886887,-17.2851,14.6838,car
41,68868.86886886887,52.5819,20.8866,motorcycle
42,68868.86886886887,8.6216,37.3237,tricycle
8,68868.86886886887,43.506,7.5177,car
3,68968.96896896898,50.1503,24.331,bus
35,68968.96896896898,-7.8467,14.7232,car
37,68968.96896896898,50.8169,9.596,motorcycle
40,68968.96896896898,-17.2576,14.6834,car
41,68968.96896896898,51.9975,20.8927,motorcycle
42,68968.96896896898,8.632,36.8501,tricycle
43,68968.96896896898,54.271,18.887,motorcycle
8,68968.96896896898,43.506,7.5177,car
3,69069.06906906908,50.1503,24.331,bus
35,69069.06906906908,-7.8495,14.7229,car
37,69069.06906906908,51.0474,9.6113,motorcycle
40,69069.06906906908,-17.2339,14.6827,car
41,69069.06906906908,51.418,20.901,motorcycle
42,69069.06906906908,8.6446,36.369,tricycle
43,69069.06906906908,53.3673,18.9075,motorcycle
8,69069.06906906908,43.506,7.5177,car
3,69169.16916916918,50.1503,24.331,bus
35,69169.16916916918,-7.8528,14.723,car
37,69169.16916916918,51.2814,9.6282,motorcycle
40,69169.16916916918,-17.2156,14.6812,car
41,69169.16916916918,50.8389,20.9115,motorcycle
42,69169.16916916918,8.6596,35.8813,tricycle
43,69169.16916916918,52.468,18.9163,motorcycle
8,69169.16916916918,43.506,7.5177,car
3,69269.26926926928,50.1503,24.331,bus
35,69269.26926926928,-7.8561,14.7239,car
37,69269.26926926928,51.5215,9.6453,motorcycle
40,69269.26926926928,-17.2031,14.6794,car
41,69269.26926926928,50.2634,20.923,motorcycle
42,69269.26926926928,8.6749,35.3915,tricycle
43,69269.26926926928,51.5716,18.929,motorcycle
8,69269.26926926928,43.506,7.5177,car
3,69369.36936936938,50.1503,24.331,bus
35,69369.36936936938,-7.8584,14.7241,car
37,69369.36936936938,51.7701,9.6624,motorcycle
40,69369.36936936938,-17.1937,14.6773,car
41,69369.36936936938,49.6922,20.9367,motorcycle
42,69369.36936936938,8.6907,34.8989,tricycle
43,69369.36936936938,50.6778,18.9483,motorcycle
8,69369.36936936938,43.506,7.5177,car
3,69469.46946946948,50.1503,24.331,bus
35,69469.46946946948,-7.8592,14.7237,car
37,69469.46946946948,52.0199,9.6773,motorcycle
40,69469.46946946948,-17.185,14.6755,car
41,69469.46946946948,49.1235,20.9516,motorcycle
42,69469.46946946948,8.7076,34.4035,tricycle
43,69469.46946946948,49.788,18.9748,motorcycle
8,69469.46946946948,43.506,7.5177,car
3,69569.56956956958,50.1503,24.331,bus
35,69569.56956956958,-7.8593,14.7235,car
37,69569.56956956958,52.2671,9.6894,motorcycle
40,69569.56956956958,-17.1756,14.6747,car
41,69569.56956956958,48.5554,20.9656,motorcycle
42,69569.56956956958,8.725,33.9072,tricycle
43,69569.56956956958,48.8952,19.0081,motorcycle
8,69569.56956956958,43.506,7.5177,car
3,69669.66966966967,50.1503,24.331,bus
35,69669.66966966967,-7.8582,14.7236,car
37,69669.66966966967,52.4971,9.6999,motorcycle
40,69669.66966966967,-17.1641,14.674,car
41,69669.66966966967,47.9901,20.9764,motorcycle
42,69669.66966966967,8.7444,33.4084,tricycle
43,69669.66966966967,48.0036,19.0485,motorcycle
8,69669.66966966967,43.506,7.5177,car
3,69769.76976976977,50.1503,24.331,bus
35,69769.76976976977,-7.8567,14.7237,car
37,69769.76976976977,52.7184,9.7099,motorcycle
40,69769.76976976977,-17.1487,14.6737,car
41,69769.76976976977,47.4286,20.9842,motorcycle
42,69769.76976976977,8.7654,32.9061,tricycle
43,69769.76976976977,47.1155,19.0951,motorcycle
8,69769.76976976977,43.506,7.5177,car
3,69869.86986986987,50.1503,24.331,bus
35,69869.86986986987,-7.8547,14.7237,car
37,69869.86986986987,52.9365,9.7197,motorcycle
40,69869.86986986987,-17.1309,14.6739,car
41,69869.86986986987,46.8713,20.99,motorcycle
42,69869.86986986987,8.7857,32.4071,tricycle
43,69869.86986986987,46.2331,19.1487,motorcycle
8,69869.86986986987,43.506,7.5177,car
3,69969.96996996997,50.1503,24.331,bus
35,69969.96996996997,-7.8512,14.7243,car
37,69969.96996996997,53.1605,9.7276,motorcycle
40,69969.96996996997,-17.1131,14.6739,car
41,69969.96996996997,46.3187,20.9911,motorcycle
42,69969.96996996997,8.8061,31.9137,tricycle
43,69969.96996996997,45.3614,19.2103,motorcycle
8,69969.96996996997,43.506,7.5177,car
3,70070.07007007007,50.1503,24.331,bus
35,70070.07007007007,-7.846,14.7244,car
37,70070.07007007007,53.3845,9.7352,motorcycle
40,70070.07007007007,-17.0971,14.6735,car
41,70070.07007007007,45.7717,20.9866,motorcycle
42,70070.07007007007,8.8256,31.4214,tricycle
43,70070.07007007007,44.4918,19.2897,motorcycle
44,70070.07007007007,15.921,-7.4499,car
8,70070.07007007007,43.506,7.5177,car
3,70170.17017017017,50.1503,24.331,bus
35,70170.17017017017,-7.8418,14.7238,car
37,70170.17017017017,53.6064,9.7428,motorcycle
40,70170.17017017017,-17.0837,14.6732,car
41,70170.17017017017,45.2206,20.9753,motorcycle
42,70170.17017017017,8.8434,30.931,tricycle
43,70170.17017017017,43.6263,19.3806,motorcycle
44,70170.17017017017,15.8781,-6.6937,car
8,70170.17017017017,43.506,7.5177,car
3,70270.27027027027,50.1503,24.331,bus
35,70270.27027027027,-7.8388,14.7233,car
37,70270.27027027027,53.8328,9.7501,motorcycle
40,70270.27027027027,-17.0698,14.6721,car
41,70270.27027027027,44.67,20.9564,motorcycle
42,70270.27027027027,8.8592,30.4381,tricycle
43,70270.27027027027,42.763,19.4787,motorcycle
44,70270.27027027027,15.8407,-5.9389,car
8,70270.27027027027,43.506,7.5177,car
3,70370.37037037036,50.1503,24.331,bus
35,70370.37037037036,-7.8366,14.723,car
37,70370.37037037036,54.0645,9.7573,motorcycle
40,70370.37037037036,-17.0595,14.6713,car
41,70370.37037037036,44.1236,20.9288,motorcycle
42,70370.37037037036,8.8742,29.9439,tricycle
43,70370.37037037036,41.9017,19.5821,motorcycle
44,70370.37037037036,15.8002,-5.1878,car
8,70370.37037037036,43.506,7.5177,car
3,70470.47047047046,50.1503,24.331,bus
35,70470.47047047046,-7.8355,14.7229,car
37,70470.47047047046,54.3011,9.7638,motorcycle
40,70470.47047047046,-17.0502,14.6713,car
41,70470.47047047046,43.5806,20.8902,motorcycle
42,70470.47047047046,8.8888,29.4499,tricycle
43,70470.47047047046,41.0437,19.6895,motorcycle
44,70470.47047047046,15.756,-4.446,car
8,70470.47047047046,43.506,7.5177,car
3,70570.57057057058,50.1503,24.331,bus
35,70570.57057057058,-7.8343,14.7229,car
37,70570.57057057058,54.5424,9.7697,motorcycle
40,70570.57057057058,-17.0404,14.6721,car
41,70570.57057057058,43.0389,20.8409,motorcycle
42,70570.57057057058,8.9024,28.9564,tricycle
43,70570.57057057058,40.1925,19.8002,motorcycle
44,70570.57057057058,15.7086,-3.719,car
8,70570.57057057058,43.506,7.5177,car
3,70670.67067067068,50.1503,24.331,bus
35,70670.67067067068,-7.8332,14.7227,car
37,70670.67067067068,54.7785,9.7748,motorcycle
40,70670.67067067068,-17.0291,14.6736,car
41,70670.67067067068,42.5,20.7824,motorcycle
42,70670.67067067068,8.916,28.4632,tricycle
43,70670.67067067068,39.3543,19.913,motorcycle
44,70670.67067067068,15.6599,-3.0112,car
8,70670.67067067068,43.506,7.5177,car
3,70770.77077077077,50.1503,24.331,bus
35,70770.77077077077,-7.8317,14.722,car
37,70770.77077077077,55.0036,9.7776,motorcycle
40,70770.77077077077,-17.0155,14.6756,car
41,70770.77077077077,41.9639,20.716,motorcycle
42,70770.77077077077,8.9275,27.9749,tricycle
43,70770.77077077077,38.5384,20.0269,motorcycle
44,70770.77077077077,15.6102,-2.3241,car
8,70770.77077077077,43.506,7.5177,car
3,70870.87087087087,50.1503,24.331,bus
35,70870.87087087087,-7.8315,14.7215,car
40,70870.87087087087,-17.0005,14.6776,car
41,70870.87087087087,41.4348,20.6429,motorcycle
42,70870.87087087087,8.9373,27.4908,tricycle
43,70870.87087087087,37.7577,20.1404,motorcycle
44,70870.87087087087,15.5605,-1.6574,car
8,70870.87087087087,43.506,7.5177,car
3,70970.97097097097,50.1503,24.331,bus
35,70970.97097097097,-7.8318,14.7212,car
40,70970.97097097097,-16.9829,14.6793,car
41,70970.97097097097,40.916,20.5651,motorcycle
42,70970.97097097097,8.947,27.0086,tricycle
43,70970.97097097097,37.0284,20.2517,motorcycle
44,70970.97097097097,15.5087,-1.0114,car
8,70970.97097097097,43.506,7.5177,car
3,71071.07107107107,50.1503,24.331,bus
35,71071.07107107107,-7.8328,14.7205,car
40,71071.07107107107,-16.9635,14.6799,car
41,71071.07107107107,40.4082,20.4835,motorcycle
42,71071.07107107107,8.9549,26.5252,tricycle
43,71071.07107107107,36.3687,20.3583,motorcycle
44,71071.07107107107,15.444,-0.3873,car
8,71071.07107107107,43.506,7.5177,car
3,71171.17117117117,50.1503,24.331,bus
35,71171.17117117117,-7.8346,14.7204,car
40,71171.17117117117,-16.9426,14.6805,car
41,71171.17117117117,39.9255,20.3905,motorcycle
42,71171.17117117117,8.9583,26.0446,tricycle
43,71171.17117117117,35.796,20.4557,motorcycle
44,71171.17117117117,15.3713,0.2079,car
8,71171.17117117117,43.506,7.5177,car
3,71271.27127127127,50.1503,24.331,bus
35,71271.27127127127,-7.8378,14.7207,car
40,71271.27127127127,-16.921,14.6808,car
41,71271.27127127127,39.3715,20.2594,motorcycle
42,71271.27127127127,8.9583,25.5665,tricycle
43,71271.27127127127,35.2296,20.5477,motorcycle
44,71271.27127127127,15.2934,0.778,car
8,71271.27127127127,43.506,7.5177,car
3,71371.37137137138,50.1503,24.331,bus
35,71371.37137137138,-7.842,14.7216,car
40,71371.37137137138,-16.9009,14.6812,car
41,71371.37137137138,38.8766,20.1107,motorcycle
42,71371.37137137138,8.9537,25.0892,tricycle
43,71371.37137137138,34.6703,20.6391,motorcycle
44,71371.37137137138,15.2099,1.3237,car
8,71371.37137137138,43.506,7.5177,car
3,71471.47147147148,50.1503,24.331,bus
35,71471.47147147148,-7.8466,14.7226,car
40,71471.47147147148,-16.8824,14.6823,car
41,71471.47147147148,38.3905,19.9694,motorcycle
42,71471.47147147148,8.9442,24.6177,tricycle
43,71471.47147147148,34.1117,20.7412,motorcycle
44,71471.47147147148,15.1141,1.8454,car
8,71471.47147147148,43.506,7.5177,car
3,71571.57157157158,50.1503,24.331,bus
35,71571.57157157158,-7.8518,14.7241,car
40,71571.57157157158,-16.8632,14.684,car
41,71571.57157157158,37.8866,19.8464,motorcycle
42,71571.57157157158,8.9301,24.1564,tricycle
43,71571.57157157158,33.564,20.8492,motorcycle
44,71571.57157157158,15.0168,2.3463,car
8,71571.57157157158,43.506,7.5177,car
3,71671.67167167168,50.1503,24.331,bus
35,71671.67167167168,-7.856,14.7258,car
40,71671.67167167168,-16.8458,14.6853,car
41,71671.67167167168,37.4079,19.7404,motorcycle
42,71671.67167167168,8.9096,23.7012,tricycle
43,71671.67167167168,33.0259,20.9516,motorcycle
44,71671.67167167168,14.9189,2.8321,car
8,71671.67167167168,43.506,7.5177,car
3,71771.77177177178,50.1503,24.331,bus
35,71771.77177177178,-7.8581,14.7267,car
40,71771.77177177178,-16.8297,14.6861,car
41,71771.77177177178,36.9469,19.6335,motorcycle
42,71771.77177177178,8.8763,23.2461,tricycle
43,71771.77177177178,32.4986,21.0587,motorcycle
44,71771.77177177178,14.8208,3.3039,car
8,71771.77177177178,43.506,7.5177,car
3,71871.87187187187,50.1503,24.331,bus
35,71871.87187187187,-7.8596,14.7274,car
40,71871.87187187187,-16.8149,14.6858,car
41,71871.87187187187,36.4915,19.5194,motorcycle
42,71871.87187187187,8.8302,22.7953,tricycle
43,71871.87187187187,31.9818,21.1604,motorcycle
44,71871.87187187187,14.7263,3.7759,car
8,71871.87187187187,43.506,7.5177,car
3,71971.97197197197,50.1503,24.331,bus
35,71971.97197197197,-7.8615,14.728,car
40,71971.97197197197,-16.8024,14.6855,car
41,71971.97197197197,36.0115,19.3762,motorcycle
42,71971.97197197197,8.7724,22.3455,tricycle
43,71971.97197197197,31.4776,21.2564,motorcycle
44,71971.97197197197,14.6347,4.2347,car
8,71971.97197197197,43.506,7.5177,car
3,72072.07207207207,50.1503,24.331,bus
35,72072.07207207207,-7.8622,14.7285,car
40,72072.07207207207,-16.7926,14.6855,car
41,72072.07207207207,35.5369,19.2011,motorcycle
42,72072.07207207207,8.6986,21.9066,tricycle
43,72072.07207207207,30.9875,21.3483,motorcycle
44,72072.07207207207,14.5363,4.6764,car
8,72072.07207207207,43.506,7.5177,car
3,72172.17217217218,50.1503,24.331,bus
35,72172.17217217218,-7.8622,14.7289,car
40,72172.17217217218,-16.7841,14.6861,car
41,72172.17217217218,35.0932,19.0097,motorcycle
42,72172.17217217218,8.6175,21.4701,tricycle
43,72172.17217217218,30.5108,21.4355,motorcycle
44,72172.17217217218,14.4344,5.1145,car
8,72172.17217217218,43.506,7.5177,car
3,72272.27227227228,50.1503,24.331,bus
35,72272.27227227228,-7.8611,14.7297,car
40,72272.27227227228,-16.774,14.6861,car
41,72272.27227227228,34.6628,18.8141,motorcycle
42,72272.27227227228,8.534,21.0374,tricycle
43,72272.27227227228,30.0468,21.519,motorcycle
44,72272.27227227228,14.3298,5.5423,car
45,72272.27227227228,7.3665,38.306,motorcycle
8,72272.27227227228,43.506,7.5177,car
3,72372.37237237238,50.1503,24.331,bus
35,72372.37237237238,-7.8598,14.7303,car
40,72372.37237237238,-16.7611,14.6859,car
41,72372.37237237238,34.2399,18.6122,motorcycle
42,72372.37237237238,8.4453,20.6135,tricycle
43,72372.37237237238,29.5987,21.5991,motorcycle
44,72372.37237237238,14.2015,5.9798,car
45,72372.37237237238,7.3481,37.7987,motorcycle
8,72372.37237237238,43.506,7.5177,car
3,72472.47247247248,50.1503,24.331,bus
35,72472.47247247248,-7.857,14.7307,car
40,72472.47247247248,-16.7455,14.6859,car
41,72472.47247247248,33.82,18.4081,motorcycle
42,72472.47247247248,8.3372,20.1808,tricycle
43,72472.47247247248,29.1655,21.6757,motorcycle
44,72472.47247247248,14.0625,6.4087,car
45,72472.47247247248,7.337,37.2987,motorcycle
8,72472.47247247248,43.506,7.5177,car
3,72572.57257257258,50.1503,24.331,bus
35,72572.57257257258,-7.8539,14.7309,car
40,72572.57257257258,-16.7259,14.6863,car
41,72572.57257257258,33.3993,18.1798,motorcycle
42,72572.57257257258,8.2175,19.7647,tricycle
43,72572.57257257258,28.7418,21.7497,motorcycle
44,72572.57257257258,13.9153,6.8314,car
45,72572.57257257258,7.3248,36.8073,motorcycle
8,72572.57257257258,43.506,7.5177,car
3,72672.67267267268,50.1503,24.331,bus
35,72672.67267267268,-7.8513,14.7302,car
40,72672.67267267268,-16.704,14.6864,car
41,72672.67267267268,32.9761,17.9207,motorcycle
42,72672.67267267268,8.0995,19.3498,tricycle
43,72672.67267267268,28.3283,21.8206,motorcycle
44,72672.67267267268,13.7618,7.2459,car
45,72672.67267267268,7.3098,36.3255,motorcycle
8,72672.67267267268,43.506,7.5177,car
3,72772.77277277278,50.1503,24.331,bus
35,72772.77277277278,-7.8499,14.7303,car
40,72772.77277277278,-16.6814,14.6862,car
41,72772.77277277278,32.5766,17.6482,motorcycle
42,72772.77277277278,7.9666,18.9353,tricycle
43,72772.77277277278,27.9326,21.8873,motorcycle
44,72772.77277277278,13.6019,7.6538,car
45,72772.77277277278,7.2921,35.8529,motorcycle
8,72772.77277277278,43.506,7.5177,car
3,72872.87287287287,50.1503,24.331,bus
35,72872.87287287287,-7.8501,14.7301,car
40,72872.87287287287,-16.657,14.6855,car
41,72872.87287287287,32.1834,17.3672,motorcycle
42,72872.87287287287,7.8266,18.5288,tricycle
43,72872.87287287287,27.5527,21.9505,motorcycle
44,72872.87287287287,13.44,8.0635,car
45,72872.87287287287,7.2764,35.3912,motorcycle
46,72872.87287287287,54.7276,21.0557,motorcycle
8,72872.87287287287,43.506,7.5177,car
3,72972.97297297297,50.1503,24.331,bus
35,72972.97297297297,-7.8501,14.7293,car
40,72972.97297297297,-16.6304,14.6846,car
41,72972.97297297297,31.8027,17.0915,motorcycle
42,72972.97297297297,7.6841,18.1227,tricycle
43,72972.97297297297,27.1967,22.0131,motorcycle
44,72972.97297297297,13.2697,8.4647,car
45,72972.97297297297,7.2609,34.9381,motorcycle
46,72972.97297297297,53.9646,21.1041,motorcycle
8,72972.97297297297,43.506,7.5177,car
3,73073.07307307307,50.1503,24.331,bus
35,73073.07307307307,-7.8502,14.7284,car
40,73073.07307307307,-16.6023,14.6836,car
41,73073.07307307307,31.4238,16.8076,motorcycle
42,73073.07307307307,7.5451,17.7233,tricycle
43,73073.07307307307,26.8554,22.0649,motorcycle
44,73073.07307307307,13.0978,8.8584,car
45,73073.07307307307,7.2471,34.4956,motorcycle
46,73073.07307307307,53.2194,21.1355,motorcycle
8,73073.07307307307,43.506,7.5177,car
3,73173.17317317317,50.1503,24.331,bus
35,73173.17317317317,-7.8519,14.7276,car
40,73173.17317317317,-16.5729,14.6818,car
41,73173.17317317317,31.0137,16.5141,motorcycle
42,73173.17317317317,7.4065,17.3231,tricycle
43,73173.17317317317,26.5254,22.1128,motorcycle
44,73173.17317317317,12.9094,9.2456,car
45,73173.17317317317,7.2313,34.0591,motorcycle
46,73173.17317317317,52.4932,21.1699,motorcycle
8,73173.17317317317,43.506,7.5177,car
3,73273.27327327327,50.1503,24.331,bus
35,73273.27327327327,-7.8541,14.7265,car
40,73273.27327327327,-16.5458,14.6796,car
41,73273.27327327327,30.6221,16.2322,motorcycle
42,73273.27327327327,7.2642,16.9258,tricycle
43,73273.27327327327,26.2022,22.1522,motorcycle
44,73273.27327327327,12.7094,9.6277,car
45,73273.27327327327,7.2147,33.6291,motorcycle
46,73273.27327327327,51.7849,21.2082,motorcycle
8,73273.27327327327,43.506,7.5177,car
3,73373.37337337337,50.1503,24.331,bus
35,73373.37337337337,-7.8551,14.7257,car
40,73373.37337337337,-16.5208,14.6781,car
41,73373.37337337337,30.2215,15.9266,motorcycle
42,73373.37337337337,7.1232,16.533,tricycle
43,73373.37337337337,25.8928,22.1842,motorcycle
44,73373.37337337337,12.4935,10.0059,car
45,73373.37337337337,7.1986,33.2047,motorcycle
46,73373.37337337337,51.0974,21.2493,motorcycle
8,73373.37337337337,43.506,7.5177,car
3,73473.47347347347,50.1503,24.331,bus
35,73473.47347347347,-7.8551,14.7258,car
40,73473.47347347347,-16.4983,14.6777,car
41,73473.47347347347,29.8795,15.6237,motorcycle
42,73473.47347347347,6.976,16.1399,tricycle
43,73473.47347347347,25.6031,22.2111,motorcycle
44,73473.47347347347,12.2687,10.3668,car
45,73473.47347347347,7.1811,32.7833,motorcycle
46,73473.47347347347,50.4257,21.2928,motorcycle
47,73473.47347347347,11.3509,38.4856,car
8,73473.47347347347,43.506,7.5177,car
3,73573.57357357357,50.1503,24.331,bus
35,73573.57357357357,-7.8531,14.726,car
40,73573.57357357357,-16.4769,14.6778,car
41,73573.57357357357,29.5027,15.297,motorcycle
42,73573.57357357357,6.833,15.7523,tricycle
43,73573.57357357357,25.3097,22.2399,motorcycle
44,73573.57357357357,12.0395,10.7217,car
45,73573.57357357357,7.1664,32.3648,motorcycle
46,73573.57357357357,49.7648,21.3387,motorcycle
47,73573.57357357357,11.3537,38.409,car
8,73573.57357357357,43.506,7.5177,car
3,73673.67367367368,50.1503,24.331,bus
35,73673.67367367368,-7.8487,14.7246,car
40,73673.67367367368,-16.4519,14.6783,car
41,73673.67367367368,29.1421,14.9948,motorcycle
42,73673.67367367368,6.69,15.3673,tricycle
43,73673.67367367368,25.041,22.2645,motorcycle
44,73673.67367367368,11.7998,11.0674,car
45,73673.67367367368,7.1529,31.9474,motorcycle
46,73673.67367367368,49.1109,21.3876,motorcycle
47,73673.67367367368,11.3565,38.3375,car
48,73673.67367367368,54.8555,17.4682,car
8,73673.67367367368,43.506,7.5177,car
3,73773.77377377378,50.1503,24.331,bus
35,73773.77377377378,-7.844,14.7225,car
40,73773.77377377378,-16.421,14.6795,car
41,73773.77377377378,28.7773,14.6749,motorcycle
42,73773.77377377378,6.5619,14.979,tricycle
43,73773.77377377378,24.7623,22.2811,motorcycle
44,73773.77377377378,11.553,11.4082,car
45,73773.77377377378,7.1431,31.5294,motorcycle
46,73773.77377377378,48.4607,21.4401,motorcycle
47,73773.77377377378,11.3593,38.2705,car
48,73773.77377377378,53.9033,17.4768,car
8,73773.77377377378,43.506,7.5177,car
3,73873.87387387388,50.1503,24.331,bus
35,73873.87387387388,-7.8389,14.7197,car
40,73873.87387387388,-16.3857,14.6796,car
41,73873.87387387388,28.385,14.308,motorcycle
42,73873.87387387388,6.4392,14.5868,tricycle
43,73873.87387387388,24.5043,22.2927,motorcycle
44,73873.87387387388,11.2968,11.7388,car
45,73873.87387387388,7.139,31.1096,motorcycle
46,73873.87387387388,47.812,21.4943,motorcycle
47,73873.87387387388,11.3629,38.2102,car
48,73873.87387387388,52.9661,17.4752,car
8,73873.87387387388,43.506,7.5177,car
3,73973.97397397397,50.1503,24.331,bus
35,73973.97397397397,-7.8358,14.7174,car
40,73973.97397397397,-16.3482,14.6793,car
41,73973.97397397397,28.0435,13.9579,motorcycle
42,73973.97397397397,6.3229,14.1924,tricycle
43,73973.97397397397,24.2427,22.3055,motorcycle
44,73973.97397397397,11.0319,12.0679,car
45,73973.97397397397,7.1401,30.6885,motorcycle
46,73973.97397397397,47.1695,21.5499,motorcycle
47,73973.97397397397,11.3673,38.1549,car
48,73973.97397397397,52.0425,17.4728,car
8,73973.97397397397,43.506,7.5177,car
3,74074.07407407407,50.1503,24.331,bus
35,74074.07407407407,-7.8354,14.7159,car
40,74074.07407407407,-16.3085,14.6773,car
41,74074.07407407407,27.6621,13.5836,motorcycle
42,74074.07407407407,6.2173,13.7944,tricycle
43,74074.07407407407,23.9805,22.3148,motorcycle
44,74074.07407407407,10.763,12.3906,car
45,74074.07407407407,7.1458,30.2663,motorcycle
46,74074.07407407407,46.5302,21.6073,motorcycle
47,74074.07407407407,11.3711,38.1092,car
48,74074.07407407407,51.1333,17.471,car
8,74074.07407407407,43.506,7.5177,car
3,74174.17417417417,50.1503,24.331,bus
35,74174.17417417417,-7.8359,14.7151,car
40,74174.17417417417,-16.2675,14.6754,car
41,74174.17417417417,27.2877,13.2256,motorcycle
42,74174.17417417417,6.1216,13.3896,tricycle
43,74174.17417417417,23.7148,22.3204,motorcycle
44,74174.17417417417,10.485,12.7009,car
45,74174.17417417417,7.1554,29.8426,motorcycle
46,74174.17417417417,45.8962,21.6668,motorcycle
47,74174.17417417417,11.375,38.075,car
48,74174.17417417417,50.2374,17.4697,car
8,74174.17417417417,43.506,7.5177,car
3,74274.27427427427,50.1503,24.331,bus
35,74274.27427427427,-7.8357,14.7153,car
40,74274.27427427427,-16.224,14.6746,car
41,74274.27427427427,26.903,12.8497,motorcycle
42,74274.27427427427,6.049,13.0,tricycle
43,74274.27427427427,23.4535,22.3222,motorcycle
44,74274.27427427427,10.1986,13.0079,car
45,74274.27427427427,7.169,29.4194,motorcycle
46,74274.27427427427,45.2572,21.7302,motorcycle
47,74274.27427427427,11.3784,38.0505,car
48,74274.27427427427,49.3564,17.4698,car
8,74274.27427427427,43.506,7.5177,car
3,74374.37437437437,50.1503,24.331,bus
35,74374.37437437437,-7.8344,14.7166,car
40,74374.37437437437,-16.1793,14.6747,car
41,74374.37437437437,26.5283,12.4763,motorcycle
42,74374.37437437437,5.9881,12.6097,tricycle
43,74374.37437437437,23.1925,22.3199,motorcycle
44,74374.37437437437,9.9057,13.3082,car
45,74374.37437437437,7.1864,28.9994,motorcycle
46,74374.37437437437,44.6096,21.8034,motorcycle
47,74374.37437437437,11.3809,38.0348,car
48,74374.37437437437,48.4945,17.4716,car
8,74374.37437437437,43.506,7.5177,car
3,74474.47447447448,50.1503,24.331,bus
35,74474.47447447448,-7.8299,14.7186,car
40,74474.47447447448,-16.1334,14.6756,car
41,74474.47447447448,26.1351,12.1053,motorcycle
42,74474.47447447448,5.946,12.2145,tricycle
43,74474.47447447448,22.9319,22.3152,motorcycle
44,74474.47447447448,9.6014,13.5971,car
45,74474.47447447448,7.2072,28.5833,motorcycle
46,74474.47447447448,43.9598,21.8832,motorcycle
47,74474.47447447448,11.3827,38.0268,car
48,74474.47447447448,47.6455,17.4741,car
8,74474.47447447448,43.506,7.5177,car
3,74574.57457457458,50.1503,24.331,bus
35,74574.57457457458,-7.8209,14.7213,car
40,74574.57457457458,-16.0904,14.6769,car
41,74574.57457457458,25.7461,11.741,motorcycle
42,74574.57457457458,5.9235,11.8092,tricycle
43,74574.57457457458,22.6665,22.311,motorcycle
44,74574.57457457458,9.2862,13.8852,car
45,74574.57457457458,7.2315,28.1699,motorcycle
46,74574.57457457458,43.312,21.9668,motorcycle
47,74574.57457457458,11.3837,38.026,car
48,74574.57457457458,46.8039,17.4765,car
8,74574.57457457458,43.506,7.5177,car
3,74674.67467467468,50.1503,24.331,bus
35,74674.67467467468,-7.8056,14.7244,car
40,74674.67467467468,-16.0491,14.678,car
41,74674.67467467468,25.3646,11.3918,motorcycle
42,74674.67467467468,5.9262,11.4073,tricycle
43,74674.67467467468,22.39,22.304,motorcycle
44,74674.67467467468,8.9568,14.1676,car
45,74674.67467467468,7.2597,27.762,motorcycle
46,74674.67467467468,42.672,22.0522,motorcycle
47,74674.67467467468,11.3848,38.0306,car
48,74674.67467467468,45.9661,17.4795,car
8,74674.67467467468,43.506,7.5177,car
3,74774.77477477478,50.1503,24.331,bus
35,74774.77477477478,-7.7825,14.7267,car
40,74774.77477477478,-16.0078,14.6777,car
41,74774.77477477478,24.9819,11.0086,motorcycle
42,74774.77477477478,5.9421,11.026,tricycle
43,74774.77477477478,22.0966,22.2986,motorcycle
44,74774.77477477478,8.614,14.4395,car
45,74774.77477477478,7.291,27.3585,motorcycle
46,74774.77477477478,42.0478,22.1383,motorcycle
47,74774.77477477478,11.3858,38.0359,car
48,74774.77477477478,45.1328,17.4835,car
8,74774.77477477478,43.506,7.5177,car
3,74874.87487487488,50.1503,24.331,bus
35,74874.87487487488,-7.7502,14.7279,car
40,74874.87487487488,-15.9632,14.6773,car
41,74874.87487487488,24.6069,10.618,motorcycle
42,74874.87487487488,5.9632,10.6419,tricycle
43,74874.87487487488,21.8081,22.2943,motorcycle
44,74874.87487487488,8.2602,14.7017,car
45,74874.87487487488,7.3254,26.9583,motorcycle
46,74874.87487487488,41.4499,22.2239,motorcycle
47,74874.87487487488,11.3869,38.0405,car
48,74874.87487487488,44.3074,17.4873,car
8,74874.87487487488,43.506,7.5177,car
3,74974.97497497498,50.1503,24.331,bus
35,74974.97497497498,-7.708,14.7275,car
40,74974.97497497498,-15.9123,14.6771,car
41,74974.97497497498,24.2332,10.2219,motorcycle
42,74974.97497497498,5.9906,10.2491,tricycle
43,74974.97497497498,21.5093,22.2864,motorcycle
44,74974.97497497498,7.8959,14.9537,car
45,74974.97497497498,7.3607,26.5598,motorcycle
46,74974.97497497498,40.8907,22.3072,motorcycle
47,74974.97497497498,11.3878,38.0444,car
48,74974.97497497498,43.4873,17.4893,car
8,74974.97497497498,43.506,7.5177,car
3,75075.07507507507,50.1503,24.331,bus
35,75075.07507507507,-7.6562,14.7265,car
40,75075.07507507507,-15.8514,14.6767,car
41,75075.07507507507,23.8606,9.8203,motorcycle
42,75075.07507507507,6.0239,9.8546,tricycle
43,75075.07507507507,21.2032,22.281,motorcycle
44,75075.07507507507,7.5208,15.1965,car
45,75075.07507507507,7.398,26.1646,motorcycle
46,75075.07507507507,40.3844,22.386,motorcycle
47,75075.07507507507,11.3885,38.047,car
48,75075.07507507507,42.6728,17.4908,car
8,75075.07507507507,43.506,7.5177,car
3,75175.17517517517,50.1503,24.331,bus
35,75175.17517517517,-7.5982,14.7254,car
40,75175.17517517517,-15.7846,14.6763,car
41,75175.17517517517,23.4798,9.4144,motorcycle
42,75175.17517517517,6.0697,9.4644,tricycle
43,75175.17517517517,20.8938,22.279,motorcycle
44,75175.17517517517,7.1369,15.4289,car
45,75175.17517517517,7.4347,25.7722,motorcycle
46,75175.17517517517,39.9433,22.457,motorcycle
47,75175.17517517517,11.389,38.0495,car
48,75175.17517517517,41.8626,17.4917,car
8,75175.17517517517,43.506,7.5177,car
3,75275.27527527529,50.1503,24.331,bus
35,75275.27527527529,-7.5341,14.7243,car
40,75275.27527527529,-15.7115,14.6755,car
41,75275.27527527529,23.1058,9.0152,motorcycle
42,75275.27527527529,6.1228,9.0764,tricycle
43,75275.27527527529,20.5812,22.2785,motorcycle
44,75275.27527527529,6.744,15.652,car
45,75275.27527527529,7.4737,25.3828,motorcycle
46,75275.27527527529,39.5082,22.5259,motorcycle
47,75275.27527527529,11.3896,38.0532,car
48,75275.27527527529,41.0587,17.4924,car
50,75275.27527527529,20.414,-7.3684,bicycle
8,75275.27527527529,43.506,7.5177,car
3,75375.37537537538,50.1503,24.331,bus
35,75375.37537537538,-7.4637,14.7237,car
40,75375.37537537538,-15.6323,14.6747,car
41,75375.37537537538,22.7516,8.61,motorcycle
42,75375.37537537538,6.1832,8.689,tricycle
43,75375.37537537538,20.2657,22.2805,motorcycle
44,75375.37537537538,6.3412,15.8729,car
45,75375.37537537538,7.5136,24.9927,motorcycle
46,75375.37537537538,39.0641,22.6014,motorcycle
47,75375.37537537538,11.3894,38.0568,car
48,75375.37537537538,40.2604,17.4929,car
50,75375.37537537538,20.4385,-7.1789,bicycle
51,75375.37537537538,7.753,38.3952,car
8,75375.37537537538,43.506,7.5177,car
3,75475.47547547548,50.1503,24.331,bus
35,75475.47547547548,-7.3863,14.7238,car
40,75475.47547547548,-15.5456,14.6741,car
41,75475.47547547548,22.3783,8.1924,motorcycle
42,75475.47547547548,6.2563,8.3009,tricycle
43,75475.47547547548,19.9456,22.2842,motorcycle
44,75475.47547547548,5.9194,16.0868,car
45,75475.47547547548,7.5539,24.5999,motorcycle
46,75475.47547547548,38.6178,22.6838,motorcycle
47,75475.47547547548,11.3885,38.0617,car
48,75475.47547547548,39.4683,17.4942,car
50,75475.47547547548,20.4654,-6.999,bicycle
51,75475.47547547548,7.7264,38.0664,car
8,75475.47547547548,43.506,7.5177,car
3,75575.57557557558,50.1503,24.331,bus
35,75575.57557557558,-7.3024,14.724,car
40,75575.57557557558,-15.4525,14.673,car
41,75575.57557557558,22.0049,7.7792,motorcycle
42,75575.57557557558,6.3363,7.9351,tricycle
43,75575.57557557558,19.6217,22.2894,motorcycle
44,75575.57557557558,5.4849,16.2899,car
45,75575.57557557558,7.5946,24.2039,motorcycle
46,75575.57557557558,38.1659,22.7706,motorcycle
47,75575.57557557558,11.3875,38.0656,car
48,75575.57557557558,38.6866,17.4956,car
50,75575.57557557558,20.5003,-6.8087,bicycle
51,75575.57557557558,7.7117,37.6977,car
8,75575.57557557558,43.506,7.5177,car
3,75675.67567567568,50.1503,24.331,bus
35,75675.67567567568,-7.2107,14.7246,car
40,75675.67567567568,-15.3543,14.6714,car
41,75675.67567567568,21.6322,7.3477,motorcycle
42,75675.67567567568,6.4181,7.567,tricycle
43,75675.67567567568,19.2964,22.2964,motorcycle
44,75675.67567567568,5.0418,16.4915,car
45,75675.67567567568,7.6359,23.8043,motorcycle
46,75675.67567567568,37.71,22.8596,motorcycle
47,75675.67567567568,11.3871,38.0684,car
48,75675.67567567568,37.9154,17.4973,car
50,75675.67567567568,20.5446,-6.6014,bicycle
51,75675.67567567568,7.6964,37.2871,car
8,75675.67567567568,43.506,7.5177,car
3,75775.77577577578,50.1503,24.331,bus
35,75775.77577577578,-7.1144,14.7248,car
40,75775.77577577578,-15.2488,14.6686,car
41,75775.77577577578,21.2794,6.9074,motorcycle
42,75775.77577577578,6.494,7.2186,tricycle
43,75775.77577577578,18.9755,22.3034,motorcycle
44,75775.77577577578,4.5868,16.6846,car
45,75775.77577577578,7.6877,23.3742,motorcycle
46,75775.77577577578,37.2391,22.9448,motorcycle
47,75775.77577577578,11.3863,38.0688,car
48,75775.77577577578,37.1525,17.4994,car
49,75775.77577577578,-19.8746,11.3959,car
50,75775.77577577578,20.5896,-6.4192,bicycle
51,75775.77577577578,7.6796,36.8422,car
8,75775.77577577578,43.506,7.5177,car
3,75875.87587587588,50.1503,24.331,bus
35,75875.87587587588,-7.0163,14.725,car
40,75875.87587587588,-15.1371,14.6646,car
41,75875.87587587588,20.9261,6.4574,motorcycle
42,75875.87587587588,6.5884,6.8583,tricycle
43,75875.87587587588,18.6602,22.3101,motorcycle
44,75875.87587587588,4.1247,16.8747,car
45,75875.87587587588,7.7549,22.9553,motorcycle
46,75875.87587587588,36.778,23.0252,motorcycle
47,75875.87587587588,11.3855,38.0694,car
48,75875.87587587588,36.4007,17.5022,car
49,75875.87587587588,-19.3649,11.3883,car
50,75875.87587587588,20.628,-6.2584,bicycle
51,75875.87587587588,7.6616,36.3749,car
8,75875.87587587588,43.506,7.5177,car
3,75975.97597597599,50.1503,24.331,bus
35,75975.97597597599,-6.9131,14.7256,car
40,75975.97597597599,-15.0205,14.6611,car
41,75975.97597597599,20.5835,5.9979,motorcycle
42,75975.97597597599,6.6857,6.5049,tricycle
43,75975.97597597599,18.3526,22.3162,motorcycle
44,75975.97597597599,3.6443,17.0555,car
45,75975.97597597599,7.8189,22.5561,motorcycle
46,75975.97597597599,36.3102,23.1136,motorcycle
47,75975.97597597599,11.3851,38.0698,car
48,75975.97597597599,35.657,17.5061,car
49,75975.97597597599,-18.8561,11.385,car
50,75975.97597597599,20.661,-6.1121,bicycle
51,75975.97597597599,7.6417,35.8992,car
8,75975.97597597599,43.506,7.5177,car
3,76076.07607607609,50.1503,24.331,bus
35,76076.07607607609,-6.8077,14.7268,car
40,76076.07607607609,-14.8967,14.6568,car
41,76076.07607607609,20.2388,5.5295,motorcycle
42,76076.07607607609,6.7833,6.1548,tricycle
43,76076.07607607609,18.0521,22.3225,motorcycle
44,76076.07607607609,3.1571,17.2229,car
45,76076.07607607609,7.8895,22.1638,motorcycle
46,76076.07607607609,35.8489,23.2064,motorcycle
47,76076.07607607609,11.384,38.0705,car
48,76076.07607607609,34.9213,17.51,car
49,76076.07607607609,-18.3458,11.381,car
50,76076.07607607609,20.6892,-5.9711,bicycle
51,76076.07607607609,7.6187,35.4268,car
8,76076.07607607609,43.506,7.5177,car
3,76176.17617617619,50.1503,24.331,bus
35,76176.17617617619,-6.7015,14.7286,car
40,76176.17617617619,-14.765,14.6523,car
41,76176.17617617619,19.9006,5.059,motorcycle
42,76176.17617617619,6.881,5.8129,tricycle
43,76176.17617617619,17.7578,22.3303,motorcycle
44,76176.17617617619,2.6589,17.3907,car
45,76176.17617617619,7.9515,21.7267,motorcycle
46,76176.17617617619,35.3808,23.2965,motorcycle
47,76176.17617617619,11.3808,38.0739,car
48,76176.17617617619,34.1993,17.5148,car
49,76176.17617617619,-17.8358,11.3773,car
50,76176.17617617619,20.709,-5.8449,bicycle
51,76176.17617617619,7.593,34.9679,car
8,76176.17617617619,43.506,7.5177,car
3,76276.27627627629,50.1503,24.331,bus
35,76276.27627627629,-6.5935,14.7303,car
40,76276.27627627629,-14.6264,14.6481,car
41,76276.27627627629,19.5803,4.5878,motorcycle
42,76276.27627627629,6.9788,5.4725,tricycle
43,76276.27627627629,17.4701,22.3388,motorcycle
44,76276.27627627629,2.1501,17.5568,car
45,76276.27627627629,7.999,21.2872,motorcycle
46,76276.27627627629,34.9167,23.383,motorcycle
47,76276.27627627629,11.377,38.0823,car
48,76276.27627627629,33.492,17.52,car
49,76276.27627627629,-17.3256,11.3726,car
50,76276.27627627629,20.7243,-5.7322,bicycle
51,76276.27627627629,7.5612,34.5274,car
8,76276.27627627629,43.506,7.5177,car
3,76376.37637637639,50.1503,24.331,bus
35,76376.37637637639,-6.4823,14.7329,car
40,76376.37637637639,-14.4778,14.6439,car
41,76376.37637637639,19.2468,4.1061,motorcycle
42,76376.37637637639,7.0643,5.1374,tricycle
43,76376.37637637639,17.1854,22.3464,motorcycle
44,76376.37637637639,1.6318,17.7193,car
45,76376.37637637639,8.0366,20.8581,motorcycle
46,76376.37637637639,34.4792,23.4609,motorcycle
47,76376.37637637639,11.372,38.0939,car
48,76376.37637637639,32.792,17.5263,car
49,76376.37637637639,-16.8132,11.3683,car
50,76376.37637637639,20.7361,-5.6215,bicycle
51,76376.37637637639,7.5015,34.0497,car
8,76376.37637637639,43.506,7.5177,car
3,76476.47647647648,50.1503,24.331,bus
35,76476.47647647648,-6.3677,14.7359,car
40,76476.47647647648,-14.3208,14.6396,car
41,76476.47647647648,18.9216,3.6141,motorcycle
42,76476.47647647648,7.1538,4.795,tricycle
43,76476.47647647648,16.9038,22.3542,motorcycle
44,76476.47647647648,1.1028,17.8774,car
45,76476.47647647648,8.0798,20.4109,motorcycle
46,76476.47647647648,34.0594,23.5252,motorcycle
47,76476.47647647648,11.3676,38.1075,car
48,76476.47647647648,32.1039,17.5326,car
49,76476.47647647648,-16.2977,11.3645,car
50,76476.47647647648,20.7445,-5.5134,bicycle
51,76476.47647647648,7.4233,33.6074,car
8,76476.47647647648,43.506,7.5177,car
3,76576.57657657658,50.1503,24.331,bus
35,76576.57657657658,-6.2498,14.739,car
40,76576.57657657658,-14.1551,14.6367,car
41,76576.57657657658,18.6223,3.1196,motorcycle
42,76576.57657657658,7.2425,4.4522,tricycle
43,76576.57657657658,16.6261,22.3606,motorcycle
44,76576.57657657658,0.5659,18.0282,car
45,76576.57657657658,8.126,19.9665,motorcycle
46,76576.57657657658,33.6406,23.59,motorcycle
47,76576.57657657658,11.364,38.1193,car
48,76576.57657657658,31.4261,17.539,car
49,76576.57657657658,-15.7816,11.3607,car
50,76576.57657657658,20.7582,-5.3559,bicycle
51,76576.57657657658,7.3367,33.1952,car
8,76576.57657657658,43.506,7.5177,car
3,76676.67667667668,50.1503,24.331,bus
35,76676.67667667668,-6.1297,14.7416,car
40,76676.67667667668,-13.9821,14.6344,car
41,76676.67667667668,18.3165,2.62,motorcycle
42,76676.67667667668,7.3306,4.105,tricycle
43,76676.67667667668,16.3509,22.3636,motorcycle
44,76676.67667667668,0.0252,18.1685,car
45,76676.67667667668,8.1663,19.5171,motorcycle
46,76676.67667667668,33.223,23.657,motorcycle
47,76676.67667667668,11.3612,38.1292,car
48,76676.67667667668,30.7591,17.5464,car
49,76676.67667667668,-15.2648,11.3564,car
50,76676.67667667668,20.7646,-5.1981,bicycle
51,76676.67667667668,7.2474,32.7889,car
8,76676.67667667668,43.506,7.5177,car
3,76776.77677677678,50.1503,24.331,bus
35,76776.77677677678,-6.0067,14.7431,car
40,76776.77677677678,-13.8061,14.6319,car
41,76776.77677677678,18.018,2.1114,motorcycle
42,76776.77677677678,7.4138,3.745,tricycle
43,76776.77677677678,16.0765,22.3625,motorcycle
44,76776.77677677678,-0.5227,18.3011,car
45,76776.77677677678,8.2091,19.058,motorcycle
46,76776.77677677678,32.804,23.7243,motorcycle
47,76776.77677677678,11.3585,38.1368,car
48,76776.77677677678,30.0988,17.5529,car
49,76776.77677677678,-14.7453,11.3518,car
50,76776.77677677678,20.7637,-5.0388,bicycle
51,76776.77677677678,7.1532,32.389,car
8,76776.77677677678,43.506,7.5177,car
3,76876.87687687688,50.1503,24.331,bus
35,76876.87687687688,-5.8819,14.7449,car
40,76876.87687687688,-13.6251,14.6303,car
41,76876.87687687688,17.7141,1.5958,motorcycle
42,76876.87687687688,7.4855,3.3975,tricycle
43,76876.87687687688,15.8489,22.4247,motorcycle
44,76876.87687687688,-1.0706,18.4346,car
45,76876.87687687688,8.253,18.5924,motorcycle
46,76876.87687687688,32.3635,23.7854,motorcycle
47,76876.87687687688,11.357,38.142,car
48,76876.87687687688,29.4453,17.5588,car
49,76876.87687687688,-14.2236,11.3477,car
50,76876.87687687688,20.7569,-4.9009,bicycle
51,76876.87687687688,7.0464,31.9978,car
8,76876.87687687688,43.506,7.5177,car
3,76976.97697697698,50.1503,24.331,bus
35,76976.97697697698,-5.756,14.7469,car
40,76976.97697697698,-13.4421,14.629,car
41,76976.97697697698,17.4054,1.0726,motorcycle
42,76976.97697697698,7.5555,3.0567,tricycle
43,76976.97697697698,15.5294,22.4511,motorcycle
44,76976.97697697698,-1.6378,18.5509,car
45,76976.97697697698,8.2964,18.1244,motorcycle
46,76976.97697697698,31.9249,23.8406,motorcycle
47,76976.97697697698,11.3562,38.1467,car
48,76976.97697697698,28.8,17.5657,car
49,76976.97697697698,-13.6998,11.3429,car
50,76976.97697697698,20.7491,-4.7666,bicycle
51,76976.97697697698,6.9307,31.6116,car
52,76976.97697697698,54.6604,18.2379,motorcycle
8,76976.97697697698,43.506,7.5177,car
3,77077.07707707708,50.1503,24.331,bus
35,77077.07707707708,-5.6277,14.749,car
40,77077.07707707708,-13.255,14.6287,car
41,77077.07707707708,17.0932,0.5585,motorcycle
42,77077.07707707708,7.6195,2.7269,tricycle
43,77077.07707707708,15.2311,22.4902,motorcycle
44,77077.07707707708,-2.2116,18.6574,car
45,77077.07707707708,8.3309,17.6559,motorcycle
46,77077.07707707708,31.4584,23.9047,motorcycle
47,77077.07707707708,11.3567,38.1497,car
48,77077.07707707708,28.1605,17.5734,car
49,77077.07707707708,-13.1726,11.3372,car
50,77077.07707707708,20.7415,-4.6273,bicycle
51,77077.07707707708,6.7992,31.2273,car
52,77077.07707707708,53.9454,18.1591,motorcycle
8,77077.07707707708,43.506,7.5177,car
3,77177.17717717717,50.1503,24.331,bus
35,77177.17717717717,-5.4963,14.7511,car
40,77177.17717717717,-13.0697,14.6292,car
41,77177.17717717717,16.7918,0.0317,motorcycle
42,77177.17717717717,7.6832,2.4048,tricycle
43,77177.17717717717,14.929,22.5339,motorcycle
44,77177.17717717717,-2.7961,18.7575,car
45,77177.17717717717,8.3656,17.1825,motorcycle
46,77177.17717717717,30.9849,23.9821,motorcycle
47,77177.17717717717,11.3574,38.1509,car
48,77177.17717717717,27.5267,17.5816,car
49,77177.17717717717,-12.6447,11.331,car
50,77177.17717717717,20.7349,-4.4969,bicycle
51,77177.17717717717,6.657,30.8601,car
52,77177.17717717717,53.2278,18.0945,motorcycle
8,77177.17717717717,43.506,7.5177,car
3,77277.27727727727,50.1503,24.331,bus
35,77277.27727727727,-5.3607,14.754,car
40,77277.27727727727,-12.8848,14.6295,car
41,77277.27727727727,16.5066,-0.4998,motorcycle
42,77277.27727727727,7.7408,2.0834,tricycle
43,77277.27727727727,14.6283,22.5836,motorcycle
44,77277.27727727727,-3.3891,18.8513,car
45,77277.27727727727,8.4005,16.7071,motorcycle
46,77277.27727727727,30.4981,24.0626,motorcycle
47,77277.27727727727,11.3575,38.1486,car
48,77277.27727727727,26.9023,17.5896,car
49,77277.27727727727,-12.1168,11.3239,car
50,77277.27727727727,20.7325,-4.3792,bicycle
51,77277.27727727727,6.5077,30.4929,car
52,77277.27727727727,52.512,18.0274,motorcycle
8,77277.27727727727,43.506,7.5177,car
3,77377.37737737737,50.1503,24.331,bus
35,77377.37737737737,-5.2201,14.7557,car
40,77377.37737737737,-12.7011,14.6284,car
41,77377.37737737737,16.2342,-1.0386,motorcycle
42,77377.37737737737,7.7901,1.7698,tricycle
43,77377.37737737737,14.3243,22.6344,motorcycle
44,77377.37737737737,-3.9877,18.9386,car
45,77377.37737737737,8.4348,16.2285,motorcycle
46,77377.37737737737,30.0097,24.1426,motorcycle
47,77377.37737737737,11.3572,38.1427,car
48,77377.37737737737,26.2894,17.5982,car
49,77377.37737737737,-11.5855,11.3156,car
50,77377.37737737737,20.7321,-4.2638,bicycle
51,77377.37737737737,6.3541,30.1278,car
52,77377.37737737737,51.7965,17.9566,motorcycle
8,77377.37737737737,43.506,7.5177,car
3,77477.47747747747,50.1503,24.331,bus
35,77477.47747747747,-5.0745,14.7578,car
40,77477.47747747747,-12.5178,14.6274,car
41,77477.47747747747,15.9807,-1.5962,motorcycle
42,77477.47747747747,7.8364,1.4577,tricycle
43,77477.47747747747,14.018,22.6861,motorcycle
44,77477.47747747747,-4.593,19.0296,car
45,77477.47747747747,8.4689,15.7437,motorcycle
46,77477.47747747747,29.5207,24.2237,motorcycle
47,77477.47747747747,11.3562,38.1361,car
48,77477.47747747747,25.6865,17.6059,car
49,77477.47747747747,-11.0516,11.3071,car
50,77477.47747747747,20.7325,-4.1438,bicycle
51,77477.47747747747,6.1861,29.7646,car
52,77477.47747747747,51.0837,17.8807,motorcycle
8,77477.47747747747,43.506,7.5177,car
3,77577.57757757758,50.1503,24.331,bus
35,77577.57757757758,-4.9248,14.7599,car
40,77577.57757757758,-12.3358,14.6258,car
41,77577.57757757758,15.7505,-2.1471,motorcycle
42,77577.57757757758,7.8757,1.1516,tricycle
43,77577.57757757758,13.7097,22.7393,motorcycle
44,77577.57757757758,-5.2094,19.113,car
45,77577.57757757758,8.5023,15.2551,motorcycle
46,77577.57757757758,29.0689,24.3063,motorcycle
47,77577.57757757758,11.3549,38.1282,car
48,77577.57757757758,25.091,17.6137,car
49,77577.57757757758,-10.5168,11.296,car
50,77577.57757757758,20.7358,-4.0298,bicycle
51,77577.57757757758,6.0069,29.3968,car
52,77577.57757757758,50.3724,17.8004,motorcycle
8,77577.57757757758,43.506,7.5177,car
3,77677.67767767768,50.1503,24.331,bus
35,77677.67767767768,-4.7728,14.7611,car
40,77677.67767767768,-12.1545,14.624,car
41,77677.67767767768,15.5024,-2.7241,motorcycle
42,77677.67767767768,7.9159,0.8395,tricycle
43,77677.67767767768,13.4017,22.7932,motorcycle
44,77677.67767767768,-5.8325,19.1873,car
45,77677.67767767768,8.5364,14.7633,motorcycle
46,77677.67767767768,28.6245,24.3791,motorcycle
47,77677.67767767768,11.3536,38.1194,car
48,77677.67767767768,24.5032,17.6226,car
49,77677.67767767768,-9.9823,11.2812,car
50,77677.67767767768,20.7414,-3.9237,bicycle
51,77677.67767767768,5.81,29.0295,car
52,77677.67767767768,49.659,17.7153,motorcycle
8,77677.67767767768,43.506,7.5177,car
3,77777.77777777778,50.1503,24.331,bus
35,77777.77777777778,-4.6199,14.7619,car
40,77777.77777777778,-11.9733,14.6216,car
41,77777.77777777778,15.2426,-3.289,motorcycle
42,77777.77777777778,7.9553,0.5333,tricycle
43,77777.77777777778,13.0974,22.8423,motorcycle
44,77777.77777777778,-6.4678,19.2657,car
45,77777.77777777778,8.5692,14.2698,motorcycle
46,77777.77777777778,28.1771,24.4514,motorcycle
47,77777.77777777778,11.3532,38.1103,car
48,77777.77777777778,23.9176,17.6317,car
49,77777.77777777778,-9.4447,11.2642,car
50,77777.77777777778,20.7467,-3.8208,bicycle
51,77777.77777777778,5.5995,28.6725,car
52,77777.77777777778,48.9455,17.6272,motorcycle
8,77777.77777777778,43.506,7.5177,car
3,77877.87787787788,50.1503,24.331,bus
35,77877.87787787788,-4.4665,14.7622,car
40,77877.87787787788,-11.793,14.6189,car
41,77877.87787787788,14.9834,-3.8596,motorcycle
42,77877.87787787788,7.9894,0.2239,tricycle
43,77877.87787787788,12.7834,22.8888,motorcycle
44,77877.87787787788,-7.1091,19.3388,car
45,77877.87787787788,8.601,13.7803,motorcycle
46,77877.87787787788,27.7252,24.5315,motorcycle
47,77877.87787787788,11.3548,38.1007,car
48,77877.87787787788,23.3337,17.6412,car
49,77877.87787787788,-8.9088,11.2468,car
50,77877.87787787788,20.7522,-3.7154,bicycle
51,77877.87787787788,5.3807,28.3291,car
52,77877.87787787788,48.2356,17.5374,motorcycle
8,77877.87787787788,43.506,7.5177,car
3,77977.97797797798,50.1503,24.331,bus
35,77977.97797797798,-4.3141,14.7617,car
40,77977.97797797798,-11.6133,14.6173,car
41,77977.97797797798,14.7214,-4.4265,motorcycle
42,77977.97797797798,8.0195,-0.0909,tricycle
43,77977.97797797798,12.4589,22.9278,motorcycle
44,77977.97797797798,-7.7601,19.4148,car
45,77977.97797797798,8.6342,13.2913,motorcycle
46,77977.97797797798,27.2598,24.6111,motorcycle
47,77977.97797797798,11.3587,38.0918,car
48,77977.97797797798,22.7539,17.6495,car
49,77977.97797797798,-8.3739,11.2291,car
50,77977.97797797798,20.7564,-3.5957,bicycle
51,77977.97797797798,5.1562,27.9912,car
52,77977.97797797798,47.525,17.4427,motorcycle
8,77977.97797797798,43.506,7.5177,car
3,78078.07807807808,50.1503,24.331,bus
35,78078.07807807808,-4.1615,14.7605,car
40,78078.07807807808,-11.4341,14.6156,car
41,78078.07807807808,14.4819,-4.9845,motorcycle
42,78078.07807807808,8.0444,-0.4114,tricycle
43,78078.07807807808,12.1149,22.9595,motorcycle
44,78078.07807807808,-8.4206,19.4811,car
45,78078.07807807808,8.6692,12.8011,motorcycle
46,78078.07807807808,26.8254,24.6769,motorcycle
47,78078.07807807808,11.3643,38.084,car
48,78078.07807807808,22.1745,17.6573,car
49,78078.07807807808,-7.8412,11.2096,car
50,78078.07807807808,20.7602,-3.4875,bicycle
51,78078.07807807808,4.9194,27.6598,car
52,78078.07807807808,46.8187,17.3432,motorcycle
8,78078.07807807808,43.506,7.5177,car
3,78178.17817817818,50.1503,24.331,bus
35,78178.17817817818,-4.0062,14.758,car
40,78178.17817817818,-11.2569,14.6147,car
41,78178.17817817818,14.2353,-5.5425,motorcycle
42,78178.17817817818,8.0636,-0.7314,tricycle
43,78178.17817817818,11.7623,22.9776,motorcycle
44,78178.17817817818,-9.0837,19.5382,car
45,78178.17817817818,8.7024,12.3092,motorcycle
46,78178.17817817818,26.4066,24.7488,motorcycle
47,78178.17817817818,11.3683,38.0772,car
48,78178.17817817818,21.5968,17.6647,car
49,78178.17817817818,-7.3125,11.1883,car
50,78178.17817817818,20.7605,-3.4114,bicycle
51,78178.17817817818,4.6734,27.3407,car
52,78178.17817817818,46.1166,17.2388,motorcycle
8,78178.17817817818,43.506,7.5177,car
3,78278.27827827827,50.1503,24.331,bus
35,78278.27827827827,-3.8505,14.755,car
40,78278.27827827827,-11.0839,14.613,car
41,78278.27827827827,14.0034,-6.1108,motorcycle
42,78278.27827827827,8.0769,-1.0476,tricycle
43,78278.27827827827,11.4317,22.9817,motorcycle
44,78278.27827827827,-9.7514,19.599,car
45,78278.27827827827,8.7355,11.807,motorcycle
46,78278.27827827827,26.0023,24.8217,motorcycle
47,78278.27827827827,11.371,38.0736,car
48,78278.27827827827,21.022,17.67,car
49,78278.27827827827,-6.7879,11.1667,car
50,78278.27827827827,20.7605,-3.3144,bicycle
51,78278.27827827827,4.4233,27.0291,car
52,78278.27827827827,45.4178,17.1318,motorcycle
8,78278.27827827827,43.506,7.5177,car
3,78378.37837837839,50.1503,24.331,bus
35,78378.37837837839,-3.696,14.7516,car
40,78378.37837837839,-10.915,14.6109,car
41,78378.37837837839,13.7881,-6.6847,motorcycle
42,78378.37837837839,8.0882,-1.3583,tricycle
43,78378.37837837839,11.0994,22.9802,motorcycle
44,78378.37837837839,-10.4287,19.6539,car
45,78378.37837837839,8.7692,11.2972,motorcycle
46,78378.37837837839,25.607,24.898,motorcycle
47,78378.37837837839,11.3727,38.0748,car
48,78378.37837837839,20.4491,17.6755,car
49,78378.37837837839,-6.2648,11.1435,car
50,78378.37837837839,20.7612,-3.2383,bicycle
51,78378.37837837839,4.1669,26.7283,car
52,78378.37837837839,44.7236,17.0221,motorcycle
8,78378.37837837839,43.506,7.5177,car
3,78478.47847847849,50.1503,24.331,bus
35,78478.47847847849,-3.543,14.7483,car
40,78478.47847847849,-10.7467,14.6091,car
41,78478.47847847849,13.5859,-7.2635,motorcycle
42,78478.47847847849,8.0961,-1.6667,tricycle
43,78478.47847847849,10.744,23.02,motorcycle
44,78478.47847847849,-11.1212,19.7145,car
45,78478.47847847849,8.8033,10.7808,motorcycle
46,78478.47847847849,25.2173,24.9846,motorcycle
47,78478.47847847849,11.373,38.0832,car
48,78478.47847847849,19.8813,17.6816,car
49,78478.47847847849,-5.7496,11.1079,car
50,78478.47847847849,20.7649,-3.1745,bicycle
51,78478.47847847849,3.9044,26.4278,car
52,78478.47847847849,44.0412,16.9133,motorcycle
8,78478.47847847849,43.506,7.5177,car
3,78578.57857857858,50.1503,24.331,bus
35,78578.57857857858,-3.3921,14.745,car
40,78578.57857857858,-10.5799,14.6078,car
42,78578.57857857858,8.1,-1.9608,tricycle
43,78578.57857857858,10.4003,23.0211,motorcycle
44,78578.57857857858,-11.818,19.7925,car
45,78578.57857857858,8.8392,10.26,motorcycle
46,78578.57857857858,24.8106,25.0766,motorcycle
47,78578.57857857858,11.3732,38.0989,car
48,78578.57857857858,19.3161,17.6899,car
49,78578.57857857858,-5.2368,11.0694,car
50,78578.57857857858,20.7702,-3.1197,bicycle
51,78578.57857857858,3.6343,26.126,car
52,78578.57857857858,43.3728,16.8074,motorcycle
8,78578.57857857858,43.506,7.5177,car
3,78678.67867867868,50.1503,24.331,bus
35,78678.67867867868,-3.2434,14.742,car
40,78678.67867867868,-10.4157,14.6057,car
42,78678.67867867868,8.1053,-2.2599,tricycle
43,78678.67867867868,10.0533,23.0193,motorcycle
44,78678.67867867868,-12.5132,19.8688,car
45,78678.67867867868,8.8765,9.7362,motorcycle
46,78678.67867867868,24.4148,25.1639,motorcycle
47,78678.67867867868,11.3727,38.1162,car
48,78678.67867867868,18.7481,17.6984,car
49,78678.67867867868,-4.726,11.0203,car
50,78678.67867867868,20.7725,-3.0534,bicycle
51,78678.67867867868,3.3542,25.8228,car
52,78678.67867867868,42.7224,16.7005,motorcycle
8,78678.67867867868,43.506,7.5177,car
3,78778.77877877878,50.1503,24.331,bus
35,78778.77877877878,-3.0934,14.7383,car
40,78778.77877877878,-10.253,14.6029,car
42,78778.77877877878,8.1119,-2.5617,tricycle
43,78778.77877877878,9.6904,23.0181,motorcycle
44,78778.77877877878,-13.2121,19.9397,car
45,78778.77877877878,8.9147,9.2094,motorcycle
46,78778.77877877878,24.0081,25.2652,motorcycle
47,78778.77877877878,11.3728,38.132,car
48,78778.77877877878,18.1785,17.7069,car
49,78778.77877877878,-4.2209,10.9592,car
50,78778.77877877878,20.7734,-2.9976,bicycle
51,78778.77877877878,3.0587,25.525,car
52,78778.77877877878,42.0563,16.5652,motorcycle
8,78778.77877877878,43.506,7.5177,car
3,78878.87887887888,50.1503,24.331,bus
35,78878.87887887888,-2.9441,14.7346,car
40,78878.87887887888,-10.0907,14.6005,car
42,78878.87887887888,8.1188,-2.8563,tricycle
43,78878.87887887888,9.3229,23.0168,motorcycle
44,78878.87887887888,-13.9122,19.9941,car
45,78878.87887887888,8.954,8.6766,motorcycle
46,78878.87887887888,23.6074,25.3717,motorcycle
47,78878.87887887888,11.3725,38.1451,car
48,78878.87887887888,17.6068,17.7151,car
49,78878.87887887888,-3.7163,10.8853,car
50,78878.87887887888,20.7727,-2.9435,bicycle
51,78878.87887887888,2.7497,25.2267,car
52,78878.87887887888,41.3971,16.3949,motorcycle
8,78878.87887887888,43.506,7.5177,car
3,78978.97897897898,50.1503,24.331,bus
35,78978.97897897898,-2.7949,14.7316,car
40,78978.97897897898,-9.9292,14.5981,car
42,78978.97897897898,8.1199,-3.1547,tricycle
43,78978.97897897898,8.9575,23.0124,motorcycle
44,78978.97897897898,-14.6219,20.0455,car
45,78978.97897897898,8.997,8.1374,motorcycle
46,78978.97897897898,23.215,25.4827,motorcycle
47,78978.97897897898,11.3724,38.1568,car
48,78978.97897897898,17.0321,17.725,car
49,78978.97897897898,-3.2175,10.7922,car
50,78978.97897897898,20.7709,-2.8895,bicycle
51,78978.97897897898,2.4205,24.9312,car
52,78978.97897897898,40.7657,16.2033,motorcycle
53,78978.97897897898,54.0799,17.5292,car
8,78978.97897897898,43.506,7.5177,car
3,79079.07907907908,50.1503,24.331,bus
35,79079.07907907908,-2.6453,14.7302,car
40,79079.07907907908,-9.7651,14.5959,car
42,79079.07907907908,8.1193,-3.4528,tricycle
43,79079.07907907908,8.5879,22.999,motorcycle
44,79079.07907907908,-15.334,20.0833,car
45,79079.07907907908,9.0423,7.5929,motorcycle
46,79079.07907907908,22.8362,25.599,motorcycle
47,79079.07907907908,11.3723,38.169,car
48,79079.07907907908,16.4529,17.7355,car
49,79079.07907907908,-2.7261,10.6888,car
50,79079.07907907908,20.7685,-2.8321,bicycle
51,79079.07907907908,2.0708,24.6417,car
52,79079.07907907908,40.1446,16.0097,motorcycle
53,79079.07907907908,53.172,17.5419,car
8,79079.07907907908,43.506,7.5177,car
3,79179.17917917919,50.1503,24.331,bus
35,79179.17917917919,-2.4943,14.7301,car
40,79179.17917917919,-9.603,14.595,car
42,79179.17917917919,8.1175,-3.7524,tricycle
43,79179.17917917919,8.216,22.9833,motorcycle
44,79179.17917917919,-16.054,20.1178,car
45,79179.17917917919,9.0879,7.0438,motorcycle
46,79179.17917917919,22.4792,25.7231,motorcycle
47,79179.17917917919,11.3718,38.1765,car
48,79179.17917917919,15.8716,17.7456,car
49,79179.17917917919,-2.2421,10.5688,car
50,79179.17917917919,20.7652,-2.7712,bicycle
51,79179.17917917919,1.7019,24.3598,car
52,79179.17917917919,39.5571,15.8393,motorcycle
53,79179.17917917919,52.265,17.5428,car
8,79179.17917917919,43.506,7.5177,car
3,79279.27927927929,50.1503,24.331,bus
35,79279.27927927929,-2.3365,14.7311,car
40,79279.27927927929,-9.4421,14.5954,car
42,79279.27927927929,8.115,-4.0551,tricycle
43,79279.27927927929,7.8431,22.9672,motorcycle
44,79279.27927927929,-16.783,20.1376,car
45,79279.27927927929,9.1364,6.4911,motorcycle
46,79279.27927927929,22.1468,25.8503,motorcycle
47,79279.27927927929,11.3714,38.1796,car
48,79279.27927927929,15.2896,17.7549,car
49,79279.27927927929,-1.7575,10.4399,car
50,79279.27927927929,20.7622,-2.7166,bicycle
51,79279.27927927929,1.314,24.0863,car
52,79279.27927927929,38.982,15.6584,motorcycle
53,79279.27927927929,51.354,17.5432,car
8,79279.27927927929,43.506,7.5177,car
3,79379.37937937939,50.1503,24.331,bus
35,79379.37937937939,-2.1723,14.7324,car
40,79379.37937937939,-9.2825,14.5963,car
42,79379.37937937939,8.1145,-4.3586,tricycle
43,79379.37937937939,7.4695,22.9497,motorcycle
44,79379.37937937939,-17.5158,20.1547,car
45,79379.37937937939,9.1955,5.9382,motorcycle
46,79379.37937937939,21.8523,25.9809,motorcycle
47,79379.37937937939,11.3717,38.1787,car
48,79379.37937937939,14.7115,17.7631,car
49,79379.37937937939,-1.2762,10.3019,car
50,79379.37937937939,20.7612,-2.6812,bicycle
51,79379.37937937939,0.9101,23.8236,car
52,79379.37937937939,38.4065,15.4829,motorcycle
53,79379.37937937939,50.444,17.5431,car
8,79379.37937937939,43.506,7.5177,car
3,79479.47947947949,50.1503,24.331,bus
35,79479.47947947949,-1.998,14.734,car
40,79479.47947947949,-9.1217,14.5977,car
42,79479.47947947949,8.1152,-4.6592,tricycle
43,79479.47947947949,7.0914,22.9309,motorcycle
44,79479.47947947949,-18.3154,20.2426,car
45,79479.47947947949,9.2522,5.3731,motorcycle
46,79479.47947947949,21.5795,26.121,motorcycle
47,79479.47947947949,11.372,38.1759,car
48,79479.47947947949,14.1377,17.7713,car
49,79479.47947947949,-0.7974,10.1458,car
50,79479.47947947949,20.7609,-2.634,bicycle
51,79479.47947947949,0.4986,23.5755,car
52,79479.47947947949,37.8389,15.3002,motorcycle
53,79479.47947947949,49.537,17.5435,car
8,79479.47947947949,43.506,7.5177,car
3,79579.57957957959,50.1503,24.331,bus
35,79579.57957957959,-1.8126,14.7357,car
40,79579.57957957959,-8.9651,14.5995,car
42,79579.57957957959,8.116,-4.9571,tricycle
43,79579.57957957959,6.7077,22.9103,motorcycle
44,79579.57957957959,-19.0604,20.2359,car
45,79579.57957957959,9.3064,4.8078,motorcycle
46,79579.57957957959,21.2991,26.2803,motorcycle
47,79579.57957957959,11.3718,38.1731,car
48,79579.57957957959,13.5646,17.78,car
49,79579.57957957959,-0.3228,9.9799,car
50,79579.57957957959,20.76,-2.6044,bicycle
51,79579.57957957959,0.0758,23.3407,car
52,79579.57957957959,37.2909,15.1031,motorcycle
53,79579.57957957959,48.6301,17.543,car
8,79579.57957957959,43.506,7.5177,car
3,79679.67967967968,50.1503,24.331,bus
35,79679.67967967968,-1.6159,14.7372,car
40,79679.67967967968,-8.8107,14.6015,car
42,79679.67967967968,8.1169,-5.2553,tricycle
43,79679.67967967968,6.3175,22.8884,motorcycle
44,79679.67967967968,-19.8105,20.2218,car
45,79679.67967967968,9.3787,4.2485,motorcycle
46,79679.67967967968,21.066,26.444,motorcycle
47,79679.67967967968,11.372,38.1727,car
48,79679.67967967968,12.9936,17.789,car
49,79679.67967967968,0.1444,9.7986,car
50,79679.67967967968,20.7603,-2.5871,bicycle
51,79679.67967967968,-0.3565,23.1178,car
52,79679.67967967968,36.7504,14.8999,motorcycle
53,79679.67967967968,47.7269,17.5403,car
8,79679.67967967968,43.506,7.5177,car
3,79779.77977977978,50.1503,24.331,bus
35,79779.77977977978,-1.4084,14.738,car
40,79779.77977977978,-8.6569,14.6033,car
42,79779.77977977978,8.1176,-5.5513,tricycle
43,79779.77977977978,5.9185,22.8642,motorcycle
45,79779.77977977978,9.4478,3.6879,motorcycle
46,79779.77977977978,20.8257,26.6193,motorcycle
47,79779.77977977978,11.3711,38.1761,car
48,79779.77977977978,12.4203,17.7981,car
49,79779.77977977978,0.6072,9.6092,car
50,79779.77977977978,20.7625,-2.5768,bicycle
51,79779.77977977978,-0.8007,22.898,car
52,79779.77977977978,36.2224,14.6908,motorcycle
53,79779.77977977978,46.8252,17.5366,car
8,79779.77977977978,43.506,7.5177,car
3,79879.87987987988,50.1503,24.331,bus
35,79879.87987987988,-1.188,14.7384,car
40,79879.87987987988,-8.5065,14.6051,car
42,79879.87987987988,8.1181,-5.8438,tricycle
43,79879.87987987988,5.5095,22.8367,motorcycle
45,79879.87987987988,9.5332,3.1297,motorcycle
46,79879.87987987988,20.5716,26.8202,motorcycle
47,79879.87987987988,11.3699,38.1812,car
48,79879.87987987988,11.8429,17.8066,car
49,79879.87987987988,1.0634,9.4125,car
50,79879.87987987988,20.7642,-2.5742,bicycle
51,79879.87987987988,-1.2647,22.6877,car
52,79879.87987987988,35.7021,14.4636,motorcycle
53,79879.87987987988,45.9268,17.5333,car
8,79879.87987987988,43.506,7.5177,car
3,79979.97997997998,50.1503,24.331,bus
35,79979.97997997998,-0.9543,14.7393,car
40,79979.97997997998,-8.3577,14.6067,car
42,79979.97997997998,8.1201,-6.1317,tricycle
43,79979.97997997998,5.0946,22.8062,motorcycle
45,79979.97997997998,9.6136,2.5666,motorcycle
46,79979.97997997998,20.3331,27.034,motorcycle
47,79979.97997997998,11.3686,38.1884,car
48,79979.97997997998,11.2627,17.8139,car
49,79979.97997997998,1.5137,9.1973,car
50,79979.97997997998,20.7645,-2.5775,bicycle
51,79979.97997997998,-1.7454,22.4909,car
52,79979.97997997998,35.1869,14.2324,motorcycle
53,79979.97997997998,45.0353,17.5308,car
8,79979.97997997998,43.506,7.5177,car
3,80080.08008008008,50.1503,24.331,bus
35,80080.08008008008,-0.7086,14.7398,car
40,80080.08008008008,-8.2123,14.6068,car
42,80080.08008008008,8.1229,-6.4182,tricycle
43,80080.08008008008,4.6697,22.767,motorcycle
45,80080.08008008008,9.7008,1.9984,motorcycle
46,80080.08008008008,20.0995,27.2579,motorcycle
47,80080.08008008008,11.3683,38.1948,car
48,80080.08008008008,10.6792,17.8198,car
49,80080.08008008008,1.9614,8.9726,car
50,80080.08008008008,20.7647,-2.5941,bicycle
51,80080.08008008008,-2.2381,22.3083,car
52,80080.08008008008,34.6722,13.9961,motorcycle
53,80080.08008008008,44.1489,17.5288,car
8,80080.08008008008,43.506,7.5177,car
3,80180.18018018018,50.1503,24.331,bus
35,80180.18018018018,-0.4522,14.74,car
40,80180.18018018018,-8.0653,14.6072,car
42,80180.18018018018,8.1266,-6.7041,tricycle
43,80180.18018018018,4.2415,22.7296,motorcycle
45,80180.18018018018,9.793,1.4322,motorcycle
46,80180.18018018018,19.8766,27.4882,motorcycle
47,80180.18018018018,11.368,38.1998,car
48,80180.18018018018,10.0904,17.8248,car
49,80180.18018018018,2.4053,8.7397,car
50,80180.18018018018,20.7633,-2.605,bicycle
51,80180.18018018018,-2.7413,22.1391,car
52,80180.18018018018,34.1632,13.7645,motorcycle
53,80180.18018018018,43.27,17.5279,car
8,80180.18018018018,43.506,7.5177,car
3,80280.28028028028,50.1503,24.331,bus
35,80280.28028028028,-0.1882,14.7407,car
40,80280.28028028028,-7.9128,14.6081,car
42,80280.28028028028,8.1311,-6.9874,tricycle
43,80280.28028028028,3.8025,22.6962,motorcycle
45,80280.28028028028,9.8816,0.8547,motorcycle
46,80280.28028028028,19.6451,27.7298,motorcycle
47,80280.28028028028,11.3681,38.2027,car
48,80280.28028028028,9.4973,17.8282,car
49,80280.28028028028,2.8459,8.4957,car
50,80280.28028028028,20.7613,-2.6155,bicycle
51,80280.28028028028,-3.2503,21.9827,car
52,80280.28028028028,33.6571,13.5228,motorcycle
53,80280.28028028028,42.3929,17.5285,car
8,80280.28028028028,43.506,7.5177,car
3,80380.38038038037,50.1503,24.331,bus
35,80380.38038038037,0.0801,14.741,car
40,80380.38038038037,-7.7532,14.6087,car
42,80380.38038038037,8.1369,-7.2721,tricycle
43,80380.38038038037,3.3614,22.6745,motorcycle
45,80380.38038038037,9.9589,0.2705,motorcycle
46,80380.38038038037,19.4049,27.9987,motorcycle
47,80380.38038038037,11.3685,38.2046,car
48,80380.38038038037,8.8999,17.8305,car
49,80380.38038038037,3.2844,8.2366,car
50,80380.38038038037,20.7582,-2.621,bicycle
51,80380.38038038037,-3.7705,21.8387,car
52,80380.38038038037,33.152,13.2811,motorcycle
53,80380.38038038037,41.5155,17.5307,car
8,80380.38038038037,43.506,7.5177,car
3,80480.48048048047,50.1503,24.331,bus
35,80480.48048048047,0.3515,14.7417,car
40,80480.48048048047,-7.589,14.61,car
43,80480.48048048047,2.9063,22.6532,motorcycle
45,80480.48048048047,10.0275,-0.2943,motorcycle
46,80480.48048048047,19.1709,28.2849,motorcycle
47,80480.48048048047,11.3687,38.2038,car
48,80480.48048048047,8.2997,17.8308,car
49,80480.48048048047,3.7256,7.9506,car
50,80480.48048048047,20.755,-2.6217,bicycle
51,80480.48048048047,-4.2981,21.6971,car
52,80480.48048048047,32.656,13.031,motorcycle
53,80480.48048048047,40.6383,17.535,car
54,80480.48048048047,54.8475,20.5653,car
8,80480.48048048047,43.506,7.5177,car
3,80580.58058058057,50.1503,24.331,bus
35,80580.58058058057,0.6227,14.7438,car
40,80580.58058058057,-7.4209,14.6117,car
43,80580.58058058057,2.4401,22.6313,motorcycle
45,80580.58058058057,10.1226,-0.858,motorcycle
46,80580.58058058057,18.9577,28.5632,motorcycle
47,80580.58058058057,11.3683,38.2012,car
48,80580.58058058057,7.6997,17.8297,car
49,80580.58058058057,4.1536,7.6464,car
50,80580.58058058057,20.7528,-2.6106,bicycle
51,80580.58058058057,-4.8448,21.5657,car
52,80580.58058058057,32.1685,12.7815,motorcycle
53,80580.58058058057,39.7622,17.542,car
54,80580.58058058057,53.9188,20.5797,car
8,80580.58058058057,43.506,7.5177,car
3,80680.68068068069,50.1503,24.331,bus
35,80680.68068068069,0.8949,14.746,car
40,80680.68068068069,-7.2497,14.6135,car
43,80680.68068068069,1.9641,22.609,motorcycle
45,80680.68068068069,10.2077,-1.4538,motorcycle
46,80680.68068068069,18.7385,28.8921,motorcycle
47,80680.68068068069,11.3671,38.1989,car
48,80680.68068068069,7.0968,17.8281,car
49,80680.68068068069,4.5803,7.3336,car
50,80680.68068068069,20.7502,-2.586,bicycle
51,80680.68068068069,-5.3991,21.4479,car
52,80680.68068068069,31.6946,12.5266,motorcycle
53,80680.68068068069,38.8852,17.5525,car
54,80680.68068068069,53.0049,20.5834,car
55,80680.68068068069,18.4709,38.4065,motorcycle
8,80680.68068068069,43.506,7.5177,car
3,80780.78078078078,50.1503,24.331,bus
35,80780.78078078078,1.1665,14.7477,car
40,80780.78078078078,-7.0723,14.6139,car
43,80780.78078078078,1.4811,22.5895,motorcycle
45,80780.78078078078,10.2659,-2.0448,motorcycle
46,80780.78078078078,18.543,29.2256,motorcycle
47,80780.78078078078,11.3664,38.1963,car
48,80780.78078078078,6.4907,17.8258,car
49,80780.78078078078,5.0018,7.0019,car
50,80780.78078078078,20.7459,-2.5764,bicycle
51,80780.78078078078,-5.9577,21.3433,car
52,80780.78078078078,31.224,12.2723,motorcycle
53,80780.78078078078,38.0119,17.5659,car
54,80780.78078078078,52.1056,20.5869,car
55,80780.78078078078,18.5734,38.0576,motorcycle
56,80780.78078078078,-16.0086,8.9848,motorcycle
8,80780.78078078078,43.506,7.5177,car
3,80880.88088088088,50.1503,24.331,bus
35,80880.88088088088,1.4377,14.7492,car
40,80880.88088088088,-6.8899,14.6132,car
43,80880.88088088088,0.9917,22.5731,motorcycle
45,80880.88088088088,10.3163,-2.6367,motorcycle
46,80880.88088088088,18.3506,29.5695,motorcycle
47,80880.88088088088,11.3654,38.1936,car
48,80880.88088088088,5.8831,17.8228,car
49,80880.88088088088,5.4144,6.6508,car
50,80880.88088088088,20.7447,-2.5712,bicycle
51,80880.88088088088,-6.527,21.2386,car
52,80880.88088088088,30.7602,12.007,motorcycle
53,80880.88088088088,37.1384,17.5811,car
54,80880.88088088088,51.2235,20.5902,car
55,80880.88088088088,18.668,37.7131,motorcycle
56,80880.88088088088,-15.3784,8.9725,motorcycle
8,80880.88088088088,43.506,7.5177,car
3,80980.98098098098,50.1503,24.331,bus
35,80980.98098098098,1.7068,14.7513,car
40,80980.98098098098,-6.7057,14.6118,car
43,80980.98098098098,0.4926,22.5603,motorcycle
45,80980.98098098098,10.3641,-3.2356,motorcycle
46,80980.98098098098,18.168,29.9281,motorcycle
47,80980.98098098098,11.3648,38.1905,car
48,80980.98098098098,5.2707,17.8191,car
49,80980.98098098098,5.8186,6.2812,car
50,80980.98098098098,20.744,-2.5756,bicycle
51,80980.98098098098,-7.1057,21.1351,car
52,80980.98098098098,30.3057,11.7332,motorcycle
53,80980.98098098098,36.2642,17.5966,car
54,80980.98098098098,50.3614,20.5925,car
55,80980.98098098098,18.7474,37.3827,motorcycle
56,80980.98098098098,-14.7468,8.9707,motorcycle
8,80980.98098098098,43.506,7.5177,car
3,81081.08108108108,50.1503,24.331,bus
35,81081.08108108108,1.9741,14.7541,car
40,81081.08108108108,-6.5187,14.6098,car
43,81081.08108108108,-0.0115,22.5505,motorcycle
45,81081.08108108108,10.4182,-3.8317,motorcycle
46,81081.08108108108,17.9954,30.301,motorcycle
47,81081.08108108108,11.3639,38.1872,car
48,81081.08108108108,4.6557,17.8143,car
49,81081.08108108108,6.2125,5.8948,car
50,81081.08108108108,20.7425,-2.5831,bicycle
51,81081.08108108108,-7.6888,21.0389,car
52,81081.08108108108,29.8576,11.4504,motorcycle
53,81081.08108108108,35.3943,17.6114,car
54,81081.08108108108,49.5207,20.5941,car
55,81081.08108108108,18.8281,37.0474,motorcycle
56,81081.08108108108,-14.1181,8.9711,motorcycle
8,81081.08108108108,43.506,7.5177,car
3,81181.18118118118,50.1503,24.331,bus
35,81181.18118118118,2.2397,14.757,car
40,81181.18118118118,-6.3271,14.6061,car
43,81181.18118118118,-0.5099,22.543,motorcycle
45,81181.18118118118,10.4657,-4.4294,motorcycle
46,81181.18118118118,17.8315,30.6835,motorcycle
47,81181.18118118118,11.3632,38.1852,car
48,81181.18118118118,4.0411,17.8083,car
49,81181.18118118118,6.5956,5.4921,car
50,81181.18118118118,20.7412,-2.6033,bicycle
51,81181.18118118118,-8.287,20.9601,car
52,81181.18118118118,29.4191,11.1593,motorcycle
53,81181.18118118118,34.5254,17.6254,car
54,81181.18118118118,48.6991,20.5946,car
55,81181.18118118118,18.9005,36.749,motorcycle
56,81181.18118118118,-13.4921,8.9738,motorcycle
8,81181.18118118118,43.506,7.5177,car
3,81281.28128128128,50.1503,24.331,bus
35,81281.28128128128,2.5019,14.7604,car
40,81281.28128128128,-6.1298,14.6023,car
43,81281.28128128128,-1.0106,22.537,motorcycle
45,81281.28128128128,10.5161,-5.0333,motorcycle
46,81281.28128128128,17.6802,31.0892,motorcycle
47,81281.28128128128,11.3628,38.1845,car
48,81281.28128128128,3.4233,17.8009,car
49,81281.28128128128,6.968,5.0714,car
50,81281.28128128128,20.7426,-2.6139,bicycle
51,81281.28128128128,-8.8995,20.8871,car
52,81281.28128128128,28.9928,10.8632,motorcycle
53,81281.28128128128,33.6603,17.6387,car
54,81281.28128128128,47.8971,20.5942,car
55,81281.28128128128,18.9706,36.375,motorcycle
56,81281.28128128128,-12.8675,8.9788,motorcycle
8,81281.28128128128,43.506,7.5177,car
3,81381.38138138138,50.1503,24.331,bus
35,81381.38138138138,2.7623,14.7647,car
40,81381.38138138138,-5.9272,14.5971,car
43,81381.38138138138,-1.5209,22.533,motorcycle
45,81381.38138138138,10.5641,-5.6341,motorcycle
46,81381.38138138138,17.5465,31.5108,motorcycle
47,81381.38138138138,11.363,38.185,car
48,81381.38138138138,2.8012,17.7927,car
49,81381.38138138138,7.3218,4.6273,car
50,81381.38138138138,20.744,-2.6241,bicycle
51,81381.38138138138,-9.5232,20.8197,car
52,81381.38138138138,28.5751,10.5613,motorcycle
53,81381.38138138138,32.7983,17.6518,car
54,81381.38138138138,47.1147,20.5928,car
55,81381.38138138138,19.02,36.0639,motorcycle
56,81381.38138138138,-12.2439,8.9859,motorcycle
8,81381.38138138138,43.506,7.5177,car
3,81481.48148148149,50.1503,24.331,bus
35,81481.48148148149,3.0194,14.7695,car
40,81481.48148148149,-5.722,14.5908,car
43,81481.48148148149,-2.0418,22.5313,motorcycle
45,81481.48148148149,10.5969,-6.233,motorcycle
46,81481.48148148149,17.4226,31.9407,motorcycle
47,81481.48148148149,11.3635,38.1845,car
48,81481.48148148149,2.172,17.784,car
49,81481.48148148149,7.6626,4.1723,car
50,81481.48148148149,20.7447,-2.629,bicycle
51,81481.48148148149,-10.1584,20.7595,car
52,81481.48148148149,28.1671,10.2651,motorcycle
53,81481.48148148149,31.9357,17.6637,car
54,81481.48148148149,46.3471,20.5911,car
55,81481.48148148149,19.0694,35.7729,motorcycle
56,81481.48148148149,-11.6218,8.9928,motorcycle
8,81481.48148148149,43.506,7.5177,car
3,81581.58158158159,50.1503,24.331,bus
35,81581.58158158159,3.2749,14.7747,car
40,81581.58158158159,-5.5134,14.584,car
43,81581.58158158159,-2.5766,22.5331,motorcycle
45,81581.58158158159,10.6264,-6.8334,motorcycle
46,81581.58158158159,17.3151,32.3835,motorcycle
47,81581.58158158159,11.3645,38.1854,car
48,81581.58158158159,1.5336,17.7738,car
49,81581.58158158159,7.9944,3.7039,car
50,81581.58158158159,20.7454,-2.6362,bicycle
51,81581.58158158159,-10.8067,20.7082,car
52,81581.58158158159,27.7672,9.9604,motorcycle
53,81581.58158158159,31.0696,17.6712,car
54,81581.58158158159,45.595,20.5887,car
55,81581.58158158159,19.1209,35.4829,motorcycle
56,81581.58158158159,-11.0016,8.9994,motorcycle
8,81581.58158158159,43.506,7.5177,car
3,81681.68168168169,50.1503,24.331,bus
35,81681.68168168169,3.5284,14.7805,car
40,81681.68168168169,-5.2983,14.5768,car
43,81681.68168168169,-3.1246,22.5574,motorcycle
45,81681.68168168169,10.6519,-7.4351,motorcycle
46,81681.68168168169,17.2264,32.8351,motorcycle
47,81681.68168168169,11.365,38.1861,car
48,81681.68168168169,0.8906,17.761,car
49,81681.68168168169,8.3223,3.2116,car
50,81681.68168168169,20.7473,-2.6459,bicycle
51,81681.68168168169,-11.4632,20.6794,car
52,81681.68168168169,27.3642,9.6505,motorcycle
53,81681.68168168169,30.2014,17.6732,car
54,81681.68168168169,44.8549,20.5856,car
55,81681.68168168169,19.1794,35.1583,motorcycle
56,81681.68168168169,-10.38,9.004,motorcycle
8,81681.68168168169,43.506,7.5177,car
3,81781.78178178178,50.1503,24.331,bus
35,81781.78178178178,3.7831,14.7868,car
40,81781.78178178178,-5.0747,14.5695,car
43,81781.78178178178,-3.6856,22.5928,motorcycle
46,81781.78178178178,17.1503,33.29,motorcycle
47,81781.78178178178,11.3649,38.185,car
48,81781.78178178178,0.2481,17.7464,car
49,81781.78178178178,8.642,2.6974,car
50,81781.78178178178,20.7505,-2.6556,bicycle
51,81781.78178178178,-12.1294,20.6581,car
52,81781.78178178178,26.9702,9.3412,motorcycle
53,81781.78178178178,29.3333,17.6681,car
54,81781.78178178178,44.1256,20.5819,car
55,81781.78178178178,19.2457,34.864,motorcycle
56,81781.78178178178,-9.7578,9.0048,motorcycle
8,81781.78178178178,43.506,7.5177,car
3,81881.88188188188,50.1503,24.331,bus
35,81881.88188188188,4.0387,14.7941,car
40,81881.88188188188,-4.8425,14.562,car
43,81881.88188188188,-4.2575,22.6454,motorcycle
46,81881.88188188188,17.0982,33.7687,motorcycle
47,81881.88188188188,11.3649,38.1827,car
48,81881.88188188188,-0.3977,17.7296,car
49,81881.88188188188,8.9485,2.1637,car
50,81881.88188188188,20.7545,-2.6656,bicycle
51,81881.88188188188,-12.811,20.641,car
52,81881.88188188188,26.5878,9.0217,motorcycle
53,81881.88188188188,28.4981,17.8168,car
54,81881.88188188188,43.4065,20.5791,car
55,81881.88188188188,19.3084,34.55,motorcycle
56,81881.88188188188,-9.1357,8.9991,motorcycle
8,81881.88188188188,43.506,7.5177,car
3,81981.98198198198,50.1503,24.331,bus
35,81981.98198198198,4.2927,14.8018,car
40,81981.98198198198,-4.6043,14.5541,car
43,81981.98198198198,-4.8304,22.7001,motorcycle
46,81981.98198198198,17.065,34.2477,motorcycle
47,81981.98198198198,11.3649,38.1799,car
48,81981.98198198198,-1.0476,17.7106,car
49,81981.98198198198,9.229,1.6093,car
50,81981.98198198198,20.7583,-2.6711,bicycle
51,81981.98198198198,-13.5053,20.6299,car
52,81981.98198198198,26.2108,8.6997,motorcycle
53,81981.98198198198,27.643,17.8717,car
54,81981.98198198198,42.6952,20.5757,car
55,81981.98198198198,19.3755,34.2444,motorcycle
56,81981.98198198198,-8.5132,8.9866,motorcycle
8,81981.98198198198,43.506,7.5177,car
3,82082.08208208208,50.1503,24.331,bus
35,82082.08208208208,4.5455,14.8089,car
40,82082.08208208208,-4.3628,14.5457,car
43,82082.08208208208,-5.4106,22.757,motorcycle
46,82082.08208208208,17.0462,34.73,motorcycle
47,82082.08208208208,11.3643,38.1773,car
48,82082.08208208208,-1.6973,17.6905,car
49,82082.08208208208,9.4916,1.0468,car
50,82082.08208208208,20.762,-2.6748,bicycle
51,82082.08208208208,-14.2089,20.6249,car
52,82082.08208208208,25.8357,8.3622,motorcycle
53,82082.08208208208,26.7899,17.934,car
54,82082.08208208208,41.9934,20.5715,car
55,82082.08208208208,19.4392,33.9732,motorcycle
56,82082.08208208208,-7.8889,8.9668,motorcycle
8,82082.08208208208,43.506,7.5177,car
3,82182.18218218218,50.1503,24.331,bus
35,82182.18218218218,4.7971,14.8165,car
40,82182.18218218218,-4.117,14.5356,car
43,82182.18218218218,-5.9958,22.8062,motorcycle
46,82182.18218218218,17.033,35.2144,motorcycle
47,82182.18218218218,11.3647,38.1749,car
48,82182.18218218218,-2.3444,17.6695,car
49,82182.18218218218,9.7419,0.4767,car
50,82182.18218218218,20.7649,-2.6756,bicycle
51,82182.18218218218,-14.9176,20.6122,car
52,82182.18218218218,25.4663,8.0125,motorcycle
53,82182.18218218218,25.9371,17.9867,car
54,82182.18218218218,41.2993,20.5667,car
55,82182.18218218218,19.5092,33.725,motorcycle
56,82182.18218218218,-7.2649,8.9385,motorcycle
8,82182.18218218218,43.506,7.5177,car
3,82282.2822822823,50.1503,24.331,bus
35,82282.2822822823,5.0459,14.8252,car
40,82282.2822822823,-3.869,14.5252,car
43,82282.2822822823,-6.595,22.8487,motorcycle
46,82282.2822822823,17.0236,35.7057,motorcycle
47,82282.2822822823,11.3657,38.1726,car
48,82282.2822822823,-2.9921,17.6475,car
49,82282.2822822823,9.9824,-0.106,car
50,82282.2822822823,20.7662,-2.6745,bicycle
51,82282.2822822823,-15.6333,20.6083,car
52,82282.2822822823,25.097,7.6504,motorcycle
53,82282.2822822823,25.086,18.0306,car
54,82282.2822822823,40.6113,20.5601,car
55,82282.2822822823,19.5775,33.4413,motorcycle
56,82282.2822822823,-6.6423,8.9001,motorcycle
8,82282.2822822823,43.506,7.5177,car
3,82382.38238238239,50.1503,24.331,bus
35,82382.38238238239,5.2932,14.8341,car
40,82382.38238238239,-3.6213,14.5129,car
43,82382.38238238239,-7.2071,22.8628,motorcycle
46,82382.38238238239,17.0123,36.2023,motorcycle
47,82382.38238238239,11.3662,38.1705,car
48,82382.38238238239,-3.6425,17.6257,car
49,82382.38238238239,10.2201,-0.6973,car
50,82382.38238238239,20.7626,-2.6561,bicycle
51,82382.38238238239,-16.3589,20.604,car
52,82382.38238238239,24.7565,7.2932,motorcycle
53,82382.38238238239,24.24,18.0697,car
54,82382.38238238239,39.9307,20.5543,car
55,82382.38238238239,19.6346,33.2141,motorcycle
56,82382.38238238239,-6.0197,8.8519,motorcycle
8,82382.38238238239,43.506,7.5177,car
3,82482.48248248249,50.1503,24.331,bus
35,82482.48248248249,5.5398,14.8432,car
40,82482.48248248249,-3.3527,14.4968,car
43,82482.48248248249,-7.8462,22.8784,motorcycle
46,82482.48248248249,17.0039,36.7039,motorcycle
47,82482.48248248249,11.3669,38.1696,car
48,82482.48248248249,-4.2917,17.6047,car
49,82482.48248248249,10.4439,-1.3102,car
50,82482.48248248249,20.7603,-2.6507,bicycle
51,82482.48248248249,-17.0887,20.5997,car
52,82482.48248248249,24.4116,6.9487,motorcycle
53,82482.48248248249,23.3995,18.107,car
54,82482.48248248249,39.2604,20.55,car
55,82482.48248248249,19.7107,32.9059,motorcycle
56,82482.48248248249,-5.3967,8.7945,motorcycle
8,82482.48248248249,43.506,7.5177,car
3,82582.58258258259,50.1503,24.331,bus
35,82582.58258258259,5.7853,14.8535,car
40,82582.58258258259,-3.0772,14.4747,car
43,82582.58258258259,-8.4725,22.8699,motorcycle
46,82582.58258258259,16.9993,37.2117,motorcycle
47,82582.58258258259,11.3668,38.169,car
48,82582.58258258259,-4.9413,17.5852,car
49,82582.58258258259,10.6393,-1.9444,car
50,82582.58258258259,20.7562,-2.6472,bicycle
51,82582.58258258259,-17.824,20.5976,car
52,82582.58258258259,24.0492,6.5667,motorcycle
53,82582.58258258259,22.5652,18.1527,car
54,82582.58258258259,38.6004,20.5455,car
55,82582.58258258259,19.7919,32.6479,motorcycle
56,82582.58258258259,-4.7761,8.7267,motorcycle
8,82582.58258258259,43.506,7.5177,car
3,82682.68268268269,50.1503,24.331,bus
35,82682.68268268269,6.0297,14.8643,car
40,82682.68268268269,-2.8021,14.4473,car
43,82682.68268268269,-9.0921,22.8647,motorcycle
46,82682.68268268269,16.9925,37.716,motorcycle
47,82682.68268268269,11.3669,38.1689,car
48,82682.68268268269,-5.5938,17.5658,car
49,82682.68268268269,10.8194,-2.5885,car
50,82682.68268268269,20.7528,-2.6474,bicycle
51,82682.68268268269,-18.5609,20.5991,car
52,82682.68268268269,23.7357,6.1918,motorcycle
53,82682.68268268269,21.7218,18.1701,car
54,82682.68268268269,37.9541,20.5399,car
55,82682.68268268269,19.8669,32.4197,motorcycle
56,82682.68268268269,-4.1579,8.6497,motorcycle
8,82682.68268268269,43.506,7.5177,car
3,82782.78278278279,50.1503,24.331,bus
35,82782.78278278279,6.272,14.8759,car
40,82782.78278278279,-2.5265,14.4159,car
43,82782.78278278279,-9.7134,22.8482,motorcycle
46,82782.78278278279,16.9948,38.2246,motorcycle
47,82782.78278278279,11.3663,38.1694,car
48,82782.78278278279,-6.2477,17.5461,car
49,82782.78278278279,10.9982,-3.2372,car
50,82782.78278278279,20.7512,-2.6485,bicycle
51,82782.78278278279,-19.2988,20.606,car
52,82782.78278278279,23.4157,5.8053,motorcycle
53,82782.78278278279,20.9118,18.3041,car
54,82782.78278278279,37.3137,20.5334,car
55,82782.78278278279,19.9464,32.1634,motorcycle
56,82782.78278278279,-3.5434,8.5606,motorcycle
8,82782.78278278279,43.506,7.5177,car
3,82882.88288288288,50.1503,24.331,bus
35,82882.88288288288,6.5084,14.8881,car
40,82882.88288288288,-2.2351,14.386,car
43,82882.88288288288,-10.3412,22.8304,motorcycle
47,82882.88288288288,11.3659,38.1704,car
48,82882.88288288288,-6.8989,17.5269,car
49,82882.88288288288,11.1631,-3.9,car
50,82882.88288288288,20.7486,-2.6502,bicycle
52,82882.88288288288,23.1019,5.392,motorcycle
53,82882.88288288288,20.0864,18.3374,car
54,82882.88288288288,36.6874,20.5274,car
55,82882.88288288288,20.0232,31.9247,motorcycle
56,82882.88288288288,-2.9333,8.4497,motorcycle
8,82882.88288288288,43.506,7.5177,car
3,82982.98298298298,50.1503,24.331,bus
35,82982.98298298298,6.7386,14.9013,car
40,82982.98298298298,-1.9341,14.3515,car
43,82982.98298298298,-10.9782,22.808,motorcycle
47,82982.98298298298,11.3657,38.1715,car
48,82982.98298298298,-7.548,17.5081,car
49,82982.98298298298,11.3089,-4.5733,car
50,82982.98298298298,20.7463,-2.6521,bicycle
52,82982.98298298298,22.8033,4.9579,motorcycle
53,82982.98298298298,19.2639,18.3608,car
54,82982.98298298298,36.074,20.5222,car
55,82982.98298298298,20.12,31.6545,motorcycle
56,82982.98298298298,-2.3355,8.3348,motorcycle
8,82982.98298298298,43.506,7.5177,car
3,83083.0830830831,50.1503,24.331,bus
35,83083.0830830831,6.9652,14.9153,car
40,83083.0830830831,-1.6284,14.3122,car
43,83083.0830830831,-11.6263,22.77,motorcycle
47,83083.0830830831,11.3657,38.172,car
48,83083.0830830831,-8.1994,17.4872,car
49,83083.0830830831,11.4468,-5.2463,car
50,83083.0830830831,20.7436,-2.6526,bicycle
52,83083.0830830831,22.5468,4.5314,motorcycle
53,83083.0830830831,18.4385,18.388,car
54,83083.0830830831,35.4724,20.5177,car
55,83083.0830830831,20.2202,31.4306,motorcycle
56,83083.0830830831,-1.7475,8.2156,motorcycle
8,83083.0830830831,43.506,7.5177,car
3,83183.1831831832,50.1503,24.331,bus
35,83183.1831831832,7.1872,14.9296,car
40,83183.1831831832,-1.3239,14.2683,car
43,83183.1831831832,-12.2847,22.7297,motorcycle
47,83183.1831831832,11.366,38.1724,car
48,83183.1831831832,-8.8546,17.4652,car
49,83183.1831831832,11.5684,-5.9267,car
50,83183.1831831832,20.7386,-2.6478,bicycle
52,83183.1831831832,22.2833,4.0961,motorcycle
53,83183.1831831832,17.6148,18.4188,car
54,83183.1831831832,34.883,20.5132,car
55,83183.1831831832,20.3346,31.1925,motorcycle
56,83183.1831831832,-1.1802,8.0868,motorcycle
8,83183.1831831832,43.506,7.5177,car
3,83283.2832832833,50.1503,24.331,bus
35,83283.2832832833,7.4065,14.9447,car
40,83283.2832832833,-1.0093,14.2232,car
43,83283.2832832833,-12.9452,22.6883,motorcycle
47,83283.2832832833,11.3659,38.1733,car
48,83283.2832832833,-9.509,17.442,car
49,83283.2832832833,11.6858,-6.6104,car
50,83283.2832832833,20.7367,-2.6429,bicycle
52,83283.2832832833,22.0313,3.6558,motorcycle
53,83283.2832832833,16.7955,18.4504,car
54,83283.2832832833,34.3074,20.5101,car
55,83283.2832832833,20.4858,30.9142,motorcycle
56,83283.2832832833,-0.5754,7.9165,motorcycle
8,83283.2832832833,43.506,7.5177,car
3,83383.38338338339,50.1503,24.331,bus
35,83383.38338338339,7.6225,14.9606,car
40,83383.38338338339,-0.6842,14.1722,car
43,83383.38338338339,-13.6153,22.6447,motorcycle
47,83383.38338338339,11.3654,38.1749,car
48,83383.38338338339,-10.1582,17.4179,car
49,83383.38338338339,11.8102,-7.2899,car
50,83383.38338338339,20.7339,-2.6326,bicycle
52,83383.38338338339,21.7881,3.2024,motorcycle
53,83383.38338338339,15.9794,18.4799,car
54,83383.38338338339,33.7476,20.5065,car
55,83383.38338338339,20.6321,30.6829,motorcycle
56,83383.38338338339,0.0036,7.7117,motorcycle
8,83383.38338338339,43.506,7.5177,car
3,83483.48348348349,50.1503,24.331,bus
35,83483.48348348349,7.8337,14.978,car
40,83483.48348348349,-0.3553,14.1219,car
43,83483.48348348349,-14.3022,22.5977,motorcycle
47,83483.48348348349,11.3642,38.1761,car
48,83483.48348348349,-10.8036,17.3935,car
50,83483.48348348349,20.7299,-2.6172,bicycle
52,83483.48348348349,21.5553,2.7432,motorcycle
53,83483.48348348349,15.1725,18.494,car
54,83483.48348348349,33.2012,20.5047,car
55,83483.48348348349,20.7806,30.4571,motorcycle
56,83483.48348348349,0.5687,7.4879,motorcycle
8,83483.48348348349,43.506,7.5177,car
3,83583.58358358359,50.1503,24.331,bus
35,83583.58358358359,8.0388,14.9977,car
40,83583.58358358359,-0.0187,14.0651,car
43,83583.58358358359,-15.0059,22.5481,motorcycle
47,83583.58358358359,11.362,38.1768,car
48,83583.58358358359,-11.4476,17.37,car
50,83583.58358358359,20.7231,-2.5991,bicycle
52,83583.58358358359,21.3133,2.2777,motorcycle
53,83583.58358358359,14.3677,18.5082,car
54,83583.58358358359,32.6649,20.505,car
55,83583.58358358359,20.9407,30.2252,motorcycle
56,83583.58358358359,1.1244,7.2283,motorcycle
8,83583.58358358359,43.506,7.5177,car
3,83683.68368368369,50.1503,24.331,bus
35,83683.68368368369,8.2388,15.0197,car
40,83683.68368368369,0.3237,14.0017,car
43,83683.68368368369,-15.722,22.4971,motorcycle
47,83683.68368368369,11.3601,38.1755,car
48,83683.68368368369,-12.0876,17.3472,car
50,83683.68368368369,20.71,-2.5886,bicycle
52,83683.68368368369,21.0753,1.7996,motorcycle
53,83683.68368368369,13.564,18.5234,car
54,83683.68368368369,32.1387,20.507,car
55,83683.68368368369,21.1137,29.9852,motorcycle
56,83683.68368368369,1.6787,6.9685,motorcycle
8,83683.68368368369,43.506,7.5177,car
3,83783.78378378379,50.1503,24.331,bus
35,83783.78378378379,8.4353,15.0446,car
40,83783.78378378379,0.6597,13.9358,car
43,83783.78378378379,-16.4397,22.4469,motorcycle
47,83783.78378378379,11.3589,38.1738,car
48,83783.78378378379,-12.7273,17.3232,car
50,83783.78378378379,20.7057,-2.5799,bicycle
52,83783.78378378379,20.8623,1.3364,motorcycle
53,83783.78378378379,12.758,18.5377,car
54,83783.78378378379,31.6213,20.5105,car
55,83783.78378378379,21.2853,29.7637,motorcycle
56,83783.78378378379,2.2338,6.6951,motorcycle
57,83783.78378378379,6.9261,38.3238,motorcycle
8,83783.78378378379,43.506,7.5177,car
3,83883.88388388389,50.1503,24.331,bus
35,83883.88388388389,8.6268,15.0725,car
40,83883.88388388389,1.0031,13.872,car
43,83883.88388388389,-17.1561,22.4001,motorcycle
47,83883.88388388389,11.3572,38.1709,car
48,83883.88388388389,-13.3687,17.2991,car
50,83883.88388388389,20.7062,-2.5809,bicycle
52,83883.88388388389,20.643,0.8887,motorcycle
53,83883.88388388389,11.9485,18.5494,car
54,83883.88388388389,31.1118,20.5171,car
55,83883.88388388389,21.4438,29.5594,motorcycle
56,83883.88388388389,2.7744,6.4156,motorcycle
57,83883.88388388389,6.8773,37.9308,motorcycle
8,83883.88388388389,43.506,7.5177,car
3,83983.98398398398,50.1503,24.331,bus
35,83983.98398398398,8.8202,15.1067,car
40,83983.98398398398,1.3453,13.8126,car
43,83983.98398398398,-17.8763,22.3593,motorcycle
47,83983.98398398398,11.3556,38.1686,car
48,83983.98398398398,-14.0089,17.277,car
50,83983.98398398398,20.7065,-2.593,bicycle
52,83983.98398398398,20.4314,0.3858,motorcycle
53,83983.98398398398,11.1392,18.5576,car
54,83983.98398398398,30.6097,20.5247,car
55,83983.98398398398,21.5929,29.3659,motorcycle
56,83983.98398398398,3.3163,6.0991,motorcycle
57,83983.98398398398,6.8265,37.5443,motorcycle
8,83983.98398398398,43.506,7.5177,car
3,84084.08408408408,50.1503,24.331,bus
35,84084.08408408408,8.9943,15.1455,car
40,84084.08408408408,1.6853,13.7565,car
43,84084.08408408408,-18.5983,22.3232,motorcycle
47,84084.08408408408,11.3537,38.1654,car
48,84084.08408408408,-14.65,17.2557,car
50,84084.08408408408,20.7064,-2.6177,bicycle
52,84084.08408408408,20.2413,-0.1241,motorcycle
53,84084.08408408408,10.3316,18.5625,car
54,84084.08408408408,30.1179,20.5344,car
55,84084.08408408408,21.7499,29.1634,motorcycle
56,84084.08408408408,3.8379,5.7544,motorcycle
57,84084.08408408408,6.767,37.1805,motorcycle
8,84084.08408408408,43.506,7.5177,car
3,84184.18418418418,50.1503,24.331,bus
35,84184.18418418418,9.1718,15.1875,car
40,84184.18418418418,2.0218,13.6965,car
43,84184.18418418418,-19.3222,22.2937,motorcycle
47,84184.18418418418,11.3514,38.1626,car
48,84184.18418418418,-15.2957,17.2351,car
50,84184.18418418418,20.7009,-2.6408,bicycle
52,84184.18418418418,20.0522,-0.6446,motorcycle
53,84184.18418418418,9.5218,18.5646,car
54,84184.18418418418,29.6393,20.5455,car
55,84184.18418418418,21.9335,28.9313,motorcycle
56,84184.18418418418,4.3441,5.3821,motorcycle
57,84184.18418418418,6.7183,36.8309,motorcycle
8,84184.18418418418,43.506,7.5177,car
3,84284.28428428428,50.1503,24.331,bus
35,84284.28428428428,9.3519,15.2342,car
40,84284.28428428428,2.361,13.6357,car
47,84284.28428428428,11.349,38.1621,car
48,84284.28428428428,-15.9451,17.2144,car
50,84284.28428428428,20.6995,-2.6537,bicycle
52,84284.28428428428,19.8861,-1.1825,motorcycle
53,84284.28428428428,8.7138,18.5641,car
54,84284.28428428428,29.171,20.5584,car
55,84284.28428428428,22.1212,28.6934,motorcycle
56,84284.28428428428,4.8275,4.974,motorcycle
57,84284.28428428428,6.6668,36.487,motorcycle
8,84284.28428428428,43.506,7.5177,car
3,84384.38438438438,50.1503,24.331,bus
35,84384.38438438438,9.5426,15.2885,car
40,84384.38438438438,2.6975,13.5752,car
47,84384.38438438438,11.347,38.1628,car
48,84384.38438438438,-16.5954,17.1933,car
50,84384.38438438438,20.6989,-2.6612,bicycle
52,84384.38438438438,19.7341,-1.7268,motorcycle
53,84384.38438438438,7.9106,18.5607,car
54,84384.38438438438,28.7151,20.5746,car
55,84384.38438438438,22.279,28.5123,motorcycle
56,84384.38438438438,5.2856,4.5492,motorcycle
57,84384.38438438438,6.6185,36.165,motorcycle
8,84384.38438438438,43.506,7.5177,car
3,84484.48448448448,50.1503,24.331,bus
35,84484.48448448448,9.726,15.3507,car
40,84484.48448448448,3.0408,13.5088,car
47,84484.48448448448,11.3466,38.1622,car
48,84484.48448448448,-17.2508,17.1718,car
50,84484.48448448448,20.6995,-2.6683,bicycle
52,84484.48448448448,19.6072,-2.2654,motorcycle
53,84484.48448448448,7.1132,18.5557,car
54,84484.48448448448,28.2679,20.6018,car
55,84484.48448448448,22.4654,28.315,motorcycle
56,84484.48448448448,5.7178,4.0977,motorcycle
57,84484.48448448448,6.5709,35.8605,motorcycle
8,84484.48448448448,43.506,7.5177,car
3,84584.58458458459,50.1503,24.331,bus
35,84584.58458458459,9.9036,15.4182,car
40,84584.58458458459,3.3848,13.4429,car
47,84584.58458458459,11.3469,38.1611,car
48,84584.58458458459,-17.9145,17.1491,car
50,84584.58458458459,20.7038,-2.6745,bicycle
52,84584.58458458459,19.4767,-2.8293,motorcycle
53,84584.58458458459,6.3195,18.5481,car
54,84584.58458458459,27.8252,20.6303,car
55,84584.58458458459,22.7292,28.0529,motorcycle
56,84584.58458458459,6.1329,3.6423,motorcycle
57,84584.58458458459,6.5296,35.5361,motorcycle
8,84584.58458458459,43.506,7.5177,car
3,84684.68468468469,50.1503,24.331,bus
35,84684.68468468469,10.0814,15.4906,car
40,84684.68468468469,3.7301,13.3791,car
47,84684.68468468469,11.3467,38.1581,car
48,84684.68468468469,-18.5826,17.1269,car
50,84684.68468468469,20.7105,-2.6794,bicycle
52,84684.68468468469,19.3656,-3.4018,motorcycle
53,84684.68468468469,5.5251,18.5384,car
54,84684.68468468469,27.3941,20.6655,car
55,84684.68468468469,23.0009,27.8442,motorcycle
56,84684.68468468469,6.5326,3.1677,motorcycle
57,84684.68468468469,6.5028,35.2272,motorcycle
8,84684.68468468469,43.506,7.5177,car
3,84784.78478478479,50.1503,24.331,bus
35,84784.78478478479,10.2617,15.569,car
40,84784.78478478479,4.0747,13.3178,car
47,84784.78478478479,11.3459,38.1523,car
48,84784.78478478479,-19.2519,17.1061,car
50,84784.78478478479,20.7191,-2.6818,bicycle
52,84784.78478478479,19.296,-3.9921,motorcycle
53,84784.78478478479,4.7317,18.5266,car
54,84784.78478478479,26.9672,20.7008,car
55,84784.78478478479,23.2667,27.6763,motorcycle
56,84784.78478478479,6.9233,2.6809,motorcycle
57,84784.78478478479,6.482,34.9265,motorcycle
8,84784.78478478479,43.506,7.5177,car
3,84884.88488488489,50.1503,24.331,bus
35,84884.88488488489,10.4442,15.6574,car
40,84884.88488488489,4.4245,13.2586,car
47,84884.88488488489,11.3456,38.1431,car
48,84884.88488488489,-19.9202,17.0869,car
50,84884.88488488489,20.7265,-2.6777,bicycle
52,84884.88488488489,19.2543,-4.5771,motorcycle
53,84884.88488488489,3.941,18.5131,car
54,84884.88488488489,26.5401,20.7456,car
55,84884.88488488489,23.5451,27.5138,motorcycle
56,84884.88488488489,7.2976,2.1806,motorcycle
57,84884.88488488489,6.4655,34.6305,motorcycle
8,84884.88488488489,43.506,7.5177,car
3,84984.98498498499,50.1503,24.331,bus
35,84984.98498498499,10.61,15.7488,car
40,84984.98498498499,4.7796,13.1999,car
47,84984.98498498499,11.3453,38.1332,car
50,84984.98498498499,20.7325,-2.6651,bicycle
52,84984.98498498499,19.2276,-5.164,motorcycle
53,84984.98498498499,3.1511,18.497,car
54,84984.98498498499,26.1113,20.8025,car
55,84984.98498498499,23.8279,27.3664,motorcycle
56,84984.98498498499,7.6319,1.6615,motorcycle
57,84984.98498498499,6.4561,34.3551,motorcycle
8,84984.98498498499,43.506,7.5177,car
3,85085.08508508508,50.1503,24.331,bus
35,85085.08508508508,10.7678,15.8421,car
40,85085.08508508508,5.1376,13.1423,car
47,85085.08508508508,11.3452,38.1227,car
50,85085.08508508508,20.7358,-2.6475,bicycle
52,85085.08508508508,19.2196,-5.7533,motorcycle
53,85085.08508508508,2.3617,18.479,car
54,85085.08508508508,25.7099,20.8737,car
55,85085.08508508508,24.1111,27.2272,motorcycle
56,85085.08508508508,7.9517,1.1339,motorcycle
57,85085.08508508508,6.4438,34.0965,motorcycle
8,85085.08508508508,43.506,7.5177,car
3,85185.18518518518,50.1503,24.331,bus
35,85185.18518518518,10.909,15.9352,car
40,85185.18518518518,5.4999,13.0865,car
47,85185.18518518518,11.3456,38.1124,car
50,85185.18518518518,20.7311,-2.635,bicycle
52,85185.18518518518,19.2231,-6.3409,motorcycle
53,85185.18518518518,1.5726,18.4593,car
54,85185.18518518518,25.3106,20.9475,car
55,85185.18518518518,24.3932,27.0884,motorcycle
56,85185.18518518518,8.2433,0.5781,motorcycle
57,85185.18518518518,6.4317,33.8557,motorcycle
8,85185.18518518518,43.506,7.5177,car
3,85285.28528528528,50.1503,24.331,bus
35,85285.28528528528,11.0407,16.0291,car
40,85285.28528528528,5.8618,13.0399,car
47,85285.28528528528,11.345,38.1035,car
50,85285.28528528528,20.7305,-2.6275,bicycle
52,85285.28528528528,19.2435,-6.9284,motorcycle
53,85285.28528528528,0.785,18.4381,car
54,85285.28528528528,24.9193,21.0281,car
55,85285.28528528528,24.6589,26.9592,motorcycle
56,85285.28528528528,8.5098,0.0103,motorcycle
57,85285.28528528528,6.418,33.6075,motorcycle
8,85285.28528528528,43.506,7.5177,car
3,85385.3853853854,50.1503,24.331,bus
35,85385.3853853854,11.1752,16.1283,car
40,85385.3853853854,6.2309,12.9933,car
47,85385.3853853854,11.3439,38.0972,car
50,85385.3853853854,20.7311,-2.6239,bicycle
53,85385.3853853854,-0.001,18.4149,car
54,85385.3853853854,24.5358,21.117,car
55,85385.3853853854,24.8951,26.8376,motorcycle
56,85385.3853853854,8.7416,-0.5641,motorcycle
57,85385.3853853854,6.4021,33.358,motorcycle
59,85385.3853853854,54.4216,20.2795,car
8,85385.3853853854,43.506,7.5177,car
3,85485.4854854855,50.1503,24.331,bus
35,85485.4854854855,11.3008,16.2285,car
40,85485.4854854855,6.6014,12.9473,car
47,85485.4854854855,11.3429,38.0933,car
50,85485.4854854855,20.7327,-2.6259,bicycle
53,85485.4854854855,-0.7861,18.3898,car
54,85485.4854854855,24.1594,21.215,car
55,85485.4854854855,25.1536,26.6956,motorcycle
56,85485.4854854855,8.9654,-1.1421,motorcycle
57,85485.4854854855,6.3898,33.1338,motorcycle
59,85485.4854854855,53.7705,20.3143,car
8,85485.4854854855,43.506,7.5177,car
3,85585.58558558559,50.1503,24.331,bus
35,85585.58558558559,11.4215,16.3319,car
40,85585.58558558559,6.9901,12.9066,car
47,85585.58558558559,11.3421,38.0909,car
50,85585.58558558559,20.7351,-2.6311,bicycle
53,85585.58558558559,-1.5709,18.364,car
54,85585.58558558559,23.7918,21.322,car
55,85585.58558558559,25.4103,26.5379,motorcycle
56,85585.58558558559,9.1672,-1.7279,motorcycle
57,85585.58558558559,6.3827,32.8917,motorcycle
59,85585.58558558559,53.1306,20.3302,car
8,85585.58558558559,43.506,7.5177,car
3,85685.68568568569,50.1503,24.331,bus
35,85685.68568568569,11.5443,16.4421,car
40,85685.68568568569,7.3853,12.8741,car
47,85685.68568568569,11.341,38.0892,car
50,85685.68568568569,20.7383,-2.6377,bicycle
53,85685.68568568569,-2.3547,18.3365,car
54,85685.68568568569,23.4335,21.4395,car
55,85685.68568568569,25.6523,26.3785,motorcycle
56,85685.68568568569,9.355,-2.3216,motorcycle
57,85685.68568568569,6.3815,32.6501,motorcycle
58,85685.68568568569,16.5013,-7.4098,car
59,85685.68568568569,52.5016,20.3325,car
8,85685.68568568569,43.506,7.5177,car
3,85785.78578578579,50.1503,24.331,bus
35,85785.78578578579,11.6629,16.5563,car
40,85785.78578578579,7.7868,12.8404,car
47,85785.78578578579,11.3401,38.0891,car
50,85785.78578578579,20.7425,-2.6524,bicycle
53,85785.78578578579,-3.1364,18.3062,car
54,85785.78578578579,23.0798,21.5749,car
55,85785.78578578579,25.8944,26.216,motorcycle
56,85785.78578578579,9.5102,-2.9562,motorcycle
57,85785.78578578579,6.3839,32.4242,motorcycle
58,85785.78578578579,16.5023,-7.3083,car
59,85785.78578578579,51.8862,20.3363,car
8,85785.78578578579,43.506,7.5177,car
3,85885.88588588589,50.1503,24.331,bus
35,85885.88588588589,11.7817,16.6766,car
40,85885.88588588589,8.2007,12.8115,car
47,85885.88588588589,11.3394,38.0885,car
50,85885.88588588589,20.7473,-2.6722,bicycle
53,85885.88588588589,-3.9169,18.2723,car
54,85885.88588588589,22.7538,21.7191,car
55,85885.88588588589,26.1482,26.0401,motorcycle
56,85885.88588588589,9.6122,-3.5895,motorcycle
57,85885.88588588589,6.3851,32.2058,motorcycle
58,85885.88588588589,16.5024,-7.2108,car
59,85885.88588588589,51.2817,20.3413,car
8,85885.88588588589,43.506,7.5177,car
3,85985.98598598599,50.1503,24.331,bus
35,85985.98598598599,11.8953,16.7989,car
40,85985.98598598599,8.6202,12.788,car
47,85985.98598598599,11.3398,38.0885,car
50,85985.98598598599,20.7523,-2.694,bicycle
53,85985.98598598599,-4.6994,18.2353,car
54,85985.98598598599,22.4365,21.8689,car
55,85985.98598598599,26.3961,25.8643,motorcycle
56,85985.98598598599,9.683,-4.2157,motorcycle
57,85985.98598598599,6.387,31.9953,motorcycle
58,85985.98598598599,16.5025,-7.1134,car
59,85985.98598598599,50.6835,20.3462,car
8,85985.98598598599,43.506,7.5177,car
3,86086.08608608608,50.1503,24.331,bus
35,86086.08608608608,12.0108,16.9278,car
40,86086.08608608608,9.0474,12.7606,car
47,86086.08608608608,11.3419,38.0867,car
50,86086.08608608608,20.7519,-2.7097,bicycle
53,86086.08608608608,-5.481,18.1964,car
54,86086.08608608608,22.1303,22.0261,car
55,86086.08608608608,26.6368,25.6958,motorcycle
56,86086.08608608608,9.7388,-4.8429,motorcycle
57,86086.08608608608,6.387,31.7875,motorcycle
58,86086.08608608608,16.5028,-7.0173,car
59,86086.08608608608,50.0945,20.3499,car
8,86086.08608608608,43.506,7.5177,car
3,86186.1861861862,50.1503,24.331,bus
35,86186.1861861862,12.1225,17.0615,car
40,86186.1861861862,9.4872,12.7368,car
47,86186.1861861862,11.3446,38.0874,car
50,86186.1861861862,20.7562,-2.708,bicycle
53,86186.1861861862,-6.2606,18.1553,car
54,86186.1861861862,21.8334,22.1979,car
55,86186.1861861862,26.8651,25.5392,motorcycle
56,86186.1861861862,9.7849,-5.4634,motorcycle
57,86186.1861861862,6.3861,31.5835,motorcycle
58,86186.1861861862,16.5038,-6.925,car
59,86186.1861861862,49.5158,20.3535,car
8,86186.1861861862,43.506,7.5177,car
3,86286.2862862863,50.1503,24.331,bus
35,86286.2862862863,12.2274,17.1959,car
40,86286.2862862863,9.9371,12.718,car
47,86286.2862862863,11.347,38.0906,car
50,86286.2862862863,20.7567,-2.6876,bicycle
53,86286.2862862863,-7.0372,18.1127,car
54,86286.2862862863,21.548,22.3826,car
55,86286.2862862863,27.0909,25.3872,motorcycle
56,86286.2862862863,9.8154,-6.083,motorcycle
57,86286.2862862863,6.3842,31.3822,motorcycle
58,86286.2862862863,16.5046,-6.8388,car
59,86286.2862862863,48.9475,20.356,car
8,86286.2862862863,43.506,7.5177,car
3,86386.3863863864,50.1503,24.331,bus
35,86386.3863863864,12.3363,17.3407,car
40,86386.3863863864,10.401,12.6955,car
47,86386.3863863864,11.35,38.0952,car
50,86386.3863863864,20.7537,-2.6699,bicycle
53,86386.3863863864,-7.8096,18.0683,car
54,86386.3863863864,21.2717,22.5823,car
55,86386.3863863864,27.3484,25.2287,motorcycle
56,86386.3863863864,9.8363,-6.701,motorcycle
57,86386.3863863864,6.3818,31.1831,motorcycle
58,86386.3863863864,16.5062,-6.7585,car
59,86386.3863863864,48.3882,20.3576,car
8,86386.3863863864,43.506,7.5177,car
3,86486.4864864865,50.1503,24.331,bus
35,86486.4864864865,12.4443,17.4933,car
40,86486.4864864865,10.8751,12.6768,car
47,86486.4864864865,11.3541,38.1017,car
50,86486.4864864865,20.7538,-2.6575,bicycle
53,86486.4864864865,-8.5806,18.0236,car
54,86486.4864864865,21.0007,22.7973,car
55,86486.4864864865,27.6309,25.0741,motorcycle
56,86486.4864864865,9.8412,-7.3193,motorcycle
57,86486.4864864865,6.3789,30.9871,motorcycle
58,86486.4864864865,16.5091,-6.6844,car
59,86486.4864864865,47.8355,20.3583,car
8,86486.4864864865,43.506,7.5177,car
3,86586.58658658659,50.1503,24.331,bus
35,86586.58658658659,12.5515,17.6528,car
40,86586.58658658659,11.3537,12.664,car
47,86586.58658658659,11.3587,38.1097,car
50,86586.58658658659,20.7564,-2.6461,bicycle
53,86586.58658658659,-9.3508,17.9799,car
54,86586.58658658659,20.7498,23.0211,car
55,86586.58658658659,27.8525,24.9565,motorcycle
57,86586.58658658659,6.3761,30.7895,motorcycle
58,86586.58658658659,16.5126,-6.6189,car
59,86586.58658658659,47.2857,20.367,car
8,86586.58658658659,43.506,7.5177,car
3,86686.68668668669,50.1503,24.331,bus
35,86686.68668668669,12.6566,17.8185,car
40,86686.68668668669,11.8398,12.6495,car
47,86686.68668668669,11.3618,38.1202,car
50,86686.68668668669,20.7596,-2.6351,bicycle
53,86686.68668668669,-10.1201,17.9357,car
54,86686.68668668669,20.5154,23.2491,car
55,86686.68668668669,28.107,24.8199,motorcycle
57,86686.68668668669,6.3745,30.5909,motorcycle
58,86686.68668668669,16.5164,-6.5625,car
59,86686.68668668669,46.7424,20.3732,car
8,86686.68668668669,43.506,7.5177,car
3,86786.78678678679,50.1503,24.331,bus
35,86786.78678678679,12.7599,17.993,car
40,86786.78678678679,12.344,12.6423,car
47,86786.78678678679,11.3653,38.1321,car
50,86786.78678678679,20.7629,-2.633,bicycle
53,86786.78678678679,-10.8881,17.8911,car
54,86786.78678678679,20.2896,23.4867,car
55,86786.78678678679,28.3622,24.6876,motorcycle
57,86786.78678678679,6.3749,30.3945,motorcycle
58,86786.78678678679,16.5196,-6.515,car
59,86786.78678678679,46.2033,20.3754,car
8,86786.78678678679,43.506,7.5177,car
3,86886.8868868869,50.1503,24.331,bus
35,86886.8868868869,12.859,18.1738,car
40,86886.8868868869,12.8538,12.6405,car
47,86886.8868868869,11.371,38.1417,car
50,86886.8868868869,20.7665,-2.6403,bicycle
53,86886.8868868869,-11.6565,17.8458,car
54,86886.8868868869,20.0806,23.7344,car
55,86886.8868868869,28.6362,24.5516,motorcycle
57,86886.8868868869,6.3772,30.1999,motorcycle
58,86886.8868868869,16.5227,-6.4757,car
59,86886.8868868869,45.6695,20.3742,car
8,86886.8868868869,43.506,7.5177,car
3,86986.986986987,50.1503,24.331,bus
35,86986.986986987,12.9565,18.3605,car
40,86986.986986987,13.3818,12.6351,car
47,86986.986986987,11.3774,38.1497,car
50,86986.986986987,20.7606,-2.6507,bicycle
53,86986.986986987,-12.4199,17.7973,car
54,86986.986986987,19.8821,23.9894,car
55,86986.986986987,28.9213,24.4241,motorcycle
57,86986.986986987,6.382,30.0082,motorcycle
58,86986.986986987,16.527,-6.4481,car
59,86986.986986987,45.1475,20.3718,car
8,86986.986986987,43.506,7.5177,car
3,87087.0870870871,50.1503,24.331,bus
35,87087.0870870871,13.0504,18.5489,car
40,87087.0870870871,13.9216,12.6237,car
47,87087.0870870871,11.3809,38.1785,car
50,87087.0870870871,20.7593,-2.6632,bicycle
53,87087.0870870871,-13.1807,17.7346,car
54,87087.0870870871,19.7007,24.2507,car
55,87087.0870870871,29.2314,24.2993,motorcycle
57,87087.0870870871,6.3864,29.8131,motorcycle
58,87087.0870870871,16.5292,-6.4123,car
59,87087.0870870871,44.6354,20.3766,car
8,87087.0870870871,43.506,7.5177,car
3,87187.1871871872,50.1503,24.331,bus
35,87187.1871871872,13.1383,18.7366,car
40,87187.1871871872,14.4701,12.6082,car
47,87187.1871871872,11.3879,38.2072,car
50,87187.1871871872,20.7599,-2.6759,bicycle
53,87187.1871871872,-13.937,17.6764,car
54,87187.1871871872,19.5251,24.5231,car
55,87187.1871871872,29.5371,24.1997,motorcycle
57,87187.1871871872,6.3912,29.624,motorcycle
58,87187.1871871872,16.5316,-6.3837,car
59,87187.1871871872,44.1325,20.3814,car
8,87187.1871871872,43.506,7.5177,car
3,87287.2872872873,50.1503,24.331,bus
35,87287.2872872873,13.2281,18.9364,car
40,87287.2872872873,15.0241,12.59,car
47,87287.2872872873,11.3917,38.2377,car
50,87287.2872872873,20.7622,-2.6919,bicycle
53,87287.2872872873,-14.6923,17.6249,car
54,87287.2872872873,19.3475,24.8133,car
55,87287.2872872873,29.8681,24.107,motorcycle
57,87287.2872872873,6.3946,29.4404,motorcycle
58,87287.2872872873,16.5322,-6.355,car
59,87287.2872872873,43.6391,20.3923,car
60,87287.2872872873,-19.9937,14.0133,car
8,87287.2872872873,43.506,7.5177,car
3,87387.3873873874,50.1503,24.331,bus
35,87387.3873873874,13.3155,19.1448,car
40,87387.3873873874,15.5858,12.5713,car
47,87387.3873873874,11.3908,38.2535,car
50,87387.3873873874,20.7664,-2.7015,bicycle
53,87387.3873873874,-15.4409,17.5906,car
54,87387.3873873874,19.1779,25.119,car
55,87387.3873873874,30.2565,24.0299,motorcycle
57,87387.3873873874,6.3983,29.2605,motorcycle
58,87387.3873873874,16.531,-6.3338,car
59,87387.3873873874,43.1526,20.3998,car
60,87387.3873873874,-19.2388,14.0364,car
8,87387.3873873874,43.506,7.5177,car
3,87487.4874874875,50.1503,24.331,bus
35,87487.4874874875,13.3994,19.3588,car
40,87487.4874874875,16.1567,12.5508,car
47,87487.4874874875,11.39,38.2613,car
50,87487.4874874875,20.7702,-2.7075,bicycle
53,87487.4874874875,-16.1916,17.5547,car
54,87487.4874874875,19.0257,25.4276,car
55,87487.4874874875,30.6074,23.9912,motorcycle
57,87487.4874874875,6.4036,29.0814,motorcycle
58,87487.4874874875,16.5294,-6.3173,car
59,87487.4874874875,42.6725,20.4048,car
60,87487.4874874875,-18.4841,14.0488,car
8,87487.4874874875,43.506,7.5177,car
3,87587.5875875876,50.1503,24.331,bus
35,87587.5875875876,13.4784,19.5762,car
40,87587.5875875876,16.7369,12.5287,car
47,87587.5875875876,11.3895,38.2631,car
50,87587.5875875876,20.7724,-2.7101,bicycle
53,87587.5875875876,-16.9424,17.5173,car
54,87587.5875875876,18.881,25.7392,car
55,87587.5875875876,30.9323,23.9636,motorcycle
57,87587.5875875876,6.409,28.9021,motorcycle
58,87587.5875875876,16.5278,-6.3046,car
59,87587.5875875876,42.1988,20.408,car
60,87587.5875875876,-17.7304,14.0458,car
8,87587.5875875876,43.506,7.5177,car
3,87687.68768768769,50.1503,24.331,bus
35,87687.68768768769,13.5579,19.8006,car
40,87687.68768768769,17.3254,12.5037,car
47,87687.68768768769,11.3896,38.262,car
50,87687.68768768769,20.7757,-2.712,bicycle
53,87687.68768768769,-17.6922,17.4821,car
54,87687.68768768769,18.7392,26.0607,car
55,87687.68768768769,31.2545,23.938,motorcycle
57,87687.68768768769,6.4138,28.7224,motorcycle
58,87687.68768768769,16.5258,-6.2942,car
59,87687.68768768769,41.734,20.4109,car
60,87687.68768768769,-16.9742,14.0451,car
8,87687.68768768769,43.506,7.5177,car
3,87787.78778778779,50.1503,24.331,bus
35,87787.78778778779,13.6311,20.0277,car
40,87787.78778778779,17.9228,12.4785,car
47,87787.78778778779,11.389,38.2607,car
50,87787.78778778779,20.7793,-2.7183,bicycle
53,87787.78778778779,-18.4408,17.4639,car
54,87787.78778778779,18.5944,26.4034,car
55,87787.78778778779,31.5741,23.9123,motorcycle
57,87787.78778778779,6.4179,28.5428,motorcycle
58,87787.78778778779,16.525,-6.2865,car
59,87787.78778778779,41.2782,20.4131,car
60,87787.78778778779,-16.2169,14.0473,car
8,87787.78778778779,43.506,7.5177,car
3,87887.88788788789,50.1503,24.331,bus
35,87887.88788788789,13.6999,20.2562,car
40,87887.88788788789,18.5278,12.4522,car
47,87887.88788788789,11.3876,38.26,car
50,87887.88788788789,20.7841,-2.7264,bicycle
53,87887.88788788789,-19.1898,17.4503,car
54,87887.88788788789,18.4471,26.7722,car
55,87887.88788788789,31.8922,23.892,motorcycle
57,87887.88788788789,6.4215,28.3659,motorcycle
58,87887.88788788789,16.5245,-6.2829,car
59,87887.88788788789,40.8314,20.4155,car
60,87887.88788788789,-15.4591,14.049,car
8,87887.88788788789,43.506,7.5177,car
3,87987.98798798799,50.1503,24.331,bus
35,87987.98798798799,13.7691,20.4948,car
40,87987.98798798799,19.145,12.425,car
47,87987.98798798799,11.3863,38.2604,car
50,87987.98798798799,20.7851,-2.7164,bicycle
53,87987.98798798799,-19.9374,17.4538,car
54,87987.98798798799,18.2986,27.1602,car
55,87987.98798798799,32.2204,23.8737,motorcycle
57,87987.98798798799,6.4245,28.1927,motorcycle
58,87987.98798798799,16.5247,-6.282,car
59,87987.98798798799,40.3944,20.4181,car
60,87987.98798798799,-14.6986,14.0509,car
8,87987.98798798799,43.506,7.5177,car
3,88088.08808808809,50.1503,24.331,bus
35,88088.08808808809,13.8416,20.751,car
40,88088.08808808809,19.7759,12.3973,car
47,88088.08808808809,11.3845,38.2621,car
50,88088.08808808809,20.785,-2.6907,bicycle
54,88088.08808808809,18.1532,27.561,car
55,88088.08808808809,32.5361,23.8507,motorcycle
57,88088.08808808809,6.4263,28.0251,motorcycle
58,88088.08808808809,16.5248,-6.2823,car
59,88088.08808808809,39.9682,20.4221,car
60,88088.08808808809,-13.9324,14.0526,car
8,88088.08808808809,43.506,7.5177,car
3,88188.18818818819,50.1503,24.331,bus
35,88188.18818818819,13.9104,21.0183,car
40,88188.18818818819,20.4167,12.3686,car
47,88188.18818818819,11.3839,38.263,car
50,88188.18818818819,20.7813,-2.6692,bicycle
54,88188.18818818819,18.0088,27.9784,car
55,88188.18818818819,32.8563,23.8299,motorcycle
57,88188.18818818819,6.4275,27.8623,motorcycle
58,88188.18818818819,16.5252,-6.2843,car
59,88188.18818818819,39.5483,20.4282,car
60,88188.18818818819,-13.1633,14.0548,car
8,88188.18818818819,43.506,7.5177,car
3,88288.28828828828,50.1503,24.331,bus
35,88288.28828828828,13.9743,21.2914,car
40,88288.28828828828,21.0691,12.3405,car
47,88288.28828828828,11.3838,38.2621,car
50,88288.28828828828,20.7802,-2.6528,bicycle
54,88288.28828828828,17.8584,28.4151,car
55,88288.28828828828,33.1817,23.8076,motorcycle
57,88288.28828828828,6.4275,27.7059,motorcycle
58,88288.28828828828,16.5256,-6.2879,car
59,88288.28828828828,39.1293,20.437,car
60,88288.28828828828,-12.3878,14.0572,car
8,88288.28828828828,43.506,7.5177,car
3,88388.38838838838,50.1503,24.331,bus
35,88388.38838838838,14.0376,21.5657,car
40,88388.38838838838,21.7346,12.3126,car
47,88388.38838838838,11.3831,38.2609,car
50,88388.38838838838,20.7803,-2.6393,bicycle
54,88388.38838838838,17.7084,28.8601,car
55,88388.38838838838,33.5062,23.7841,motorcycle
57,88388.38838838838,6.427,27.5564,motorcycle
58,88388.38838838838,16.5264,-6.2927,car
59,88388.38838838838,38.7128,20.4489,car
60,88388.38838838838,-11.605,14.0585,car
8,88388.38838838838,43.506,7.5177,car
3,88488.4884884885,50.1503,24.331,bus
35,88488.4884884885,14.0957,21.8365,car
40,88488.4884884885,22.4113,12.2834,car
47,88488.4884884885,11.3818,38.2591,car
50,88488.4884884885,20.781,-2.6303,bicycle
54,88488.4884884885,17.5635,29.3305,car
55,88488.4884884885,33.8256,23.7598,motorcycle
57,88488.4884884885,6.4243,27.4139,motorcycle
58,88488.4884884885,16.5269,-6.2957,car
59,88488.4884884885,38.3001,20.4636,car
60,88488.4884884885,-10.8145,14.0624,car
8,88488.4884884885,43.506,7.5177,car
3,88588.5885885886,50.1503,24.331,bus
35,88588.5885885886,14.1534,22.1126,car
40,88588.5885885886,23.0973,12.2546,car
47,88588.5885885886,11.3807,38.2566,car
50,88588.5885885886,20.7815,-2.628,bicycle
54,88588.5885885886,17.4175,29.8222,car
55,88588.5885885886,34.1398,23.7342,motorcycle
57,88588.5885885886,6.4203,27.2795,motorcycle
58,88588.5885885886,16.5274,-6.2981,car
59,88588.5885885886,37.8903,20.4795,car
60,88588.5885885886,-10.0194,14.0812,car
8,88588.5885885886,43.506,7.5177,car
3,88688.6886886887,50.1503,24.331,bus
35,88688.6886886887,14.2163,22.4047,car
40,88688.6886886887,23.7909,12.2253,car
47,88688.6886886887,11.3795,38.2541,car
50,88688.6886886887,20.7812,-2.6295,bicycle
54,88688.6886886887,17.2754,30.3233,car
55,88688.6886886887,34.4454,23.7044,motorcycle
57,88688.6886886887,6.4149,27.154,motorcycle
58,88688.6886886887,16.5277,-6.3008,car
59,88688.6886886887,37.4828,20.4978,car
60,88688.6886886887,-9.2173,14.0965,car
8,88688.6886886887,43.506,7.5177,car
3,88788.78878878879,50.1503,24.331,bus
35,88788.78878878879,14.2806,22.7111,car
40,88788.78878878879,24.4984,12.1966,car
47,88788.78878878879,11.3778,38.253,car
50,88788.78878878879,20.7793,-2.6355,bicycle
54,88788.78878878879,17.1435,30.8522,car
55,88788.78878878879,34.771,23.6644,motorcycle
57,88788.78878878879,6.4089,27.0389,motorcycle
58,88788.78878878879,16.5274,-6.3028,car
59,88788.78878878879,37.0782,20.5176,car
60,88788.78878878879,-8.4098,14.107,car
8,88788.78878878879,43.506,7.5177,car
3,88888.88888888889,50.1503,24.331,bus
35,88888.88888888889,14.3444,23.0326,car
40,88888.88888888889,25.2245,12.1689,car
47,88888.88888888889,11.3762,38.2516,car
50,88888.88888888889,20.7766,-2.6374,bicycle
54,88888.88888888889,17.0273,31.3901,car
55,88888.88888888889,35.1235,23.608,motorcycle
57,88888.88888888889,6.4034,26.9355,motorcycle
58,88888.88888888889,16.5273,-6.3042,car
59,88888.88888888889,36.6793,20.5398,car
60,88888.88888888889,-7.5942,14.1143,car
8,88888.88888888889,43.506,7.5177,car
3,88988.98898898899,50.1503,24.331,bus
35,88988.98898898899,14.4047,23.3692,car
40,88988.98898898899,25.9673,12.1427,car
47,88988.98898898899,11.374,38.2487,car
50,88988.98898898899,20.7738,-2.6378,bicycle
54,88988.98898898899,16.9143,31.9399,car
55,88988.98898898899,35.453,23.5398,motorcycle
57,88988.98898898899,6.3991,26.845,motorcycle
58,88988.98898898899,16.5269,-6.3054,car
59,88988.98898898899,36.286,20.5644,car
60,88988.98898898899,-6.77,14.1205,car
8,88988.98898898899,43.506,7.5177,car
3,89089.08908908909,50.1503,24.331,bus
35,89089.08908908909,14.461,23.7174,car
40,89089.08908908909,26.7288,12.118,car
47,89089.08908908909,11.3727,38.2443,car
50,89089.08908908909,20.7713,-2.6385,bicycle
54,89089.08908908909,16.8018,32.5024,car
55,89089.08908908909,35.7404,23.4708,motorcycle
57,89089.08908908909,6.395,26.7658,motorcycle
58,89089.08908908909,16.5263,-6.3072,car
59,89089.08908908909,35.8968,20.5914,car
60,89089.08908908909,-5.9453,14.1257,car
8,89089.08908908909,43.506,7.5177,car
3,89189.18918918919,50.1503,24.331,bus
35,89189.18918918919,14.5123,24.0757,car
40,89189.18918918919,27.5037,12.0954,car
47,89189.18918918919,11.3706,38.2361,car
50,89189.18918918919,20.7695,-2.6389,bicycle
54,89189.18918918919,16.6888,33.0804,car
55,89189.18918918919,36.0484,23.4044,motorcycle
57,89189.18918918919,6.3914,26.6975,motorcycle
58,89189.18918918919,16.5258,-6.3085,car
59,89189.18918918919,35.5101,20.6216,car
60,89189.18918918919,-5.1237,14.1307,car
8,89189.18918918919,43.506,7.5177,car
3,89289.2892892893,50.1503,24.331,bus
35,89289.2892892893,14.5593,24.4427,car
40,89289.2892892893,28.2907,12.0743,car
47,89289.2892892893,11.3676,38.2252,car
50,89289.2892892893,20.7675,-2.6421,bicycle
54,89289.2892892893,16.5687,33.6679,car
55,89289.2892892893,36.3504,23.3314,motorcycle
57,89289.2892892893,6.388,26.6376,motorcycle
58,89289.2892892893,16.5244,-6.3092,car
59,89289.2892892893,35.1134,20.6603,car
60,89289.2892892893,-4.3075,14.1363,car
8,89289.2892892893,43.506,7.5177,car
3,89389.3893893894,50.1503,24.331,bus
35,89389.3893893894,14.6043,24.8199,car
40,89389.3893893894,29.0864,12.0548,car
47,89389.3893893894,11.3651,38.2138,car
50,89389.3893893894,20.7664,-2.6474,bicycle
54,89389.3893893894,16.4531,34.2713,car
55,89389.3893893894,36.6522,23.2449,motorcycle
57,89389.3893893894,6.3846,26.5853,motorcycle
58,89389.3893893894,16.5228,-6.312,car
59,89389.3893893894,34.7195,20.7073,car
60,89389.3893893894,-3.4982,14.1422,car
8,89389.3893893894,43.506,7.5177,car
3,89489.4894894895,50.1503,24.331,bus
35,89489.4894894895,14.6559,25.212,car
40,89489.4894894895,29.8905,12.036,car
47,89489.4894894895,11.3634,38.2056,car
50,89489.4894894895,20.765,-2.6562,bicycle
54,89489.4894894895,16.3381,34.8805,car
55,89489.4894894895,36.9579,23.1496,motorcycle
57,89489.4894894895,6.3807,26.5388,motorcycle
58,89489.4894894895,16.5213,-6.315,car
59,89489.4894894895,34.3337,20.7612,car
60,89489.4894894895,-2.6972,14.1472,car
8,89489.4894894895,43.506,7.5177,car
3,89589.5895895896,50.1503,24.331,bus
35,89589.5895895896,14.7066,25.6149,car
40,89589.5895895896,30.7034,12.0191,car
47,89589.5895895896,11.3623,38.2002,car
50,89589.5895895896,20.7631,-2.6698,bicycle
54,89589.5895895896,16.2421,35.5172,car
55,89589.5895895896,37.2691,23.0411,motorcycle
57,89589.5895895896,6.376,26.4973,motorcycle
58,89589.5895895896,16.5204,-6.3172,car
59,89589.5895895896,33.9524,20.8213,car
60,89589.5895895896,-1.9059,14.1535,car
8,89589.5895895896,43.506,7.5177,car
3,89689.6896896897,50.1503,24.331,bus
35,89689.6896896897,14.7538,26.0325,car
40,89689.6896896897,31.5236,12.0051,car
47,89689.6896896897,11.361,38.1979,car
50,89689.6896896897,20.7609,-2.686,bicycle
54,89689.6896896897,16.1568,36.1631,car
55,89689.6896896897,37.5797,22.9197,motorcycle
57,89689.6896896897,6.3692,26.4599,motorcycle
58,89689.6896896897,16.5206,-6.3186,car
59,89689.6896896897,33.5717,20.8816,car
60,89689.6896896897,-1.1267,14.1594,car
8,89689.6896896897,43.506,7.5177,car
3,89789.7897897898,50.1503,24.331,bus
35,89789.7897897898,14.7952,26.4672,car
40,89789.7897897898,32.3534,11.9943,car
47,89789.7897897898,11.3599,38.1985,car
50,89789.7897897898,20.7592,-2.6999,bicycle
54,89789.7897897898,16.078,36.8183,car
55,89789.7897897898,37.8819,22.7903,motorcycle
57,89789.7897897898,6.362,26.4268,motorcycle
58,89789.7897897898,16.5206,-6.3191,car
59,89789.7897897898,33.1951,20.9537,car
60,89789.7897897898,-0.3637,14.1653,car
8,89789.7897897898,43.506,7.5177,car
3,89889.88988988989,50.1503,24.331,bus
35,89889.88988988989,14.8227,26.9258,car
40,89889.88988988989,33.1928,11.9856,car
47,89889.88988988989,11.3594,38.1985,car
50,89889.88988988989,20.7684,-2.6985,bicycle
54,89889.88988988989,16.0033,37.4803,car
55,89889.88988988989,38.1782,22.6561,motorcycle
57,89889.88988988989,6.3548,26.3997,motorcycle
58,89889.88988988989,16.5201,-6.3186,car
59,89889.88988988989,32.8223,21.0286,car
60,89889.88988988989,0.3806,14.1709,car
8,89889.88988988989,43.506,7.5177,car
3,89989.98998998999,50.1503,24.331,bus
35,89989.98998998999,14.8351,27.3814,car
40,89989.98998998999,34.0389,11.9804,car
47,89989.98998998999,11.359,38.199,car
50,89989.98998998999,20.7656,-2.6967,bicycle
54,89989.98998998999,15.9219,38.1337,car
55,89989.98998998999,38.4557,22.5284,motorcycle
57,89989.98998998999,6.3484,26.38,motorcycle
58,89989.98998998999,16.5185,-6.3169,car
59,89989.98998998999,32.4443,21.1175,car
60,89989.98998998999,1.1051,14.1752,car
8,89989.98998998999,43.506,7.5177,car
3,90090.0900900901,50.1503,24.331,bus
35,90090.0900900901,14.8448,27.8417,car
40,90090.0900900901,34.8912,11.9786,car
47,90090.0900900901,11.3581,38.1981,car
50,90090.0900900901,20.7643,-2.6925,bicycle
55,90090.0900900901,38.7731,22.3679,motorcycle
57,90090.0900900901,6.3438,26.3665,motorcycle
58,90090.0900900901,16.5172,-6.3146,car
59,90090.0900900901,32.0681,21.213,car
60,90090.0900900901,1.8086,14.1786,car
8,90090.0900900901,43.506,7.5177,car
3,90190.1901901902,50.1503,24.331,bus
35,90190.1901901902,14.8532,28.3047,car
40,90190.1901901902,35.7524,11.9796,car
47,90190.1901901902,11.3572,38.1965,car
50,90190.1901901902,20.7639,-2.6873,bicycle
55,90190.1901901902,39.0734,22.2002,motorcycle
57,90190.1901901902,6.3414,26.3587,motorcycle
58,90190.1901901902,16.5158,-6.3145,car
59,90190.1901901902,31.6915,21.3134,car
60,90190.1901901902,2.4881,14.1803,car
8,90190.1901901902,43.506,7.5177,car
3,90290.2902902903,50.1503,24.331,bus
35,90290.2902902903,14.8584,28.7782,car
40,90290.2902902903,36.623,11.9825,car
47,90290.2902902903,11.357,38.1945,car
50,90290.2902902903,20.764,-2.6794,bicycle
55,90290.2902902903,39.3488,22.0368,motorcycle
57,90290.2902902903,6.3409,26.3561,motorcycle
58,90290.2902902903,16.5148,-6.3146,car
59,90290.2902902903,31.3151,21.4187,car
60,90290.2902902903,3.1463,14.1813,car
8,90290.2902902903,43.506,7.5177,car
3,90390.3903903904,50.1503,24.331,bus
35,90390.3903903904,14.8673,29.2585,car
40,90390.3903903904,37.5066,11.9858,car
47,90390.3903903904,11.3577,38.1924,car
50,90390.3903903904,20.7644,-2.6694,bicycle
55,90390.3903903904,39.6086,21.882,motorcycle
57,90390.3903903904,6.3416,26.3578,motorcycle
58,90390.3903903904,16.5142,-6.3155,car
59,90390.3903903904,30.9386,21.5287,car
60,90390.3903903904,3.7831,14.1824,car
8,90390.3903903904,43.506,7.5177,car
3,90490.4904904905,50.1503,24.331,bus
35,90490.4904904905,14.8709,29.7442,car
40,90490.4904904905,38.4044,11.9901,car
47,90490.4904904905,11.3591,38.1902,car
50,90490.4904904905,20.7648,-2.6605,bicycle
55,90490.4904904905,39.8977,21.7182,motorcycle
57,90490.4904904905,6.3447,26.3632,motorcycle
58,90490.4904904905,16.5135,-6.3155,car
59,90490.4904904905,30.5735,21.636,car
60,90490.4904904905,4.401,14.1844,car
8,90490.4904904905,43.506,7.5177,car
3,90590.5905905906,50.1503,24.331,bus
35,90590.5905905906,14.8764,30.2401,car
40,90590.5905905906,39.3145,11.9958,car
47,90590.5905905906,11.3601,38.1896,car
50,90590.5905905906,20.7653,-2.6524,bicycle
55,90590.5905905906,40.2244,21.5476,motorcycle
57,90590.5905905906,6.3494,26.3718,motorcycle
58,90590.5905905906,16.5127,-6.3165,car
59,90590.5905905906,30.2029,21.7577,car
60,90590.5905905906,5.0028,14.1863,car
8,90590.5905905906,43.506,7.5177,car
3,90690.6906906907,50.1503,24.331,bus
35,90690.6906906907,14.8857,30.7444,car
40,90690.6906906907,40.2375,12.0021,car
47,90690.6906906907,11.3618,38.1892,car
50,90690.6906906907,20.766,-2.6472,bicycle
55,90690.6906906907,40.5083,21.4016,motorcycle
57,90690.6906906907,6.3558,26.383,motorcycle
58,90690.6906906907,16.5117,-6.3162,car
59,90690.6906906907,29.844,21.8846,car
60,90690.6906906907,5.5913,14.188,car
8,90690.6906906907,43.506,7.5177,car
3,90790.7907907908,50.1503,24.331,bus
35,90790.7907907908,14.8959,31.2515,car
40,90790.7907907908,41.1719,12.0082,car
47,90790.7907907908,11.3644,38.1889,car
50,90790.7907907908,20.7662,-2.6453,bicycle
55,90790.7907907908,40.8257,21.2289,motorcycle
57,90790.7907907908,6.3622,26.3956,motorcycle
58,90790.7907907908,16.5112,-6.3172,car
59,90790.7907907908,29.4966,22.0149,car
60,90790.7907907908,6.1666,14.1885,car
8,90790.7907907908,43.506,7.5177,car
3,90890.89089089088,50.1503,24.331,bus
35,90890.89089089088,14.9048,31.7619,car
40,90890.89089089088,42.117,12.0133,car
47,90890.89089089088,11.3665,38.1892,car
50,90890.89089089088,20.766,-2.6432,bicycle
55,90890.89089089088,41.1484,21.0399,motorcycle
57,90890.89089089088,6.3683,26.4097,motorcycle
58,90890.89089089088,16.5101,-6.3172,car
59,90890.89089089088,29.1554,22.1489,car
60,90890.89089089088,6.7277,14.1881,car
8,90890.89089089088,43.506,7.5177,car
3,90990.990990991,50.1503,24.331,bus
35,90990.990990991,14.9035,32.2765,car
40,90990.990990991,43.0735,12.0171,car
47,90990.990990991,11.3682,38.1916,car
50,90990.990990991,20.7657,-2.6424,bicycle
55,90990.990990991,41.464,20.8438,motorcycle
57,90990.990990991,6.3731,26.423,motorcycle
58,90990.990990991,16.5097,-6.3165,car
59,90990.990990991,28.818,22.2826,car
60,90990.990990991,7.28,14.1863,car
8,90990.990990991,43.506,7.5177,car
3,91091.09109109108,50.1503,24.331,bus
35,91091.09109109108,14.9003,32.7941,car
40,91091.09109109108,44.0382,12.0199,car
47,91091.09109109108,11.3694,38.1968,car
50,91091.09109109108,20.7648,-2.6451,bicycle
55,91091.09109109108,41.7696,20.6453,motorcycle
57,91091.09109109108,6.3762,26.4352,motorcycle
58,91091.09109109108,16.51,-6.3152,car
59,91091.09109109108,28.4814,22.4225,car
60,91091.09109109108,7.8302,14.1832,car
8,91091.09109109108,43.506,7.5177,car
3,91191.1911911912,50.1503,24.331,bus
35,91191.1911911912,14.8979,33.318,car
40,91191.1911911912,45.009,12.0222,car
47,91191.1911911912,11.3701,38.2029,car
50,91191.1911911912,20.7638,-2.6465,bicycle
55,91191.1911911912,42.0652,20.4472,motorcycle
57,91191.1911911912,6.3777,26.4457,motorcycle
58,91191.1911911912,16.51,-6.3166,car
59,91191.1911911912,28.1506,22.5678,car
60,91191.1911911912,8.3793,14.178,car
8,91191.1911911912,43.506,7.5177,car
3,91291.29129129129,50.1503,24.331,bus
35,91291.29129129129,14.8977,33.8465,car
40,91291.29129129129,45.9878,12.0246,car
47,91291.29129129129,11.3709,38.2093,car
50,91291.29129129129,20.7631,-2.6481,bicycle
55,91291.29129129129,42.3795,20.2412,motorcycle
57,91291.29129129129,6.378,26.4546,motorcycle
58,91291.29129129129,16.5094,-6.3182,car
59,91291.29129129129,27.8177,22.7139,car
60,91291.29129129129,8.9311,14.1705,car
8,91291.29129129129,43.506,7.5177,car
3,91391.3913913914,50.1503,24.331,bus
35,91391.3913913914,14.8981,34.3785,car
40,91391.3913913914,46.9707,12.0269,car
47,91391.3913913914,11.3714,38.2127,car
50,91391.3913913914,20.7615,-2.6509,bicycle
55,91391.3913913914,42.697,20.0414,motorcycle
57,91391.3913913914,6.3775,26.461,motorcycle
58,91391.3913913914,16.5086,-6.3173,car
59,91391.3913913914,27.4866,22.8655,car
60,91391.3913913914,9.4899,14.1606,car
8,91391.3913913914,43.506,7.5177,car
3,91491.49149149148,50.1503,24.331,bus
35,91491.49149149148,14.8975,34.9182,car
40,91491.49149149148,47.9569,12.0284,car
47,91491.49149149148,11.3725,38.2121,car
50,91491.49149149148,20.7607,-2.652,bicycle
55,91491.49149149148,43.0172,19.8408,motorcycle
57,91491.49149149148,6.3764,26.4644,motorcycle
58,91491.49149149148,16.5075,-6.3145,car
59,91491.49149149148,27.1537,23.0206,car
60,91491.49149149148,10.0573,14.1491,car
8,91491.49149149148,43.506,7.5177,car
3,91591.5915915916,50.1503,24.331,bus
35,91591.5915915916,14.895,35.4643,car
40,91591.5915915916,48.9543,12.0303,car
47,91591.5915915916,11.3728,38.2095,car
50,91591.5915915916,20.7611,-2.651,bicycle
55,91591.5915915916,43.346,19.6344,motorcycle
57,91591.5915915916,6.3761,26.4644,motorcycle
58,91591.5915915916,16.5075,-6.3093,car
59,91591.5915915916,26.8215,23.1853,car
60,91591.5915915916,10.6358,14.1371,car
8,91591.5915915916,43.506,7.5177,car
3,91691.6916916917,50.1503,24.331,bus
35,91691.6916916917,14.8908,36.0154,car
40,91691.6916916917,49.9595,12.0314,car
47,91691.6916916917,11.3732,38.2066,car
50,91691.6916916917,20.7625,-2.6471,bicycle
55,91691.6916916917,43.6751,19.4181,motorcycle
57,91691.6916916917,6.3765,26.4609,motorcycle
58,91691.6916916917,16.5088,-6.3043,car
59,91691.6916916917,26.4961,23.3574,car
60,91691.6916916917,11.2295,14.1252,car
8,91691.6916916917,43.506,7.5177,car
3,91791.7917917918,50.1503,24.331,bus
35,91791.7917917918,14.8846,36.5717,car
40,91791.7917917918,50.9684,12.0323,car
47,91791.7917917918,11.374,38.2044,car
50,91791.7917917918,20.7652,-2.6432,bicycle
55,91791.7917917918,44.0021,19.1983,motorcycle
57,91791.7917917918,6.3778,26.4512,motorcycle
58,91791.7917917918,16.5099,-6.3001,car
59,91791.7917917918,26.1814,23.5329,car
60,91791.7917917918,11.8404,14.112,car
8,91791.7917917918,43.506,7.5177,car
3,91891.8918918919,50.1503,24.331,bus
35,91891.8918918919,14.8752,37.131,car
40,91891.8918918919,51.9801,12.0305,car
47,91891.8918918919,11.3749,38.2019,car
50,91891.8918918919,20.7684,-2.6418,bicycle
55,91891.8918918919,44.3286,18.9689,motorcycle
57,91891.8918918919,6.3797,26.4336,motorcycle
58,91891.8918918919,16.5109,-6.2981,car
59,91891.8918918919,25.8637,23.7096,car
60,91891.8918918919,12.4678,14.0986,car
8,91891.8918918919,43.506,7.5177,car
3,91991.991991992,50.1503,24.331,bus
35,91991.991991992,14.8637,37.6921,car
40,91991.991991992,52.9962,12.0276,car
47,91991.991991992,11.3753,38.1979,car
50,91991.991991992,20.7722,-2.6419,bicycle
55,91991.991991992,44.6561,18.7377,motorcycle
57,91991.991991992,6.3814,26.4077,motorcycle
58,91991.991991992,16.5119,-6.297,car
59,91991.991991992,25.5403,23.8967,car
60,91991.991991992,13.1115,14.085,car
8,91991.991991992,43.506,7.5177,car
3,92092.09209209208,50.1503,24.331,bus
35,92092.09209209208,14.85,38.2499,car
40,92092.09209209208,54.0128,12.0249,car
47,92092.09209209208,11.3754,38.1944,car
50,92092.09209209208,20.7769,-2.641,bicycle
55,92092.09209209208,44.9825,18.5076,motorcycle
57,92092.09209209208,6.3831,26.3739,motorcycle
58,92092.09209209208,16.5116,-6.2958,car
59,92092.09209209208,25.2183,24.099,car
60,92092.09209209208,13.7697,14.0713,car
8,92092.09209209208,43.506,7.5177,car
3,92192.1921921922,50.1503,24.331,bus
47,92192.1921921922,11.375,38.1914,car
50,92192.1921921922,20.7818,-2.6393,bicycle
55,92192.1921921922,45.3074,18.2769,motorcycle
57,92192.1921921922,6.384,26.3324,motorcycle
58,92192.1921921922,16.511,-6.2948,car
59,92192.1921921922,24.9042,24.3072,car
60,92192.1921921922,14.4409,14.0594,car
8,92192.1921921922,43.506,7.5177,car
3,92292.29229229227,50.1503,24.331,bus
47,92292.29229229227,11.3729,38.1903,car
50,92292.29229229227,20.7857,-2.6354,bicycle
55,92292.29229229227,45.6319,18.0445,motorcycle
57,92292.29229229227,6.3849,26.2835,motorcycle
58,92292.29229229227,16.5107,-6.2925,car
59,92292.29229229227,24.5916,24.5218,car
60,92292.29229229227,15.1242,14.0484,car
8,92292.29229229227,43.506,7.5177,car
3,92392.3923923924,50.1503,24.331,bus
47,92392.3923923924,11.3701,38.1921,car
50,92392.3923923924,20.7877,-2.6332,bicycle
55,92392.3923923924,45.958,17.8073,motorcycle
57,92392.3923923924,6.3854,26.2276,motorcycle
58,92392.3923923924,16.5114,-6.2905,car
59,92392.3923923924,24.278,24.7444,car
60,92392.3923923924,15.8286,14.0392,car
8,92392.3923923924,43.506,7.5177,car
3,92492.4924924925,50.1503,24.331,bus
47,92492.4924924925,11.367,38.1977,car
50,92492.4924924925,20.7876,-2.6339,bicycle
55,92492.4924924925,46.2862,17.5653,motorcycle
57,92492.4924924925,6.3854,26.1645,motorcycle
58,92492.4924924925,16.5118,-6.2889,car
59,92492.4924924925,23.9675,24.9667,car
60,92492.4924924925,16.5587,14.0323,car
8,92492.4924924925,43.506,7.5177,car
3,92592.5925925926,50.1503,24.331,bus
47,92592.5925925926,11.3646,38.2041,car
50,92592.5925925926,20.7853,-2.6392,bicycle
55,92592.5925925926,46.6152,17.3119,motorcycle
57,92592.5925925926,6.3848,26.0947,motorcycle
58,92592.5925925926,16.5116,-6.2877,car
59,92592.5925925926,23.6554,25.2048,car
60,92592.5925925926,17.3155,14.0265,car
8,92592.5925925926,43.506,7.5177,car
3,92692.6926926927,50.1503,24.331,bus
47,92692.6926926927,11.362,38.2097,car
50,92692.6926926927,20.7843,-2.6462,bicycle
55,92692.6926926927,46.9515,17.0564,motorcycle
57,92692.6926926927,6.3835,26.0167,motorcycle
58,92692.6926926927,16.5123,-6.2858,car
59,92692.6926926927,23.3523,25.4498,car
60,92692.6926926927,18.0985,14.0227,car
8,92692.6926926927,43.506,7.5177,car
3,92792.7927927928,50.1503,24.331,bus
47,92792.7927927928,11.359,38.212,car
50,92792.7927927928,20.7844,-2.6511,bicycle
55,92792.7927927928,47.2627,16.8235,motorcycle
57,92792.7927927928,6.3815,25.9304,motorcycle
58,92792.7927927928,16.5133,-6.2845,car
59,92792.7927927928,23.0567,25.6997,car
60,92792.7927927928,18.8972,14.0197,car
8,92792.7927927928,43.506,7.5177,car
3,92892.8928928929,50.1503,24.331,bus
47,92892.8928928929,11.3556,38.2072,car
50,92892.8928928929,20.785,-2.6526,bicycle
55,92892.8928928929,47.5842,16.5772,motorcycle
57,92892.8928928929,6.3784,25.8368,motorcycle
58,92892.8928928929,16.5152,-6.2841,car
59,92892.8928928929,22.7706,25.9523,car
60,92892.8928928929,19.7055,14.0166,car
8,92892.8928928929,43.506,7.5177,car
3,92992.992992993,50.1503,24.331,bus
47,92992.992992993,11.3531,38.1952,car
50,92992.992992993,20.7862,-2.6496,bicycle
55,92992.992992993,47.9311,16.3266,motorcycle
57,92992.992992993,6.3747,25.7337,motorcycle
58,92992.992992993,16.5165,-6.2857,car
59,92992.992992993,22.5,26.2121,car
60,92992.992992993,20.5189,14.0126,car
8,92992.992992993,43.506,7.5177,car
3,93093.09309309308,50.1503,24.331,bus
47,93093.09309309308,11.3528,38.1793,car
50,93093.09309309308,20.7873,-2.6415,bicycle
55,93093.09309309308,48.2763,16.0976,motorcycle
57,93093.09309309308,6.3707,25.6106,motorcycle
58,93093.09309309308,16.5172,-6.292,car
59,93093.09309309308,22.2334,26.4794,car
60,93093.09309309308,21.3325,14.0097,car
8,93093.09309309308,43.506,7.5177,car
3,93193.1931931932,50.1503,24.331,bus
47,93193.1931931932,11.3589,38.1687,car
50,93193.1931931932,20.7872,-2.6311,bicycle
55,93193.1931931932,48.6239,15.8743,motorcycle
57,93193.1931931932,6.3651,25.4843,motorcycle
58,93193.1931931932,16.5176,-6.3023,car
59,93193.1931931932,21.9651,26.7548,car
60,93193.1931931932,22.1406,14.0094,car
8,93193.1931931932,43.506,7.5177,car
3,93293.2932932933,50.1503,24.331,bus
47,93293.2932932933,11.3613,38.1617,car
50,93293.2932932933,20.7766,-2.6245,bicycle
55,93293.2932932933,49.0029,15.6347,motorcycle
57,93293.2932932933,6.3601,25.3465,motorcycle
58,93293.2932932933,16.5239,-6.3093,car
59,93293.2932932933,21.6991,27.0387,car
60,93293.2932932933,22.9432,14.0242,car
8,93293.2932932933,43.506,7.5177,car
3,93393.3933933934,50.1503,24.331,bus
47,93393.3933933934,11.3642,38.1577,car
50,93393.3933933934,20.7766,-2.6141,bicycle
55,93393.3933933934,49.3606,15.4078,motorcycle
57,93393.3933933934,6.3555,25.1979,motorcycle
58,93393.3933933934,16.5254,-6.3133,car
59,93393.3933933934,21.4269,27.3476,car
60,93393.3933933934,23.745,14.0381,car
8,93393.3933933934,43.506,7.5177,car
3,93493.4934934935,50.1503,24.331,bus
47,93493.4934934935,11.3658,38.1551,car
50,93493.4934934935,20.7771,-2.6082,bicycle
55,93493.4934934935,49.7483,15.1979,motorcycle
57,93493.4934934935,6.3504,25.0358,motorcycle
58,93493.4934934935,16.5261,-6.3113,car
59,93493.4934934935,21.1658,27.6666,car
60,93493.4934934935,24.5496,14.0505,car
8,93493.4934934935,43.506,7.5177,car
3,93593.5935935936,50.1503,24.331,bus
47,93593.5935935936,11.3667,38.1528,car
50,93593.5935935936,20.7787,-2.6093,bicycle
55,93593.5935935936,50.1409,14.9975,motorcycle
57,93593.5935935936,6.344,24.8595,motorcycle
58,93593.5935935936,16.5276,-6.3092,car
59,93593.5935935936,20.91,27.9932,car
60,93593.5935935936,25.3574,14.0631,car
8,93593.5935935936,43.506,7.5177,car
3,93693.6936936937,50.1503,24.331,bus
47,93693.6936936937,11.3673,38.1506,car
50,93693.6936936937,20.7795,-2.6159,bicycle
55,93693.6936936937,50.5311,14.8097,motorcycle
57,93693.6936936937,6.3371,24.6713,motorcycle
58,93693.6936936937,16.5288,-6.3076,car
59,93693.6936936937,20.6604,28.3347,car
60,93693.6936936937,26.1737,14.0754,car
8,93693.6936936937,43.506,7.5177,car
3,93793.7937937938,50.1503,24.331,bus
47,93793.7937937938,11.3677,38.1482,car
50,93793.7937937938,20.7789,-2.6236,bicycle
55,93793.7937937938,50.9268,14.6168,motorcycle
57,93793.7937937938,6.331,24.4722,motorcycle
58,93793.7937937938,16.5295,-6.3071,car
59,93793.7937937938,20.4211,28.6855,car
60,93793.7937937938,26.993,14.088,car
8,93793.7937937938,43.506,7.5177,car
3,93893.8938938939,50.1503,24.331,bus
47,93893.8938938939,11.368,38.148,car
50,93893.8938938939,20.7764,-2.6323,bicycle
55,93893.8938938939,51.3287,14.4265,motorcycle
57,93893.8938938939,6.326,24.2616,motorcycle
58,93893.8938938939,16.5299,-6.308,car
59,93893.8938938939,20.1943,29.0399,car
60,93893.8938938939,27.8234,14.1008,car
8,93893.8938938939,43.506,7.5177,car
3,93993.993993994,50.1503,24.331,bus
47,93993.993993994,11.3694,38.1501,car
50,93993.993993994,20.7749,-2.637,bicycle
55,93993.993993994,51.7436,14.2323,motorcycle
57,93993.993993994,6.3217,24.0384,motorcycle
58,93993.993993994,16.5301,-6.3089,car
59,93993.993993994,19.9678,29.4043,car
60,93993.993993994,28.6711,14.1143,car
8,93993.993993994,43.506,7.5177,car
3,94094.09409409412,50.1503,24.331,bus
47,94094.09409409412,11.3721,38.1545,car
50,94094.09409409412,20.7746,-2.6385,bicycle
55,94094.09409409412,52.1629,14.0386,motorcycle
57,94094.09409409412,6.3175,23.8025,motorcycle
58,94094.09409409412,16.5296,-6.3086,car
59,94094.09409409412,19.7481,29.7683,car
60,94094.09409409412,29.5279,14.1281,car
8,94094.09409409412,43.506,7.5177,car
3,94194.1941941942,50.1503,24.331,bus
47,94194.1941941942,11.3744,38.1593,car
50,94194.1941941942,20.7748,-2.6366,bicycle
55,94194.1941941942,52.5853,13.8497,motorcycle
57,94194.1941941942,6.3123,23.5537,motorcycle
58,94194.1941941942,16.5291,-6.3057,car
59,94194.1941941942,19.5394,30.1413,car
60,94194.1941941942,30.3908,14.1417,car
8,94194.1941941942,43.506,7.5177,car
3,94294.2942942943,50.1503,24.331,bus
47,94294.2942942943,11.3757,38.1634,car
50,94294.2942942943,20.7752,-2.6322,bicycle
55,94294.2942942943,53.0202,13.6734,motorcycle
57,94294.2942942943,6.3071,23.2915,motorcycle
58,94294.2942942943,16.5286,-6.3024,car
59,94294.2942942943,19.3387,30.5182,car
60,94294.2942942943,31.2675,14.1552,car
8,94294.2942942943,43.506,7.5177,car
3,94394.3943943944,50.1503,24.331,bus
47,94394.3943943944,11.3761,38.1678,car
50,94394.3943943944,20.7764,-2.6288,bicycle
55,94394.3943943944,53.4626,13.5117,motorcycle
57,94394.3943943944,6.3019,23.0145,motorcycle
58,94394.3943943944,16.5286,-6.3,car
59,94394.3943943944,19.1523,30.9036,car
60,94394.3943943944,32.1536,14.1692,car
8,94394.3943943944,43.506,7.5177,car
3,94494.4944944945,50.1503,24.331,bus
47,94494.4944944945,11.3763,38.1713,car
50,94494.4944944945,20.7774,-2.6279,bicycle
55,94494.4944944945,53.9085,13.3645,motorcycle
57,94494.4944944945,6.2956,22.7229,motorcycle
58,94494.4944944945,16.5281,-6.2981,car
59,94494.4944944945,18.9691,31.3027,car
60,94494.4944944945,33.0492,14.1836,car
8,94494.4944944945,43.506,7.5177,car
3,94594.5945945946,50.1503,24.331,bus
47,94594.5945945946,11.3766,38.1744,car
50,94594.5945945946,20.7784,-2.63,bicycle
55,94594.5945945946,54.3602,13.2324,motorcycle
57,94594.5945945946,6.2892,22.4191,motorcycle
58,94594.5945945946,16.5271,-6.2948,car
59,94594.5945945946,18.7854,31.715,car
60,94594.5945945946,33.9543,14.199,car
8,94594.5945945946,43.506,7.5177,car
3,94694.6946946947,50.1503,24.331,bus
47,94694.6946946947,11.3775,38.1788,car
50,94694.6946946947,20.7783,-2.6356,bicycle
55,94694.6946946947,54.8038,13.1184,motorcycle
57,94694.6946946947,6.2832,22.106,motorcycle
58,94694.6946946947,16.5259,-6.2913,car
59,94694.6946946947,18.601,32.1422,car
60,94694.6946946947,34.8655,14.2151,car
8,94694.6946946947,43.506,7.5177,car
3,94794.7947947948,50.1503,24.331,bus
47,94794.7947947948,11.3786,38.1832,car
50,94794.7947947948,20.779,-2.6485,bicycle
57,94794.7947947948,6.278,21.7837,motorcycle
58,94794.7947947948,16.5248,-6.2904,car
59,94794.7947947948,18.4214,32.572,car
60,94794.7947947948,35.7856,14.2319,car
61,94794.7947947948,54.3007,17.7329,car
8,94794.7947947948,43.506,7.5177,car
3,94894.8948948949,50.1503,24.331,bus
47,94894.8948948949,11.3786,38.1876,car
50,94894.8948948949,20.7791,-2.6643,bicycle
57,94894.8948948949,6.2742,21.4516,motorcycle
58,94894.8948948949,16.5237,-6.2906,car
59,94894.8948948949,18.2548,33.0091,car
60,94894.8948948949,36.7171,14.2504,car
61,94894.8948948949,53.2815,17.7449,car
8,94894.8948948949,43.506,7.5177,car
3,94994.994994995,50.1503,24.331,bus
47,94994.994994995,11.3793,38.1904,car
50,94994.994994995,20.772,-2.6729,bicycle
57,94994.994994995,6.2712,21.1109,motorcycle
58,94994.994994995,16.5231,-6.2923,car
59,94994.994994995,18.0933,33.4483,car
60,94994.994994995,37.6555,14.2695,car
61,94994.994994995,52.2765,17.7491,car
8,94994.994994995,43.506,7.5177,car
3,95095.0950950951,50.1503,24.331,bus
47,95095.0950950951,11.3797,38.1928,car
50,95095.0950950951,20.7723,-2.6709,bicycle
57,95095.0950950951,6.27,20.7593,motorcycle
58,95095.0950950951,16.5233,-6.2962,car
59,95095.0950950951,17.9334,33.8954,car
60,95095.0950950951,38.6024,14.2884,car
61,95095.0950950951,51.2882,17.7526,car
8,95095.0950950951,43.506,7.5177,car
3,95195.1951951952,50.1503,24.331,bus
47,95195.1951951952,11.3789,38.1942,car
50,95195.1951951952,20.7691,-2.657,bicycle
57,95195.1951951952,6.2707,20.3975,motorcycle
58,95195.1951951952,16.5235,-6.3017,car
59,95195.1951951952,17.7786,34.3286,car
60,95195.1951951952,39.5569,14.3081,car
61,95195.1951951952,50.3104,17.7556,car
8,95195.1951951952,43.506,7.5177,car
3,95295.29529529528,50.1503,24.331,bus
47,95295.29529529528,11.3781,38.1939,car
50,95295.29529529528,20.7808,-2.6713,bicycle
57,95295.29529529528,6.2734,20.0267,motorcycle
58,95295.29529529528,16.5234,-6.3073,car
59,95295.29529529528,17.6371,34.7931,car
60,95295.29529529528,40.5155,14.327,car
61,95295.29529529528,49.3489,17.7576,car
8,95295.29529529528,43.506,7.5177,car
3,95395.3953953954,50.1503,24.331,bus
47,95395.3953953954,11.3785,38.1918,car
50,95395.3953953954,20.7771,-2.67,bicycle
57,95395.3953953954,6.2777,19.6469,motorcycle
58,95395.3953953954,16.5234,-6.3122,car
59,95395.3953953954,17.5043,35.2609,car
60,95395.3953953954,41.4785,14.3442,car
61,95395.3953953954,48.3978,17.7586,car
62,95395.3953953954,19.1154,-7.4796,motorcycle
8,95395.3953953954,43.506,7.5177,car
3,95495.4954954955,50.1503,24.331,bus
47,95495.4954954955,11.3799,38.1899,car
50,95495.4954954955,20.777,-2.6709,bicycle
57,95495.4954954955,6.2831,19.2592,motorcycle
58,95495.4954954955,16.5234,-6.3152,car
59,95495.4954954955,17.3863,35.7281,car
60,95495.4954954955,42.4432,14.36,car
61,95495.4954954955,47.4571,17.758,car
62,95495.4954954955,19.1185,-6.9803,motorcycle
8,95495.4954954955,43.506,7.5177,car
3,95595.5955955956,50.1503,24.331,bus
47,95595.5955955956,11.3807,38.1872,car
50,95595.5955955956,20.7781,-2.6644,bicycle
57,95595.5955955956,6.2901,18.8663,motorcycle
58,95595.5955955956,16.5231,-6.3189,car
59,95595.5955955956,17.2745,36.1904,car
60,95595.5955955956,43.4094,14.3744,car
61,95595.5955955956,46.5334,17.7555,car
62,95595.5955955956,19.1184,-6.479,motorcycle
8,95595.5955955956,43.506,7.5177,car
3,95695.6956956957,50.1503,24.331,bus
47,95695.6956956957,11.3814,38.1833,car
50,95695.6956956957,20.7798,-2.65,bicycle
57,95695.6956956957,6.299,18.4701,motorcycle
58,95695.6956956957,16.5222,-6.3207,car
59,95695.6956956957,17.1658,36.652,car
60,95695.6956956957,44.3748,14.3882,car
61,95695.6956956957,45.6257,17.7522,car
62,95695.6956956957,19.1176,-5.9763,motorcycle
8,95695.6956956957,43.506,7.5177,car
3,95795.7957957958,50.1503,24.331,bus
47,95795.7957957958,11.381,38.1784,car
50,95795.7957957958,20.7747,-2.6445,bicycle
57,95795.7957957958,6.311,18.0733,motorcycle
58,95795.7957957958,16.5209,-6.321,car
59,95795.7957957958,17.0599,37.1184,car
60,95795.7957957958,45.3449,14.4034,car
61,95795.7957957958,44.729,17.7485,car
62,95795.7957957958,19.1162,-5.4728,motorcycle
8,95795.7957957958,43.506,7.5177,car
3,95895.8958958959,50.1503,24.331,bus
47,95895.8958958959,11.3812,38.1707,car
50,95895.8958958959,20.7746,-2.6406,bicycle
57,95895.8958958959,6.3268,17.679,motorcycle
58,95895.8958958959,16.52,-6.3184,car
59,95895.8958958959,16.952,37.5759,car
60,95895.8958958959,46.3177,14.4182,car
61,95895.8958958959,43.8445,17.744,car
62,95895.8958958959,19.1147,-4.9699,motorcycle
8,95895.8958958959,43.506,7.5177,car
3,95995.995995996,50.1503,24.331,bus
47,95995.995995996,11.3806,38.1617,car
50,95995.995995996,20.7765,-2.6451,bicycle
57,95995.995995996,6.3459,17.2853,motorcycle
58,95995.995995996,16.5192,-6.3165,car
59,95995.995995996,16.8506,38.0287,car
60,95995.995995996,47.2944,14.4326,car
61,95995.995995996,42.9689,17.7388,car
62,95995.995995996,19.1126,-4.4608,motorcycle
8,95995.995995996,43.506,7.5177,car
3,96096.0960960961,50.1503,24.331,bus
47,96096.0960960961,11.3807,38.1529,car
50,96096.0960960961,20.7771,-2.6613,bicycle
57,96096.0960960961,6.3667,16.8941,motorcycle
58,96096.0960960961,16.5186,-6.3166,car
59,96096.0960960961,16.7575,38.4723,car
60,96096.0960960961,48.2791,14.4463,car
61,96096.0960960961,42.1068,17.7329,car
62,96096.0960960961,19.1101,-3.9529,motorcycle
8,96096.0960960961,43.506,7.5177,car
3,96196.1961961962,50.1503,24.331,bus
47,96196.1961961962,11.38,38.1453,car
50,96196.1961961962,20.7774,-2.6913,bicycle
57,96196.1961961962,6.3884,16.5064,motorcycle
58,96196.1961961962,16.5183,-6.32,car
60,96196.1961961962,49.2694,14.4596,car
61,96196.1961961962,41.2624,17.7249,car
62,96196.1961961962,19.1099,-3.4498,motorcycle
8,96196.1961961962,43.506,7.5177,car
3,96296.2962962963,50.1503,24.331,bus
47,96296.2962962963,11.3794,38.1376,car
50,96296.2962962963,20.7727,-2.7164,bicycle
57,96296.2962962963,6.412,16.1213,motorcycle
58,96296.2962962963,16.5193,-6.3262,car
60,96296.2962962963,50.2677,14.4712,car
61,96296.2962962963,40.434,17.7145,car
62,96296.2962962963,19.1095,-2.9517,motorcycle
8,96296.2962962963,43.506,7.5177,car
3,96396.3963963964,50.1503,24.331,bus
47,96396.3963963964,11.3789,38.1298,car
50,96396.3963963964,20.7728,-2.734,bicycle
57,96396.3963963964,6.4373,15.7398,motorcycle
58,96396.3963963964,16.5203,-6.3318,car
60,96396.3963963964,51.2701,14.4819,car
61,96396.3963963964,39.621,17.7026,car
62,96396.3963963964,19.1075,-2.4562,motorcycle
8,96396.3963963964,43.506,7.5177,car
3,96496.4964964965,50.1503,24.331,bus
47,96496.4964964965,11.3784,38.122,car
50,96496.4964964965,20.7729,-2.7429,bicycle
57,96496.4964964965,6.4644,15.3597,motorcycle
58,96496.4964964965,16.5205,-6.3361,car
60,96496.4964964965,52.2751,14.4921,car
61,96496.4964964965,38.8252,17.6876,car
62,96496.4964964965,19.1026,-1.9672,motorcycle
63,96496.4964964965,-17.307,9.174,bicycle
8,96496.4964964965,43.506,7.5177,car
3,96596.5965965966,50.1503,24.331,bus
47,96596.5965965966,11.3784,38.1147,car
50,96596.5965965966,20.7726,-2.7433,bicycle
57,96596.5965965966,6.5009,14.9771,motorcycle
58,96596.5965965966,16.52,-6.3384,car
60,96596.5965965966,53.2874,14.5017,car
61,96596.5965965966,38.0451,17.6702,car
62,96596.5965965966,19.0944,-1.4873,motorcycle
63,96596.5965965966,-16.851,9.1871,bicycle
8,96596.5965965966,43.506,7.5177,car
3,96696.6966966967,50.1503,24.331,bus
47,96696.6966966967,11.3791,38.1062,car
50,96696.6966966967,20.7716,-2.7359,bicycle
57,96696.6966966967,6.5442,14.6012,motorcycle
58,96696.6966966967,16.5205,-6.3403,car
60,96696.6966966967,54.3019,14.5128,car
61,96696.6966966967,37.2845,17.6504,car
62,96696.6966966967,19.0819,-1.0197,motorcycle
63,96696.6966966967,-16.4049,9.1943,bicycle
8,96696.6966966967,43.506,7.5177,car
3,96796.7967967968,50.1503,24.331,bus
47,96796.7967967968,11.3803,38.0953,car
50,96796.7967967968,20.7698,-2.7199,bicycle
57,96796.7967967968,6.5925,14.2279,motorcycle
58,96796.7967967968,16.5211,-6.3411,car
61,96796.7967967968,36.541,17.6281,car
62,96796.7967967968,19.0673,-0.5608,motorcycle
63,96796.7967967968,-15.9706,9.1994,bicycle
66,96796.7967967968,8.5978,38.3685,motorcycle
8,96796.7967967968,43.506,7.5177,car
3,96896.8968968969,50.1503,24.331,bus
47,96896.8968968969,11.3815,38.0859,car
50,96896.8968968969,20.7659,-2.6965,bicycle
57,96896.8968968969,6.6457,13.8555,motorcycle
58,96896.8968968969,16.5211,-6.3384,car
61,96896.8968968969,35.8128,17.6034,car
62,96896.8968968969,19.0529,-0.1162,motorcycle
63,96896.8968968969,-15.5471,9.2065,bicycle
66,96896.8968968969,8.6026,37.8528,motorcycle
8,96896.8968968969,43.506,7.5177,car
3,96996.996996997,50.1503,24.331,bus
47,96996.996996997,11.3826,38.0779,car
50,96996.996996997,20.7609,-2.6776,bicycle
57,96996.996996997,6.7084,13.4923,motorcycle
58,96996.996996997,16.5219,-6.3337,car
61,96996.996996997,35.1007,17.5771,car
62,96996.996996997,19.0415,0.3157,motorcycle
63,96996.996996997,-15.1305,9.2155,bicycle
66,96996.996996997,8.6066,37.3385,motorcycle
8,96996.996996997,43.506,7.5177,car
3,97097.09709709712,50.1503,24.331,bus
47,97097.09709709712,11.3838,38.0717,car
50,97097.09709709712,20.7589,-2.6682,bicycle
57,97097.09709709712,6.7727,13.1335,motorcycle
58,97097.09709709712,16.5222,-6.3298,car
61,97097.09709709712,34.4039,17.5483,car
62,97097.09709709712,19.0315,0.7279,motorcycle
63,97097.09709709712,-14.7114,9.2251,bicycle
66,97097.09709709712,8.6093,36.8291,motorcycle
8,97097.09709709712,43.506,7.5177,car
3,97197.1971971972,50.1503,24.331,bus
47,97197.1971971972,11.385,38.0651,car
50,97197.1971971972,20.7582,-2.6645,bicycle
57,97197.1971971972,6.8386,12.7768,motorcycle
58,97197.1971971972,16.5224,-6.329,car
61,97197.1971971972,33.7216,17.5165,car
62,97197.1971971972,19.0167,1.1142,motorcycle
63,97197.1971971972,-14.2924,9.2361,bicycle
66,97197.1971971972,8.6123,36.3261,motorcycle
8,97197.1971971972,43.506,7.5177,car
3,97297.29729729732,50.1503,24.331,bus
47,97297.29729729732,11.3847,38.0578,car
50,97297.29729729732,20.7587,-2.6648,bicycle
57,97297.29729729732,6.9059,12.4242,motorcycle
58,97297.29729729732,16.5224,-6.3274,car
61,97297.29729729732,33.0513,17.4812,car
62,97297.29729729732,18.983,1.5539,motorcycle
63,97297.29729729732,-13.8709,9.2491,bicycle
66,97297.29729729732,8.6166,35.8315,motorcycle
8,97297.29729729732,43.506,7.5177,car
3,97397.3973973974,50.1503,24.331,bus
47,97397.3973973974,11.3845,38.0518,car
50,97397.3973973974,20.7614,-2.669,bicycle
57,97397.3973973974,6.9752,12.0757,motorcycle
58,97397.3973973974,16.5228,-6.3264,car
61,97397.3973973974,32.3953,17.4426,car
62,97397.3973973974,18.9452,1.8835,motorcycle
63,97397.3973973974,-13.4475,9.2629,bicycle
66,97397.3973973974,8.6236,35.3464,motorcycle
8,97397.3973973974,43.506,7.5177,car
3,97497.4974974975,50.1503,24.331,bus
47,97497.4974974975,11.3832,38.0439,car
50,97497.4974974975,20.7652,-2.676,bicycle
57,97497.4974974975,7.0433,11.7316,motorcycle
58,97497.4974974975,16.5225,-6.327,car
61,97497.4974974975,31.7501,17.4004,car
62,97497.4974974975,18.9182,2.2861,motorcycle
63,97497.4974974975,-13.0206,9.276,bicycle
66,97497.4974974975,8.6307,34.8708,motorcycle
8,97497.4974974975,43.506,7.5177,car
3,97597.5975975976,50.1503,24.331,bus
47,97597.5975975976,11.3817,38.0359,car
50,97597.5975975976,20.7677,-2.6856,bicycle
57,97597.5975975976,7.0979,11.3979,motorcycle
58,97597.5975975976,16.5219,-6.3268,car
61,97597.5975975976,31.1141,17.345,car
62,97597.5975975976,18.9068,2.6843,motorcycle
63,97597.5975975976,-12.5917,9.2876,bicycle
66,97597.5975975976,8.6394,34.4069,motorcycle
8,97597.5975975976,43.506,7.5177,car
3,97697.6976976977,50.1503,24.331,bus
47,97697.6976976977,11.3798,38.0284,car
50,97697.6976976977,20.768,-2.6902,bicycle
57,97697.6976976977,7.1483,11.0656,motorcycle
58,97697.6976976977,16.5209,-6.3244,car
61,97697.6976976977,30.5,17.2806,car
62,97697.6976976977,18.9038,2.9802,motorcycle
63,97697.6976976977,-12.1654,9.2986,bicycle
66,97697.6976976977,8.6502,33.9536,motorcycle
8,97697.6976976977,43.506,7.5177,car
3,97797.7977977978,50.1503,24.331,bus
47,97797.7977977978,11.3781,38.0223,car
50,97797.7977977978,20.7669,-2.6908,bicycle
57,97797.7977977978,7.1961,10.7325,motorcycle
58,97797.7977977978,16.5208,-6.3217,car
61,97797.7977977978,29.9018,17.2205,car
62,97797.7977977978,18.8789,3.2797,motorcycle
63,97797.7977977978,-11.7431,9.3094,bicycle
66,97797.7977977978,8.6634,33.5132,motorcycle
8,97797.7977977978,43.506,7.5177,car
3,97897.8978978979,50.1503,24.331,bus
47,97897.8978978979,11.3783,38.018,car
50,97897.8978978979,20.7684,-2.6863,bicycle
57,97897.8978978979,7.2368,10.3595,motorcycle
58,97897.8978978979,16.5226,-6.3195,car
61,97897.8978978979,29.3208,17.1513,car
62,97897.8978978979,18.8606,3.5961,motorcycle
63,97897.8978978979,-11.3255,9.3192,bicycle
66,97897.8978978979,8.6782,33.0883,motorcycle
8,97897.8978978979,43.506,7.5177,car
3,97997.997997998,50.1503,24.331,bus
47,97997.997997998,11.3798,38.0147,car
50,97997.997997998,20.7704,-2.6789,bicycle
57,97997.997997998,7.262,9.9905,motorcycle
58,97997.997997998,16.5245,-6.3176,car
61,97997.997997998,28.7589,17.0726,car
62,97997.997997998,18.8523,3.9213,motorcycle
63,97997.997997998,-10.9057,9.3266,bicycle
66,97997.997997998,8.696,32.6773,motorcycle
8,97997.997997998,43.506,7.5177,car
3,98098.0980980981,50.1503,24.331,bus
47,98098.0980980981,11.3813,38.0139,car
50,98098.0980980981,20.7727,-2.6726,bicycle
57,98098.0980980981,7.2766,9.6411,motorcycle
58,98098.0980980981,16.5264,-6.3172,car
61,98098.0980980981,28.2177,16.9862,car
62,98098.0980980981,18.8542,4.2374,motorcycle
63,98098.0980980981,-10.4826,9.3318,bicycle
66,98098.0980980981,8.7158,32.2796,motorcycle
8,98098.0980980981,43.506,7.5177,car
3,98198.1981981982,50.1503,24.331,bus
47,98198.1981981982,11.3822,38.0146,car
50,98198.1981981982,20.775,-2.6671,bicycle
57,98198.1981981982,7.2907,9.2981,motorcycle
58,98198.1981981982,16.5276,-6.3189,car
61,98198.1981981982,27.6925,16.8953,car
62,98198.1981981982,18.8628,4.5413,motorcycle
63,98198.1981981982,-10.0606,9.3355,bicycle
66,98198.1981981982,8.7383,31.8955,motorcycle
8,98198.1981981982,43.506,7.5177,car
3,98298.2982982983,50.1503,24.331,bus
47,98298.2982982983,11.3824,38.016,car
50,98298.2982982983,20.7769,-2.6625,bicycle
57,98298.2982982983,7.3049,8.9557,motorcycle
58,98298.2982982983,16.5278,-6.3213,car
61,98298.2982982983,27.1781,16.8076,car
62,98298.2982982983,18.8752,4.8319,motorcycle
63,98298.2982982983,-9.642,9.3381,bicycle
66,98298.2982982983,8.7623,31.5281,motorcycle
8,98298.2982982983,43.506,7.5177,car
3,98398.3983983984,50.1503,24.331,bus
47,98398.3983983984,11.3824,38.0162,car
50,98398.3983983984,20.7787,-2.659,bicycle
57,98398.3983983984,7.3235,8.6192,motorcycle
58,98398.3983983984,16.5287,-6.3244,car
61,98398.3983983984,26.6773,16.7127,car
62,98398.3983983984,18.8877,5.1067,motorcycle
63,98398.3983983984,-9.2302,9.34,bicycle
66,98398.3983983984,8.7861,31.1753,motorcycle
8,98398.3983983984,43.506,7.5177,car
3,98498.49849849848,50.1503,24.331,bus
47,98498.49849849848,11.3821,38.0165,car
50,98498.49849849848,20.7799,-2.6573,bicycle
57,98498.49849849848,7.3401,8.2793,motorcycle
58,98498.49849849848,16.5305,-6.327,car
61,98498.49849849848,26.1896,16.6098,car
62,98498.49849849848,18.9012,5.3767,motorcycle
63,98498.49849849848,-8.8232,9.3423,bicycle
64,98498.49849849848,54.8248,21.6211,tricycle
66,98498.49849849848,8.8106,30.833,motorcycle
8,98498.49849849848,43.506,7.5177,car
3,98598.5985985986,50.1503,24.331,bus
47,98598.5985985986,11.3829,38.0175,car
50,98598.5985985986,20.7808,-2.6612,bicycle
57,98598.5985985986,7.3585,7.9425,motorcycle
58,98598.5985985986,16.5318,-6.3285,car
61,98598.5985985986,25.7112,16.4983,car
62,98598.5985985986,18.9117,5.642,motorcycle
63,98598.5985985986,-8.417,9.3455,bicycle
64,98598.5985985986,54.5776,21.6217,tricycle
66,98598.5985985986,8.8346,30.5003,motorcycle
8,98598.5985985986,43.506,7.5177,car
3,98698.6986986987,50.1503,24.331,bus
47,98698.6986986987,11.3839,38.0199,car
50,98698.6986986987,20.7815,-2.6653,bicycle
57,98698.6986986987,7.3736,7.6054,motorcycle
58,98698.6986986987,16.5324,-6.3275,car
61,98698.6986986987,25.2484,16.381,car
62,98698.6986986987,18.9198,5.9004,motorcycle
63,98698.6986986987,-8.0126,9.3515,bicycle
64,98698.6986986987,54.3243,21.6216,tricycle
66,98698.6986986987,8.8576,30.1808,motorcycle
8,98698.6986986987,43.506,7.5177,car
3,98798.7987987988,50.1503,24.331,bus
47,98798.7987987988,11.3847,38.024,car
50,98798.7987987988,20.7826,-2.666,bicycle
57,98798.7987987988,7.3908,7.2685,motorcycle
58,98798.7987987988,16.5327,-6.3259,car
61,98798.7987987988,24.8013,16.2667,car
62,98798.7987987988,18.9242,6.1533,motorcycle
63,98798.7987987988,-7.6025,9.361,bicycle
64,98798.7987987988,54.067,21.6205,tricycle
66,98798.7987987988,8.8808,29.8733,motorcycle
8,98798.7987987988,43.506,7.5177,car
3,98898.8988988989,50.1503,24.331,bus
47,98898.8988988989,11.3852,38.0285,car
50,98898.8988988989,20.7834,-2.6657,bicycle
57,98898.8988988989,7.4098,6.9356,motorcycle
58,98898.8988988989,16.5319,-6.3243,car
61,98898.8988988989,24.3656,16.1464,car
62,98898.8988988989,18.9271,6.3992,motorcycle
63,98898.8988988989,-7.1932,9.3749,bicycle
64,98898.8988988989,53.8069,21.6193,tricycle
66,98898.8988988989,8.9049,29.5819,motorcycle
8,98898.8988988989,43.506,7.5177,car
3,98998.998998999,50.1503,24.331,bus
47,98998.998998999,11.3858,38.0331,car
50,98998.998998999,20.7842,-2.6659,bicycle
57,98998.998998999,7.4295,6.6068,motorcycle
58,98998.998998999,16.5318,-6.3234,car
61,98998.998998999,23.9479,16.0201,car
62,98998.998998999,18.9299,6.638,motorcycle
63,98998.998998999,-6.7817,9.3942,bicycle
64,98998.998998999,53.5477,21.6167,tricycle
66,98998.998998999,8.9286,29.3077,motorcycle
8,98998.998998999,43.506,7.5177,car
3,99099.0990990991,50.1503,24.331,bus
47,99099.0990990991,11.3862,38.0362,car
50,99099.0990990991,20.7852,-2.6651,bicycle
57,99099.0990990991,7.4491,6.2829,motorcycle
58,99099.0990990991,16.5315,-6.3215,car
61,99099.0990990991,23.5439,15.8958,car
62,99099.0990990991,18.9302,6.8708,motorcycle
63,99099.0990990991,-6.3688,9.4208,bicycle
64,99099.0990990991,53.2895,21.6141,tricycle
66,99099.0990990991,8.9497,29.0465,motorcycle
8,99099.0990990991,43.506,7.5177,car
3,99199.1991991992,50.1503,24.331,bus
47,99199.1991991992,11.3863,38.0375,car
50,99199.1991991992,20.7868,-2.6634,bicycle
57,99199.1991991992,7.4686,5.9617,motorcycle
58,99199.1991991992,16.5307,-6.3186,car
61,99199.1991991992,23.16,15.7687,car
62,99199.1991991992,18.9335,7.0977,motorcycle
63,99199.1991991992,-5.9606,9.4553,bicycle
64,99199.1991991992,53.0323,21.61,tricycle
66,99199.1991991992,8.9688,28.8016,motorcycle
8,99199.1991991992,43.506,7.5177,car
3,99299.2992992993,50.1503,24.331,bus
47,99299.2992992993,11.3877,38.0396,car
50,99299.2992992993,20.7886,-2.6611,bicycle
57,99299.2992992993,7.4894,5.6389,motorcycle
58,99299.2992992993,16.5303,-6.3152,car
61,99299.2992992993,22.786,15.6413,car
62,99299.2992992993,18.9382,7.3203,motorcycle
63,99299.2992992993,-5.5607,9.4971,bicycle
64,99299.2992992993,52.7806,21.6042,tricycle
66,99299.2992992993,8.9872,28.571,motorcycle
8,99299.2992992993,43.506,7.5177,car
3,99399.3993993994,50.1503,24.331,bus
47,99399.3993993994,11.3888,38.0383,car
50,99399.3993993994,20.7898,-2.6559,bicycle
57,99399.3993993994,7.5158,5.3166,motorcycle
58,99399.3993993994,16.5299,-6.3109,car
61,99399.3993993994,22.4288,15.5093,car
62,99399.3993993994,18.9437,7.5392,motorcycle
63,99399.3993993994,-5.1699,9.5476,bicycle
64,99399.3993993994,52.5304,21.5979,tricycle
66,99399.3993993994,9.0052,28.3555,motorcycle
8,99399.3993993994,43.506,7.5177,car
3,99499.4994994995,50.1503,24.331,bus
47,99499.4994994995,11.3891,38.034,car
50,99499.4994994995,20.7908,-2.6483,bicycle
57,99499.4994994995,7.5433,4.995,motorcycle
58,99499.4994994995,16.5296,-6.3086,car
61,99499.4994994995,22.0785,15.3676,car
62,99499.4994994995,18.9534,7.7567,motorcycle
63,99499.4994994995,-4.7862,9.6063,bicycle
64,99499.4994994995,52.2792,21.5915,tricycle
66,99499.4994994995,9.0244,28.1512,motorcycle
8,99499.4994994995,43.506,7.5177,car
3,99599.5995995996,50.1503,24.331,bus
47,99599.5995995996,11.3899,38.0287,car
50,99599.5995995996,20.7919,-2.6435,bicycle
57,99599.5995995996,7.5701,4.6717,motorcycle
58,99599.5995995996,16.5299,-6.3083,car
61,99599.5995995996,21.7448,15.2144,car
62,99599.5995995996,18.9663,7.9764,motorcycle
63,99599.5995995996,-4.4144,9.6739,bicycle
64,99599.5995995996,52.0289,21.5837,tricycle
66,99599.5995995996,9.0463,27.9548,motorcycle
8,99599.5995995996,43.506,7.5177,car
3,99699.6996996997,50.1503,24.331,bus
47,99699.6996996997,11.3893,38.0239,car
50,99699.6996996997,20.7933,-2.6397,bicycle
57,99699.6996996997,7.5961,4.3453,motorcycle
58,99699.6996996997,16.5307,-6.3092,car
61,99699.6996996997,21.4194,15.0566,car
62,99699.6996996997,18.9829,8.1988,motorcycle
63,99699.6996996997,-4.0571,9.7522,bicycle
64,99699.6996996997,51.7793,21.5758,tricycle
66,99699.6996996997,9.0688,27.7666,motorcycle
8,99699.6996996997,43.506,7.5177,car
3,99799.7997997998,50.1503,24.331,bus
47,99799.7997997998,11.3886,38.0201,car
50,99799.7997997998,20.795,-2.6363,bicycle
57,99799.7997997998,7.621,4.0166,motorcycle
58,99799.7997997998,16.532,-6.3101,car
61,99799.7997997998,21.0944,14.89,car
62,99799.7997997998,19.0045,8.4221,motorcycle
63,99799.7997997998,-3.7096,9.838,bicycle
64,99799.7997997998,51.5304,21.5671,tricycle
66,99799.7997997998,9.092,27.5873,motorcycle
8,99799.7997997998,43.506,7.5177,car
3,99899.8998998999,50.1503,24.331,bus
47,99899.8998998999,11.3897,38.0175,car
50,99899.8998998999,20.7971,-2.634,bicycle
57,99899.8998998999,7.6411,3.6928,motorcycle
58,99899.8998998999,16.5338,-6.3132,car
61,99899.8998998999,20.7706,14.7135,car
62,99899.8998998999,19.0306,8.6431,motorcycle
63,99899.8998998999,-3.3696,9.9289,bicycle
64,99899.8998998999,51.2882,21.5588,tricycle
66,99899.8998998999,9.1146,27.4138,motorcycle
8,99899.8998998999,43.506,7.5177,car
3,100000.0,50.1503,24.331,bus
47,100000.0,11.3923,38.0175,car
50,100000.0,20.798,-2.6303,bicycle
57,100000.0,7.6627,3.3674,motorcycle
58,100000.0,16.5346,-6.3152,car
61,100000.0,20.4555,14.5249,car
62,100000.0,19.0592,8.8562,motorcycle
63,100000.0,-3.0388,10.0229,bicycle
64,100000.0,51.0554,21.5522,tricycle
66,100000.0,9.1368,27.2475,motorcycle
8,100000.0,43.506,7.5177,car
3,100100.1001001001,50.1503,24.331,bus
47,100100.1001001001,11.3953,38.0186,car
50,100100.1001001001,20.7978,-2.6279,bicycle
57,100100.1001001001,7.6912,3.0455,motorcycle
58,100100.1001001001,16.5344,-6.3184,car
61,100100.1001001001,20.1395,14.3256,car
62,100100.1001001001,19.0934,9.0503,motorcycle
63,100100.1001001001,-2.7125,10.1209,bicycle
64,100100.1001001001,50.825,21.5457,tricycle
66,100100.1001001001,9.1559,27.0887,motorcycle
8,100100.1001001001,43.506,7.5177,car
3,100200.2002002002,50.1503,24.331,bus
47,100200.2002002002,11.3969,38.0196,car
50,100200.2002002002,20.7966,-2.628,bicycle
57,100200.2002002002,7.7194,2.7231,motorcycle
58,100200.2002002002,16.5335,-6.3206,car
61,100200.2002002002,19.8229,14.1118,car
62,100200.2002002002,19.1341,9.2192,motorcycle
63,100200.2002002002,-2.379,10.2342,bicycle
64,100200.2002002002,50.5935,21.5392,tricycle
66,100200.2002002002,9.1723,26.9397,motorcycle
8,100200.2002002002,43.506,7.5177,car
3,100300.30030030033,50.1503,24.331,bus
47,100300.30030030033,11.3965,38.0207,car
50,100300.30030030033,20.7947,-2.6277,bicycle
57,100300.30030030033,7.7465,2.3978,motorcycle
58,100300.30030030033,16.5322,-6.3211,car
61,100300.30030030033,19.5233,13.8941,car
62,100300.30030030033,19.1878,9.5109,motorcycle
63,100300.30030030033,-2.0362,10.3637,bicycle
64,100300.30030030033,50.3556,21.5315,tricycle
66,100300.30030030033,9.1858,26.8009,motorcycle
8,100300.30030030033,43.506,7.5177,car
3,100400.4004004004,50.1503,24.331,bus
47,100400.4004004004,11.3938,38.0215,car
50,100400.4004004004,20.792,-2.6275,bicycle
57,100400.4004004004,7.7743,2.0735,motorcycle
58,100400.4004004004,16.5303,-6.3196,car
61,100400.4004004004,19.2241,13.6693,car
62,100400.4004004004,19.266,9.7965,motorcycle
63,100400.4004004004,-1.6722,10.5134,bicycle
64,100400.4004004004,50.1119,21.5226,tricycle
66,100400.4004004004,9.1972,26.6742,motorcycle
8,100400.4004004004,43.506,7.5177,car
3,100500.50050050052,50.1503,24.331,bus
47,100500.50050050052,11.3899,38.0221,car
50,100500.50050050052,20.7881,-2.6285,bicycle
57,100500.50050050052,7.8086,1.7371,motorcycle
58,100500.50050050052,16.5276,-6.3167,car
61,100500.50050050052,18.9253,13.4314,car
62,100500.50050050052,19.3594,10.0414,motorcycle
63,100500.50050050052,-1.309,10.6865,bicycle
64,100500.50050050052,49.8622,21.5132,tricycle
66,100500.50050050052,9.2069,26.555,motorcycle
8,100500.50050050052,43.506,7.5177,car
3,100600.6006006006,50.1503,24.331,bus
47,100600.6006006006,11.3869,38.0225,car
50,100600.6006006006,20.7866,-2.6293,bicycle
57,100600.6006006006,7.8496,1.4026,motorcycle
58,100600.6006006006,16.5259,-6.3129,car
61,100600.6006006006,18.623,13.1822,car
62,100600.6006006006,19.4615,10.2812,motorcycle
63,100600.6006006006,-0.9519,10.8787,bicycle
64,100600.6006006006,49.6103,21.5049,tricycle
66,100600.6006006006,9.2146,26.4332,motorcycle
8,100600.6006006006,43.506,7.5177,car
3,100700.7007007007,50.1503,24.331,bus
47,100700.7007007007,11.385,38.0228,car
50,100700.7007007007,20.7846,-2.6312,bicycle
57,100700.7007007007,7.8913,1.0651,motorcycle
58,100700.7007007007,16.5236,-6.3098,car
61,100700.7007007007,18.3194,12.9143,car
62,100700.7007007007,19.5768,10.53,motorcycle
63,100700.7007007007,-0.6041,11.086,bicycle
64,100700.7007007007,49.356,21.4977,tricycle
66,100700.7007007007,9.22,26.3227,motorcycle
67,100700.7007007007,54.8685,21.5524,bicycle
8,100700.7007007007,43.506,7.5177,car
3,100800.8008008008,50.1503,24.331,bus
47,100800.8008008008,11.3842,38.0225,car
50,100800.8008008008,20.781,-2.6332,bicycle
57,100800.8008008008,7.9469,0.7033,motorcycle
58,100800.8008008008,16.5213,-6.3082,car
61,100800.8008008008,18.0221,12.6301,car
62,100800.8008008008,19.7047,10.7849,motorcycle
63,100800.8008008008,-0.2806,11.2968,bicycle
64,100800.8008008008,49.1016,21.4907,tricycle
66,100800.8008008008,9.2235,26.2214,motorcycle
67,100800.8008008008,54.6184,21.5454,bicycle
8,100800.8008008008,43.506,7.5177,car
3,100900.9009009009,50.1503,24.331,bus
47,100900.9009009009,11.3834,38.0191,car
50,100900.9009009009,20.7756,-2.6374,bicycle
57,100900.9009009009,8.0071,0.34,motorcycle
58,100900.9009009009,16.5196,-6.309,car
61,100900.9009009009,17.7212,12.3308,car
62,100900.9009009009,19.8284,11.0192,motorcycle
63,100900.9009009009,0.0272,11.4932,bicycle
64,100900.9009009009,48.8477,21.4826,tricycle
66,100900.9009009009,9.2254,26.1251,motorcycle
67,100900.9009009009,54.3672,21.5394,bicycle
8,100900.9009009009,43.506,7.5177,car
3,101001.00100100102,50.1503,24.331,bus
47,101001.00100100102,11.3832,38.0146,car
50,101001.00100100102,20.7712,-2.6408,bicycle
57,101001.00100100102,8.0704,-0.0318,motorcycle
58,101001.00100100102,16.5189,-6.309,car
61,101001.00100100102,17.4212,12.0126,car
62,101001.00100100102,19.9331,11.2264,motorcycle
63,101001.00100100102,0.3169,11.6752,bicycle
64,101001.00100100102,48.5941,21.4751,tricycle
66,101001.00100100102,9.2251,26.0307,motorcycle
67,101001.00100100102,54.1141,21.5358,bicycle
8,101001.00100100102,43.506,7.5177,car
3,101101.10110110111,50.1503,24.331,bus
47,101101.10110110111,11.384,38.0098,car
50,101101.10110110111,20.7689,-2.6435,bicycle
57,101101.10110110111,8.1314,-0.411,motorcycle
58,101101.10110110111,16.5192,-6.3101,car
61,101101.10110110111,17.1261,11.6751,car
62,101101.10110110111,20.0224,11.417,motorcycle
63,101101.10110110111,0.6337,11.861,bicycle
64,101101.10110110111,48.3465,21.4685,tricycle
66,101101.10110110111,9.2219,25.9416,motorcycle
67,101101.10110110111,53.8584,21.5338,bicycle
8,101101.10110110111,43.506,7.5177,car
3,101201.2012012012,50.1503,24.331,bus
47,101201.2012012012,11.3857,38.0053,car
50,101201.2012012012,20.7688,-2.6396,bicycle
57,101201.2012012012,8.1964,-0.7991,motorcycle
58,101201.2012012012,16.5191,-6.3121,car
61,101201.2012012012,16.8374,11.322,car
62,101201.2012012012,20.1009,11.5914,motorcycle
63,101201.2012012012,0.985,12.0363,bicycle
64,101201.2012012012,48.0982,21.4632,tricycle
66,101201.2012012012,9.215,25.8889,motorcycle
67,101201.2012012012,53.6013,21.5324,bicycle
8,101201.2012012012,43.506,7.5177,car
3,101301.30130130133,50.1503,24.331,bus
47,101301.30130130133,11.3858,37.9992,car
50,101301.30130130133,20.7716,-2.6336,bicycle
57,101301.30130130133,8.2609,-1.1943,motorcycle
58,101301.30130130133,16.5182,-6.3136,car
61,101301.30130130133,16.5516,10.945,car
62,101301.30130130133,20.1761,11.7657,motorcycle
63,101301.30130130133,1.3146,12.1831,bicycle
64,101301.30130130133,47.8454,21.4589,tricycle
66,101301.30130130133,9.2057,25.8293,motorcycle
67,101301.30130130133,53.3426,21.5308,bicycle
8,101301.30130130133,43.506,7.5177,car
3,101401.4014014014,50.1503,24.331,bus
47,101401.4014014014,11.3847,37.9933,car
50,101401.4014014014,20.7744,-2.6281,bicycle
57,101401.4014014014,8.332,-1.5958,motorcycle
58,101401.4014014014,16.5183,-6.3133,car
61,101401.4014014014,16.2679,10.5428,car
62,101401.4014014014,20.28,12.0044,motorcycle
63,101401.4014014014,1.6558,12.3303,bicycle
64,101401.4014014014,47.5926,21.4558,tricycle
66,101401.4014014014,9.1931,25.7778,motorcycle
67,101401.4014014014,53.0848,21.5275,bicycle
8,101401.4014014014,43.506,7.5177,car
3,101501.50150150152,50.1503,24.331,bus
47,101501.50150150152,11.3829,37.9879,car
50,101501.50150150152,20.7771,-2.6234,bicycle
57,101501.50150150152,8.4021,-2.0008,motorcycle
58,101501.50150150152,16.5189,-6.3123,car
61,101501.50150150152,15.9897,10.1161,car
62,101501.50150150152,20.424,12.3885,motorcycle
63,101501.50150150152,2.001,12.4797,bicycle
64,101501.50150150152,47.3372,21.4543,tricycle
66,101501.50150150152,9.1745,25.6433,motorcycle
67,101501.50150150152,52.8283,21.5225,bicycle
8,101501.50150150152,43.506,7.5177,car
3,101601.6016016016,50.1503,24.331,bus
47,101601.6016016016,11.3805,37.9841,car
50,101601.6016016016,20.7795,-2.6163,bicycle
57,101601.6016016016,8.4786,-2.4092,motorcycle
58,101601.6016016016,16.52,-6.3119,car
61,101601.6016016016,15.7265,9.6653,car
62,101601.6016016016,20.5213,12.759,motorcycle
63,101601.6016016016,2.3699,12.6261,bicycle
64,101601.6016016016,47.08,21.4555,tricycle
66,101601.6016016016,9.1187,25.3023,motorcycle
67,101601.6016016016,52.5786,21.5177,bicycle
8,101601.6016016016,43.506,7.5177,car
3,101701.7017017017,50.1503,24.331,bus
47,101701.7017017017,11.3775,37.9801,car
50,101701.7017017017,20.7819,-2.6068,bicycle
57,101701.7017017017,8.555,-2.829,motorcycle
58,101701.7017017017,16.5213,-6.3128,car
61,101701.7017017017,15.4737,9.1976,car
62,101701.7017017017,20.5787,13.0765,motorcycle
63,101701.7017017017,2.7628,12.7607,bicycle
64,101701.7017017017,46.8207,21.4576,tricycle
66,101701.7017017017,9.0321,25.0591,motorcycle
67,101701.7017017017,52.3335,21.5128,bicycle
8,101701.7017017017,43.506,7.5177,car
3,101801.8018018018,50.1503,24.331,bus
47,101801.8018018018,11.3749,37.9772,car
50,101801.8018018018,20.7852,-2.5947,bicycle
57,101801.8018018018,8.6301,-3.2479,motorcycle
58,101801.8018018018,16.5237,-6.3124,car
61,101801.8018018018,15.2298,8.7155,car
62,101801.8018018018,20.6305,13.399,motorcycle
63,101801.8018018018,3.1242,12.8723,bicycle
64,101801.8018018018,46.5629,21.46,tricycle
66,101801.8018018018,8.9412,24.858,motorcycle
67,101801.8018018018,52.0912,21.5071,bicycle
8,101801.8018018018,43.506,7.5177,car
3,101901.9019019019,50.1503,24.331,bus
47,101901.9019019019,11.3736,37.9746,car
50,101901.9019019019,20.7883,-2.5811,bicycle
57,101901.9019019019,8.7117,-3.6688,motorcycle
58,101901.9019019019,16.5258,-6.3123,car
61,101901.9019019019,14.9976,8.2213,car
62,101901.9019019019,20.6692,13.7231,motorcycle
63,101901.9019019019,3.4586,12.983,bicycle
64,101901.9019019019,46.3079,21.4639,tricycle
66,101901.9019019019,8.8549,24.6706,motorcycle
67,101901.9019019019,51.8439,21.5013,bicycle
8,101901.9019019019,43.506,7.5177,car
3,102002.002002002,50.1503,24.331,bus
47,102002.002002002,11.3733,37.9727,car
50,102002.002002002,20.7913,-2.5663,bicycle
57,102002.002002002,8.7926,-4.0974,motorcycle
58,102002.002002002,16.5275,-6.3125,car
61,102002.002002002,14.7753,7.7094,car
62,102002.002002002,20.6984,14.0524,motorcycle
63,102002.002002002,3.7921,13.0995,bicycle
64,102002.002002002,46.0563,21.4686,tricycle
66,102002.002002002,8.7792,24.5007,motorcycle
67,102002.002002002,51.5908,21.4937,bicycle
8,102002.002002002,43.506,7.5177,car
3,102102.1021021021,50.1503,24.331,bus
47,102102.1021021021,11.3734,37.9702,car
50,102102.1021021021,20.7943,-2.5481,bicycle
57,102102.1021021021,8.8713,-4.5285,motorcycle
58,102102.1021021021,16.5292,-6.3141,car
61,102102.1021021021,14.5536,7.1856,car
62,102102.1021021021,20.7163,14.3863,motorcycle
63,102102.1021021021,4.1444,13.2365,bicycle
64,102102.1021021021,45.8068,21.475,tricycle
66,102102.1021021021,8.7102,24.3303,motorcycle
67,102102.1021021021,51.3302,21.4857,bicycle
8,102102.1021021021,43.506,7.5177,car
3,102202.2022022022,50.1503,24.331,bus
47,102202.2022022022,11.3735,37.9651,car
50,102202.2022022022,20.7968,-2.5251,bicycle
57,102202.2022022022,8.9484,-4.9652,motorcycle
58,102202.2022022022,16.53,-6.3156,car
61,102202.2022022022,14.3436,6.6447,car
62,102202.2022022022,20.7231,14.7289,motorcycle
63,102202.2022022022,4.4831,13.3854,bicycle
64,102202.2022022022,45.561,21.482,tricycle
66,102202.2022022022,8.6456,24.1586,motorcycle
67,102202.2022022022,51.0663,21.4798,bicycle
8,102202.2022022022,43.506,7.5177,car
3,102302.3023023023,50.1503,24.331,bus
47,102302.3023023023,11.3729,37.9605,car
50,102302.3023023023,20.7987,-2.496,bicycle
57,102302.3023023023,9.0273,-5.4068,motorcycle
58,102302.3023023023,16.5315,-6.3161,car
61,102302.3023023023,14.1483,6.0878,car
62,102302.3023023023,20.7281,15.083,motorcycle
63,102302.3023023023,4.8225,13.5467,bicycle
64,102302.3023023023,45.319,21.4884,tricycle
66,102302.3023023023,8.5905,23.9943,motorcycle
67,102302.3023023023,50.7997,21.477,bicycle
8,102302.3023023023,43.506,7.5177,car
3,102402.4024024024,50.1503,24.331,bus
47,102402.4024024024,11.3711,37.958,car
50,102402.4024024024,20.8006,-2.4606,bicycle
57,102402.4024024024,9.1164,-5.8495,motorcycle
58,102402.4024024024,16.5346,-6.3096,car
61,102402.4024024024,13.9691,5.5128,car
62,102402.4024024024,20.7302,15.4588,motorcycle
63,102402.4024024024,5.1683,13.7207,bicycle
64,102402.4024024024,45.0803,21.4926,tricycle
66,102402.4024024024,8.5412,23.841,motorcycle
67,102402.4024024024,50.5328,21.4779,bicycle
68,102402.4024024024,54.9413,20.5999,motorcycle
8,102402.4024024024,43.506,7.5177,car
3,102502.50250250252,50.1503,24.331,bus
47,102502.50250250252,11.3682,37.9579,car
50,102502.50250250252,20.8022,-2.4172,bicycle
57,102502.50250250252,9.2066,-6.2938,motorcycle
58,102502.50250250252,16.54,-6.2951,car
61,102502.50250250252,13.8181,4.9272,car
62,102502.50250250252,20.7342,15.8331,motorcycle
63,102502.50250250252,5.5069,13.9074,bicycle
64,102502.50250250252,44.8398,21.4943,tricycle
66,102502.50250250252,8.485,23.6713,motorcycle
67,102502.50250250252,50.2636,21.4829,bicycle
68,102502.50250250252,54.7149,20.6023,motorcycle
8,102502.50250250252,43.506,7.5177,car
3,102602.6026026026,50.1503,24.331,bus
47,102602.6026026026,11.3658,37.9584,car
50,102602.6026026026,20.8031,-2.3629,bicycle
57,102602.6026026026,9.2965,-6.7362,motorcycle
58,102602.6026026026,16.5459,-6.2735,car
61,102602.6026026026,13.6834,4.3355,car
62,102602.6026026026,20.729,16.2258,motorcycle
63,102602.6026026026,5.8478,14.1033,bicycle
64,102602.6026026026,44.5684,21.5464,tricycle
66,102602.6026026026,8.4106,23.46,motorcycle
67,102602.6026026026,49.9927,21.49,bicycle
68,102602.6026026026,54.4856,20.6027,motorcycle
8,102602.6026026026,43.506,7.5177,car
3,102702.7027027027,50.1503,24.331,bus
47,102702.7027027027,11.3622,37.9614,car
50,102702.7027027027,20.8037,-2.2962,bicycle
57,102702.7027027027,9.3881,-7.1806,motorcycle
58,102702.7027027027,16.5544,-6.2437,car
61,102702.7027027027,13.5639,3.7428,car
62,102702.7027027027,20.7217,16.6377,motorcycle
63,102702.7027027027,6.1827,14.3104,bicycle
64,102702.7027027027,44.3043,21.5655,tricycle
66,102702.7027027027,8.3179,23.1958,motorcycle
67,102702.7027027027,49.7229,21.4984,bicycle
68,102702.7027027027,54.2546,20.6038,motorcycle
8,102702.7027027027,43.506,7.5177,car
3,102802.8028028028,50.1503,24.331,bus
47,102802.8028028028,11.3565,37.9658,car
50,102802.8028028028,20.8034,-2.2151,bicycle
58,102802.8028028028,16.5659,-6.206,car
61,102802.8028028028,13.4611,3.1476,car
62,102802.8028028028,20.7087,17.0618,motorcycle
63,102802.8028028028,6.5249,14.5282,bicycle
64,102802.8028028028,44.0562,21.5881,tricycle
66,102802.8028028028,8.2205,22.91,motorcycle
67,102802.8028028028,49.4564,21.5061,bicycle
68,102802.8028028028,54.0161,20.605,motorcycle
8,102802.8028028028,43.506,7.5177,car
3,102902.9029029029,50.1503,24.331,bus
47,102902.9029029029,11.3473,37.9717,car
50,102902.9029029029,20.8016,-2.1222,bicycle
58,102902.9029029029,16.5819,-6.1577,car
61,102902.9029029029,13.374,2.55,car
62,102902.9029029029,20.6914,17.4978,motorcycle
63,102902.9029029029,6.8705,14.7656,bicycle
64,102902.9029029029,43.8033,21.6105,tricycle
66,102902.9029029029,8.1273,22.6317,motorcycle
67,102902.9029029029,49.1856,21.5126,bicycle
68,102902.9029029029,53.769,20.6062,motorcycle
8,102902.9029029029,43.506,7.5177,car
3,103003.003003003,50.1503,24.331,bus
47,103003.003003003,11.3341,37.9802,car
50,103003.003003003,20.7963,-2.0306,bicycle
58,103003.003003003,16.6037,-6.0995,car
61,103003.003003003,13.2939,1.9516,car
62,103003.003003003,20.6593,17.9455,motorcycle
63,103003.003003003,7.2163,15.0232,bicycle
64,103003.003003003,43.5536,21.6334,tricycle
66,103003.003003003,8.0262,22.3386,motorcycle
67,103003.003003003,48.9145,21.5188,bicycle
68,103003.003003003,53.5179,20.6081,motorcycle
8,103003.003003003,43.506,7.5177,car
3,103103.1031031031,50.1503,24.331,bus
47,103103.1031031031,11.3408,37.9582,car
50,103103.1031031031,20.7865,-1.8952,bicycle
58,103103.1031031031,16.5983,-6.1139,car
61,103103.1031031031,13.2116,1.287,car
62,103103.1031031031,20.6267,18.3598,motorcycle
63,103103.1031031031,7.4771,15.2497,bicycle
64,103103.1031031031,43.3364,21.6578,tricycle
66,103103.1031031031,7.9155,22.0013,motorcycle
67,103103.1031031031,48.6752,21.524,bicycle
68,103103.1031031031,53.2926,20.6116,motorcycle
8,103103.1031031031,43.506,7.5177,car
3,103203.2032032032,50.1503,24.331,bus
47,103203.2032032032,11.3496,37.9262,car
50,103203.2032032032,20.7792,-1.7847,bicycle
58,103203.2032032032,16.5832,-6.156,car
61,103203.2032032032,13.1268,0.5774,car
62,103203.2032032032,20.5906,18.7839,motorcycle
63,103203.2032032032,7.7568,15.4907,bicycle
64,103203.2032032032,43.1174,21.6863,tricycle
66,103203.2032032032,7.8011,21.6485,motorcycle
67,103203.2032032032,48.4386,21.5285,bicycle
68,103203.2032032032,53.0663,20.6169,motorcycle
8,103203.2032032032,43.506,7.5177,car
3,103303.3033033033,50.1503,24.331,bus
47,103303.3033033033,11.357,37.8931,car
50,103303.3033033033,20.7757,-1.6851,bicycle
58,103303.3033033033,16.5675,-6.1966,car
61,103303.3033033033,13.0478,-0.1398,car
62,103303.3033033033,20.5526,19.1711,motorcycle
63,103303.3033033033,8.0381,15.7588,bicycle
64,103303.3033033033,42.8819,21.721,tricycle
66,103303.3033033033,7.6853,21.29,motorcycle
67,103303.3033033033,48.2017,21.5327,bicycle
68,103303.3033033033,52.8339,20.623,motorcycle
8,103303.3033033033,43.506,7.5177,car
3,103403.4034034034,50.1503,24.331,bus
47,103403.4034034034,11.364,37.8619,car
50,103403.4034034034,20.7728,-1.5887,bicycle
58,103403.4034034034,16.5538,-6.2318,car
61,103403.4034034034,12.9932,-0.8682,car
62,103403.4034034034,20.5067,19.5691,motorcycle
63,103403.4034034034,8.3196,16.0535,bicycle
64,103403.4034034034,42.6282,21.7661,tricycle
66,103403.4034034034,7.5682,20.9296,motorcycle
67,103403.4034034034,47.9582,21.5367,bicycle
68,103403.4034034034,52.5932,20.6286,motorcycle
8,103403.4034034034,43.506,7.5177,car
3,103503.5035035035,50.1503,24.331,bus
47,103503.5035035035,11.3691,37.8343,car
50,103503.5035035035,20.7705,-1.4771,bicycle
58,103503.5035035035,16.543,-6.2593,car
61,103503.5035035035,12.9665,-1.594,car
62,103503.5035035035,20.4578,19.9797,motorcycle
63,103503.5035035035,8.5846,16.3698,bicycle
64,103503.5035035035,42.3735,21.8161,tricycle
66,103503.5035035035,7.4498,20.5665,motorcycle
67,103503.5035035035,47.7076,21.5412,bicycle
68,103503.5035035035,52.347,20.6351,motorcycle
8,103503.5035035035,43.506,7.5177,car
3,103603.6036036036,50.1503,24.331,bus
47,103603.6036036036,11.3728,37.8102,car
50,103603.6036036036,20.7701,-1.3611,bicycle
58,103603.6036036036,16.5361,-6.2798,car
61,103603.6036036036,12.9623,-2.315,car
62,103603.6036036036,20.397,20.405,motorcycle
63,103603.6036036036,8.8273,16.7015,bicycle
64,103603.6036036036,42.1276,21.8714,tricycle
66,103603.6036036036,7.3297,20.2167,motorcycle
67,103603.6036036036,47.4473,21.5459,bicycle
68,103603.6036036036,52.0955,20.6413,motorcycle
8,103603.6036036036,43.506,7.5177,car
3,103703.70370370372,50.1503,24.331,bus
47,103703.70370370372,11.3747,37.7864,car
50,103703.70370370372,20.77,-1.2401,bicycle
58,103703.70370370372,16.5313,-6.2945,car
61,103703.70370370372,12.9653,-3.0398,car
62,103703.70370370372,20.3336,20.8432,motorcycle
63,103703.70370370372,9.0456,17.0418,bicycle
64,103703.70370370372,41.8924,21.9265,tricycle
66,103703.70370370372,7.2089,19.8374,motorcycle
67,103703.70370370372,47.1773,21.5488,bicycle
68,103703.70370370372,51.8447,20.6464,motorcycle
8,103703.70370370372,43.506,7.5177,car
3,103803.80380380382,50.1503,24.331,bus
47,103803.80380380382,11.376,37.7629,car
50,103803.80380380382,20.7708,-1.1159,bicycle
58,103803.80380380382,16.5284,-6.3035,car
61,103803.80380380382,12.9765,-3.7672,car
62,103803.80380380382,20.2684,21.2931,motorcycle
63,103803.80380380382,9.238,17.3786,bicycle
64,103803.80380380382,41.6583,21.9813,tricycle
66,103803.80380380382,7.103,19.465,motorcycle
67,103803.80380380382,46.9037,21.5518,bicycle
68,103803.80380380382,51.5937,20.6514,motorcycle
8,103803.80380380382,43.506,7.5177,car
3,103903.90390390392,50.1503,24.331,bus
47,103903.90390390392,11.3771,37.7382,car
50,103903.90390390392,20.7733,-0.9904,bicycle
58,103903.90390390392,16.526,-6.31,car
61,103903.90390390392,12.9967,-4.5005,car
62,103903.90390390392,20.2005,21.7535,motorcycle
63,103903.90390390392,9.4236,17.7188,bicycle
64,103903.90390390392,41.4241,22.0362,tricycle
66,103903.90390390392,6.9971,19.0856,motorcycle
67,103903.90390390392,46.6284,21.5556,bicycle
68,103903.90390390392,51.3435,20.6551,motorcycle
8,103903.90390390392,43.506,7.5177,car
3,104004.00400400402,50.1503,24.331,bus
47,104004.00400400402,11.3779,37.7097,car
50,104004.00400400402,20.7773,-0.87,bicycle
58,104004.00400400402,16.5234,-6.3139,car
61,104004.00400400402,13.0145,-5.2439,car
62,104004.00400400402,20.131,22.2229,motorcycle
63,104004.00400400402,9.6094,18.073,bicycle
64,104004.00400400402,41.1929,22.0914,tricycle
66,104004.00400400402,6.8981,18.6971,motorcycle
67,104004.00400400402,46.3495,21.5603,bicycle
68,104004.00400400402,51.0963,20.6583,motorcycle
8,104004.00400400402,43.506,7.5177,car
3,104104.10410410412,50.1503,24.331,bus
47,104104.10410410412,11.3779,37.6766,car
50,104104.10410410412,20.7788,-0.7463,bicycle
58,104104.10410410412,16.5223,-6.3153,car
61,104104.10410410412,13.0335,-5.985,car
62,104104.10410410412,20.0651,22.701,motorcycle
63,104104.10410410412,9.7875,18.4453,bicycle
64,104104.10410410412,40.9571,22.148,tricycle
66,104104.10410410412,6.8086,18.3157,motorcycle
67,104104.10410410412,46.0743,21.5638,bicycle
68,104104.10410410412,50.8529,20.6623,motorcycle
8,104104.10410410412,43.506,7.5177,car
3,104204.20420420422,50.1503,24.331,bus
47,104204.20420420422,11.3778,37.6357,car
50,104204.20420420422,20.7786,-0.617,bicycle
58,104204.20420420422,16.5207,-6.3155,car
61,104204.20420420422,13.0709,-6.7252,car
62,104204.20420420422,20.0094,23.1702,motorcycle
63,104204.20420420422,9.9519,18.8348,bicycle
64,104204.20420420422,40.7246,22.203,tricycle
66,104204.20420420422,6.7116,17.9101,motorcycle
67,104204.20420420422,45.8026,21.5656,bicycle
68,104204.20420420422,50.612,20.6662,motorcycle
8,104204.20420420422,43.506,7.5177,car
3,104304.30430430431,50.1503,24.331,bus
47,104304.30430430431,11.3775,37.586,car
50,104304.30430430431,20.7778,-0.4803,bicycle
58,104304.30430430431,16.52,-6.3113,car
62,104304.30430430431,19.9446,23.6598,motorcycle
63,104304.30430430431,10.0877,19.2106,bicycle
64,104304.30430430431,40.4929,22.261,tricycle
66,104304.30430430431,6.6253,17.5308,motorcycle
67,104304.30430430431,45.5364,21.5649,bicycle
68,104304.30430430431,50.3742,20.671,motorcycle
8,104304.30430430431,43.506,7.5177,car
3,104404.4044044044,50.1503,24.331,bus
47,104404.4044044044,11.3762,37.5288,car
50,104404.4044044044,20.7737,-0.3392,bicycle
58,104404.4044044044,16.5194,-6.3024,car
62,104404.4044044044,19.8802,24.1518,motorcycle
63,104404.4044044044,10.2239,19.5736,bicycle
64,104404.4044044044,40.2579,22.321,tricycle
66,104404.4044044044,6.5366,17.0256,motorcycle
67,104404.4044044044,45.275,21.563,bicycle
68,104404.4044044044,50.1438,20.6759,motorcycle
8,104404.4044044044,43.506,7.5177,car
3,104504.50450450453,50.1503,24.331,bus
47,104504.50450450453,11.3753,37.464,car
50,104504.50450450453,20.7687,-0.1958,bicycle
58,104504.50450450453,16.5189,-6.2895,car
62,104504.50450450453,19.8172,24.6464,motorcycle
63,104504.50450450453,10.3713,19.9247,bicycle
64,104504.50450450453,40.0224,22.3803,tricycle
66,104504.50450450453,6.4985,16.5721,motorcycle
67,104504.50450450453,45.0135,21.5608,bicycle
68,104504.50450450453,49.9193,20.6814,motorcycle
8,104504.50450450453,43.506,7.5177,car
3,104604.6046046046,50.1503,24.331,bus
47,104604.6046046046,11.3744,37.3927,car
50,104604.6046046046,20.761,-0.0495,bicycle
58,104604.6046046046,16.5174,-6.2735,car
62,104604.6046046046,19.7569,25.1372,motorcycle
63,104604.6046046046,10.5275,20.2912,bicycle
64,104604.6046046046,39.7952,22.4383,tricycle
66,104604.6046046046,6.4684,16.1123,motorcycle
67,104604.6046046046,44.7601,21.5584,bicycle
68,104604.6046046046,49.6947,20.6882,motorcycle
8,104604.6046046046,43.506,7.5177,car
3,104704.70470470472,50.1503,24.331,bus
47,104704.70470470472,11.3725,37.3149,car
50,104704.70470470472,20.7503,0.0963,bicycle
58,104704.70470470472,16.5158,-6.2515,car
62,104704.70470470472,19.6954,25.615,motorcycle
63,104704.70470470472,10.7039,20.6731,bicycle
64,104704.70470470472,39.5668,22.5009,tricycle
66,104704.70470470472,6.4401,15.6542,motorcycle
67,104704.70470470472,44.5132,21.5572,bicycle
68,104704.70470470472,49.4681,20.6966,motorcycle
8,104704.70470470472,43.506,7.5177,car
3,104804.8048048048,50.1503,24.331,bus
47,104804.8048048048,11.3706,37.2292,car
50,104804.8048048048,20.7392,0.2441,bicycle
58,104804.8048048048,16.5143,-6.2212,car
62,104804.8048048048,19.6181,26.1213,motorcycle
63,104804.8048048048,10.884,21.0342,bicycle
64,104804.8048048048,39.3395,22.5648,tricycle
66,104804.8048048048,6.4244,15.1853,motorcycle
67,104804.8048048048,44.2675,21.5565,bicycle
68,104804.8048048048,49.2393,20.7066,motorcycle
8,104804.8048048048,43.506,7.5177,car
3,104904.9049049049,50.1503,24.331,bus
47,104904.9049049049,11.3687,37.1345,car
50,104904.9049049049,20.7276,0.3891,bicycle
58,104904.9049049049,16.5127,-6.1829,car
62,104904.9049049049,19.4928,26.6932,motorcycle
63,104904.9049049049,11.07,21.4119,bicycle
64,104904.9049049049,39.1042,22.631,tricycle
66,104904.9049049049,6.4147,14.7097,motorcycle
67,104904.9049049049,44.0186,21.5569,bicycle
68,104904.9049049049,49.0077,20.7194,motorcycle
8,104904.9049049049,43.506,7.5177,car
3,105005.005005005,50.1503,24.331,bus
47,105005.005005005,11.3669,37.0343,car
50,105005.005005005,20.7151,0.5329,bicycle
58,105005.005005005,16.5112,-6.1342,car
62,105005.005005005,19.3638,27.161,motorcycle
63,105005.005005005,11.2656,21.7745,bicycle
64,105005.005005005,38.885,22.6895,tricycle
66,105005.005005005,6.41,14.2234,motorcycle
67,105005.005005005,43.7665,21.5584,bicycle
68,105005.005005005,48.7696,20.7333,motorcycle
8,105005.005005005,43.506,7.5177,car
3,105105.1051051051,50.1503,24.331,bus
47,105105.1051051051,11.3638,36.9275,car
50,105105.1051051051,20.7031,0.682,bicycle
58,105105.1051051051,16.5108,-6.0728,car
62,105105.1051051051,19.2491,27.704,motorcycle
63,105105.1051051051,11.4565,22.1193,bicycle
64,105105.1051051051,38.6578,22.7544,tricycle
66,105105.1051051051,6.4054,13.7397,motorcycle
67,105105.1051051051,43.5136,21.5607,bicycle
68,105105.1051051051,48.5277,20.7479,motorcycle
8,105105.1051051051,43.506,7.5177,car
3,105205.20520520522,50.1503,24.331,bus
47,105205.20520520522,11.3594,36.8149,car
50,105205.20520520522,20.6935,0.8407,bicycle
58,105205.20520520522,16.5105,-5.9971,car
62,105205.20520520522,19.1655,28.266,motorcycle
63,105205.20520520522,11.6972,22.5073,bicycle
64,105205.20520520522,38.4341,22.8217,tricycle
66,105205.20520520522,6.4123,13.2453,motorcycle
67,105205.20520520522,43.2537,21.5645,bicycle
68,105205.20520520522,48.2806,20.7633,motorcycle
8,105205.20520520522,43.506,7.5177,car
3,105305.30530530532,50.1503,24.331,bus
47,105305.30530530532,11.3532,36.6943,car
50,105305.30530530532,20.6865,1.0103,bicycle
58,105305.30530530532,16.51,-5.907,car
62,105305.30530530532,19.1063,28.7878,motorcycle
63,105305.30530530532,11.9382,22.8705,bicycle
64,105305.30530530532,38.2104,22.8901,tricycle
66,105305.30530530532,6.4241,12.7491,motorcycle
67,105305.30530530532,42.9867,21.5709,bicycle
68,105305.30530530532,48.032,20.7794,motorcycle
8,105305.30530530532,43.506,7.5177,car
3,105405.4054054054,50.1503,24.331,bus
47,105405.4054054054,11.3468,36.5677,car
50,105405.4054054054,20.6827,1.1898,bicycle
58,105405.4054054054,16.5102,-5.8011,car
62,105405.4054054054,19.0415,29.3304,motorcycle
63,105405.4054054054,12.1665,23.217,bicycle
64,105405.4054054054,37.9879,22.9584,tricycle
66,105405.4054054054,6.4492,12.2467,motorcycle
67,105405.4054054054,42.7193,21.5803,bicycle
68,105405.4054054054,47.7841,20.7983,motorcycle
8,105405.4054054054,43.506,7.5177,car
3,105505.50550550553,50.1503,24.331,bus
47,105505.50550550553,11.3395,36.4347,car
50,105505.50550550553,20.6826,1.3717,bicycle
58,105505.50550550553,16.5101,-5.6782,car
62,105505.50550550553,18.945,29.8588,motorcycle
63,105505.50550550553,12.3948,23.5619,bicycle
64,105505.50550550553,37.7654,23.0291,tricycle
66,105505.50550550553,6.4771,11.7315,motorcycle
67,105505.50550550553,42.4531,21.5934,bicycle
68,105505.50550550553,47.5378,20.8207,motorcycle
8,105505.50550550553,43.506,7.5177,car
3,105605.6056056056,50.1503,24.331,bus
47,105605.6056056056,11.3308,36.2951,car
50,105605.6056056056,20.6856,1.55,bicycle
58,105605.6056056056,16.5097,-5.5367,car
62,105605.6056056056,18.8558,30.4102,motorcycle
63,105605.6056056056,12.6218,23.9448,bicycle
64,105605.6056056056,37.5457,23.1031,tricycle
66,105605.6056056056,6.5046,11.2088,motorcycle
67,105605.6056056056,42.1889,21.6103,bicycle
68,105605.6056056056,47.2914,20.8467,motorcycle
8,105605.6056056056,43.506,7.5177,car
3,105705.70570570572,50.1503,24.331,bus
47,105705.70570570572,11.3259,36.1432,car
50,105705.70570570572,20.6867,1.72,bicycle
58,105705.70570570572,16.505,-5.3875,car
62,105705.70570570572,18.7826,30.9593,motorcycle
63,105705.70570570572,12.8149,24.2942,bicycle
64,105705.70570570572,37.333,23.1661,tricycle
66,105705.70570570572,6.5356,10.6769,motorcycle
67,105705.70570570572,41.9331,21.6189,bicycle
68,105705.70570570572,47.0493,20.8628,motorcycle
8,105705.70570570572,43.506,7.5177,car
3,105805.8058058058,50.1503,24.331,bus
47,105805.8058058058,11.323,35.9833,car
50,105805.8058058058,20.6891,1.8925,bicycle
58,105805.8058058058,16.4994,-5.2234,car
62,105805.8058058058,18.7192,31.5036,motorcycle
63,105805.8058058058,13.0132,24.6597,bicycle
64,105805.8058058058,37.1257,23.2263,tricycle
66,105805.8058058058,6.5902,10.1444,motorcycle
67,105805.8058058058,41.6789,21.6259,bicycle
68,105805.8058058058,46.8154,20.8775,motorcycle
8,105805.8058058058,43.506,7.5177,car
3,105905.9059059059,50.1503,24.331,bus
47,105905.9059059059,11.3201,35.8173,car
50,105905.9059059059,20.6915,2.0689,bicycle
58,105905.9059059059,16.4942,-5.0449,car
62,105905.9059059059,18.6555,32.0485,motorcycle
63,105905.9059059059,13.2055,25.0353,bicycle
64,105905.9059059059,36.9178,23.2859,tricycle
66,105905.9059059059,6.6571,9.5985,motorcycle
67,105905.9059059059,41.4259,21.6348,bicycle
68,105905.9059059059,46.5886,20.893,motorcycle
8,105905.9059059059,43.506,7.5177,car
3,106006.006006006,50.1503,24.331,bus
47,106006.006006006,11.3165,35.6441,car
50,106006.006006006,20.6935,2.2482,bicycle
58,106006.006006006,16.4882,-4.8488,car
62,106006.006006006,18.6005,32.5964,motorcycle
63,106006.006006006,13.3893,25.4399,bicycle
64,106006.006006006,36.7112,23.3454,tricycle
66,106006.006006006,6.7581,9.0272,motorcycle
67,106006.006006006,41.175,21.648,bicycle
68,106006.006006006,46.3635,20.9114,motorcycle
8,106006.006006006,43.506,7.5177,car
3,106106.1061061061,50.1503,24.331,bus
47,106106.1061061061,11.312,35.4677,car
50,106106.1061061061,20.6958,2.4324,bicycle
58,106106.1061061061,16.4813,-4.6374,car
62,106106.1061061061,18.5449,33.1597,motorcycle
63,106106.1061061061,13.5331,25.8119,bicycle
64,106106.1061061061,36.5016,23.4075,tricycle
66,106106.1061061061,6.88,8.4785,motorcycle
67,106106.1061061061,40.9192,21.664,bicycle
68,106106.1061061061,46.1355,20.9329,motorcycle
8,106106.1061061061,43.506,7.5177,car
3,106206.2062062062,50.1503,24.331,bus
47,106206.2062062062,11.308,35.2835,car
50,106206.2062062062,20.6961,2.6211,bicycle
58,106206.2062062062,16.4746,-4.4117,car
62,106206.2062062062,18.48,33.7097,motorcycle
63,106206.2062062062,13.6837,26.2131,bicycle
64,106206.2062062062,36.2855,23.4733,tricycle
66,106206.2062062062,7.0009,7.9133,motorcycle
67,106206.2062062062,40.6612,21.6838,bicycle
68,106206.2062062062,45.9027,20.9579,motorcycle
8,106206.2062062062,43.506,7.5177,car
3,106306.3063063063,50.1503,24.331,bus
47,106306.3063063063,11.3032,35.0918,car
50,106306.3063063063,20.6961,2.8158,bicycle
58,106306.3063063063,16.4678,-4.1744,car
62,106306.3063063063,18.4263,34.2735,motorcycle
63,106306.3063063063,13.8241,26.6238,bicycle
64,106306.3063063063,36.0665,23.5416,tricycle
66,106306.3063063063,7.121,7.3485,motorcycle
67,106306.3063063063,40.4045,21.7077,bicycle
68,106306.3063063063,45.6648,20.9869,motorcycle
8,106306.3063063063,43.506,7.5177,car
3,106406.4064064064,50.1503,24.331,bus
47,106406.4064064064,11.2987,34.8921,car
50,106406.4064064064,20.6965,3.0117,bicycle
58,106406.4064064064,16.4602,-3.9251,car
62,106406.4064064064,18.3701,34.8473,motorcycle
63,106406.4064064064,13.9507,27.0661,bicycle
64,106406.4064064064,35.8446,23.6081,tricycle
66,106406.4064064064,7.2457,6.782,motorcycle
67,106406.4064064064,40.1493,21.734,bicycle
68,106406.4064064064,45.4258,21.0184,motorcycle
8,106406.4064064064,43.506,7.5177,car
3,106506.5065065065,50.1503,24.331,bus
47,106506.5065065065,11.2944,34.685,car
50,106506.5065065065,20.6975,3.2096,bicycle
58,106506.5065065065,16.4522,-3.6604,car
62,106506.5065065065,18.3069,35.4189,motorcycle
63,106506.5065065065,14.0504,27.5016,bicycle
64,106506.5065065065,35.6213,23.6761,tricycle
66,106506.5065065065,7.377,6.211,motorcycle
67,106506.5065065065,39.8945,21.7626,bicycle
68,106506.5065065065,45.1875,21.0526,motorcycle
8,106506.5065065065,43.506,7.5177,car
3,106606.6066066066,50.1503,24.331,bus
47,106606.6066066066,11.2915,34.4684,car
50,106606.6066066066,20.6992,3.4122,bicycle
58,106606.6066066066,16.4434,-3.3822,car
62,106606.6066066066,18.2595,36.0035,motorcycle
63,106606.6066066066,14.1349,27.9245,bicycle
64,106606.6066066066,35.3979,23.7431,tricycle
66,106606.6066066066,7.5122,5.6359,motorcycle
67,106606.6066066066,39.6382,21.7971,bicycle
68,106606.6066066066,44.9503,21.0883,motorcycle
8,106606.6066066066,43.506,7.5177,car
3,106706.7067067067,50.1503,24.331,bus
47,106706.7067067067,11.2895,34.2421,car
50,106706.7067067067,20.6995,3.6193,bicycle
58,106706.7067067067,16.4339,-3.0907,car
62,106706.7067067067,18.2161,36.6007,motorcycle
63,106706.7067067067,14.2158,28.347,bicycle
64,106706.7067067067,35.1746,23.808,tricycle
66,106706.7067067067,7.6299,5.0638,motorcycle
67,106706.7067067067,39.3839,21.8368,bicycle
68,106706.7067067067,44.7122,21.1259,motorcycle
8,106706.7067067067,43.506,7.5177,car
3,106806.80680680682,50.1503,24.331,bus
47,106806.80680680682,11.2891,34.0067,car
50,106806.80680680682,20.7015,3.8291,bicycle
58,106806.80680680682,16.4255,-2.7867,car
62,106806.80680680682,18.1747,37.2132,motorcycle
63,106806.80680680682,14.293,28.7729,bicycle
64,106806.80680680682,34.9486,23.8742,tricycle
66,106806.80680680682,7.7544,4.496,motorcycle
67,106806.80680680682,39.1286,21.8827,bicycle
68,106806.80680680682,44.4769,21.1623,motorcycle
8,106806.80680680682,43.506,7.5177,car
3,106906.90690690692,50.1503,24.331,bus
47,106906.90690690692,11.2885,33.7607,car
50,106906.90690690692,20.7046,4.0402,bicycle
58,106906.90690690692,16.4176,-2.4727,car
62,106906.90690690692,18.139,37.8393,motorcycle
63,106906.90690690692,14.3748,29.1929,bicycle
64,106906.90690690692,34.7267,23.9379,tricycle
66,106906.90690690692,7.8714,3.908,motorcycle
67,106906.90690690692,38.881,21.9288,bicycle
68,106906.90690690692,44.2431,21.1977,motorcycle
8,106906.90690690692,43.506,7.5177,car
3,107007.00700700702,50.1503,24.331,bus
47,107007.00700700702,11.2878,33.5007,car
50,107007.00700700702,20.7074,4.2527,bicycle
58,107007.00700700702,16.4085,-2.1466,car
62,107007.00700700702,18.1131,38.4173,motorcycle
63,107007.00700700702,14.4513,29.6091,bicycle
64,107007.00700700702,34.5093,23.9988,tricycle
66,107007.00700700702,7.9958,3.315,motorcycle
67,107007.00700700702,38.6383,21.9736,bicycle
68,107007.00700700702,44.0107,21.2312,motorcycle
8,107007.00700700702,43.506,7.5177,car
3,107107.10710710712,50.1503,24.331,bus
47,107107.10710710712,11.288,33.2259,car
50,107107.10710710712,20.7099,4.4682,bicycle
58,107107.10710710712,16.3991,-1.8068,car
63,107107.10710710712,14.5359,30.0379,bicycle
64,107107.10710710712,34.2898,24.0612,tricycle
66,107107.10710710712,8.1545,2.707,motorcycle
67,107107.10710710712,38.4047,22.0169,bicycle
68,107107.10710710712,43.7763,21.2647,motorcycle
8,107107.10710710712,43.506,7.5177,car
3,107207.20720720722,50.1503,24.331,bus
47,107207.20720720722,11.2881,32.9391,car
50,107207.20720720722,20.7149,4.6879,bicycle
58,107207.20720720722,16.3901,-1.4571,car
63,107207.20720720722,14.6182,30.4695,bicycle
64,107207.20720720722,34.0865,24.1153,tricycle
66,107207.20720720722,8.3218,2.1066,motorcycle
67,107207.20720720722,38.1756,22.0584,bicycle
68,107207.20720720722,43.5411,21.2962,motorcycle
8,107207.20720720722,43.506,7.5177,car
3,107307.30730730732,50.1503,24.331,bus
47,107307.30730730732,11.2874,32.6394,car
50,107307.30730730732,20.724,4.9103,bicycle
58,107307.30730730732,16.3829,-1.1007,car
63,107307.30730730732,14.7017,30.902,bicycle
64,107307.30730730732,33.8774,24.1731,tricycle
66,107307.30730730732,8.472,1.4994,motorcycle
67,107307.30730730732,37.9624,22.1011,bicycle
68,107307.30730730732,43.3091,21.3228,motorcycle
8,107307.30730730732,43.506,7.5177,car
3,107407.40740740742,50.1503,24.331,bus
47,107407.40740740742,11.2866,32.3273,car
50,107407.40740740742,20.7346,5.1353,bicycle
58,107407.40740740742,16.3769,-0.7348,car
63,107407.40740740742,14.7802,31.3307,bicycle
64,107407.40740740742,33.6704,24.2318,tricycle
66,107407.40740740742,8.6223,0.8764,motorcycle
67,107407.40740740742,37.7781,22.148,bicycle
68,107407.40740740742,43.0797,21.3432,motorcycle
8,107407.40740740742,43.506,7.5177,car
3,107507.50750750751,50.1503,24.331,bus
47,107507.50750750751,11.2871,32.0016,car
50,107507.50750750751,20.7489,5.3635,bicycle
58,107507.50750750751,16.3707,-0.361,car
63,107507.50750750751,14.8609,31.7605,bicycle
64,107507.50750750751,33.4653,24.2869,tricycle
66,107507.50750750751,8.7568,0.2063,motorcycle
67,107507.50750750751,37.3996,22.2149,bicycle
68,107507.50750750751,42.8486,21.3541,motorcycle
8,107507.50750750751,43.506,7.5177,car
3,107607.6076076076,50.1503,24.331,bus
47,107607.6076076076,11.2882,31.6639,car
50,107607.6076076076,20.7661,5.592,bicycle
58,107607.6076076076,16.3655,0.0211,car
63,107607.6076076076,14.9421,32.1847,bicycle
64,107607.6076076076,33.2617,24.3396,tricycle
66,107607.6076076076,8.8518,-0.3992,motorcycle
67,107607.6076076076,37.1222,22.2903,bicycle
68,107607.6076076076,42.6247,21.5452,motorcycle
8,107607.6076076076,43.506,7.5177,car
3,107707.70770770773,50.1503,24.331,bus
47,107707.70770770773,11.2909,31.3126,car
50,107707.70770770773,20.7838,5.8204,bicycle
58,107707.70770770773,16.3595,0.4108,car
63,107707.70770770773,15.0265,32.609,bicycle
64,107707.70770770773,33.0466,24.3972,tricycle
66,107707.70770770773,8.9879,-1.0117,motorcycle
67,107707.70770770773,36.9008,22.3536,bicycle
68,107707.70770770773,42.4016,21.6021,motorcycle
8,107707.70770770773,43.506,7.5177,car
3,107807.8078078078,50.1503,24.331,bus
47,107807.8078078078,11.2952,30.948,car
50,107807.8078078078,20.8003,6.051,bicycle
58,107807.8078078078,16.3525,0.8102,car
63,107807.8078078078,15.1094,33.0359,bicycle
64,107807.8078078078,32.8348,24.4558,tricycle
66,107807.8078078078,9.1112,-1.6661,motorcycle
67,107807.8078078078,36.6518,22.4161,bicycle
68,107807.8078078078,42.1825,21.6607,motorcycle
8,107807.8078078078,43.506,7.5177,car
3,107907.90790790792,50.1503,24.331,bus
47,107907.90790790792,11.3004,30.5698,car
50,107907.90790790792,20.8164,6.2827,bicycle
58,107907.90790790792,16.3441,1.2228,car
63,107907.90790790792,15.2057,33.4672,bicycle
64,107907.90790790792,32.63,24.5095,tricycle
66,107907.90790790792,9.2106,-2.311,motorcycle
67,107907.90790790792,36.4216,22.4655,bicycle
68,107907.90790790792,41.9163,21.7299,motorcycle
8,107907.90790790792,43.506,7.5177,car
3,108008.008008008,50.1503,24.331,bus
47,108008.008008008,11.3063,30.1781,car
50,108008.008008008,20.8342,6.5256,bicycle
58,108008.008008008,16.335,1.65,car
63,108008.008008008,15.2971,33.9146,bicycle
64,108008.008008008,32.4242,24.5648,tricycle
66,108008.008008008,9.3063,-2.9621,motorcycle
67,108008.008008008,36.1906,22.5161,bicycle
68,108008.008008008,41.6679,21.8034,motorcycle
8,108008.008008008,43.506,7.5177,car
3,108108.1081081081,50.1503,24.331,bus
47,108108.1081081081,11.3129,29.773,car
50,108108.1081081081,20.8482,6.7662,bicycle
58,108108.1081081081,16.3259,2.0891,car
63,108108.1081081081,15.3747,34.3435,bicycle
64,108108.1081081081,32.2041,24.6218,tricycle
65,108108.1081081081,16.5302,-7.4184,car
66,108108.1081081081,9.3946,-3.6129,motorcycle
67,108108.1081081081,35.9336,22.5753,bicycle
68,108108.1081081081,41.441,21.878,motorcycle
8,108108.1081081081,43.506,7.5177,car
3,108208.2082082082,50.1503,24.331,bus
47,108208.2082082082,11.3185,29.3563,car
50,108208.2082082082,20.8545,7.0154,bicycle
58,108208.2082082082,16.3173,2.5359,car
63,108208.2082082082,15.4558,34.768,bicycle
64,108208.2082082082,31.9838,24.678,tricycle
65,108208.2082082082,16.533,-7.0842,car
66,108208.2082082082,9.4628,-4.2551,motorcycle
67,108208.2082082082,35.7096,22.6315,bicycle
68,108208.2082082082,41.2258,21.9466,motorcycle
8,108208.2082082082,43.506,7.5177,car
3,108308.3083083083,50.1503,24.331,bus
47,108308.3083083083,11.3241,28.9261,car
50,108308.3083083083,20.8512,7.2548,bicycle
58,108308.3083083083,16.308,2.9905,car
63,108308.3083083083,15.529,35.1973,bicycle
64,108308.3083083083,31.763,24.7342,tricycle
65,108308.3083083083,16.5345,-6.7464,car
66,108308.3083083083,9.5369,-4.9012,motorcycle
67,108308.3083083083,35.4572,22.6903,bicycle
68,108308.3083083083,40.9996,22.0123,motorcycle
8,108308.3083083083,43.506,7.5177,car
3,108408.40840840842,50.1503,24.331,bus
47,108408.40840840842,11.3297,28.4868,car
50,108408.40840840842,20.8416,7.5086,bicycle
58,108408.40840840842,16.298,3.454,car
63,108408.40840840842,15.6131,35.6559,bicycle
64,108408.40840840842,31.5452,24.7856,tricycle
65,108408.40840840842,16.535,-6.4047,car
66,108408.40840840842,9.6006,-5.5473,motorcycle
67,108408.40840840842,35.2595,22.7326,bicycle
68,108408.40840840842,40.7805,22.0702,motorcycle
8,108408.40840840842,43.506,7.5177,car
3,108508.50850850852,50.1503,24.331,bus
47,108508.50850850852,11.3357,28.0413,car
50,108508.50850850852,20.8272,7.7601,bicycle
58,108508.50850850852,16.2878,3.9282,car
63,108508.50850850852,15.712,36.0872,bicycle
64,108508.50850850852,31.3352,24.835,tricycle
65,108508.50850850852,16.5336,-6.0575,car
66,108508.50850850852,9.6607,-6.196,motorcycle
67,108508.50850850852,35.0177,22.7862,bicycle
68,108508.50850850852,40.5551,22.125,motorcycle
8,108508.50850850852,43.506,7.5177,car
3,108608.6086086086,50.1503,24.331,bus
47,108608.6086086086,11.3424,27.5931,car
50,108608.6086086086,20.8093,7.9687,bicycle
58,108608.6086086086,16.2785,4.4132,car
63,108608.6086086086,15.807,36.5187,bicycle
64,108608.6086086086,31.1325,24.8821,tricycle
65,108608.6086086086,16.5297,-5.7038,car
66,108608.6086086086,9.7009,-6.8434,motorcycle
67,108608.6086086086,34.7348,22.8505,bicycle
68,108608.6086086086,40.3242,22.1735,motorcycle
8,108608.6086086086,43.506,7.5177,car
3,108708.70870870871,50.1503,24.331,bus
47,108708.70870870871,11.348,27.143,car
50,108708.70870870871,20.7861,8.1855,bicycle
58,108708.70870870871,16.2685,4.9088,car
63,108708.70870870871,15.921,36.9692,bicycle
64,108708.70870870871,30.9369,24.9262,tricycle
65,108708.70870870871,16.526,-5.3424,car
66,108708.70870870871,9.7296,-7.4925,motorcycle
67,108708.70870870871,34.4681,22.9151,bicycle
68,108708.70870870871,40.1045,22.2139,motorcycle
69,108708.70870870871,11.1738,38.3669,car
8,108708.70870870871,43.506,7.5177,car
3,108808.8088088088,50.1503,24.331,bus
47,108808.8088088088,11.3539,26.6919,car
50,108808.8088088088,20.7707,8.3842,bicycle
58,108808.8088088088,16.2587,5.4136,car
63,108808.8088088088,16.0358,37.4132,bicycle
64,108808.8088088088,30.7468,24.9695,tricycle
65,108808.8088088088,16.5211,-4.9755,car
67,108808.8088088088,34.2386,22.9698,bicycle
68,108808.8088088088,39.8746,22.2489,motorcycle
69,108808.8088088088,11.1519,38.1429,car
8,108808.8088088088,43.506,7.5177,car
3,108908.90890890892,50.1503,24.331,bus
47,108908.90890890892,11.3598,26.2396,car
50,108908.90890890892,20.7536,8.6176,bicycle
58,108908.90890890892,16.2488,5.9276,car
63,108908.90890890892,16.1491,37.8461,bicycle
64,108908.90890890892,30.5598,25.0132,tricycle
65,108908.90890890892,16.5154,-4.6025,car
67,108908.90890890892,33.9919,23.0209,bicycle
68,108908.90890890892,39.6485,22.2733,motorcycle
69,108908.90890890892,11.1372,37.8837,car
8,108908.90890890892,43.506,7.5177,car
3,109009.009009009,50.1503,24.331,bus
47,109009.009009009,11.3664,25.7876,car
50,109009.009009009,20.7377,8.8945,bicycle
58,109009.009009009,16.2379,6.4502,car
63,109009.009009009,16.2497,38.289,bicycle
64,109009.009009009,30.3697,25.0579,tricycle
65,109009.009009009,16.5088,-4.2215,car
67,109009.009009009,33.6423,23.0722,bicycle
68,109009.009009009,39.4233,22.2862,motorcycle
69,109009.009009009,11.1205,37.5908,car
8,109009.009009009,43.506,7.5177,car
3,109109.10910910912,50.1503,24.331,bus
47,109109.10910910912,11.3727,25.3346,car
50,109109.10910910912,20.7285,9.1433,bicycle
58,109109.10910910912,16.2285,6.978,car
64,109109.10910910912,30.1727,25.1055,tricycle
65,109109.10910910912,16.5026,-3.8327,car
67,109109.10910910912,33.3502,23.101,bicycle
68,109109.10910910912,39.1944,22.3402,motorcycle
69,109109.10910910912,11.1014,37.2687,car
8,109109.10910910912,43.506,7.5177,car
3,109209.2092092092,50.1503,24.331,bus
47,109209.2092092092,11.3796,24.884,car
50,109209.2092092092,20.7182,9.3898,bicycle
58,109209.2092092092,16.2197,7.5107,car
64,109209.2092092092,29.9699,25.1552,tricycle
65,109209.2092092092,16.4958,-3.4363,car
67,109209.2092092092,33.0991,23.1276,bicycle
68,109209.2092092092,38.9645,22.3891,motorcycle
69,109209.2092092092,11.079,36.9233,car
8,109209.2092092092,43.506,7.5177,car
3,109309.3093093093,50.1503,24.331,bus
47,109309.3093093093,11.3883,24.4372,car
50,109309.3093093093,20.708,9.6333,bicycle
58,109309.3093093093,16.2109,8.0505,car
64,109309.3093093093,29.764,25.2071,tricycle
65,109309.3093093093,16.4882,-3.0318,car
67,109309.3093093093,32.8915,23.1567,bicycle
68,109309.3093093093,38.735,22.5449,motorcycle
69,109309.3093093093,11.0545,36.5567,car
8,109309.3093093093,43.506,7.5177,car
3,109409.4094094094,50.1503,24.331,bus
47,109409.4094094094,11.3972,23.9957,car
50,109409.4094094094,20.6936,9.8773,bicycle
58,109409.4094094094,16.2031,8.5977,car
64,109409.4094094094,29.551,25.2622,tricycle
65,109409.4094094094,16.4806,-2.6204,car
67,109409.4094094094,32.6749,23.1919,bicycle
68,109409.4094094094,38.5114,22.5856,motorcycle
69,109409.4094094094,11.0282,36.1696,car
8,109409.4094094094,43.506,7.5177,car
3,109509.5095095095,50.1503,24.331,bus
47,109509.5095095095,11.4055,23.5571,car
50,109509.5095095095,20.6769,10.1162,bicycle
58,109509.5095095095,16.1951,9.1539,car
64,109509.5095095095,29.3292,25.3201,tricycle
65,109509.5095095095,16.4736,-2.2021,car
67,109509.5095095095,32.3825,23.2368,bicycle
68,109509.5095095095,38.2905,22.6253,motorcycle
69,109509.5095095095,10.9978,35.7651,car
8,109509.5095095095,43.506,7.5177,car
3,109609.6096096096,50.1503,24.331,bus
47,109609.6096096096,11.4138,23.1188,car
50,109609.6096096096,20.6582,10.3539,bicycle
58,109609.6096096096,16.1861,9.717,car
64,109609.6096096096,29.111,25.3792,tricycle
65,109609.6096096096,16.4656,-1.7739,car
67,109609.6096096096,32.1468,23.2869,bicycle
68,109609.6096096096,38.0696,22.6628,motorcycle
69,109609.6096096096,10.9546,35.3462,car
8,109609.6096096096,43.506,7.5177,car
3,109709.7097097097,50.1503,24.331,bus
47,109709.7097097097,11.4216,22.6841,car
50,109709.7097097097,20.6367,10.593,bicycle
58,109709.7097097097,16.1773,10.288,car
64,109709.7097097097,28.9212,25.4347,tricycle
65,109709.7097097097,16.4576,-1.3335,car
67,109709.7097097097,31.9141,23.335,bicycle
68,109709.7097097097,37.8451,22.6985,motorcycle
69,109709.7097097097,10.8989,34.9237,car
8,109709.7097097097,43.506,7.5177,car
3,109809.8098098098,50.1503,24.331,bus
47,109809.8098098098,11.4294,22.2546,car
50,109809.8098098098,20.6141,10.8124,bicycle
58,109809.8098098098,16.1679,10.8658,car
64,109809.8098098098,28.743,25.4868,tricycle
65,109809.8098098098,16.4486,-0.8828,car
67,109809.8098098098,31.6554,23.3792,bicycle
68,109809.8098098098,37.619,22.7294,motorcycle
69,109809.8098098098,10.8304,34.4937,car
8,109809.8098098098,43.506,7.5177,car
3,109909.90990990993,50.1503,24.331,bus
47,109909.90990990993,11.4371,21.8289,car
50,109909.90990990993,20.591,11.0366,bicycle
58,109909.90990990993,16.1578,11.45,car
64,109909.90990990993,28.577,25.5399,tricycle
65,109909.90990990993,16.4371,-0.4232,car
67,109909.90990990993,31.3973,23.4198,bicycle
68,109909.90990990993,37.3934,22.7552,motorcycle
69,109909.90990990993,10.7399,34.0535,car
8,109909.90990990993,43.506,7.5177,car
3,110010.01001001002,50.1503,24.331,bus
47,110010.01001001002,11.4447,21.405,car
50,110010.01001001002,20.5648,11.2682,bicycle
58,110010.01001001002,16.147,12.0419,car
64,110010.01001001002,28.3845,25.601,tricycle
65,110010.01001001002,16.4239,0.0419,car
67,110010.01001001002,31.1542,23.4564,bicycle
68,110010.01001001002,37.1665,22.7753,motorcycle
69,110010.01001001002,10.6282,33.6096,car
8,110010.01001001002,43.506,7.5177,car
3,110110.11011011012,50.1503,24.331,bus
47,110110.11011011012,11.452,20.9795,car
50,110110.11011011012,20.5356,11.4909,bicycle
58,110110.11011011012,16.1356,12.6421,car
64,110110.11011011012,28.1945,25.6646,tricycle
65,110110.11011011012,16.409,0.514,car
67,110110.11011011012,30.9135,23.4984,bicycle
68,110110.11011011012,36.9359,22.7871,motorcycle
69,110110.11011011012,10.4979,33.1627,car
8,110110.11011011012,43.506,7.5177,car
3,110210.21021021022,50.1503,24.331,bus
47,110210.21021021022,11.4585,20.5509,car
50,110210.21021021022,20.4904,11.8199,bicycle
58,110210.21021021022,16.1248,13.249,car
64,110210.21021021022,27.9782,25.7392,tricycle
65,110210.21021021022,16.3925,0.9969,car
67,110210.21021021022,30.6622,23.5437,bicycle
68,110210.21021021022,36.6973,22.9483,motorcycle
69,110210.21021021022,10.3499,32.7145,car
8,110210.21021021022,43.506,7.5177,car
3,110310.31031031032,50.1503,24.331,bus
47,110310.31031031032,11.4654,20.1222,car
50,110310.31031031032,20.4456,12.0204,bicycle
58,110310.31031031032,16.1123,13.8613,car
64,110310.31031031032,27.7781,25.8148,tricycle
65,110310.31031031032,16.3752,1.4888,car
67,110310.31031031032,30.3923,23.6013,bicycle
68,110310.31031031032,36.466,22.9884,motorcycle
69,110310.31031031032,10.1883,32.2695,car
8,110310.31031031032,43.506,7.5177,car
3,110410.41041041042,50.1503,24.331,bus
47,110410.41041041042,11.4728,19.6937,car
50,110410.41041041042,20.3975,12.2729,bicycle
58,110410.41041041042,16.0981,14.4798,car
64,110410.41041041042,27.5927,25.8846,tricycle
65,110410.41041041042,16.3585,1.9861,car
67,110410.41041041042,30.1253,23.6654,bicycle
68,110410.41041041042,36.2457,23.0296,motorcycle
69,110410.41041041042,10.0206,31.816,car
8,110410.41041041042,43.506,7.5177,car
3,110510.51051051052,50.1503,24.331,bus
47,110510.51051051052,11.4803,19.27,car
50,110510.51051051052,20.3465,12.5276,bicycle
58,110510.51051051052,16.0817,15.1058,car
64,110510.51051051052,27.4333,25.9492,tricycle
65,110510.51051051052,16.3423,2.4895,car
67,110510.51051051052,29.8547,23.7344,bicycle
68,110510.51051051052,36.0283,23.0732,motorcycle
69,110510.51051051052,9.8454,31.3537,car
8,110510.51051051052,43.506,7.5177,car
3,110610.61061061062,50.1503,24.331,bus
47,110610.61061061062,11.4854,18.8528,car
50,110610.61061061062,20.2893,12.7851,bicycle
58,110610.61061061062,16.0636,15.7361,car
64,110610.61061061062,27.2752,26.0119,tricycle
65,110610.61061061062,16.3258,2.9962,car
67,110610.61061061062,29.5944,23.8073,bicycle
68,110610.61061061062,35.8057,23.1174,motorcycle
69,110610.61061061062,9.6605,30.8854,car
8,110610.61061061062,43.506,7.5177,car
3,110710.71071071071,50.1503,24.331,bus
47,110710.71071071071,11.49,18.4412,car
50,110710.71071071071,20.2374,13.0288,bicycle
58,110710.71071071071,16.0433,16.3721,car
64,110710.71071071071,27.1188,26.0744,tricycle
65,110710.71071071071,16.3082,3.5059,car
67,110710.71071071071,29.3263,23.8798,bicycle
68,110710.71071071071,35.5811,23.1637,motorcycle
69,110710.71071071071,9.4632,30.4186,car
8,110710.71071071071,43.506,7.5177,car
3,110810.8108108108,50.1503,24.331,bus
47,110810.8108108108,11.4948,18.0312,car
50,110810.8108108108,20.187,13.2616,bicycle
58,110810.8108108108,16.0222,17.0168,car
64,110810.8108108108,26.9472,26.1428,tricycle
65,110810.8108108108,16.2894,4.0176,car
67,110810.8108108108,29.0488,23.9553,bicycle
68,110810.8108108108,35.3575,23.2096,motorcycle
69,110810.8108108108,9.2202,29.9271,car
8,110810.8108108108,43.506,7.5177,car
3,110910.91091091093,50.1503,24.331,bus
47,110910.91091091093,11.4997,17.6217,car
50,110910.91091091093,20.1431,13.4693,bicycle
58,110910.91091091093,15.9996,17.6689,car
64,110910.91091091093,26.7653,26.2194,tricycle
65,110910.91091091093,16.2699,4.5298,car
67,110910.91091091093,28.7701,24.0313,bicycle
68,110910.91091091093,35.1304,23.2524,motorcycle
69,110910.91091091093,8.9492,29.4626,car
8,110910.91091091093,43.506,7.5177,car
3,111011.011011011,50.1503,24.331,bus
47,111011.011011011,11.5039,17.2128,car
50,111011.011011011,20.0908,13.7551,bicycle
58,111011.011011011,15.9758,18.33,car
64,111011.011011011,26.5844,26.2982,tricycle
65,111011.011011011,16.2489,5.0479,car
67,111011.011011011,28.484,24.106,bicycle
68,111011.011011011,34.9019,23.2915,motorcycle
69,111011.011011011,8.6638,29.0094,car
8,111011.011011011,43.506,7.5177,car
3,111111.11111111112,50.1503,24.331,bus
47,111111.11111111112,11.5082,16.8031,car
50,111111.11111111112,20.056,13.9439,bicycle
58,111111.11111111112,15.95,18.9995,car
64,111111.11111111112,26.3864,26.3924,tricycle
65,111111.11111111112,16.2272,5.5729,car
67,111111.11111111112,28.1961,24.1779,bicycle
68,111111.11111111112,34.6786,23.3279,motorcycle
69,111111.11111111112,8.3635,28.5612,car
8,111111.11111111112,43.506,7.5177,car
3,111211.2112112112,50.1503,24.331,bus
47,111211.2112112112,11.5119,16.3916,car
50,111211.2112112112,20.0061,14.2021,bicycle
58,111211.2112112112,15.9219,19.6792,car
64,111211.2112112112,26.191,26.4961,tricycle
65,111211.2112112112,16.2052,6.1062,car
67,111211.2112112112,27.9501,24.2383,bicycle
68,111211.2112112112,34.4607,23.3612,motorcycle
69,111211.2112112112,8.0488,28.1157,car
8,111211.2112112112,43.506,7.5177,car
3,111311.3113113113,50.1503,24.331,bus
47,111311.3113113113,11.5157,15.9745,car
50,111311.3113113113,19.9519,14.463,bicycle
58,111311.3113113113,15.8913,20.3647,car
64,111311.3113113113,26.0194,26.5949,tricycle
65,111311.3113113113,16.1822,6.6467,car
67,111311.3113113113,27.7477,24.2942,bicycle
68,111311.3113113113,34.2458,23.3908,motorcycle
69,111311.3113113113,7.7284,27.6748,car
8,111311.3113113113,43.506,7.5177,car
3,111411.4114114114,50.1503,24.331,bus
47,111411.4114114114,11.5209,15.5513,car
50,111411.4114114114,19.9038,14.705,bicycle
58,111411.4114114114,15.8583,21.0559,car
64,111411.4114114114,25.8679,26.6833,tricycle
65,111411.4114114114,16.1584,7.1959,car
67,111411.4114114114,27.5417,24.3561,bicycle
68,111411.4114114114,34.0346,23.4165,motorcycle
69,111411.4114114114,7.3913,27.2393,car
8,111411.4114114114,43.506,7.5177,car
3,111511.51151151152,50.1503,24.331,bus
47,111511.51151151152,11.5274,15.1213,car
50,111511.51151151152,19.8595,14.9503,bicycle
58,111511.51151151152,15.8243,21.7539,car
64,111511.51151151152,25.7141,26.7735,tricycle
65,111511.51151151152,16.133,7.7517,car
67,111511.51151151152,27.3366,24.4203,bicycle
68,111511.51151151152,33.8219,23.4387,motorcycle
69,111511.51151151152,7.0367,26.8148,car
8,111511.51151151152,43.506,7.5177,car
3,111611.61161161162,50.1503,24.331,bus
47,111611.61161161162,11.5345,14.6809,car
50,111611.61161161162,19.8226,15.2253,bicycle
58,111611.61161161162,15.7895,22.4575,car
64,111611.61161161162,25.5625,26.8621,tricycle
65,111611.61161161162,16.1055,8.3136,car
67,111611.61161161162,27.138,24.4842,bicycle
68,111611.61161161162,33.6039,23.4567,motorcycle
69,111611.61161161162,6.6685,26.3899,car
8,111611.61161161162,43.506,7.5177,car
3,111711.71171171172,50.1503,24.331,bus
47,111711.71171171172,11.5429,14.2281,car
50,111711.71171171172,19.7971,15.4987,bicycle
58,111711.71171171172,15.7534,23.167,car
64,111711.71171171172,25.4125,26.9475,tricycle
65,111711.71171171172,16.0756,8.8824,car
67,111711.71171171172,26.9318,24.5511,bicycle
68,111711.71171171172,33.3837,23.4689,motorcycle
69,111711.71171171172,6.2773,25.9724,car
71,111711.71171171172,16.5979,-7.305,car
8,111711.71171171172,43.506,7.5177,car
3,111811.8118118118,50.1503,24.331,bus
47,111811.8118118118,11.5523,13.7626,car
50,111811.8118118118,19.7802,15.7542,bicycle
58,111811.8118118118,15.716,23.8778,car
64,111811.8118118118,25.2577,27.0328,tricycle
65,111811.8118118118,16.0427,9.4535,car
67,111811.8118118118,26.7236,24.6177,bicycle
68,111811.8118118118,33.1111,23.572,motorcycle
69,111811.8118118118,5.859,25.5597,car
71,111811.8118118118,16.5928,-6.9759,car
8,111811.8118118118,43.506,7.5177,car
3,111911.91191191191,50.1503,24.331,bus
47,111911.91191191191,11.5621,13.2901,car
50,111911.91191191191,19.7658,15.9989,bicycle
58,111911.91191191191,15.6778,24.5935,car
64,111911.91191191191,25.0972,27.1236,tricycle
65,111911.91191191191,16.0082,10.0296,car
67,111911.91191191191,26.4856,24.6925,bicycle
68,111911.91191191191,32.8741,23.5947,motorcycle
69,111911.91191191191,5.414,25.1678,car
71,111911.91191191191,16.5889,-6.6299,car
72,111911.91191191191,-19.2062,11.4924,car
8,111911.91191191191,43.506,7.5177,car
3,112012.012012012,50.1503,24.331,bus
47,112012.012012012,11.5718,12.8128,car
50,112012.012012012,19.7515,16.2334,bicycle
58,112012.012012012,15.6398,25.3106,car
64,112012.012012012,24.9439,27.2115,tricycle
65,112012.012012012,15.974,10.6105,car
67,112012.012012012,26.2709,24.7615,bicycle
68,112012.012012012,32.6458,23.6176,motorcycle
69,112012.012012012,4.9522,24.7851,car
71,112012.012012012,16.5853,-6.2679,car
72,112012.012012012,-18.3918,11.4946,car
8,112012.012012012,43.506,7.5177,car
3,112112.11211211213,50.1503,24.331,bus
47,112112.11211211213,11.5823,12.3308,car
50,112112.11211211213,19.7355,16.4606,bicycle
58,112112.11211211213,15.6016,26.0322,car
64,112112.11211211213,24.806,27.2906,tricycle
65,112112.11211211213,15.9401,11.1977,car
67,112112.11211211213,26.0298,24.8453,bicycle
68,112112.11211211213,32.4194,23.6429,motorcycle
69,112112.11211211213,4.4751,24.4139,car
71,112112.11211211213,16.5814,-5.8926,car
72,112112.11211211213,-17.5855,11.4995,car
8,112112.11211211213,43.506,7.5177,car
3,112212.2122122122,50.1503,24.331,bus
47,112212.2122122122,11.5937,11.8451,car
50,112212.2122122122,19.7174,16.6969,bicycle
58,112212.2122122122,15.5629,26.759,car
64,112212.2122122122,24.6716,27.3684,tricycle
65,112212.2122122122,15.9068,11.7933,car
67,112212.2122122122,25.7978,24.9343,bicycle
68,112212.2122122122,32.1993,23.6693,motorcycle
69,112212.2122122122,3.9734,24.0621,car
71,112212.2122122122,16.5775,-5.5053,car
72,112212.2122122122,-16.785,11.5029,car
8,112212.2122122122,43.506,7.5177,car
3,112312.31231231232,50.1503,24.331,bus
47,112312.31231231232,11.6062,11.3575,car
50,112312.31231231232,19.6979,16.9227,bicycle
58,112312.31231231232,15.5233,27.4929,car
64,112312.31231231232,24.5378,27.4486,tricycle
65,112312.31231231232,15.8726,12.3965,car
67,112312.31231231232,25.564,25.0274,bicycle
68,112312.31231231232,31.9892,23.6956,motorcycle
69,112312.31231231232,3.4552,23.7209,car
71,112312.31231231232,16.574,-5.1113,car
72,112312.31231231232,-15.9928,11.5045,car
8,112312.31231231232,43.506,7.5177,car
3,112412.4124124124,50.1503,24.331,bus
47,112412.4124124124,11.6194,10.8654,car
50,112412.4124124124,19.6829,17.1529,bicycle
58,112412.4124124124,15.4837,28.2333,car
64,112412.4124124124,24.4041,27.5318,tricycle
65,112412.4124124124,15.8378,13.0061,car
67,112412.4124124124,25.3354,25.1261,bicycle
68,112412.4124124124,31.7851,23.7213,motorcycle
69,112412.4124124124,2.9212,23.3917,car
71,112412.4124124124,16.5726,-4.7128,car
72,112412.4124124124,-15.2072,11.5043,car
8,112412.4124124124,43.506,7.5177,car
3,112512.5125125125,50.1503,24.331,bus
47,112512.5125125125,11.6329,10.3671,car
50,112512.5125125125,19.6694,17.3861,bicycle
58,112512.5125125125,15.4434,28.9791,car
64,112512.5125125125,24.2706,27.6162,tricycle
65,112512.5125125125,15.8024,13.6213,car
67,112512.5125125125,25.1004,25.23,bicycle
68,112512.5125125125,31.5839,23.7478,motorcycle
69,112512.5125125125,2.3704,23.075,car
70,112512.5125125125,-17.7156,14.457,bus
71,112512.5125125125,16.574,-4.3125,car
72,112512.5125125125,-14.4301,11.5021,car
8,112512.5125125125,43.506,7.5177,car
3,112612.6126126126,50.1503,24.331,bus
47,112612.6126126126,11.6465,9.8631,car
50,112612.6126126126,19.6569,17.6215,bicycle
58,112612.6126126126,15.4033,29.7332,car
64,112612.6126126126,24.1396,27.7003,tricycle
65,112612.6126126126,15.7675,14.2437,car
67,112612.6126126126,24.8765,25.3364,bicycle
68,112612.6126126126,31.3832,23.7749,motorcycle
69,112612.6126126126,1.8027,22.7731,car
70,112612.6126126126,-17.2637,14.4653,bus
71,112612.6126126126,16.5793,-3.912,car
72,112612.6126126126,-13.6623,11.4982,car
8,112612.6126126126,43.506,7.5177,car
3,112712.7127127127,50.1503,24.331,bus
47,112712.7127127127,11.6615,9.3526,car
50,112712.7127127127,19.6452,17.8569,bicycle
58,112712.7127127127,15.3646,30.4935,car
64,112712.7127127127,24.0102,27.7837,tricycle
65,112712.7127127127,15.7333,14.871,car
67,112712.7127127127,24.6512,25.448,bicycle
68,112712.7127127127,31.1783,23.8043,motorcycle
69,112712.7127127127,1.219,22.485,car
70,112712.7127127127,-16.8123,14.4719,bus
71,112712.7127127127,16.5882,-3.5094,car
72,112712.7127127127,-12.901,11.4922,car
8,112712.7127127127,43.506,7.5177,car
3,112812.8128128128,50.1503,24.331,bus
47,112812.8128128128,11.6761,8.8356,car
50,112812.8128128128,19.6337,18.092,bicycle
58,112812.8128128128,15.3284,31.2594,car
64,112812.8128128128,23.8785,27.87,tricycle
65,112812.8128128128,15.7004,15.5001,car
67,112812.8128128128,24.4267,25.567,bicycle
68,112812.8128128128,30.9737,23.8378,motorcycle
69,112812.8128128128,0.6242,22.204,car
70,112812.8128128128,-16.3583,14.4776,bus
71,112812.8128128128,16.601,-3.108,car
72,112812.8128128128,-12.1488,11.4838,car
8,112812.8128128128,43.506,7.5177,car
3,112912.9129129129,50.1503,24.331,bus
47,112912.9129129129,11.6913,8.3136,car
50,112912.9129129129,19.6222,18.3284,bicycle
58,112912.9129129129,15.2949,32.0298,car
64,112912.9129129129,23.7411,27.9606,tricycle
65,112912.9129129129,15.6679,16.1339,car
67,112912.9129129129,24.1853,25.705,bicycle
68,112912.9129129129,30.7677,23.8716,motorcycle
69,112912.9129129129,0.0122,21.9431,car
70,112912.9129129129,-15.9052,14.4819,bus
71,112912.9129129129,16.6178,-2.7061,car
72,112912.9129129129,-11.4086,11.4726,car
8,112912.9129129129,43.506,7.5177,car
3,113013.01301301304,50.1503,24.331,bus
47,113013.01301301304,11.7059,7.7849,car
50,113013.01301301304,19.6102,18.5654,bicycle
58,113013.01301301304,15.2624,32.8038,car
64,113013.01301301304,23.5988,28.0523,tricycle
65,113013.01301301304,15.6348,16.774,car
67,113013.01301301304,23.9571,25.8486,bicycle
68,113013.01301301304,30.5596,23.9061,motorcycle
69,113013.01301301304,-0.6195,21.7028,car
70,113013.01301301304,-15.4576,14.4859,bus
71,113013.01301301304,16.6375,-2.3051,car
72,113013.01301301304,-10.6785,11.4592,car
8,113013.01301301304,43.506,7.5177,car
3,113113.11311311313,50.1503,24.331,bus
47,113113.11311311313,11.7193,7.249,car
50,113113.11311311313,19.5971,18.8008,bicycle
58,113113.11311311313,15.2301,33.579,car
64,113113.11311311313,23.4454,28.151,tricycle
65,113113.11311311313,15.6008,17.418,car
67,113113.11311311313,23.742,25.9957,bicycle
68,113113.11311311313,30.355,23.9434,motorcycle
69,113113.11311311313,-1.2673,21.4835,car
70,113113.11311311313,-15.0245,14.4903,bus
71,113113.11311311313,16.6606,-1.9065,car
72,113113.11311311313,-9.9595,11.443,car
8,113113.11311311313,43.506,7.5177,car
3,113213.21321321322,50.1503,24.331,bus
47,113213.21321321322,11.7328,6.7036,car
50,113213.21321321322,19.5827,19.0352,bicycle
58,113213.21321321322,15.1978,34.3558,car
64,113213.21321321322,23.289,28.2531,tricycle
65,113213.21321321322,15.5657,18.0676,car
67,113213.21321321322,23.5289,26.1445,bicycle
68,113213.21321321322,30.1646,23.9853,motorcycle
69,113213.21321321322,-1.9295,21.2846,car
70,113213.21321321322,-14.6055,14.4962,bus
71,113213.21321321322,16.6879,-1.512,car
72,113213.21321321322,-9.2533,11.4222,car
8,113213.21321321322,43.506,7.5177,car
3,113313.31331331332,50.1503,24.331,bus
47,113313.31331331332,11.7458,6.1513,car
50,113313.31331331332,19.5666,19.2695,bicycle
58,113313.31331331332,15.166,35.1374,car
64,113313.31331331332,23.1387,28.3559,tricycle
65,113313.31331331332,15.5311,18.7235,car
67,113313.31331331332,23.3172,26.2954,bicycle
68,113313.31331331332,30.0075,24.0324,motorcycle
69,113313.31331331332,-2.6004,21.1075,car
70,113313.31331331332,-14.1928,14.5014,bus
71,113313.31331331332,16.7223,-1.1225,car
72,113313.31331331332,-8.5579,11.3969,car
8,113313.31331331332,43.506,7.5177,car
3,113413.41341341342,50.1503,24.331,bus
47,113413.41341341342,11.7593,5.5899,car
50,113413.41341341342,19.5513,19.5055,bicycle
58,113413.41341341342,15.136,35.925,car
64,113413.41341341342,22.9958,28.4571,tricycle
65,113413.41341341342,15.4972,19.3875,car
67,113413.41341341342,23.1248,26.4398,bicycle
68,113413.41341341342,29.6172,24.1063,motorcycle
69,113413.41341341342,-3.2801,20.9522,car
70,113413.41341341342,-13.7934,14.5078,bus
71,113413.41341341342,16.7772,-0.6936,car
72,113413.41341341342,-7.8641,11.3663,car
8,113413.41341341342,43.506,7.5177,car
3,113513.51351351352,50.1503,24.331,bus
47,113513.51351351352,11.7733,5.0221,car
50,113513.51351351352,19.537,19.7435,bicycle
58,113513.51351351352,15.1082,36.7172,car
64,113513.51351351352,22.8556,28.5627,tricycle
65,113513.51351351352,15.4638,20.0603,car
67,113513.51351351352,22.9302,26.5828,bicycle
68,113513.51351351352,29.3393,24.1994,motorcycle
69,113513.51351351352,-3.9703,20.8179,car
70,113513.51351351352,-13.4034,14.5128,bus
71,113513.51351351352,16.8527,-0.2814,car
72,113513.51351351352,-7.184,11.3304,car
8,113513.51351351352,43.506,7.5177,car
3,113613.61361361362,50.1503,24.331,bus
47,113613.61361361362,11.7886,4.4501,car
50,113613.61361361362,19.5238,19.9814,bicycle
58,113613.61361361362,15.0852,37.5122,car
64,113613.61361361362,22.7143,28.6777,tricycle
65,113613.61361361362,15.4326,20.739,car
67,113613.61361361362,22.7274,26.7307,bicycle
68,113613.61361361362,29.0816,24.2954,motorcycle
69,113613.61361361362,-4.6733,20.7032,car
70,113613.61361361362,-13.0266,14.5165,bus
71,113613.61361361362,16.9372,0.1268,car
72,113613.61361361362,-6.5217,11.2901,car
8,113613.61361361362,43.506,7.5177,car
3,113713.71371371372,50.1503,24.331,bus
47,113713.71371371372,11.8035,3.8723,car
50,113713.71371371372,19.5114,20.2174,bicycle
58,113713.71371371372,15.0669,38.3051,car
64,113713.71371371372,22.6087,28.7689,tricycle
65,113713.71371371372,15.4029,21.423,car
67,113713.71371371372,22.5296,26.8811,bicycle
68,113713.71371371372,28.8373,24.3911,motorcycle
69,113713.71371371372,-5.3887,20.6059,car
70,113713.71371371372,-12.6686,14.5168,bus
71,113713.71371371372,17.034,0.5294,car
72,113713.71371371372,-5.8718,11.2439,car
8,113713.71371371372,43.506,7.5177,car
3,113813.81381381382,50.1503,24.331,bus
47,113813.81381381382,11.8179,3.2909,car
50,113813.81381381382,19.5026,20.4528,bicycle
64,113813.81381381382,22.4995,28.862,tricycle
65,113813.81381381382,15.3744,22.112,car
67,113813.81381381382,22.3138,27.0552,bicycle
68,113813.81381381382,28.6137,24.4803,motorcycle
69,113813.81381381382,-6.1159,20.5267,car
70,113813.81381381382,-12.325,14.513,bus
71,113813.81381381382,17.138,0.9349,car
72,113813.81381381382,-5.2276,11.1796,car
8,113813.81381381382,43.506,7.5177,car
3,113913.91391391392,50.1503,24.331,bus
47,113913.91391391392,11.8321,2.7067,car
50,113913.91391391392,19.4945,20.6885,bicycle
64,113913.91391391392,22.3859,28.959,tricycle
65,113913.91391391392,15.3449,22.805,car
67,113913.91391391392,22.1078,27.2345,bicycle
68,113913.91391391392,28.3941,24.5673,motorcycle
69,113913.91391391392,-6.8537,20.4663,car
70,113913.91391391392,-11.9959,14.5098,bus
71,113913.91391391392,17.2497,1.3422,car
72,113913.91391391392,-4.5873,11.0968,car
8,113913.91391391392,43.506,7.5177,car
3,114014.014014014,50.1503,24.331,bus
47,114014.014014014,11.8462,2.1248,car
50,114014.014014014,19.4889,20.924,bicycle
64,114014.014014014,22.2619,29.0693,tricycle
65,114014.014014014,15.3149,23.5033,car
67,114014.014014014,21.9111,27.4106,bicycle
68,114014.014014014,28.2108,24.6454,motorcycle
69,114014.014014014,-7.5993,20.4251,car
70,114014.014014014,-11.679,14.5068,bus
71,114014.014014014,17.3697,1.7429,car
72,114014.014014014,-3.9564,10.9855,car
8,114014.014014014,43.506,7.5177,car
3,114114.11411411413,50.1503,24.331,bus
47,114114.11411411413,11.861,1.5434,car
50,114114.11411411413,19.4831,21.1586,bicycle
64,114114.11411411413,22.1235,29.2023,tricycle
65,114114.11411411413,15.2842,24.208,car
67,114114.11411411413,21.7291,27.5791,bicycle
68,114114.11411411413,28.0171,24.7309,motorcycle
69,114114.11411411413,-8.3478,20.4016,car
70,114114.11411411413,-11.374,14.5072,bus
71,114114.11411411413,17.5042,2.1356,car
72,114114.11411411413,-3.3432,10.8518,car
8,114114.11411411413,43.506,7.5177,car
3,114214.2142142142,50.1503,24.331,bus
47,114214.2142142142,11.8758,0.9601,car
50,114214.2142142142,19.4762,21.3941,bicycle
64,114214.2142142142,21.984,29.3465,tricycle
65,114214.2142142142,15.2527,24.9191,car
67,114214.2142142142,21.5418,27.7542,bicycle
68,114214.2142142142,27.8158,24.8241,motorcycle
69,114214.2142142142,-9.1015,20.3947,car
70,114214.2142142142,-11.0858,14.5088,bus
71,114214.2142142142,17.6468,2.5239,car
72,114214.2142142142,-2.7385,10.7089,car
8,114214.2142142142,43.506,7.5177,car
3,114314.31431431432,50.1503,24.331,bus
47,114314.31431431432,11.8901,0.3754,car
50,114314.31431431432,19.4682,21.6307,bicycle
64,114314.31431431432,21.8538,29.4892,tricycle
65,114314.31431431432,15.2223,25.6326,car
67,114314.31431431432,21.3658,27.9155,bicycle
68,114314.31431431432,27.6202,24.9144,motorcycle
69,114314.31431431432,-9.8603,20.4034,car
70,114314.31431431432,-10.8211,14.5109,bus
71,114314.31431431432,17.794,2.9082,car
72,114314.31431431432,-2.137,10.5435,car
8,114314.31431431432,43.506,7.5177,car
3,114414.4144144144,50.1503,24.331,bus
47,114414.4144144144,11.9044,-0.2104,car
50,114414.4144144144,19.4563,21.8698,bicycle
64,114414.4144144144,21.7194,29.6419,tricycle
65,114414.4144144144,15.1925,26.3494,car
67,114414.4144144144,21.1999,28.0715,bicycle
68,114414.4144144144,27.4137,25.0069,motorcycle
69,114414.4144144144,-10.629,20.4118,car
70,114414.4144144144,-10.5753,14.5133,bus
71,114414.4144144144,17.9492,3.2728,car
72,114414.4144144144,-1.5385,10.3555,car
8,114414.4144144144,43.506,7.5177,car
3,114514.5145145145,50.1503,24.331,bus
47,114514.5145145145,11.9205,-0.7973,car
50,114514.5145145145,19.4391,22.1117,bicycle
64,114514.5145145145,21.5988,29.7921,tricycle
65,114514.5145145145,15.1635,27.0705,car
67,114514.5145145145,21.0075,28.2474,bicycle
68,114514.5145145145,27.207,25.094,motorcycle
69,114514.5145145145,-11.4088,20.4209,car
70,114514.5145145145,-10.3456,14.5173,bus
71,114514.5145145145,18.1079,3.6417,car
72,114514.5145145145,-0.9491,10.1471,car
74,114514.5145145145,8.0198,38.3079,bicycle
8,114514.5145145145,43.506,7.5177,car
3,114614.61461461463,50.1503,24.331,bus
47,114614.61461461463,11.937,-1.3874,car
50,114614.61461461463,19.4181,22.3556,bicycle
64,114614.61461461463,21.4861,29.943,tricycle
65,114614.61461461463,15.1335,27.7954,car
67,114614.61461461463,20.8344,28.4135,bicycle
68,114614.61461461463,26.9735,25.1841,motorcycle
69,114614.61461461463,-12.1884,20.4216,car
70,114614.61461461463,-10.1321,14.5198,bus
71,114614.61461461463,18.2857,4.0177,car
72,114614.61461461463,-0.3717,9.919,car
74,114614.61461461463,8.013,37.966,bicycle
8,114614.61461461463,43.506,7.5177,car
3,114714.71471471472,50.1503,24.331,bus
47,114714.71471471472,11.953,-1.9767,car
50,114714.71471471472,19.3922,22.6018,bicycle
64,114714.71471471472,21.3841,30.084,tricycle
65,114714.71471471472,15.1046,28.5215,car
67,114714.71471471472,20.6661,28.5869,bicycle
68,114714.71471471472,26.7235,25.2587,motorcycle
69,114714.71471471472,-12.9724,20.4311,car
70,114714.71471471472,-9.9322,14.5222,bus
71,114714.71471471472,18.4866,4.4007,car
72,114714.71471471472,0.1933,9.6721,car
74,114714.71471471472,8.0091,37.6253,bicycle
8,114714.71471471472,43.506,7.5177,car
3,114814.81481481485,50.1503,24.331,bus
47,114814.81481481485,11.9685,-2.5665,car
50,114814.81481481485,19.3623,22.851,bicycle
64,114814.81481481485,21.2771,30.2377,tricycle
65,114814.81481481485,15.0764,29.2508,car
67,114814.81481481485,20.5106,28.7585,bicycle
68,114814.81481481485,26.4957,25.3232,motorcycle
69,114814.81481481485,-13.7642,20.4372,car
70,114814.81481481485,-9.7462,14.5245,bus
71,114814.81481481485,18.7078,4.7673,car
72,114814.81481481485,0.7483,9.4186,car
74,114814.81481481485,8.0068,37.2849,bicycle
75,114814.81481481485,16.1304,-7.2757,car
8,114814.81481481485,43.506,7.5177,car
3,114914.91491491492,50.1503,24.331,bus
47,114914.91491491492,11.9833,-3.159,car
50,114914.91491491492,19.3294,23.1036,bicycle
64,114914.91491491492,21.1799,30.3841,tricycle
65,114914.91491491492,15.0485,29.9844,car
67,114914.91491491492,20.3581,28.936,bicycle
68,114914.91491491492,26.2727,25.3821,motorcycle
69,114914.91491491492,-14.5606,20.4414,car
70,114914.91491491492,-9.5724,14.5288,bus
71,114914.91491491492,18.932,5.1123,car
72,114914.91491491492,1.2942,9.1463,car
74,114914.91491491492,8.0056,36.9472,bicycle
75,114914.91491491492,16.1372,-6.9331,car
8,114914.91491491492,43.506,7.5177,car
3,115015.01501501504,50.1503,24.331,bus
47,115015.01501501504,11.9979,-3.7546,car
50,115015.01501501504,19.2921,23.3482,bicycle
64,115015.01501501504,21.0932,30.5198,tricycle
65,115015.01501501504,15.0212,30.7224,car
67,115015.01501501504,20.1983,29.1303,bicycle
68,115015.01501501504,26.0558,25.4368,motorcycle
69,115015.01501501504,-15.3624,20.4461,car
70,115015.01501501504,-9.415,14.5332,bus
71,115015.01501501504,19.164,5.4615,car
72,115015.01501501504,1.8366,8.8628,car
74,115015.01501501504,8.0057,36.6123,bicycle
75,115015.01501501504,16.1415,-6.5539,car
8,115015.01501501504,43.506,7.5177,car
3,115115.11511511511,50.1503,24.331,bus
47,115115.11511511511,12.0132,-4.3514,car
50,115115.11511511511,19.2513,23.601,bicycle
64,115115.11511511511,21.0108,30.6502,tricycle
65,115115.11511511511,14.9945,31.4601,car
67,115115.11511511511,20.0157,29.3697,bicycle
68,115115.11511511511,25.8434,25.4974,motorcycle
69,115115.11511511511,-16.1701,20.4529,car
70,115115.11511511511,-9.27,14.5388,bus
71,115115.11511511511,19.3993,5.8089,car
72,115115.11511511511,2.3664,8.5704,car
73,115115.11511511511,-19.8596,11.4354,car
74,115115.11511511511,8.0079,36.2798,bicycle
75,115115.11511511511,16.1455,-6.145,car
8,115115.11511511511,43.506,7.5177,car
3,115215.21521521524,50.1503,24.331,bus
47,115215.21521521524,12.0272,-4.9438,car
50,115215.21521521524,19.2018,23.875,bicycle
64,115215.21521521524,20.9335,30.7718,tricycle
65,115215.21521521524,14.9683,32.1993,car
67,115215.21521521524,19.8668,29.5923,bicycle
68,115215.21521521524,25.6895,25.5599,motorcycle
69,115215.21521521524,-16.9881,20.4625,car
70,115215.21521521524,-9.1408,14.5464,bus
71,115215.21521521524,19.65,6.1559,car
72,115215.21521521524,2.8855,8.2542,car
73,115215.21521521524,-19.36,11.4322,car
74,115215.21521521524,8.0109,35.9484,bicycle
75,115215.21521521524,16.1502,-5.7113,car
8,115215.21521521524,43.506,7.5177,car
3,115315.31531531533,50.1503,24.331,bus
47,115315.31531531533,12.0391,-5.5343,car
50,115315.31531531533,19.1474,24.1093,bicycle
64,115315.31531531533,20.861,30.8899,tricycle
65,115315.31531531533,14.9424,32.9393,car
67,115315.31531531533,19.7296,29.8129,bicycle
68,115315.31531531533,25.5945,25.628,motorcycle
69,115315.31531531533,-17.8144,20.4752,car
70,115315.31531531533,-9.0185,14.5537,bus
71,115315.31531531533,19.9119,6.506,car
72,115315.31531531533,3.389,7.9183,car
73,115315.31531531533,-18.8614,11.4326,car
74,115315.31531531533,8.0134,35.6168,bicycle
75,115315.31531531533,16.1536,-5.2553,car
8,115315.31531531533,43.506,7.5177,car
3,115415.41541541542,50.1503,24.331,bus
47,115415.41541541542,12.0496,-6.1267,car
50,115415.41541541542,19.0919,24.37,bicycle
64,115415.41541541542,20.7847,31.0194,tricycle
65,115415.41541541542,14.9174,33.68,car
67,115415.41541541542,19.5987,30.0392,bicycle
68,115415.41541541542,25.3195,25.7036,motorcycle
69,115415.41541541542,-18.6417,20.4927,car
70,115415.41541541542,-8.9081,14.5593,bus
71,115415.41541541542,20.1808,6.854,car
72,115415.41541541542,3.885,7.5717,car
73,115415.41541541542,-18.3677,11.4338,car
74,115415.41541541542,8.0173,35.2818,bicycle
75,115415.41541541542,16.1573,-4.7777,car
8,115415.41541541542,43.506,7.5177,car
3,115515.51551551552,50.1503,24.331,bus
47,115515.51551551552,12.0588,-6.7203,car
50,115515.51551551552,19.0331,24.6349,bicycle
64,115515.51551551552,20.7033,31.1711,tricycle
65,115515.51551551552,14.8923,34.4201,car
67,115515.51551551552,19.4723,30.2721,bicycle
68,115515.51551551552,25.0135,25.8133,motorcycle
69,115515.51551551552,-19.4658,20.5163,car
70,115515.51551551552,-8.8143,14.5616,bus
71,115515.51551551552,20.4633,7.197,car
72,115515.51551551552,4.3678,7.2052,car
73,115515.51551551552,-17.8804,11.4353,car
74,115515.51551551552,8.0242,34.9461,bicycle
75,115515.51551551552,16.1611,-4.286,car
8,115515.51551551552,43.506,7.5177,car
3,115615.61561561562,50.1503,24.331,bus
47,115615.61561561562,12.0674,-7.3135,car
50,115615.61561561562,18.9616,24.9259,bicycle
64,115615.61561561562,20.6171,31.3417,tricycle
65,115615.61561561562,14.8669,35.1599,car
67,115615.61561561562,19.3517,30.5092,bicycle
68,115615.61561561562,24.7875,25.9325,motorcycle
70,115615.61561561562,-8.734,14.5607,bus
71,115615.61561561562,20.7556,7.5396,car
72,115615.61561561562,4.8351,6.8211,car
73,115615.61561561562,-17.3994,11.4373,car
74,115615.61561561562,8.0326,34.6107,bicycle
75,115615.61561561562,16.1637,-3.7853,car
8,115615.61561561562,43.506,7.5177,car
3,115715.71571571572,50.1503,24.331,bus
50,115715.71571571572,18.8842,25.2109,bicycle
64,115715.71571571572,20.5273,31.5308,tricycle
65,115715.71571571572,14.8429,35.8995,car
67,115715.71571571572,19.2388,30.7393,bicycle
68,115715.71571571572,24.5762,26.0574,motorcycle
70,115715.71571571572,-8.6598,14.5572,bus
71,115715.71571571572,21.0539,7.8784,car
72,115715.71571571572,5.2857,6.4203,car
73,115715.71571571572,-16.9258,11.4396,car
74,115715.71571571572,8.0429,34.2754,bicycle
75,115715.71571571572,16.1658,-3.2772,car
8,115715.71571571572,43.506,7.5177,car
3,115815.81581581582,50.1503,24.331,bus
50,115815.81581581582,18.8095,25.4746,bicycle
64,115815.81581581582,20.4425,31.722,tricycle
65,115815.81581581582,14.8211,36.6406,car
67,115815.81581581582,19.1352,30.9564,bicycle
68,115815.81581581582,24.3789,26.1835,motorcycle
70,115815.81581581582,-8.5971,14.555,bus
71,115815.81581581582,21.3688,8.2069,car
72,115815.81581581582,5.7035,6.0054,car
73,115815.81581581582,-16.4618,11.4427,car
74,115815.81581581582,8.0567,33.9397,bicycle
75,115815.81581581582,16.168,-2.7652,car
8,115815.81581581582,43.506,7.5177,car
3,115915.91591591592,50.1503,24.331,bus
50,115915.91591591592,18.7453,25.7077,bicycle
64,115915.91591591592,20.3653,31.9054,tricycle
65,115915.91591591592,14.802,37.3898,car
67,115915.91591591592,19.0373,31.1656,bicycle
68,115915.91591591592,24.1903,26.3124,motorcycle
70,115915.91591591592,-8.5445,14.5548,bus
71,115915.91591591592,21.6941,8.5287,car
72,115915.91591591592,6.1093,5.5857,car
73,115915.91591591592,-16.0074,11.4453,car
74,115915.91591591592,8.0747,33.6021,bicycle
75,115915.91591591592,16.1704,-2.2484,car
8,115915.91591591592,43.506,7.5177,car
3,116016.01601601602,50.1503,24.331,bus
50,116016.01601601602,18.6867,25.9212,bicycle
64,116016.01601601602,20.2933,32.0814,tricycle
65,116016.01601601602,14.7866,38.1406,car
67,116016.01601601602,18.9251,31.4036,bicycle
68,116016.01601601602,24.0185,26.4393,motorcycle
70,116016.01601601602,-8.5008,14.5579,bus
71,116016.01601601602,22.0373,8.8421,car
72,116016.01601601602,6.4978,5.1412,car
73,116016.01601601602,-15.5641,11.4473,car
74,116016.01601601602,8.0932,33.2633,bicycle
75,116016.01601601602,16.1737,-1.7283,car
8,116016.01601601602,43.506,7.5177,car
3,116116.11611611611,50.1503,24.331,bus
50,116116.11611611611,18.6312,26.1403,bicycle
64,116116.11611611611,20.2273,32.2493,tricycle
67,116116.11611611611,18.8045,31.6512,bicycle
68,116116.11611611611,23.8404,26.5704,motorcycle
70,116116.11611611611,-8.467,14.5647,bus
71,116116.11611611611,22.3925,9.1428,car
72,116116.11611611611,6.8719,4.684,car
73,116116.11611611611,-15.131,11.4489,car
74,116116.11611611611,8.1172,32.9293,bicycle
75,116116.11611611611,16.1768,-1.2017,car
8,116116.11611611611,43.506,7.5177,car
3,116216.21621621624,50.1503,24.331,bus
50,116216.21621621624,18.5627,26.4242,bicycle
64,116216.21621621624,20.1609,32.4258,tricycle
67,116216.21621621624,18.6964,31.8828,bicycle
68,116216.21621621624,23.6532,26.7099,motorcycle
70,116216.21621621624,-8.4353,14.5662,bus
71,116216.21621621624,22.7552,9.4318,car
72,116216.21621621624,7.23,4.2176,car
73,116216.21621621624,-14.7094,11.4507,car
74,116216.21621621624,8.1387,32.5869,bicycle
75,116216.21621621624,16.1778,-0.6689,car
8,116216.21621621624,43.506,7.5177,car
3,116316.31631631633,50.1503,24.331,bus
50,116316.31631631633,18.4958,26.7263,bicycle
64,116316.31631631633,20.1032,32.5894,tricycle
67,116316.31631631633,18.5899,32.1301,bicycle
68,116316.31631631633,23.4704,26.8509,motorcycle
70,116316.31631631633,-8.4029,14.5661,bus
71,116316.31631631633,23.119,9.713,car
72,116316.31631631633,7.5714,3.7258,car
73,116316.31631631633,-14.3,11.452,car
74,116316.31631631633,8.1574,32.2451,bicycle
75,116316.31631631633,16.1778,-0.1273,car
8,116316.31631631633,43.506,7.5177,car
3,116416.41641641642,50.1503,24.331,bus
50,116416.41641641642,18.4443,26.9717,bicycle
64,116416.41641641642,20.0518,32.7383,tricycle
67,116416.41641641642,18.5032,32.3574,bicycle
68,116416.41641641642,23.2912,26.9934,motorcycle
70,116416.41641641642,-8.3758,14.5668,bus
71,116416.41641641642,23.5115,9.9855,car
72,116416.41641641642,7.8852,3.2239,car
73,116416.41641641642,-13.902,11.453,car
74,116416.41641641642,8.1789,31.89,bicycle
75,116416.41641641642,16.1778,0.4193,car
8,116416.41641641642,43.506,7.5177,car
3,116516.51651651652,50.1503,24.331,bus
50,116516.51651651652,18.3686,27.301,bicycle
64,116516.51651651652,20.0035,32.8903,tricycle
67,116516.51651651652,18.4108,32.6001,bicycle
68,116516.51651651652,23.1161,27.1382,motorcycle
70,116516.51651651652,-8.3563,14.5652,bus
71,116516.51651651652,23.9179,10.2443,car
72,116516.51651651652,8.1887,2.7085,car
73,116516.51651651652,-13.5139,11.4536,car
74,116516.51651651652,8.2009,31.5418,bicycle
75,116516.51651651652,16.1778,0.9724,car
8,116516.51651651652,43.506,7.5177,car
3,116616.61661661662,50.1503,24.331,bus
50,116616.61661661662,18.2788,27.6002,bicycle
64,116616.61661661662,19.9569,33.0421,tricycle
67,116616.61661661662,18.3217,32.852,bicycle
68,116616.61661661662,22.9441,27.2849,motorcycle
70,116616.61661661662,-8.3439,14.5617,bus
71,116616.61661661662,24.3374,10.4944,car
72,116616.61661661662,8.4781,2.1985,car
73,116616.61661661662,-13.1377,11.4541,car
74,116616.61661661662,8.2207,31.1823,bicycle
75,116616.61661661662,16.1767,1.5338,car
8,116616.61661661662,43.506,7.5177,car
3,116716.71671671672,50.1503,24.331,bus
50,116716.71671671672,18.1866,27.8911,bicycle
64,116716.71671671672,19.9123,33.1952,tricycle
67,116716.71671671672,18.234,33.1306,bicycle
68,116716.71671671672,22.7787,27.4287,motorcycle
70,116716.71671671672,-8.3369,14.5577,bus
71,116716.71671671672,24.772,10.7343,car
72,116716.71671671672,8.7467,1.665,car
73,116716.71671671672,-12.7746,11.4547,car
74,116716.71671671672,8.2389,30.8515,bicycle
75,116716.71671671672,16.1752,2.0992,car
8,116716.71671671672,43.506,7.5177,car
3,116816.81681681682,50.1503,24.331,bus
50,116816.81681681682,18.0801,28.1962,bicycle
64,116816.81681681682,19.8678,33.3563,tricycle
67,116816.81681681682,18.153,33.4228,bicycle
68,116816.81681681682,22.624,27.5673,motorcycle
70,116816.81681681682,-8.3374,14.5581,bus
71,116816.81681681682,25.2209,10.9651,car
72,116816.81681681682,8.9968,1.1242,car
73,116816.81681681682,-12.4228,11.4555,car
74,116816.81681681682,8.2668,30.5459,bicycle
75,116816.81681681682,16.1731,2.6668,car
8,116816.81681681682,43.506,7.5177,car
3,116916.91691691692,50.1503,24.331,bus
50,116916.91691691692,17.9877,28.4753,bicycle
64,116916.91691691692,19.8205,33.5335,tricycle
67,116916.91691691692,18.0851,33.7068,bicycle
68,116916.91691691692,22.4633,27.7119,motorcycle
70,116916.91691691692,-8.3495,14.5609,bus
71,116916.91691691692,25.6766,11.1926,car
72,116916.91691691692,9.2381,0.5846,car
73,116916.91691691692,-12.0824,11.4569,car
74,116916.91691691692,8.2871,30.1961,bicycle
75,116916.91691691692,16.1692,3.2359,car
8,116916.91691691692,43.506,7.5177,car
3,117017.01701701702,50.1503,24.331,bus
50,117017.01701701702,17.905,28.7586,bicycle
64,117017.01701701702,19.772,33.7249,tricycle
67,117017.01701701702,18.0326,33.941,bicycle
68,117017.01701701702,22.3079,27.8553,motorcycle
70,117017.01701701702,-8.3601,14.5661,bus
71,117017.01701701702,26.1504,11.4116,car
72,117017.01701701702,9.464,0.0361,car
73,117017.01701701702,-11.7546,11.4591,car
74,117017.01701701702,8.2923,29.8357,bicycle
75,117017.01701701702,16.1646,3.8072,car
8,117017.01701701702,43.506,7.5177,car
3,117117.11711711712,50.1503,24.331,bus
50,117117.11711711712,17.825,29.0505,bicycle
64,117117.11711711712,19.7227,33.9234,tricycle
67,117117.11711711712,17.9841,34.1405,bicycle
68,117117.11711711712,22.1319,28.03,motorcycle
70,117117.11711711712,-8.3696,14.5674,bus
71,117117.11711711712,26.6358,11.6182,car
72,117117.11711711712,9.6721,-0.5158,car
73,117117.11711711712,-11.4397,11.4606,car
74,117117.11711711712,8.2822,29.4791,bicycle
75,117117.11711711712,16.1577,4.3819,car
8,117117.11711711712,43.506,7.5177,car
3,117217.2172172172,50.1503,24.331,bus
50,117217.2172172172,17.767,29.3057,bicycle
64,117217.2172172172,19.6716,34.1211,tricycle
67,117217.2172172172,17.9229,34.3711,bicycle
68,117217.2172172172,21.9315,28.2508,motorcycle
70,117217.2172172172,-8.3731,14.5647,bus
71,117217.2172172172,27.1298,11.8204,car
72,117217.2172172172,9.8741,-1.0748,car
73,117217.2172172172,-11.1355,11.4609,car
74,117217.2172172172,8.2617,29.13,bicycle
75,117217.2172172172,16.1495,4.962,car
8,117217.2172172172,43.506,7.5177,car
3,117317.31731731733,50.1503,24.331,bus
50,117317.31731731733,17.7118,29.5556,bicycle
64,117317.31731731733,19.6214,34.3114,tricycle
67,117317.31731731733,17.8531,34.6152,bicycle
68,117317.31731731733,21.8188,28.3958,motorcycle
70,117317.31731731733,-8.3692,14.5617,bus
71,117317.31731731733,27.6403,12.0123,car
72,117317.31731731733,10.0603,-1.6503,car
73,117317.31731731733,-10.8426,11.4612,car
74,117317.31731731733,8.2346,28.7835,bicycle
75,117317.31731731733,16.1415,5.5539,car
8,117317.31731731733,43.506,7.5177,car
3,117417.4174174174,50.1503,24.331,bus
50,117417.4174174174,17.6538,29.8321,bicycle
64,117417.4174174174,19.5759,34.497,tricycle
67,117417.4174174174,17.7837,34.8443,bicycle
68,117417.4174174174,21.6815,28.5657,motorcycle
70,117417.4174174174,-8.3623,14.5597,bus
71,117417.4174174174,28.1635,12.1892,car
72,117417.4174174174,10.2198,-2.2436,car
73,117417.4174174174,-10.5642,11.4617,car
74,117417.4174174174,8.209,28.4424,bicycle
75,117417.4174174174,16.1323,6.1529,car
8,117417.4174174174,43.506,7.5177,car
3,117517.51751751752,50.1503,24.331,bus
50,117517.51751751752,17.577,30.2286,bicycle
64,117517.51751751752,19.5371,34.6755,tricycle
67,117517.51751751752,17.7313,35.0263,bicycle
68,117517.51751751752,21.5386,28.7469,motorcycle
70,117517.51751751752,-8.355,14.557,bus
71,117517.51751751752,28.6932,12.3616,car
72,117517.51751751752,10.3597,-2.8326,car
73,117517.51751751752,-10.2998,11.4618,car
74,117517.51751751752,8.1807,28.1003,bicycle
75,117517.51751751752,16.1231,6.7615,car
8,117517.51751751752,43.506,7.5177,car
3,117617.6176176176,50.1503,24.331,bus
50,117617.6176176176,17.5432,30.3784,bicycle
64,117617.6176176176,19.5035,34.8502,tricycle
67,117617.6176176176,17.6304,35.3906,bicycle
68,117617.6176176176,21.3992,28.9378,motorcycle
70,117617.6176176176,-8.3512,14.5514,bus
71,117617.6176176176,29.2357,12.5213,car
72,117617.6176176176,10.4883,-3.4225,car
73,117617.6176176176,-10.0502,11.4612,car
74,117617.6176176176,8.1538,27.7531,bicycle
75,117617.6176176176,16.1122,7.3772,car
8,117617.6176176176,43.506,7.5177,car
3,117717.71771771774,50.1503,24.331,bus
50,117717.71771771774,17.4758,30.6755,bicycle
64,117717.71771771774,19.4709,35.0301,tricycle
67,117717.71771771774,17.5714,35.7466,bicycle
68,117717.71771771774,21.2558,29.138,motorcycle
70,117717.71771771774,-8.3522,14.5454,bus
71,117717.71771771774,29.7906,12.6774,car
72,117717.71771771774,10.6177,-4.0112,car
73,117717.71771771774,-9.813,11.4605,car
74,117717.71771771774,8.1268,27.4077,bicycle
75,117717.71771771774,16.0996,8.0022,car
8,117717.71771771774,43.506,7.5177,car
3,117817.81781781784,50.1503,24.331,bus
50,117817.81781781784,17.3933,30.9792,bicycle
64,117817.81781781784,19.437,35.2257,tricycle
67,117817.81781781784,17.5403,35.9918,bicycle
68,117817.81781781784,21.1108,29.3498,motorcycle
70,117817.81781781784,-8.3561,14.5398,bus
71,117817.81781781784,30.3565,12.8295,car
72,117817.81781781784,10.7471,-4.6065,car
73,117817.81781781784,-9.5884,11.4599,car
74,117817.81781781784,8.0973,27.0662,bicycle
75,117817.81781781784,16.0864,8.6381,car
8,117817.81781781784,43.506,7.5177,car
3,117917.91791791792,50.1503,24.331,bus
50,117917.91791791792,17.3157,31.2394,bicycle
64,117917.91791791792,19.4017,35.4298,tricycle
67,117917.91791791792,17.5007,36.2697,bicycle
68,117917.91791791792,20.9701,29.5685,motorcycle
70,117917.91791791792,-8.358,14.5369,bus
71,117917.91791791792,30.9338,12.9761,car
72,117917.91791791792,10.8826,-5.1952,car
73,117917.91791791792,-9.3751,11.4593,car
74,117917.91791791792,8.0634,26.7214,bicycle
75,117917.91791791792,16.0727,9.2816,car
76,117917.91791791792,16.2881,-7.4634,car
8,117917.91791791792,43.506,7.5177,car
3,118018.01801801805,50.1503,24.331,bus
50,118018.01801801805,17.2649,31.4265,bicycle
64,118018.01801801805,19.3688,35.6326,tricycle
67,118018.01801801805,17.4699,36.5508,bicycle
68,118018.01801801805,20.8431,29.7759,motorcycle
70,118018.01801801805,-8.3615,14.5361,bus
71,118018.01801801805,31.529,13.1071,car
72,118018.01801801805,11.0124,-5.7903,car
73,118018.01801801805,-9.1762,11.4591,car
74,118018.01801801805,8.0281,26.3875,bicycle
75,118018.01801801805,16.0572,9.9319,car
76,118018.01801801805,16.2664,-7.1676,car
8,118018.01801801805,43.506,7.5177,car
3,118118.11811811812,50.1503,24.331,bus
50,118118.11811811812,17.1563,31.8717,bicycle
64,118118.11811811812,19.3379,35.8337,tricycle
67,118118.11811811812,17.4403,36.8301,bicycle
68,118118.11811811812,20.7413,29.9427,motorcycle
70,118118.11811811812,-8.3627,14.536,bus
71,118118.11811811812,32.1357,13.2315,car
72,118118.11811811812,11.1337,-6.39,car
73,118118.11811811812,-8.994,11.4578,car
74,118118.11811811812,7.9845,26.0562,bicycle
75,118118.11811811812,16.0407,10.5841,car
76,118118.11811811812,16.2489,-6.8292,car
77,118118.11811811812,19.1878,-7.3057,motorcycle
8,118118.11811811812,43.506,7.5177,car
3,118218.21821821824,50.1503,24.331,bus
50,118218.21821821824,17.1099,32.2317,bicycle
64,118218.21821821824,19.3006,36.0342,tricycle
67,118218.21821821824,17.4161,37.1082,bicycle
68,118218.21821821824,20.6383,30.1087,motorcycle
70,118218.21821821824,-8.3653,14.5372,bus
71,118218.21821821824,32.755,13.339,car
72,118218.21821821824,11.2601,-6.9874,car
73,118218.21821821824,-8.8279,11.4564,car
74,118218.21821821824,7.9434,25.7168,bicycle
75,118218.21821821824,16.0222,11.2387,car
76,118218.21821821824,16.2293,-6.4468,car
77,118218.21821821824,19.1804,-7.0366,motorcycle
8,118218.21821821824,43.506,7.5177,car
3,118318.31831831831,50.1503,24.331,bus
50,118318.31831831831,17.0804,32.5459,bicycle
64,118318.31831831831,19.2642,36.2368,tricycle
67,118318.31831831831,17.3968,37.3799,bicycle
68,118318.31831831831,20.5153,30.3103,motorcycle
70,118318.31831831831,-8.3771,14.5398,bus
71,118318.31831831831,33.3833,13.4409,car
73,118318.31831831831,-8.6751,11.455,car
74,118318.31831831831,7.9121,25.3691,bicycle
75,118318.31831831831,16.002,11.8973,car
76,118318.31831831831,16.2074,-6.0292,car
77,118318.31831831831,19.1763,-6.7689,motorcycle
8,118318.31831831831,43.506,7.5177,car
3,118418.41841841844,50.1503,24.331,bus
50,118418.41841841844,17.0525,32.8452,bicycle
64,118418.41841841844,19.2259,36.4364,tricycle
67,118418.41841841844,17.3821,37.6446,bicycle
68,118418.41841841844,20.39,30.511,motorcycle
70,118418.41841841844,-8.3881,14.5447,bus
71,118418.41841841844,34.017,13.5397,car
73,118418.41841841844,-8.5354,11.4535,car
74,118418.41841841844,7.8829,25.0283,bicycle
75,118418.41841841844,15.9804,12.5605,car
76,118418.41841841844,16.1822,-5.5867,car
77,118418.41841841844,19.1721,-6.5022,motorcycle
8,118418.41841841844,43.506,7.5177,car
3,118518.51851851853,50.1503,24.331,bus
50,118518.51851851853,17.0192,33.1355,bicycle
64,118518.51851851853,19.1867,36.6276,tricycle
67,118518.51851851853,17.3721,37.9083,bicycle
68,118518.51851851853,20.278,30.6894,motorcycle
70,118518.51851851853,-8.3927,14.5451,bus
71,118518.51851851853,34.666,13.6342,car
73,118518.51851851853,-8.4107,11.4534,car
74,118518.51851851853,7.8557,24.7095,bicycle
75,118518.51851851853,15.9567,13.2249,car
76,118518.51851851853,16.1535,-5.1269,car
77,118518.51851851853,19.1674,-6.2351,motorcycle
8,118518.51851851853,43.506,7.5177,car
3,118618.61861861862,50.1503,24.331,bus
50,118618.61861861862,16.9821,33.4285,bicycle
64,118618.61861861862,19.149,36.8083,tricycle
67,118618.61861861862,17.365,38.1622,bicycle
68,118618.61861861862,20.1686,30.8729,motorcycle
70,118618.61861861862,-8.3921,14.543,bus
71,118618.61861861862,35.3318,13.7246,car
73,118618.61861861862,-8.2988,11.4529,car
74,118618.61861861862,7.8167,24.3415,bicycle
75,118618.61861861862,15.9302,13.8926,car
76,118618.61861861862,16.1235,-4.6559,car
77,118618.61861861862,19.1626,-5.9664,motorcycle
8,118618.61861861862,43.506,7.5177,car
3,118718.71871871872,50.1503,24.331,bus
50,118718.71871871872,16.9411,33.7341,bicycle
64,118718.71871871872,19.1156,36.9826,tricycle
67,118718.71871871872,17.3661,38.4173,bicycle
68,118718.71871871872,20.0428,31.0944,motorcycle
70,118718.71871871872,-8.3872,14.5428,bus
71,118718.71871871872,36.012,13.808,car
73,118718.71871871872,-8.2008,11.4527,car
74,118718.71871871872,7.7636,24.0088,bicycle
75,118718.71871871872,15.9006,14.5626,car
76,118718.71871871872,16.0932,-4.1811,car
77,118718.71871871872,19.158,-5.6929,motorcycle
8,118718.71871871872,43.506,7.5177,car
3,118818.81881881882,50.1503,24.331,bus
50,118818.81881881882,16.8957,34.0386,bicycle
64,118818.81881881882,19.0891,37.1239,tricycle
68,118818.81881881882,19.9109,31.3571,motorcycle
70,118818.81881881882,-8.3877,14.5455,bus
71,118818.81881881882,36.7033,13.8837,car
73,118818.81881881882,-8.1142,11.4528,car
74,118818.81881881882,7.7102,23.6693,bicycle
75,118818.81881881882,15.8694,15.2351,car
76,118818.81881881882,16.0633,-3.7076,car
77,118818.81881881882,19.1504,-5.412,motorcycle
8,118818.81881881882,43.506,7.5177,car
3,118918.91891891892,50.1503,24.331,bus
50,118918.91891891892,16.8493,34.3433,bicycle
64,118918.91891891892,19.0597,37.2831,tricycle
68,118918.91891891892,19.8192,31.576,motorcycle
70,118918.91891891892,-8.3966,14.5499,bus
71,118918.91891891892,37.4033,13.9529,car
73,118918.91891891892,-8.0362,11.4519,car
74,118918.91891891892,7.655,23.3279,bicycle
75,118918.91891891892,15.838,15.9078,car
76,118918.91891891892,16.0322,-3.2394,car
77,118918.91891891892,19.1409,-5.1286,motorcycle
8,118918.91891891892,43.506,7.5177,car
3,119019.01901901902,50.1503,24.331,bus
50,119019.01901901902,16.8038,34.649,bicycle
64,119019.01901901902,19.0312,37.4525,tricycle
68,119019.01901901902,19.7182,31.82,motorcycle
70,119019.01901901902,-8.4134,14.5553,bus
71,119019.01901901902,38.1106,14.0158,car
73,119019.01901901902,-7.9682,11.4513,car
74,119019.01901901902,7.6019,22.986,bicycle
75,119019.01901901902,15.8064,16.581,car
76,119019.01901901902,15.9982,-2.7772,car
77,119019.01901901902,19.1288,-4.8445,motorcycle
8,119019.01901901902,43.506,7.5177,car
3,119119.11911911912,50.1503,24.331,bus
50,119119.11911911912,16.7606,34.9536,bicycle
64,119119.11911911912,19.0002,37.648,tricycle
68,119119.11911911912,19.6252,32.0709,motorcycle
70,119119.11911911912,-8.4219,14.5635,bus
71,119119.11911911912,38.8287,14.0718,car
73,119119.11911911912,-7.9075,11.4515,car
74,119119.11911911912,7.5428,22.6391,bicycle
75,119119.11911911912,15.7749,17.2585,car
76,119119.11911911912,15.9433,-2.2858,car
77,119119.11911911912,19.112,-4.5533,motorcycle
8,119119.11911911912,43.506,7.5177,car
3,119219.21921921922,50.1503,24.331,bus
50,119219.21921921922,16.7199,35.2547,bicycle
64,119219.21921921922,18.9722,37.8985,tricycle
68,119219.21921921922,19.5352,32.3396,motorcycle
70,119219.21921921922,-8.4129,14.571,bus
71,119219.21921921922,39.5606,14.1195,car
73,119219.21921921922,-7.8547,11.4516,car
74,119219.21921921922,7.4785,22.2981,bicycle
75,119219.21921921922,15.743,17.939,car
76,119219.21921921922,15.869,-1.8104,car
77,119219.21921921922,19.091,-4.2594,motorcycle
8,119219.21921921922,43.506,7.5177,car
3,119319.31931931931,50.1503,24.331,bus
50,119319.31931931931,16.6777,35.5517,bicycle
64,119319.31931931931,18.954,38.101,tricycle
68,119319.31931931931,19.4522,32.5985,motorcycle
70,119319.31931931931,-8.3996,14.5778,bus
71,119319.31931931931,40.3101,14.1577,car
73,119319.31931931931,-7.8055,11.451,car
74,119319.31931931931,7.4165,21.9651,bicycle
75,119319.31931931931,15.7098,18.6264,car
76,119319.31931931931,15.7897,-1.3407,car
77,119319.31931931931,19.0611,-3.9645,motorcycle
8,119319.31931931931,43.506,7.5177,car
3,119419.41941941944,50.1503,24.331,bus
50,119419.41941941944,16.6286,35.8862,bicycle
64,119419.41941941944,18.9339,38.3229,tricycle
68,119419.41941941944,19.3845,32.8445,motorcycle
70,119419.41941941944,-8.385,14.5813,bus
71,119419.41941941944,41.0747,14.186,car
73,119419.41941941944,-7.7586,11.45,car
74,119419.41941941944,7.3479,21.6481,bicycle
75,119419.41941941944,15.6761,19.3237,car
76,119419.41941941944,15.7012,-0.8812,car
77,119419.41941941944,19.029,-3.6678,motorcycle
8,119419.41941941944,43.506,7.5177,car
3,119519.51951951953,50.1503,24.331,bus
50,119519.51951951953,16.5879,36.1406,bicycle
68,119519.51951951953,19.3204,33.0183,motorcycle
70,119519.51951951953,-8.3739,14.5839,bus
71,119519.51951951953,41.8538,14.204,car
73,119519.51951951953,-7.713,11.4496,car
74,119519.51951951953,7.2791,21.3185,bicycle
75,119519.51951951953,15.6417,20.0309,car
76,119519.51951951953,15.6118,-0.4246,car
77,119519.51951951953,19.0009,-3.3665,motorcycle
8,119519.51951951953,43.506,7.5177,car
3,119619.61961961964,50.1503,24.331,bus
50,119619.61961961964,16.5563,36.4369,bicycle
68,119619.61961961964,19.2499,33.1902,motorcycle
70,119619.61961961964,-8.3652,14.583,bus
71,119619.61961961964,42.6449,14.2131,car
73,119619.61961961964,-7.6714,11.449,car
74,119619.61961961964,7.2065,20.9904,bicycle
75,119619.61961961964,15.6075,20.7428,car
76,119619.61961961964,15.5279,0.03,car
77,119619.61961961964,18.9726,-3.0721,motorcycle
8,119619.61961961964,43.506,7.5177,car
3,119719.71971971972,50.1503,24.331,bus
50,119719.71971971972,16.5285,36.7371,bicycle
68,119719.71971971972,19.1591,33.4285,motorcycle
70,119719.71971971972,-8.3512,14.583,bus
71,119719.71971971972,43.442,14.2265,car
73,119719.71971971972,-7.6345,11.4475,car
74,119719.71971971972,7.126,20.658,bicycle
75,119719.71971971972,15.5724,21.4576,car
76,119719.71971971972,15.4396,0.4845,car
77,119719.71971971972,18.9411,-2.7717,motorcycle
8,119719.71971971972,43.506,7.5177,car
3,119819.81981981982,50.1503,24.331,bus
50,119819.81981981982,16.506,37.0438,bicycle
68,119819.81981981982,19.0751,33.6108,motorcycle
70,119819.81981981982,-8.3335,14.5824,bus
71,119819.81981981982,44.2442,14.229,car
73,119819.81981981982,-7.6002,11.4466,car
74,119819.81981981982,7.0341,20.3229,bicycle
75,119819.81981981982,15.5356,22.1754,car
76,119819.81981981982,15.3525,0.9396,car
77,119819.81981981982,18.9036,-2.4789,motorcycle
8,119819.81981981982,43.506,7.5177,car
3,119919.91991991992,50.1503,24.331,bus
50,119919.91991991992,16.4914,37.3433,bicycle
68,119919.91991991992,18.9917,33.8316,motorcycle
70,119919.91991991992,-8.3152,14.5817,bus
71,119919.91991991992,45.0562,14.2342,car
73,119919.91991991992,-7.5672,11.4469,car
74,119919.91991991992,6.943,19.9974,bicycle
75,119919.91991991992,15.4961,22.8969,car
76,119919.91991991992,15.2552,1.4027,car
77,119919.91991991992,18.8641,-2.1846,motorcycle
8,119919.91991991992,43.506,7.5177,car
