class,precision,recall,ap,f1
Car,0.85,0.8,0.82,0.8242424242424243
Bus,0.78,0.7,0.74,0.7378378378378377
Truck,0.72,0.66,0.69,0.6886956521739132
Pedestrian,0.65,0.58,0.61,0.6130081300813008
Cyclist,0.6,0.5,0.55,0.5454545454545454
Motorcycle,0.52,0.45,0.48,0.4824742268041238
