cluster,n_points,dominant_borough,mean_lon,mean_lat
0,300,Bronx,-73.86541618356003,40.84466497794489
1,600,Brooklyn,-73.94447465497288,40.67724153242895
2,500,Manhattan,-73.97220242258537,40.78363168854451
3,450,Queens,-73.79413068914185,40.72845050709432
4,150,Staten Island,-74.14974477988424,40.57716527503565
