I,EI,z_score,p_value,n
-0.34483616184519367,-0.25,-0.25575410909028534,0.7981407112006274,5
