detector_id,dist_detector_01,dist_detector_02,dist_detector_03,cluster
detector_01,0.0,282.7523148148149,545.7737247320579,1
detector_02,282.7523148148149,0.0,258.06051587301596,0
detector_03,545.7737247320579,258.06051587301596,0.0,0
