model,MAE,RMSE,MAPE
Baseline,12.477678571428571,16.458575995417288,30.269274513953114
ARIMA,26.972865832263015,36.11714905246915,62.330107015360404
LSTM,,,
