model,aic,bic,dispersion
Poisson,60156.53788457087,-246528.71758766996,0.45313671579190706
Negative Binomial,77853.31226708074,-250762.56666820176,
